id,db_id,difficulty,correct,diagnostic,mining_artifact_version,mining_selection_mode,mining_selected_item_ids,mining_selected_items,mining_abstained,schema_artifact_version,schema_selected_tables,schema_seed_mode,schema_seeds,schema_path_expansions,schema_fk_neighbour_expansions,schema_truncated_tables,schema_columns_truncated,gold_tables,gold_columns,gold_shape,gold_detail_table_misses,gold_detail_column_name_misses,final_tables,final_columns,final_shape,final_tables_outside_detailed_context,predicted_sql_parse_error,gold_sql_parse_error
bird_1471,debit_card_specializing,simple,True,correct,unknown,,[],[],,e3-f-schema-v4,"[""customers"", ""transactions_1k"", ""yearmonth"", ""gasstations""]",positive-lexical,"[""customers"", ""transactions_1k"", ""yearmonth""]","[{""from_seed"": ""customers"", ""to_seed"": ""transactions_1k"", ""path"": [""customers"", ""transactions_1k""], ""added_tables"": []}, {""from_seed"": ""customers"", ""to_seed"": ""yearmonth"", ""path"": [""customers"", ""yearmonth""], ""added_tables"": []}, {""from_seed"": ""transactions_1k"", ""to_seed"": ""yearmonth"", ""path"": [""transactions_1k"", ""customers"", ""yearmonth""], ""added_tables"": []}]","[{""seed"": ""transactions_1k"", ""neighbour"": ""gasstations"", ""added"": true}]","[{""table"": ""products"", ""lexical_score"": 0, ""selection_reasons"": [], ""truncation_reason"": ""not_reached_before_max_tables_budget""}]",{},"[""customers""]",[],"[""SELECT"", ""AGGREGATE""]",[],[],"[""customers""]",[],"[""SELECT"", ""AGGREGATE"", ""CONDITIONAL""]",[],,
bird_1472,debit_card_specializing,moderate,False,retrieval_complete_mining_abstained_semantic_failure,unknown,,[],[],,e3-f-schema-v4,"[""yearmonth"", ""customers"", ""gasstations"", ""transactions_1k"", ""products""]",positive-lexical,"[""yearmonth"", ""customers"", ""gasstations"", ""transactions_1k""]","[{""from_seed"": ""yearmonth"", ""to_seed"": ""customers"", ""path"": [""yearmonth"", ""customers""], ""added_tables"": []}, {""from_seed"": ""yearmonth"", ""to_seed"": ""gasstations"", ""path"": [""yearmonth"", ""customers"", ""transactions_1k"", ""gasstations""], ""added_tables"": []}, {""from_seed"": ""yearmonth"", ""to_seed"": ""transactions_1k"", ""path"": [""yearmonth"", ""customers"", ""transactions_1k""], ""added_tables"": []}, {""from_seed"": ""customers"", ""to_seed"": ""gasstations"", ""path"": [""customers"", ""transactions_1k"", ""gasstations""], ""added_tables"": []}, {""from_seed"": ""customers"", ""to_seed"": ""transactions_1k"", ""path"": [""customers"", ""transactions_1k""], ""added_tables"": []}, {""from_seed"": ""gasstations"", ""to_seed"": ""transactions_1k"", ""path"": [""gasstations"", ""transactions_1k""], ""added_tables"": []}]","[{""seed"": ""transactions_1k"", ""neighbour"": ""products"", ""added"": true}]",[],{},"[""customers"", ""yearmonth""]","[""consumption"", ""customerid"", ""date"", ""segment""]","[""SELECT"", ""AGGREGATE"", ""JOIN[1]"", ""WHERE"", ""GROUP_BY"", ""ORDER_BY[ASC]"", ""LIMIT""]",[],[],"[""customers"", ""yearmonth""]","[""consumption"", ""customerid"", ""date"", ""segment""]","[""SELECT"", ""JOIN[1]"", ""WHERE"", ""ORDER_BY[ASC]"", ""LIMIT""]",[],,
bird_1480,debit_card_specializing,moderate,True,correct,unknown,,[],[],,e3-f-schema-v4,"[""yearmonth"", ""transactions_1k"", ""customers"", ""gasstations"", ""products""]",positive-lexical,"[""yearmonth"", ""transactions_1k"", ""customers"", ""gasstations""]","[{""from_seed"": ""yearmonth"", ""to_seed"": ""transactions_1k"", ""path"": [""yearmonth"", ""customers"", ""transactions_1k""], ""added_tables"": []}, {""from_seed"": ""yearmonth"", ""to_seed"": ""customers"", ""path"": [""yearmonth"", ""customers""], ""added_tables"": []}, {""from_seed"": ""yearmonth"", ""to_seed"": ""gasstations"", ""path"": [""yearmonth"", ""customers"", ""transactions_1k"", ""gasstations""], ""added_tables"": []}, {""from_seed"": ""transactions_1k"", ""to_seed"": ""customers"", ""path"": [""transactions_1k"", ""customers""], ""added_tables"": []}, {""from_seed"": ""transactions_1k"", ""to_seed"": ""gasstations"", ""path"": [""transactions_1k"", ""gasstations""], ""added_tables"": []}, {""from_seed"": ""customers"", ""to_seed"": ""gasstations"", ""path"": [""customers"", ""transactions_1k"", ""gasstations""], ""added_tables"": []}]","[{""seed"": ""transactions_1k"", ""neighbour"": ""products"", ""added"": true}]",[],{},"[""customers"", ""yearmonth""]","[""consumption"", ""customerid"", ""date"", ""segment""]","[""SELECT"", ""AGGREGATE"", ""JOIN[1]"", ""WHERE"", ""GROUP_BY"", ""ORDER_BY[DESC]"", ""LIMIT""]",[],[],"[""customers"", ""yearmonth""]","[""consumption"", ""customerid"", ""date"", ""segment""]","[""SELECT"", ""AGGREGATE"", ""JOIN[1]"", ""WHERE"", ""GROUP_BY"", ""ORDER_BY[ASC/DESC]"", ""LIMIT""]",[],,
bird_1481,debit_card_specializing,challenging,False,retrieval_complete_mining_abstained_semantic_failure,unknown,,[],[],,e3-f-schema-v4,"[""customers"", ""transactions_1k"", ""yearmonth"", ""gasstations"", ""products""]",positive-lexical,"[""customers"", ""transactions_1k"", ""yearmonth"", ""gasstations""]","[{""from_seed"": ""customers"", ""to_seed"": ""transactions_1k"", ""path"": [""customers"", ""transactions_1k""], ""added_tables"": []}, {""from_seed"": ""customers"", ""to_seed"": ""yearmonth"", ""path"": [""customers"", ""yearmonth""], ""added_tables"": []}, {""from_seed"": ""customers"", ""to_seed"": ""gasstations"", ""path"": [""customers"", ""transactions_1k"", ""gasstations""], ""added_tables"": []}, {""from_seed"": ""transactions_1k"", ""to_seed"": ""yearmonth"", ""path"": [""transactions_1k"", ""customers"", ""yearmonth""], ""added_tables"": []}, {""from_seed"": ""transactions_1k"", ""to_seed"": ""gasstations"", ""path"": [""transactions_1k"", ""gasstations""], ""added_tables"": []}, {""from_seed"": ""yearmonth"", ""to_seed"": ""gasstations"", ""path"": [""yearmonth"", ""customers"", ""transactions_1k"", ""gasstations""], ""added_tables"": []}]","[{""seed"": ""transactions_1k"", ""neighbour"": ""products"", ""added"": true}]",[],{},"[""customers"", ""yearmonth""]","[""consumption"", ""currency"", ""customerid"", ""date"", ""segment""]","[""SELECT"", ""AGGREGATE"", ""JOIN[1]"", ""WHERE"", ""SUBQUERY""]",[],[],"[""customers"", ""yearmonth""]","[""consumption"", ""currency"", ""customerid"", ""date"", ""segment""]","[""SELECT"", ""AGGREGATE"", ""JOIN[2+]"", ""WHERE"", ""GROUP_BY"", ""SUBQUERY"", ""CTE""]",[],,
bird_1482,debit_card_specializing,challenging,False,retrieval_complete_mining_abstained_semantic_failure,unknown,,[],[],,e3-f-schema-v4,"[""customers"", ""yearmonth"", ""gasstations"", ""transactions_1k"", ""products""]",positive-lexical,"[""customers"", ""yearmonth"", ""gasstations"", ""transactions_1k""]","[{""from_seed"": ""customers"", ""to_seed"": ""yearmonth"", ""path"": [""customers"", ""yearmonth""], ""added_tables"": []}, {""from_seed"": ""customers"", ""to_seed"": ""gasstations"", ""path"": [""customers"", ""transactions_1k"", ""gasstations""], ""added_tables"": []}, {""from_seed"": ""customers"", ""to_seed"": ""transactions_1k"", ""path"": [""customers"", ""transactions_1k""], ""added_tables"": []}, {""from_seed"": ""yearmonth"", ""to_seed"": ""gasstations"", ""path"": [""yearmonth"", ""customers"", ""transactions_1k"", ""gasstations""], ""added_tables"": []}, {""from_seed"": ""yearmonth"", ""to_seed"": ""transactions_1k"", ""path"": [""yearmonth"", ""customers"", ""transactions_1k""], ""added_tables"": []}, {""from_seed"": ""gasstations"", ""to_seed"": ""transactions_1k"", ""path"": [""gasstations"", ""transactions_1k""], ""added_tables"": []}]","[{""seed"": ""transactions_1k"", ""neighbour"": ""products"", ""added"": true}]",[],{},"[""customers"", ""yearmonth""]","[""consumption"", ""customerid"", ""date"", ""segment""]","[""SELECT"", ""AGGREGATE"", ""JOIN[1]""]",[],[],"[""customers"", ""yearmonth""]","[""consumption"", ""currency"", ""customerid"", ""date"", ""segment""]","[""SELECT"", ""AGGREGATE"", ""JOIN[1]"", ""WHERE"", ""GROUP_BY"", ""ORDER_BY[ASC/DESC]"", ""LIMIT"", ""CONDITIONAL"", ""CTE"", ""SET_OP""]",[],,
bird_1483,debit_card_specializing,simple,True,correct,unknown,,[],[],,e3-f-schema-v4,"[""transactions_1k"", ""yearmonth"", ""customers"", ""gasstations"", ""products""]",positive-lexical,"[""transactions_1k"", ""yearmonth"", ""customers"", ""gasstations""]","[{""from_seed"": ""transactions_1k"", ""to_seed"": ""yearmonth"", ""path"": [""transactions_1k"", ""customers"", ""yearmonth""], ""added_tables"": []}, {""from_seed"": ""transactions_1k"", ""to_seed"": ""customers"", ""path"": [""transactions_1k"", ""customers""], ""added_tables"": []}, {""from_seed"": ""transactions_1k"", ""to_seed"": ""gasstations"", ""path"": [""transactions_1k"", ""gasstations""], ""added_tables"": []}, {""from_seed"": ""yearmonth"", ""to_seed"": ""customers"", ""path"": [""yearmonth"", ""customers""], ""added_tables"": []}, {""from_seed"": ""yearmonth"", ""to_seed"": ""gasstations"", ""path"": [""yearmonth"", ""customers"", ""transactions_1k"", ""gasstations""], ""added_tables"": []}, {""from_seed"": ""customers"", ""to_seed"": ""gasstations"", ""path"": [""customers"", ""transactions_1k"", ""gasstations""], ""added_tables"": []}]","[{""seed"": ""transactions_1k"", ""neighbour"": ""products"", ""added"": true}]",[],{},"[""yearmonth""]",[],"[""SELECT"", ""AGGREGATE"", ""WHERE""]",[],[],"[""yearmonth""]",[],"[""SELECT"", ""AGGREGATE"", ""WHERE""]",[],,
bird_1498,debit_card_specializing,simple,False,retrieval_complete_mining_abstained_semantic_failure,unknown,,[],[],,e3-f-schema-v4,"[""yearmonth"", ""gasstations"", ""transactions_1k"", ""customers"", ""products""]",positive-lexical,"[""yearmonth"", ""gasstations"", ""transactions_1k""]","[{""from_seed"": ""yearmonth"", ""to_seed"": ""gasstations"", ""path"": [""yearmonth"", ""customers"", ""transactions_1k"", ""gasstations""], ""added_tables"": [""customers""]}, {""from_seed"": ""yearmonth"", ""to_seed"": ""transactions_1k"", ""path"": [""yearmonth"", ""customers"", ""transactions_1k""], ""added_tables"": []}, {""from_seed"": ""gasstations"", ""to_seed"": ""transactions_1k"", ""path"": [""gasstations"", ""transactions_1k""], ""added_tables"": []}]","[{""seed"": ""transactions_1k"", ""neighbour"": ""products"", ""added"": true}]",[],{},"[""yearmonth""]",[],"[""SELECT"", ""AGGREGATE"", ""WHERE"", ""GROUP_BY"", ""ORDER_BY[DESC]"", ""LIMIT""]",[],[],"[""yearmonth""]",[],"[""SELECT"", ""AGGREGATE"", ""WHERE""]",[],,
bird_1500,debit_card_specializing,simple,True,correct,unknown,,[],[],,e3-f-schema-v4,"[""products"", ""transactions_1k"", ""yearmonth"", ""gasstations"", ""customers""]",positive-lexical,"[""products"", ""transactions_1k"", ""yearmonth"", ""gasstations""]","[{""from_seed"": ""products"", ""to_seed"": ""transactions_1k"", ""path"": [""products"", ""transactions_1k""], ""added_tables"": []}, {""from_seed"": ""products"", ""to_seed"": ""yearmonth"", ""path"": [""products"", ""transactions_1k"", ""customers"", ""yearmonth""], ""added_tables"": [""customers""]}, {""from_seed"": ""products"", ""to_seed"": ""gasstations"", ""path"": [""products"", ""transactions_1k"", ""gasstations""], ""added_tables"": []}, {""from_seed"": ""transactions_1k"", ""to_seed"": ""yearmonth"", ""path"": [""transactions_1k"", ""customers"", ""yearmonth""], ""added_tables"": []}, {""from_seed"": ""transactions_1k"", ""to_seed"": ""gasstations"", ""path"": [""transactions_1k"", ""gasstations""], ""added_tables"": []}, {""from_seed"": ""yearmonth"", ""to_seed"": ""gasstations"", ""path"": [""yearmonth"", ""customers"", ""transactions_1k"", ""gasstations""], ""added_tables"": []}]",[],[],{},"[""products"", ""transactions_1k"", ""yearmonth""]","[""customerid"", ""date"", ""description"", ""productid""]","[""SELECT"", ""JOIN[2+]"", ""WHERE""]",[],[],"[""products"", ""transactions_1k"", ""yearmonth""]","[""customerid"", ""date"", ""description"", ""productid""]","[""SELECT"", ""DISTINCT"", ""JOIN[2+]"", ""WHERE"", ""ORDER_BY[ASC]""]",[],,
bird_1505,debit_card_specializing,simple,False,retrieval_complete_mining_abstained_semantic_failure,unknown,,[],[],,e3-f-schema-v4,"[""customers"", ""yearmonth"", ""transactions_1k"", ""gasstations""]",positive-lexical,"[""customers"", ""yearmonth"", ""transactions_1k""]","[{""from_seed"": ""customers"", ""to_seed"": ""yearmonth"", ""path"": [""customers"", ""yearmonth""], ""added_tables"": []}, {""from_seed"": ""customers"", ""to_seed"": ""transactions_1k"", ""path"": [""customers"", ""transactions_1k""], ""added_tables"": []}, {""from_seed"": ""yearmonth"", ""to_seed"": ""transactions_1k"", ""path"": [""yearmonth"", ""customers"", ""transactions_1k""], ""added_tables"": []}]","[{""seed"": ""transactions_1k"", ""neighbour"": ""gasstations"", ""added"": true}]","[{""table"": ""products"", ""lexical_score"": 0, ""selection_reasons"": [], ""truncation_reason"": ""not_reached_before_max_tables_budget""}]",{},"[""customers"", ""yearmonth""]","[""consumption"", ""currency"", ""customerid""]","[""SELECT"", ""AGGREGATE"", ""JOIN[1]"", ""WHERE""]",[],[],"[""customers"", ""yearmonth""]","[""consumption"", ""currency"", ""customerid""]","[""SELECT"", ""AGGREGATE"", ""JOIN[1]"", ""WHERE""]",[],,
bird_1506,debit_card_specializing,moderate,True,correct,unknown,,[],[],,e3-f-schema-v4,"[""gasstations"", ""transactions_1k"", ""products"", ""customers""]",positive-lexical,"[""gasstations"", ""transactions_1k"", ""products""]","[{""from_seed"": ""gasstations"", ""to_seed"": ""transactions_1k"", ""path"": [""gasstations"", ""transactions_1k""], ""added_tables"": []}, {""from_seed"": ""gasstations"", ""to_seed"": ""products"", ""path"": [""gasstations"", ""transactions_1k"", ""products""], ""added_tables"": []}, {""from_seed"": ""transactions_1k"", ""to_seed"": ""products"", ""path"": [""transactions_1k"", ""products""], ""added_tables"": []}]","[{""seed"": ""transactions_1k"", ""neighbour"": ""customers"", ""added"": true}]","[{""table"": ""yearmonth"", ""lexical_score"": 0, ""selection_reasons"": [], ""truncation_reason"": ""not_reached_before_max_tables_budget""}]",{},"[""gasstations"", ""products"", ""transactions_1k""]","[""country"", ""description"", ""gasstationid"", ""productid""]","[""SELECT"", ""DISTINCT"", ""JOIN[2+]"", ""WHERE""]",[],[],"[""gasstations"", ""products"", ""transactions_1k""]","[""country"", ""description"", ""gasstationid"", ""productid""]","[""SELECT"", ""DISTINCT"", ""JOIN[2+]"", ""WHERE"", ""ORDER_BY[ASC]""]",[],,
bird_1524,debit_card_specializing,simple,False,retrieval_complete_mining_abstained_semantic_failure,unknown,,[],[],,e3-f-schema-v4,"[""transactions_1k"", ""customers"", ""yearmonth"", ""gasstations""]",positive-lexical,"[""transactions_1k"", ""customers"", ""yearmonth""]","[{""from_seed"": ""transactions_1k"", ""to_seed"": ""customers"", ""path"": [""transactions_1k"", ""customers""], ""added_tables"": []}, {""from_seed"": ""transactions_1k"", ""to_seed"": ""yearmonth"", ""path"": [""transactions_1k"", ""customers"", ""yearmonth""], ""added_tables"": []}, {""from_seed"": ""customers"", ""to_seed"": ""yearmonth"", ""path"": [""customers"", ""yearmonth""], ""added_tables"": []}]","[{""seed"": ""transactions_1k"", ""neighbour"": ""gasstations"", ""added"": true}]","[{""table"": ""products"", ""lexical_score"": 0, ""selection_reasons"": [], ""truncation_reason"": ""not_reached_before_max_tables_budget""}]",{},"[""gasstations"", ""transactions_1k""]","[""country"", ""date"", ""gasstationid"", ""price""]","[""SELECT"", ""JOIN[1]"", ""WHERE""]",[],[],"[""customers"", ""transactions_1k""]","[""amount"", ""currency"", ""customerid"", ""date"", ""price""]","[""SELECT"", ""DISTINCT"", ""JOIN[1]"", ""WHERE""]",[],,
bird_1526,debit_card_specializing,challenging,True,correct,unknown,,[],[],,e3-f-schema-v4,"[""transactions_1k"", ""yearmonth"", ""customers"", ""gasstations""]",positive-lexical,"[""transactions_1k"", ""yearmonth"", ""customers""]","[{""from_seed"": ""transactions_1k"", ""to_seed"": ""yearmonth"", ""path"": [""transactions_1k"", ""customers"", ""yearmonth""], ""added_tables"": []}, {""from_seed"": ""transactions_1k"", ""to_seed"": ""customers"", ""path"": [""transactions_1k"", ""customers""], ""added_tables"": []}, {""from_seed"": ""yearmonth"", ""to_seed"": ""customers"", ""path"": [""yearmonth"", ""customers""], ""added_tables"": []}]","[{""seed"": ""transactions_1k"", ""neighbour"": ""gasstations"", ""added"": true}]","[{""table"": ""products"", ""lexical_score"": 0, ""selection_reasons"": [], ""truncation_reason"": ""not_reached_before_max_tables_budget""}]",{},"[""gasstations"", ""transactions_1k"", ""yearmonth""]","[""customerid"", ""date"", ""gasstationid"", ""price""]","[""SELECT"", ""AGGREGATE"", ""JOIN[1]"", ""WHERE"", ""SUBQUERY""]",[],[],"[""transactions_1k"", ""yearmonth""]",[],"[""SELECT"", ""AGGREGATE"", ""WHERE"", ""LIMIT"", ""CONDITIONAL"", ""SUBQUERY"", ""CTE""]",[],,
bird_1529,debit_card_specializing,moderate,False,retrieval_complete_mining_abstained_semantic_failure,unknown,,[],[],,e3-f-schema-v4,"[""transactions_1k"", ""gasstations"", ""yearmonth"", ""customers"", ""products""]",positive-lexical,"[""transactions_1k"", ""gasstations"", ""yearmonth"", ""customers""]","[{""from_seed"": ""transactions_1k"", ""to_seed"": ""gasstations"", ""path"": [""transactions_1k"", ""gasstations""], ""added_tables"": []}, {""from_seed"": ""transactions_1k"", ""to_seed"": ""yearmonth"", ""path"": [""transactions_1k"", ""customers"", ""yearmonth""], ""added_tables"": []}, {""from_seed"": ""transactions_1k"", ""to_seed"": ""customers"", ""path"": [""transactions_1k"", ""customers""], ""added_tables"": []}, {""from_seed"": ""gasstations"", ""to_seed"": ""yearmonth"", ""path"": [""gasstations"", ""transactions_1k"", ""customers"", ""yearmonth""], ""added_tables"": []}, {""from_seed"": ""gasstations"", ""to_seed"": ""customers"", ""path"": [""gasstations"", ""transactions_1k"", ""customers""], ""added_tables"": []}, {""from_seed"": ""yearmonth"", ""to_seed"": ""customers"", ""path"": [""yearmonth"", ""customers""], ""added_tables"": []}]","[{""seed"": ""transactions_1k"", ""neighbour"": ""products"", ""added"": true}]",[],{},"[""gasstations"", ""transactions_1k"", ""yearmonth""]","[""customerid"", ""date"", ""gasstationid"", ""price""]","[""SELECT"", ""AGGREGATE"", ""JOIN[2+]"", ""WHERE""]",[],[],"[""transactions_1k"", ""yearmonth""]","[""amount"", ""consumption"", ""customerid"", ""date"", ""price""]","[""SELECT"", ""AGGREGATE"", ""WHERE"", ""SUBQUERY""]",[],,
bird_1531,debit_card_specializing,moderate,False,retrieval_complete_mining_abstained_semantic_failure,unknown,,[],[],,e3-f-schema-v4,"[""transactions_1k"", ""customers"", ""yearmonth"", ""gasstations""]",positive-lexical,"[""transactions_1k"", ""customers"", ""yearmonth""]","[{""from_seed"": ""transactions_1k"", ""to_seed"": ""customers"", ""path"": [""transactions_1k"", ""customers""], ""added_tables"": []}, {""from_seed"": ""transactions_1k"", ""to_seed"": ""yearmonth"", ""path"": [""transactions_1k"", ""customers"", ""yearmonth""], ""added_tables"": []}, {""from_seed"": ""customers"", ""to_seed"": ""yearmonth"", ""path"": [""customers"", ""yearmonth""], ""added_tables"": []}]","[{""seed"": ""transactions_1k"", ""neighbour"": ""gasstations"", ""added"": true}]","[{""table"": ""products"", ""lexical_score"": 0, ""selection_reasons"": [], ""truncation_reason"": ""not_reached_before_max_tables_budget""}]",{},"[""customers"", ""transactions_1k"", ""yearmonth""]","[""amount"", ""currency"", ""customerid"", ""price""]","[""SELECT"", ""AGGREGATE"", ""JOIN[1]"", ""WHERE"", ""GROUP_BY"", ""ORDER_BY[DESC]"", ""LIMIT"", ""SUBQUERY""]",[],[],"[""customers"", ""transactions_1k""]","[""amount"", ""currency"", ""customerid"", ""price""]","[""SELECT"", ""AGGREGATE"", ""JOIN[1]"", ""GROUP_BY"", ""ORDER_BY[DESC]"", ""LIMIT""]",[],,
bird_1312,student_club,simple,True,correct,unknown,,[],[],,e3-f-schema-v4,"[""member"", ""major"", ""event"", ""attendance"", ""expense"", ""budget""]",positive-lexical,"[""member"", ""major"", ""event""]","[{""from_seed"": ""member"", ""to_seed"": ""major"", ""path"": [""member"", ""major""], ""added_tables"": []}, {""from_seed"": ""member"", ""to_seed"": ""event"", ""path"": [""member"", ""attendance"", ""event""], ""added_tables"": [""attendance""]}, {""from_seed"": ""major"", ""to_seed"": ""event"", ""path"": [""major"", ""member"", ""attendance"", ""event""], ""added_tables"": []}]","[{""seed"": ""member"", ""neighbour"": ""expense"", ""added"": true}, {""seed"": ""event"", ""neighbour"": ""budget"", ""added"": true}]","[{""table"": ""income"", ""lexical_score"": 0, ""selection_reasons"": [], ""truncation_reason"": ""not_reached_before_max_tables_budget""}, {""table"": ""zip_code"", ""lexical_score"": 0, ""selection_reasons"": [], ""truncation_reason"": ""not_reached_before_max_tables_budget""}]",{},"[""major"", ""member""]","[""first_name"", ""last_name"", ""link_to_major"", ""major_id"", ""major_name""]","[""SELECT"", ""JOIN[1]"", ""WHERE""]",[],[],"[""major"", ""member""]","[""first_name"", ""last_name"", ""link_to_major"", ""major_id"", ""major_name""]","[""SELECT"", ""JOIN[1]"", ""WHERE""]",[],,
bird_1322,student_club,moderate,False,retrieval_complete_mining_abstained_semantic_failure,unknown,,[],[],,e3-f-schema-v4,"[""event"", ""income"", ""budget"", ""expense"", ""attendance"", ""member""]",positive-lexical,"[""event"", ""income"", ""budget"", ""expense""]","[{""from_seed"": ""event"", ""to_seed"": ""income"", ""path"": [""event"", ""attendance"", ""member"", ""income""], ""added_tables"": [""attendance"", ""member""]}, {""from_seed"": ""event"", ""to_seed"": ""budget"", ""path"": [""event"", ""budget""], ""added_tables"": []}, {""from_seed"": ""event"", ""to_seed"": ""expense"", ""path"": [""event"", ""budget"", ""expense""], ""added_tables"": []}, {""from_seed"": ""income"", ""to_seed"": ""budget"", ""path"": [""income"", ""member"", ""expense"", ""budget""], ""added_tables"": []}, {""from_seed"": ""income"", ""to_seed"": ""expense"", ""path"": [""income"", ""member"", ""expense""], ""added_tables"": []}, {""from_seed"": ""budget"", ""to_seed"": ""expense"", ""path"": [""budget"", ""expense""], ""added_tables"": []}]",[],"[{""table"": ""major"", ""lexical_score"": 1, ""selection_reasons"": [], ""truncation_reason"": ""not_reached_before_max_tables_budget""}, {""table"": ""zip_code"", ""lexical_score"": 1, ""selection_reasons"": [], ""truncation_reason"": ""not_reached_before_max_tables_budget""}]",{},"[""attendance"", ""event""]","[""event_id"", ""event_name"", ""link_to_event"", ""type""]","[""SELECT"", ""AGGREGATE"", ""JOIN[1]"", ""WHERE"", ""GROUP_BY"", ""HAVING"", ""SET_OP""]",[],[],"[""attendance"", ""event""]",[],"[""SELECT"", ""AGGREGATE"", ""WHERE"", ""GROUP_BY"", ""HAVING"", ""SUBQUERY""]",[],,
bird_1334,student_club,simple,True,correct,unknown,,[],[],,e3-f-schema-v4,"[""event"", ""member"", ""income"", ""attendance"", ""budget"", ""expense""]",positive-lexical,"[""event"", ""member"", ""income"", ""attendance""]","[{""from_seed"": ""event"", ""to_seed"": ""member"", ""path"": [""event"", ""attendance"", ""member""], ""added_tables"": []}, {""from_seed"": ""event"", ""to_seed"": ""income"", ""path"": [""event"", ""attendance"", ""member"", ""income""], ""added_tables"": []}, {""from_seed"": ""event"", ""to_seed"": ""attendance"", ""path"": [""event"", ""attendance""], ""added_tables"": []}, {""from_seed"": ""member"", ""to_seed"": ""income"", ""path"": [""member"", ""income""], ""added_tables"": []}, {""from_seed"": ""member"", ""to_seed"": ""attendance"", ""path"": [""member"", ""attendance""], ""added_tables"": []}, {""from_seed"": ""income"", ""to_seed"": ""attendance"", ""path"": [""income"", ""member"", ""attendance""], ""added_tables"": []}]","[{""seed"": ""event"", ""neighbour"": ""budget"", ""added"": true}, {""seed"": ""member"", ""neighbour"": ""expense"", ""added"": true}]","[{""table"": ""major"", ""lexical_score"": 1, ""selection_reasons"": [], ""truncation_reason"": ""not_reached_before_max_tables_budget""}, {""table"": ""zip_code"", ""lexical_score"": 1, ""selection_reasons"": [], ""truncation_reason"": ""not_reached_before_max_tables_budget""}]",{},"[""member"", ""zip_code""]","[""first_name"", ""last_name"", ""state"", ""zip"", ""zip_code""]","[""SELECT"", ""JOIN[1]"", ""WHERE""]","[""zip_code""]","[""zip_code.state"", ""zip_code.zip_code""]","[""member"", ""zip_code""]","[""first_name"", ""last_name"", ""state"", ""zip"", ""zip_code""]","[""SELECT"", ""JOIN[1]"", ""WHERE""]","[""zip_code""]",,
bird_1338,student_club,moderate,False,retrieval_complete_mining_abstained_semantic_failure,unknown,,[],[],,e3-f-schema-v4,"[""expense"", ""event"", ""income"", ""attendance"", ""budget"", ""member""]",positive-lexical,"[""expense"", ""event"", ""income"", ""attendance""]","[{""from_seed"": ""expense"", ""to_seed"": ""event"", ""path"": [""expense"", ""budget"", ""event""], ""added_tables"": [""budget""]}, {""from_seed"": ""expense"", ""to_seed"": ""income"", ""path"": [""expense"", ""member"", ""income""], ""added_tables"": [""member""]}, {""from_seed"": ""expense"", ""to_seed"": ""attendance"", ""path"": [""expense"", ""member"", ""attendance""], ""added_tables"": []}, {""from_seed"": ""event"", ""to_seed"": ""income"", ""path"": [""event"", ""attendance"", ""member"", ""income""], ""added_tables"": []}, {""from_seed"": ""event"", ""to_seed"": ""attendance"", ""path"": [""event"", ""attendance""], ""added_tables"": []}, {""from_seed"": ""income"", ""to_seed"": ""attendance"", ""path"": [""income"", ""member"", ""attendance""], ""added_tables"": []}]",[],"[{""table"": ""major"", ""lexical_score"": 1, ""selection_reasons"": [], ""truncation_reason"": ""not_reached_before_max_tables_budget""}, {""table"": ""zip_code"", ""lexical_score"": 0, ""selection_reasons"": [], ""truncation_reason"": ""not_reached_before_max_tables_budget""}]",{},"[""budget"", ""event"", ""expense""]","[""approved"", ""budget_id"", ""event_date"", ""event_id"", ""event_name"", ""link_to_budget"", ""link_to_event""]","[""SELECT"", ""JOIN[2+]"", ""WHERE""]",[],[],"[""budget"", ""event"", ""expense""]","[""approved"", ""budget_id"", ""event_date"", ""event_id"", ""event_name"", ""expense_description"", ""link_to_budget"", ""link_to_event""]","[""SELECT"", ""JOIN[2+]"", ""WHERE"", ""ORDER_BY[ASC]"", ""CONDITIONAL""]",[],,
bird_1340,student_club,moderate,True,correct,unknown,,[],[],,e3-f-schema-v4,"[""event"", ""income"", ""budget"", ""expense"", ""attendance"", ""member""]",positive-lexical,"[""event"", ""income"", ""budget"", ""expense""]","[{""from_seed"": ""event"", ""to_seed"": ""income"", ""path"": [""event"", ""attendance"", ""member"", ""income""], ""added_tables"": [""attendance"", ""member""]}, {""from_seed"": ""event"", ""to_seed"": ""budget"", ""path"": [""event"", ""budget""], ""added_tables"": []}, {""from_seed"": ""event"", ""to_seed"": ""expense"", ""path"": [""event"", ""budget"", ""expense""], ""added_tables"": []}, {""from_seed"": ""income"", ""to_seed"": ""budget"", ""path"": [""income"", ""member"", ""expense"", ""budget""], ""added_tables"": []}, {""from_seed"": ""income"", ""to_seed"": ""expense"", ""path"": [""income"", ""member"", ""expense""], ""added_tables"": []}, {""from_seed"": ""budget"", ""to_seed"": ""expense"", ""path"": [""budget"", ""expense""], ""added_tables"": []}]",[],"[{""table"": ""major"", ""lexical_score"": 0, ""selection_reasons"": [], ""truncation_reason"": ""not_reached_before_max_tables_budget""}, {""table"": ""zip_code"", ""lexical_score"": 0, ""selection_reasons"": [], ""truncation_reason"": ""not_reached_before_max_tables_budget""}]",{},"[""budget"", ""event""]","[""event_date"", ""event_id"", ""link_to_event"", ""spent""]","[""SELECT"", ""AGGREGATE"", ""JOIN[1]"", ""CONDITIONAL""]",[],[],"[""budget"", ""event""]","[""event_date"", ""event_id"", ""link_to_event"", ""spent""]","[""SELECT"", ""AGGREGATE"", ""JOIN[1]"", ""CONDITIONAL""]",[],,
bird_1344,student_club,simple,True,correct,unknown,,[],[],,e3-f-schema-v4,"[""income"", ""event"", ""expense"", ""member"", ""attendance"", ""budget""]",positive-lexical,"[""income"", ""event"", ""expense""]","[{""from_seed"": ""income"", ""to_seed"": ""event"", ""path"": [""income"", ""member"", ""attendance"", ""event""], ""added_tables"": [""member"", ""attendance""]}, {""from_seed"": ""income"", ""to_seed"": ""expense"", ""path"": [""income"", ""member"", ""expense""], ""added_tables"": []}, {""from_seed"": ""event"", ""to_seed"": ""expense"", ""path"": [""event"", ""budget"", ""expense""], ""added_tables"": [""budget""]}]",[],"[{""table"": ""major"", ""lexical_score"": 0, ""selection_reasons"": [], ""truncation_reason"": ""not_reached_before_max_tables_budget""}, {""table"": ""zip_code"", ""lexical_score"": 0, ""selection_reasons"": [], ""truncation_reason"": ""not_reached_before_max_tables_budget""}]",{},"[""income""]",[],"[""SELECT"", ""WHERE""]",[],[],"[""income""]",[],"[""SELECT"", ""WHERE""]",[],,
bird_1350,student_club,moderate,True,correct,unknown,,[],[],,e3-f-schema-v4,"[""expense"", ""event"", ""income"", ""budget"", ""member"", ""attendance""]",positive-lexical,"[""expense"", ""event"", ""income"", ""budget""]","[{""from_seed"": ""expense"", ""to_seed"": ""event"", ""path"": [""expense"", ""budget"", ""event""], ""added_tables"": []}, {""from_seed"": ""expense"", ""to_seed"": ""income"", ""path"": [""expense"", ""member"", ""income""], ""added_tables"": [""member""]}, {""from_seed"": ""expense"", ""to_seed"": ""budget"", ""path"": [""expense"", ""budget""], ""added_tables"": []}, {""from_seed"": ""event"", ""to_seed"": ""income"", ""path"": [""event"", ""attendance"", ""member"", ""income""], ""added_tables"": [""attendance""]}, {""from_seed"": ""event"", ""to_seed"": ""budget"", ""path"": [""event"", ""budget""], ""added_tables"": []}, {""from_seed"": ""income"", ""to_seed"": ""budget"", ""path"": [""income"", ""member"", ""expense"", ""budget""], ""added_tables"": []}]",[],"[{""table"": ""major"", ""lexical_score"": 0, ""selection_reasons"": [], ""truncation_reason"": ""not_reached_before_max_tables_budget""}, {""table"": ""zip_code"", ""lexical_score"": 0, ""selection_reasons"": [], ""truncation_reason"": ""not_reached_before_max_tables_budget""}]",{},"[""budget"", ""expense""]","[""budget_id"", ""event_status"", ""expense_date"", ""expense_description"", ""link_to_budget""]","[""SELECT"", ""JOIN[1]"", ""WHERE""]",[],[],"[""budget"", ""expense""]","[""budget_id"", ""event_status"", ""expense_date"", ""expense_description"", ""link_to_budget""]","[""SELECT"", ""DISTINCT"", ""JOIN[1]"", ""WHERE""]",[],,
bird_1371,student_club,simple,True,correct,unknown,,[],[],,e3-f-schema-v4,"[""event"", ""attendance"", ""income"", ""member"", ""budget"", ""expense""]",positive-lexical,"[""event"", ""attendance"", ""income"", ""member""]","[{""from_seed"": ""event"", ""to_seed"": ""attendance"", ""path"": [""event"", ""attendance""], ""added_tables"": []}, {""from_seed"": ""event"", ""to_seed"": ""income"", ""path"": [""event"", ""attendance"", ""member"", ""income""], ""added_tables"": []}, {""from_seed"": ""event"", ""to_seed"": ""member"", ""path"": [""event"", ""attendance"", ""member""], ""added_tables"": []}, {""from_seed"": ""attendance"", ""to_seed"": ""income"", ""path"": [""attendance"", ""member"", ""income""], ""added_tables"": []}, {""from_seed"": ""attendance"", ""to_seed"": ""member"", ""path"": [""attendance"", ""member""], ""added_tables"": []}, {""from_seed"": ""income"", ""to_seed"": ""member"", ""path"": [""income"", ""member""], ""added_tables"": []}]","[{""seed"": ""event"", ""neighbour"": ""budget"", ""added"": true}, {""seed"": ""member"", ""neighbour"": ""expense"", ""added"": true}]","[{""table"": ""major"", ""lexical_score"": 1, ""selection_reasons"": [], ""truncation_reason"": ""not_reached_before_max_tables_budget""}, {""table"": ""zip_code"", ""lexical_score"": 0, ""selection_reasons"": [], ""truncation_reason"": ""not_reached_before_max_tables_budget""}]",{},"[""attendance"", ""event""]","[""event_id"", ""event_name"", ""link_to_event"", ""link_to_member""]","[""SELECT"", ""AGGREGATE"", ""JOIN[1]"", ""WHERE""]",[],[],"[""attendance"", ""event""]","[""event_id"", ""event_name"", ""link_to_event""]","[""SELECT"", ""AGGREGATE"", ""JOIN[1]"", ""WHERE""]",[],,
bird_1380,student_club,simple,True,correct,unknown,,[],[],,e3-f-schema-v4,"[""budget"", ""income"", ""expense"", ""member"", ""event""]",positive-lexical,"[""budget"", ""income""]","[{""from_seed"": ""budget"", ""to_seed"": ""income"", ""path"": [""budget"", ""expense"", ""member"", ""income""], ""added_tables"": [""expense"", ""member""]}]","[{""seed"": ""budget"", ""neighbour"": ""event"", ""added"": true}]","[{""table"": ""attendance"", ""lexical_score"": 0, ""selection_reasons"": [], ""truncation_reason"": ""not_reached_before_max_tables_budget""}, {""table"": ""major"", ""lexical_score"": 0, ""selection_reasons"": [], ""truncation_reason"": ""not_reached_before_max_tables_budget""}, {""table"": ""zip_code"", ""lexical_score"": 0, ""selection_reasons"": [], ""truncation_reason"": ""not_reached_before_max_tables_budget""}]",{},"[""budget""]",[],"[""SELECT"", ""AGGREGATE"", ""WHERE""]",[],[],"[""budget""]",[],"[""SELECT"", ""AGGREGATE"", ""WHERE""]",[],,
bird_1387,student_club,moderate,False,retrieval_complete_mining_abstained_semantic_failure,unknown,,[],[],,e3-f-schema-v4,"[""event"", ""member"", ""budget"", ""income"", ""attendance"", ""expense"", ""major""]",positive-lexical,"[""event"", ""member"", ""budget"", ""income""]","[{""from_seed"": ""event"", ""to_seed"": ""member"", ""path"": [""event"", ""attendance"", ""member""], ""added_tables"": [""attendance""]}, {""from_seed"": ""event"", ""to_seed"": ""budget"", ""path"": [""event"", ""budget""], ""added_tables"": []}, {""from_seed"": ""event"", ""to_seed"": ""income"", ""path"": [""event"", ""attendance"", ""member"", ""income""], ""added_tables"": []}, {""from_seed"": ""member"", ""to_seed"": ""budget"", ""path"": [""member"", ""expense"", ""budget""], ""added_tables"": [""expense""]}, {""from_seed"": ""member"", ""to_seed"": ""income"", ""path"": [""member"", ""income""], ""added_tables"": []}, {""from_seed"": ""budget"", ""to_seed"": ""income"", ""path"": [""budget"", ""expense"", ""member"", ""income""], ""added_tables"": []}]","[{""seed"": ""member"", ""neighbour"": ""major"", ""added"": true}]","[{""table"": ""zip_code"", ""lexical_score"": 0, ""selection_reasons"": [], ""truncation_reason"": ""not_reached_before_max_tables_budget""}]",{},"[""budget"", ""event"", ""expense"", ""member""]","[""budget_id"", ""event_id"", ""event_name"", ""first_name"", ""last_name"", ""link_to_budget"", ""link_to_event"", ""link_to_member"", ""member_id""]","[""SELECT"", ""JOIN[2+]"", ""WHERE""]",[],[],"[""budget"", ""event"", ""expense"", ""member""]","[""budget_id"", ""event_id"", ""event_name"", ""first_name"", ""last_name"", ""link_to_budget"", ""link_to_event"", ""link_to_member"", ""member_id""]","[""SELECT"", ""DISTINCT"", ""JOIN[2+]"", ""WHERE""]",[],,
bird_1399,student_club,moderate,False,retrieval_complete_mining_abstained_semantic_failure,unknown,,[],[],,e3-f-schema-v4,"[""event"", ""member"", ""attendance"", ""budget"", ""expense"", ""income""]",positive-lexical,"[""event"", ""member"", ""attendance"", ""budget""]","[{""from_seed"": ""event"", ""to_seed"": ""member"", ""path"": [""event"", ""attendance"", ""member""], ""added_tables"": []}, {""from_seed"": ""event"", ""to_seed"": ""attendance"", ""path"": [""event"", ""attendance""], ""added_tables"": []}, {""from_seed"": ""event"", ""to_seed"": ""budget"", ""path"": [""event"", ""budget""], ""added_tables"": []}, {""from_seed"": ""member"", ""to_seed"": ""attendance"", ""path"": [""member"", ""attendance""], ""added_tables"": []}, {""from_seed"": ""member"", ""to_seed"": ""budget"", ""path"": [""member"", ""expense"", ""budget""], ""added_tables"": [""expense""]}, {""from_seed"": ""attendance"", ""to_seed"": ""budget"", ""path"": [""attendance"", ""event"", ""budget""], ""added_tables"": []}]","[{""seed"": ""member"", ""neighbour"": ""income"", ""added"": true}]","[{""table"": ""major"", ""lexical_score"": 1, ""selection_reasons"": [], ""truncation_reason"": ""not_reached_before_max_tables_budget""}, {""table"": ""zip_code"", ""lexical_score"": 0, ""selection_reasons"": [], ""truncation_reason"": ""not_reached_before_max_tables_budget""}]",{},"[""attendance"", ""event"", ""member""]","[""event_id"", ""event_name"", ""first_name"", ""last_name"", ""link_to_event"", ""link_to_member"", ""member_id""]","[""SELECT"", ""JOIN[2+]"", ""WHERE"", ""CONDITIONAL""]",[],[],"[""attendance"", ""event"", ""member""]","[""event_id"", ""event_name"", ""first_name"", ""last_name"", ""link_to_event"", ""link_to_member"", ""member_id""]","[""SELECT"", ""JOIN[2+]"", ""WHERE"", ""CONDITIONAL""]",[],,
bird_1427,student_club,moderate,False,retrieval_complete_mining_abstained_semantic_failure,unknown,,[],[],,e3-f-schema-v4,"[""event"", ""budget"", ""income"", ""attendance"", ""member"", ""expense""]",positive-lexical,"[""event"", ""budget"", ""income"", ""attendance""]","[{""from_seed"": ""event"", ""to_seed"": ""budget"", ""path"": [""event"", ""budget""], ""added_tables"": []}, {""from_seed"": ""event"", ""to_seed"": ""income"", ""path"": [""event"", ""attendance"", ""member"", ""income""], ""added_tables"": [""member""]}, {""from_seed"": ""event"", ""to_seed"": ""attendance"", ""path"": [""event"", ""attendance""], ""added_tables"": []}, {""from_seed"": ""budget"", ""to_seed"": ""income"", ""path"": [""budget"", ""expense"", ""member"", ""income""], ""added_tables"": [""expense""]}, {""from_seed"": ""budget"", ""to_seed"": ""attendance"", ""path"": [""budget"", ""event"", ""attendance""], ""added_tables"": []}, {""from_seed"": ""income"", ""to_seed"": ""attendance"", ""path"": [""income"", ""member"", ""attendance""], ""added_tables"": []}]",[],"[{""table"": ""zip_code"", ""lexical_score"": 1, ""selection_reasons"": [], ""truncation_reason"": ""not_reached_before_max_tables_budget""}, {""table"": ""major"", ""lexical_score"": 0, ""selection_reasons"": [], ""truncation_reason"": ""not_reached_before_max_tables_budget""}]",{},"[""budget"", ""event""]","[""category"", ""event_id"", ""link_to_event"", ""location"", ""spent"", ""type""]","[""SELECT"", ""DISTINCT"", ""JOIN[1]"", ""WHERE""]",[],[],"[""budget"", ""event""]","[""category"", ""event_id"", ""link_to_event"", ""location"", ""spent"", ""type""]","[""SELECT"", ""DISTINCT"", ""JOIN[1]"", ""WHERE"", ""ORDER_BY[ASC]""]",[],,
bird_1460,student_club,challenging,True,correct,unknown,,[],[],,e3-f-schema-v4,"[""expense"", ""member"", ""event"", ""attendance"", ""budget"", ""income""]",positive-lexical,"[""expense"", ""member"", ""event"", ""attendance""]","[{""from_seed"": ""expense"", ""to_seed"": ""member"", ""path"": [""expense"", ""member""], ""added_tables"": []}, {""from_seed"": ""expense"", ""to_seed"": ""event"", ""path"": [""expense"", ""budget"", ""event""], ""added_tables"": [""budget""]}, {""from_seed"": ""expense"", ""to_seed"": ""attendance"", ""path"": [""expense"", ""member"", ""attendance""], ""added_tables"": []}, {""from_seed"": ""member"", ""to_seed"": ""event"", ""path"": [""member"", ""attendance"", ""event""], ""added_tables"": []}, {""from_seed"": ""member"", ""to_seed"": ""attendance"", ""path"": [""member"", ""attendance""], ""added_tables"": []}, {""from_seed"": ""event"", ""to_seed"": ""attendance"", ""path"": [""event"", ""attendance""], ""added_tables"": []}]","[{""seed"": ""member"", ""neighbour"": ""income"", ""added"": true}]","[{""table"": ""major"", ""lexical_score"": 1, ""selection_reasons"": [], ""truncation_reason"": ""not_reached_before_max_tables_budget""}, {""table"": ""zip_code"", ""lexical_score"": 0, ""selection_reasons"": [], ""truncation_reason"": ""not_reached_before_max_tables_budget""}]",{},"[""expense"", ""member""]","[""cost"", ""expense_description"", ""first_name"", ""last_name"", ""link_to_member"", ""member_id""]","[""SELECT"", ""JOIN[1]"", ""WHERE""]",[],[],"[""expense"", ""member""]","[""cost"", ""expense_description"", ""first_name"", ""last_name"", ""link_to_member"", ""member_id""]","[""SELECT"", ""JOIN[1]"", ""WHERE""]",[],,
bird_1464,student_club,challenging,True,correct,unknown,,[],[],,e3-f-schema-v4,"[""income"", ""event"", ""member"", ""expense"", ""attendance"", ""budget"", ""major""]",positive-lexical,"[""income"", ""event"", ""member"", ""expense""]","[{""from_seed"": ""income"", ""to_seed"": ""event"", ""path"": [""income"", ""member"", ""attendance"", ""event""], ""added_tables"": [""attendance""]}, {""from_seed"": ""income"", ""to_seed"": ""member"", ""path"": [""income"", ""member""], ""added_tables"": []}, {""from_seed"": ""income"", ""to_seed"": ""expense"", ""path"": [""income"", ""member"", ""expense""], ""added_tables"": []}, {""from_seed"": ""event"", ""to_seed"": ""member"", ""path"": [""event"", ""attendance"", ""member""], ""added_tables"": []}, {""from_seed"": ""event"", ""to_seed"": ""expense"", ""path"": [""event"", ""budget"", ""expense""], ""added_tables"": [""budget""]}, {""from_seed"": ""member"", ""to_seed"": ""expense"", ""path"": [""member"", ""expense""], ""added_tables"": []}]","[{""seed"": ""member"", ""neighbour"": ""major"", ""added"": true}]","[{""table"": ""zip_code"", ""lexical_score"": 0, ""selection_reasons"": [], ""truncation_reason"": ""not_reached_before_max_tables_budget""}]",{},"[""attendance"", ""event"", ""income"", ""member""]","[""amount"", ""date_received"", ""event_id"", ""first_name"", ""last_name"", ""link_to_event"", ""link_to_member"", ""member_id""]","[""SELECT"", ""DISTINCT"", ""JOIN[2+]"", ""WHERE""]",[],[],"[""income"", ""member""]","[""amount"", ""date_received"", ""first_name"", ""last_name"", ""link_to_member"", ""member_id""]","[""SELECT"", ""JOIN[1]"", ""WHERE"", ""ORDER_BY[ASC]""]",[],,
bird_1155,thrombosis_prediction,simple,True,correct,unknown,,[],[],,e3-f-schema-v4,"[""Laboratory"", ""Patient"", ""Examination""]",positive-lexical,"[""Laboratory"", ""Patient"", ""Examination""]","[{""from_seed"": ""Laboratory"", ""to_seed"": ""Patient"", ""path"": [""Laboratory"", ""Patient""], ""added_tables"": []}, {""from_seed"": ""Laboratory"", ""to_seed"": ""Examination"", ""path"": [""Laboratory"", ""Patient"", ""Examination""], ""added_tables"": []}, {""from_seed"": ""Patient"", ""to_seed"": ""Examination"", ""path"": [""Patient"", ""Examination""], ""added_tables"": []}]",[],[],"{""Laboratory"": 28}","[""laboratory"", ""patient""]","[""birthday"", ""id"", ""ldh"", ""sex""]","[""SELECT"", ""DISTINCT"", ""JOIN[1]"", ""WHERE""]",[],[],"[""laboratory"", ""patient""]","[""birthday"", ""id"", ""ldh"", ""sex""]","[""SELECT"", ""DISTINCT"", ""JOIN[1]"", ""WHERE"", ""ORDER_BY[ASC]""]",[],,
bird_1156,thrombosis_prediction,moderate,True,correct,unknown,,[],[],,e3-f-schema-v4,"[""Examination"", ""Patient"", ""Laboratory""]",positive-lexical,"[""Examination"", ""Patient"", ""Laboratory""]","[{""from_seed"": ""Examination"", ""to_seed"": ""Patient"", ""path"": [""Examination"", ""Patient""], ""added_tables"": []}, {""from_seed"": ""Examination"", ""to_seed"": ""Laboratory"", ""path"": [""Examination"", ""Patient"", ""Laboratory""], ""added_tables"": []}, {""from_seed"": ""Patient"", ""to_seed"": ""Laboratory"", ""path"": [""Patient"", ""Laboratory""], ""added_tables"": []}]",[],[],"{""Laboratory"": 28}","[""examination"", ""patient""]","[""birthday"", ""id"", ""rvvt""]","[""SELECT"", ""DISTINCT"", ""JOIN[1]"", ""WHERE""]",[],[],"[""examination"", ""patient""]","[""birthday"", ""id"", ""rvvt""]","[""SELECT"", ""DISTINCT"", ""JOIN[1]"", ""WHERE"", ""ORDER_BY[ASC]""]",[],,
bird_1166,thrombosis_prediction,simple,False,retrieval_complete_mining_abstained_semantic_failure,unknown,,[],[],,e3-f-schema-v4,"[""Examination"", ""Patient"", ""Laboratory""]",positive-lexical,"[""Examination"", ""Patient"", ""Laboratory""]","[{""from_seed"": ""Examination"", ""to_seed"": ""Patient"", ""path"": [""Examination"", ""Patient""], ""added_tables"": []}, {""from_seed"": ""Examination"", ""to_seed"": ""Laboratory"", ""path"": [""Examination"", ""Patient"", ""Laboratory""], ""added_tables"": []}, {""from_seed"": ""Patient"", ""to_seed"": ""Laboratory"", ""path"": [""Patient"", ""Laboratory""], ""added_tables"": []}]",[],[],"{""Laboratory"": 28}","[""examination"", ""patient""]","[""birthday"", ""diagnosis"", ""id"", ""symptoms""]","[""SELECT"", ""JOIN[1]"", ""WHERE"", ""ORDER_BY[DESC]"", ""LIMIT""]",[],[],"[""examination"", ""patient""]","[""birthday"", ""diagnosis"", ""id"", ""symptoms""]","[""SELECT"", ""JOIN[1]"", ""WHERE"", ""ORDER_BY[DESC]"", ""LIMIT""]",[],,
bird_1168,thrombosis_prediction,challenging,False,retrieval_complete_mining_abstained_semantic_failure,unknown,,[],[],,e3-f-schema-v4,"[""Patient"", ""Examination"", ""Laboratory""]",positive-lexical,"[""Patient"", ""Examination"", ""Laboratory""]","[{""from_seed"": ""Patient"", ""to_seed"": ""Examination"", ""path"": [""Patient"", ""Examination""], ""added_tables"": []}, {""from_seed"": ""Patient"", ""to_seed"": ""Laboratory"", ""path"": [""Patient"", ""Laboratory""], ""added_tables"": []}, {""from_seed"": ""Examination"", ""to_seed"": ""Laboratory"", ""path"": [""Examination"", ""Patient"", ""Laboratory""], ""added_tables"": []}]",[],[],"{""Laboratory"": 28}","[""laboratory"", ""patient""]","[""birthday"", ""date"", ""diagnosis"", ""first date"", ""id""]","[""SELECT"", ""JOIN[1]"", ""WHERE"", ""ORDER_BY[ASC]"", ""LIMIT""]",[],[],"[""laboratory"", ""patient""]","[""birthday"", ""date"", ""diagnosis"", ""first date"", ""id""]","[""SELECT"", ""JOIN[1]"", ""WHERE"", ""ORDER_BY[ASC]"", ""LIMIT""]",[],,
bird_1169,thrombosis_prediction,challenging,True,correct,unknown,,[],[],,e3-f-schema-v4,"[""Laboratory"", ""Patient"", ""Examination""]",positive-lexical,"[""Laboratory"", ""Patient"", ""Examination""]","[{""from_seed"": ""Laboratory"", ""to_seed"": ""Patient"", ""path"": [""Laboratory"", ""Patient""], ""added_tables"": []}, {""from_seed"": ""Laboratory"", ""to_seed"": ""Examination"", ""path"": [""Laboratory"", ""Patient"", ""Examination""], ""added_tables"": []}, {""from_seed"": ""Patient"", ""to_seed"": ""Examination"", ""path"": [""Patient"", ""Examination""], ""added_tables"": []}]",[],[],"{""Laboratory"": 28}","[""laboratory"", ""patient""]","[""id"", ""sex"", ""ua""]","[""SELECT"", ""AGGREGATE"", ""JOIN[1]"", ""CONDITIONAL""]",[],[],"[""laboratory"", ""patient""]","[""id"", ""sex"", ""ua""]","[""SELECT"", ""AGGREGATE"", ""JOIN[1]"", ""CONDITIONAL""]",[],,
bird_1171,thrombosis_prediction,challenging,True,correct,unknown,,[],[],,e3-f-schema-v4,"[""Examination"", ""Laboratory"", ""Patient""]",positive-lexical,"[""Examination"", ""Laboratory"", ""Patient""]","[{""from_seed"": ""Examination"", ""to_seed"": ""Laboratory"", ""path"": [""Examination"", ""Patient"", ""Laboratory""], ""added_tables"": []}, {""from_seed"": ""Examination"", ""to_seed"": ""Patient"", ""path"": [""Examination"", ""Patient""], ""added_tables"": []}, {""from_seed"": ""Laboratory"", ""to_seed"": ""Patient"", ""path"": [""Laboratory"", ""Patient""], ""added_tables"": []}]",[],[],"{""Laboratory"": 28}","[""examination"", ""patient""]","[""birthday"", ""examination date"", ""id""]","[""SELECT"", ""AGGREGATE"", ""JOIN[1]"", ""WHERE""]",[],[],"[""examination"", ""patient""]","[""birthday"", ""examination date"", ""id""]","[""SELECT"", ""AGGREGATE"", ""JOIN[1]"", ""WHERE""]",[],,
bird_1175,thrombosis_prediction,moderate,False,retrieval_complete_mining_abstained_semantic_failure,unknown,,[],[],,e3-f-schema-v4,"[""Laboratory"", ""Patient"", ""Examination""]",positive-lexical,"[""Laboratory"", ""Patient"", ""Examination""]","[{""from_seed"": ""Laboratory"", ""to_seed"": ""Patient"", ""path"": [""Laboratory"", ""Patient""], ""added_tables"": []}, {""from_seed"": ""Laboratory"", ""to_seed"": ""Examination"", ""path"": [""Laboratory"", ""Patient"", ""Examination""], ""added_tables"": []}, {""from_seed"": ""Patient"", ""to_seed"": ""Examination"", ""path"": [""Patient"", ""Examination""], ""added_tables"": []}]",[],[],"{""Laboratory"": 28}","[""laboratory"", ""patient""]","[""birthday"", ""date"", ""diagnosis"", ""hgb"", ""id""]","[""SELECT"", ""JOIN[1]"", ""ORDER_BY[DESC]"", ""LIMIT""]",[],[],"[""examination"", ""laboratory"", ""patient""]","[""birthday"", ""diagnosis"", ""examination date"", ""hgb"", ""id""]","[""SELECT"", ""AGGREGATE"", ""JOIN[2+]"", ""WHERE"", ""LIMIT"", ""SUBQUERY""]",[],,
bird_1179,thrombosis_prediction,moderate,False,retrieval_complete_mining_abstained_semantic_failure,unknown,,[],[],,e3-f-schema-v4,"[""Examination"", ""Patient"", ""Laboratory""]",positive-lexical,"[""Examination"", ""Patient"", ""Laboratory""]","[{""from_seed"": ""Examination"", ""to_seed"": ""Patient"", ""path"": [""Examination"", ""Patient""], ""added_tables"": []}, {""from_seed"": ""Examination"", ""to_seed"": ""Laboratory"", ""path"": [""Examination"", ""Patient"", ""Laboratory""], ""added_tables"": []}, {""from_seed"": ""Patient"", ""to_seed"": ""Laboratory"", ""path"": [""Patient"", ""Laboratory""], ""added_tables"": []}]",[],[],"{""Laboratory"": 28}","[""examination"", ""patient""]",[],"[""SELECT"", ""WHERE"", ""SUBQUERY""]",[],[],"[""examination"", ""patient""]","[""acl igm"", ""description"", ""diagnosis"", ""examination date"", ""id""]","[""SELECT"", ""JOIN[1]"", ""WHERE"", ""LIMIT""]",[],,
bird_1185,thrombosis_prediction,challenging,True,correct,unknown,,[],[],,e3-f-schema-v4,"[""Laboratory"", ""Patient"", ""Examination""]",positive-lexical,"[""Laboratory"", ""Patient"", ""Examination""]","[{""from_seed"": ""Laboratory"", ""to_seed"": ""Patient"", ""path"": [""Laboratory"", ""Patient""], ""added_tables"": []}, {""from_seed"": ""Laboratory"", ""to_seed"": ""Examination"", ""path"": [""Laboratory"", ""Patient"", ""Examination""], ""added_tables"": []}, {""from_seed"": ""Patient"", ""to_seed"": ""Examination"", ""path"": [""Patient"", ""Examination""], ""added_tables"": []}]",[],[],"{""Laboratory"": 28}","[""laboratory"", ""patient""]","[""birthday"", ""date"", ""id"", ""t-cho""]","[""SELECT"", ""AGGREGATE"", ""JOIN[1]"", ""WHERE"", ""CONDITIONAL""]",[],[],"[""laboratory"", ""patient""]","[""birthday"", ""date"", ""id"", ""t-cho""]","[""SELECT"", ""AGGREGATE"", ""JOIN[1]"", ""WHERE"", ""CONDITIONAL""]",[],,
bird_1205,thrombosis_prediction,moderate,False,retrieval_complete_mining_abstained_semantic_failure,unknown,,[],[],,e3-f-schema-v4,"[""Laboratory"", ""Patient"", ""Examination""]",positive-lexical,"[""Laboratory"", ""Patient"", ""Examination""]","[{""from_seed"": ""Laboratory"", ""to_seed"": ""Patient"", ""path"": [""Laboratory"", ""Patient""], ""added_tables"": []}, {""from_seed"": ""Laboratory"", ""to_seed"": ""Examination"", ""path"": [""Laboratory"", ""Patient"", ""Examination""], ""added_tables"": []}, {""from_seed"": ""Patient"", ""to_seed"": ""Examination"", ""path"": [""Patient"", ""Examination""], ""added_tables"": []}]",[],[],"{""Laboratory"": 28}","[""laboratory"", ""patient""]","[""id"", ""sex"", ""ua""]","[""SELECT"", ""JOIN[1]"", ""WHERE"", ""CONDITIONAL""]",[],[],"[""laboratory"", ""patient""]","[""id"", ""sex"", ""ua""]","[""SELECT"", ""JOIN[1]"", ""WHERE"", ""CONDITIONAL""]",[],,
bird_1225,thrombosis_prediction,moderate,False,retrieval_complete_mining_abstained_semantic_failure,unknown,,[],[],,e3-f-schema-v4,"[""Laboratory"", ""Patient"", ""Examination""]",positive-lexical,"[""Laboratory"", ""Patient"", ""Examination""]","[{""from_seed"": ""Laboratory"", ""to_seed"": ""Patient"", ""path"": [""Laboratory"", ""Patient""], ""added_tables"": []}, {""from_seed"": ""Laboratory"", ""to_seed"": ""Examination"", ""path"": [""Laboratory"", ""Patient"", ""Examination""], ""added_tables"": []}, {""from_seed"": ""Patient"", ""to_seed"": ""Examination"", ""path"": [""Patient"", ""Examination""], ""added_tables"": []}]",[],[],"{""Laboratory"": 28}","[""laboratory"", ""patient""]","[""id"", ""sex"", ""t-bil""]","[""SELECT"", ""JOIN[1]"", ""WHERE"", ""GROUP_BY""]",[],[],"[""laboratory"", ""patient""]","[""id"", ""sex"", ""t-bil""]","[""SELECT"", ""AGGREGATE"", ""JOIN[1]"", ""WHERE"", ""GROUP_BY"", ""ORDER_BY[ASC]""]",[],,
bird_1235,thrombosis_prediction,moderate,False,retrieval_complete_mining_abstained_semantic_failure,unknown,,[],[],,e3-f-schema-v4,"[""Laboratory"", ""Patient"", ""Examination""]",positive-lexical,"[""Laboratory"", ""Patient"", ""Examination""]","[{""from_seed"": ""Laboratory"", ""to_seed"": ""Patient"", ""path"": [""Laboratory"", ""Patient""], ""added_tables"": []}, {""from_seed"": ""Laboratory"", ""to_seed"": ""Examination"", ""path"": [""Laboratory"", ""Patient"", ""Examination""], ""added_tables"": []}, {""from_seed"": ""Patient"", ""to_seed"": ""Examination"", ""path"": [""Patient"", ""Examination""], ""added_tables"": []}]",[],[],"{""Laboratory"": 28}","[""laboratory"", ""patient""]","[""birthday"", ""diagnosis"", ""id"", ""rbc""]","[""SELECT"", ""DISTINCT"", ""JOIN[1]"", ""WHERE""]",[],[],"[""laboratory"", ""patient""]","[""birthday"", ""diagnosis"", ""id"", ""rbc""]","[""SELECT"", ""DISTINCT"", ""JOIN[1]"", ""WHERE"", ""ORDER_BY[ASC]""]",[],,
bird_1238,thrombosis_prediction,moderate,True,correct,unknown,,[],[],,e3-f-schema-v4,"[""Laboratory"", ""Patient"", ""Examination""]",positive-lexical,"[""Laboratory"", ""Patient"", ""Examination""]","[{""from_seed"": ""Laboratory"", ""to_seed"": ""Patient"", ""path"": [""Laboratory"", ""Patient""], ""added_tables"": []}, {""from_seed"": ""Laboratory"", ""to_seed"": ""Examination"", ""path"": [""Laboratory"", ""Patient"", ""Examination""], ""added_tables"": []}, {""from_seed"": ""Patient"", ""to_seed"": ""Examination"", ""path"": [""Patient"", ""Examination""], ""added_tables"": []}]",[],[],"{""Laboratory"": 28}","[""laboratory"", ""patient""]","[""birthday"", ""diagnosis"", ""hgb"", ""id"", ""sex""]","[""SELECT"", ""JOIN[1]"", ""WHERE"", ""ORDER_BY[ASC]"", ""LIMIT""]",[],[],"[""laboratory"", ""patient""]","[""birthday"", ""diagnosis"", ""hgb"", ""id"", ""sex""]","[""SELECT"", ""WHERE"", ""ORDER_BY[ASC]"", ""LIMIT""]",[],,
bird_1239,thrombosis_prediction,challenging,False,retrieval_complete_mining_abstained_semantic_failure,unknown,,[],[],,e3-f-schema-v4,"[""Laboratory"", ""Examination"", ""Patient""]",positive-lexical,"[""Laboratory"", ""Examination"", ""Patient""]","[{""from_seed"": ""Laboratory"", ""to_seed"": ""Examination"", ""path"": [""Laboratory"", ""Patient"", ""Examination""], ""added_tables"": []}, {""from_seed"": ""Laboratory"", ""to_seed"": ""Patient"", ""path"": [""Laboratory"", ""Patient""], ""added_tables"": []}, {""from_seed"": ""Examination"", ""to_seed"": ""Patient"", ""path"": [""Examination"", ""Patient""], ""added_tables"": []}]",[],[],"{""Laboratory"": 28}","[""laboratory"", ""patient""]","[""birthday"", ""id""]","[""SELECT"", ""DISTINCT"", ""AGGREGATE"", ""JOIN[1]"", ""WHERE"", ""GROUP_BY"", ""HAVING"", ""SUBQUERY""]",[],[],"[""laboratory"", ""patient""]","[""birthday"", ""hct"", ""id""]","[""SELECT"", ""AGGREGATE"", ""JOIN[1]"", ""WHERE"", ""GROUP_BY"", ""HAVING""]",[],,
bird_1241,thrombosis_prediction,challenging,False,retrieval_complete_mining_abstained_semantic_failure,unknown,,[],[],,e3-f-schema-v4,"[""Laboratory"", ""Examination"", ""Patient""]",positive-lexical,"[""Laboratory"", ""Examination"", ""Patient""]","[{""from_seed"": ""Laboratory"", ""to_seed"": ""Examination"", ""path"": [""Laboratory"", ""Patient"", ""Examination""], ""added_tables"": []}, {""from_seed"": ""Laboratory"", ""to_seed"": ""Patient"", ""path"": [""Laboratory"", ""Patient""], ""added_tables"": []}, {""from_seed"": ""Examination"", ""to_seed"": ""Patient"", ""path"": [""Examination"", ""Patient""], ""added_tables"": []}]",[],[],"{""Laboratory"": 28}","[""laboratory"", ""patient""]","[""id"", ""plt""]","[""SELECT"", ""AGGREGATE"", ""JOIN[1]"", ""CONDITIONAL""]",[],[],"[""laboratory""]",[],"[""SELECT"", ""AGGREGATE"", ""WHERE"", ""GROUP_BY"", ""CONDITIONAL"", ""CTE""]",[],,
bird_1242,thrombosis_prediction,challenging,False,retrieval_complete_mining_abstained_semantic_failure,unknown,,[],[],,e3-f-schema-v4,"[""Laboratory"", ""Examination"", ""Patient""]",positive-lexical,"[""Laboratory"", ""Examination"", ""Patient""]","[{""from_seed"": ""Laboratory"", ""to_seed"": ""Examination"", ""path"": [""Laboratory"", ""Patient"", ""Examination""], ""added_tables"": []}, {""from_seed"": ""Laboratory"", ""to_seed"": ""Patient"", ""path"": [""Laboratory"", ""Patient""], ""added_tables"": []}, {""from_seed"": ""Examination"", ""to_seed"": ""Patient"", ""path"": [""Examination"", ""Patient""], ""added_tables"": []}]",[],[],"{""Laboratory"": 28}","[""laboratory"", ""patient""]","[""birthday"", ""date"", ""id"", ""plt""]","[""SELECT"", ""DISTINCT"", ""JOIN[1]"", ""WHERE""]",[],[],"[""laboratory"", ""patient""]","[""birthday"", ""date"", ""id"", ""plt""]","[""SELECT"", ""DISTINCT"", ""JOIN[1]"", ""WHERE"", ""ORDER_BY[ASC]""]",[],,
bird_1243,thrombosis_prediction,challenging,False,retrieval_complete_mining_abstained_semantic_failure,unknown,,[],[],,e3-f-schema-v4,"[""Laboratory"", ""Patient"", ""Examination""]",positive-lexical,"[""Laboratory"", ""Patient"", ""Examination""]","[{""from_seed"": ""Laboratory"", ""to_seed"": ""Patient"", ""path"": [""Laboratory"", ""Patient""], ""added_tables"": []}, {""from_seed"": ""Laboratory"", ""to_seed"": ""Examination"", ""path"": [""Laboratory"", ""Patient"", ""Examination""], ""added_tables"": []}, {""from_seed"": ""Patient"", ""to_seed"": ""Examination"", ""path"": [""Patient"", ""Examination""], ""added_tables"": []}]",[],[],"{""Laboratory"": 28}","[""laboratory"", ""patient""]","[""birthday"", ""id"", ""pt"", ""sex""]","[""SELECT"", ""AGGREGATE"", ""JOIN[1]"", ""WHERE"", ""CONDITIONAL""]",[],[],"[""laboratory"", ""patient""]","[""birthday"", ""id"", ""pt"", ""sex""]","[""SELECT"", ""AGGREGATE"", ""JOIN[1]"", ""WHERE"", ""CONDITIONAL""]",[],,
bird_1247,thrombosis_prediction,challenging,False,retrieval_complete_mining_abstained_semantic_failure,unknown,,[],[],,e3-f-schema-v4,"[""Laboratory"", ""Patient"", ""Examination""]",positive-lexical,"[""Laboratory"", ""Patient"", ""Examination""]","[{""from_seed"": ""Laboratory"", ""to_seed"": ""Patient"", ""path"": [""Laboratory"", ""Patient""], ""added_tables"": []}, {""from_seed"": ""Laboratory"", ""to_seed"": ""Examination"", ""path"": [""Laboratory"", ""Patient"", ""Examination""], ""added_tables"": []}, {""from_seed"": ""Patient"", ""to_seed"": ""Examination"", ""path"": [""Patient"", ""Examination""], ""added_tables"": []}]",[],[],"{""Laboratory"": 28}","[""laboratory"", ""patient""]","[""fg"", ""id"", ""sex"", ""wbc""]","[""SELECT"", ""AGGREGATE"", ""JOIN[1]"", ""WHERE""]",[],[],"[""laboratory"", ""patient""]","[""fg"", ""id"", ""sex"", ""wbc""]","[""SELECT"", ""AGGREGATE"", ""JOIN[1]"", ""WHERE""]",[],,
bird_1251,thrombosis_prediction,simple,False,retrieval_complete_mining_abstained_semantic_failure,unknown,,[],[],,e3-f-schema-v4,"[""Laboratory"", ""Examination"", ""Patient""]",positive-lexical,"[""Laboratory"", ""Examination"", ""Patient""]","[{""from_seed"": ""Laboratory"", ""to_seed"": ""Examination"", ""path"": [""Laboratory"", ""Patient"", ""Examination""], ""added_tables"": []}, {""from_seed"": ""Laboratory"", ""to_seed"": ""Patient"", ""path"": [""Laboratory"", ""Patient""], ""added_tables"": []}, {""from_seed"": ""Examination"", ""to_seed"": ""Patient"", ""path"": [""Examination"", ""Patient""], ""added_tables"": []}]",[],[],"{""Laboratory"": 28}","[""examination"", ""laboratory"", ""patient""]","[""id"", ""igg""]","[""SELECT"", ""AGGREGATE"", ""JOIN[2+]"", ""WHERE""]",[],[],"[""laboratory""]",[],"[""SELECT"", ""AGGREGATE"", ""WHERE""]",[],,
bird_1252,thrombosis_prediction,moderate,False,retrieval_complete_mining_abstained_semantic_failure,unknown,,[],[],,e3-f-schema-v4,"[""Laboratory"", ""Examination"", ""Patient""]",positive-lexical,"[""Laboratory"", ""Examination"", ""Patient""]","[{""from_seed"": ""Laboratory"", ""to_seed"": ""Examination"", ""path"": [""Laboratory"", ""Patient"", ""Examination""], ""added_tables"": []}, {""from_seed"": ""Laboratory"", ""to_seed"": ""Patient"", ""path"": [""Laboratory"", ""Patient""], ""added_tables"": []}, {""from_seed"": ""Examination"", ""to_seed"": ""Patient"", ""path"": [""Examination"", ""Patient""], ""added_tables"": []}]",[],[],"{""Laboratory"": 28}","[""examination"", ""laboratory"", ""patient""]","[""id"", ""igg"", ""symptoms""]","[""SELECT"", ""AGGREGATE"", ""JOIN[2+]"", ""WHERE""]",[],[],"[""examination"", ""laboratory""]","[""id"", ""igg"", ""symptoms""]","[""SELECT"", ""AGGREGATE"", ""JOIN[1]"", ""WHERE""]",[],,
bird_1254,thrombosis_prediction,moderate,False,retrieval_complete_mining_abstained_semantic_failure,unknown,,[],[],,e3-f-schema-v4,"[""Laboratory"", ""Patient"", ""Examination""]",positive-lexical,"[""Laboratory"", ""Patient"", ""Examination""]","[{""from_seed"": ""Laboratory"", ""to_seed"": ""Patient"", ""path"": [""Laboratory"", ""Patient""], ""added_tables"": []}, {""from_seed"": ""Laboratory"", ""to_seed"": ""Examination"", ""path"": [""Laboratory"", ""Patient"", ""Examination""], ""added_tables"": []}, {""from_seed"": ""Patient"", ""to_seed"": ""Examination"", ""path"": [""Patient"", ""Examination""], ""added_tables"": []}]",[],[],"{""Laboratory"": 28}","[""laboratory"", ""patient""]","[""first date"", ""id"", ""iga""]","[""SELECT"", ""AGGREGATE"", ""JOIN[1]"", ""WHERE""]",[],[],"[""laboratory"", ""patient""]","[""first date"", ""id"", ""iga""]","[""SELECT"", ""AGGREGATE"", ""JOIN[1]"", ""WHERE""]",[],,
bird_1265,thrombosis_prediction,moderate,False,retrieval_complete_mining_abstained_semantic_failure,unknown,,[],[],,e3-f-schema-v4,"[""Laboratory"", ""Patient"", ""Examination""]",positive-lexical,"[""Laboratory"", ""Patient"", ""Examination""]","[{""from_seed"": ""Laboratory"", ""to_seed"": ""Patient"", ""path"": [""Laboratory"", ""Patient""], ""added_tables"": []}, {""from_seed"": ""Laboratory"", ""to_seed"": ""Examination"", ""path"": [""Laboratory"", ""Patient"", ""Examination""], ""added_tables"": []}, {""from_seed"": ""Patient"", ""to_seed"": ""Examination"", ""path"": [""Patient"", ""Examination""], ""added_tables"": []}]",[],[],"{""Laboratory"": 28}","[""laboratory"", ""patient""]","[""admission"", ""id"", ""rnp""]","[""SELECT"", ""AGGREGATE"", ""JOIN[1]"", ""WHERE""]",[],[],"[""laboratory"", ""patient""]","[""admission"", ""id"", ""rnp""]","[""SELECT"", ""AGGREGATE"", ""JOIN[1]"", ""WHERE""]",[],,
bird_1267,thrombosis_prediction,moderate,False,retrieval_complete_mining_abstained_semantic_failure,unknown,,[],[],,e3-f-schema-v4,"[""Laboratory"", ""Examination"", ""Patient""]",positive-lexical,"[""Laboratory"", ""Examination"", ""Patient""]","[{""from_seed"": ""Laboratory"", ""to_seed"": ""Examination"", ""path"": [""Laboratory"", ""Patient"", ""Examination""], ""added_tables"": []}, {""from_seed"": ""Laboratory"", ""to_seed"": ""Patient"", ""path"": [""Laboratory"", ""Patient""], ""added_tables"": []}, {""from_seed"": ""Examination"", ""to_seed"": ""Patient"", ""path"": [""Examination"", ""Patient""], ""added_tables"": []}]",[],[],"{""Laboratory"": 28}","[""examination"", ""laboratory""]","[""id"", ""sm"", ""thrombosis""]","[""SELECT"", ""AGGREGATE"", ""JOIN[1]"", ""WHERE""]",[],[],"[""examination"", ""laboratory""]","[""id"", ""sm"", ""thrombosis""]","[""SELECT"", ""AGGREGATE"", ""JOIN[1]"", ""WHERE""]",[],,
bird_1029,european_football_2,moderate,False,retrieval_complete_mining_abstained_semantic_failure,unknown,,[],[],,e3-f-schema-v4,"[""Team_Attributes"", ""Player_Attributes"", ""Match"", ""Team"", ""Player"", ""Country""]",positive-lexical,"[""Team_Attributes"", ""Player_Attributes"", ""Match"", ""Team""]","[{""from_seed"": ""Team_Attributes"", ""to_seed"": ""Player_Attributes"", ""path"": [""Team_Attributes"", ""Team"", ""Match"", ""Player"", ""Player_Attributes""], ""added_tables"": [""Player""]}, {""from_seed"": ""Team_Attributes"", ""to_seed"": ""Match"", ""path"": [""Team_Attributes"", ""Team"", ""Match""], ""added_tables"": []}, {""from_seed"": ""Team_Attributes"", ""to_seed"": ""Team"", ""path"": [""Team_Attributes"", ""Team""], ""added_tables"": []}, {""from_seed"": ""Player_Attributes"", ""to_seed"": ""Match"", ""path"": [""Player_Attributes"", ""Player"", ""Match""], ""added_tables"": []}, {""from_seed"": ""Player_Attributes"", ""to_seed"": ""Team"", ""path"": [""Player_Attributes"", ""Player"", ""Match"", ""Team""], ""added_tables"": []}, {""from_seed"": ""Match"", ""to_seed"": ""Team"", ""path"": [""Match"", ""Team""], ""added_tables"": []}]","[{""seed"": ""Match"", ""neighbour"": ""Country"", ""added"": true}]","[{""table"": ""League"", ""lexical_score"": 0, ""selection_reasons"": [], ""truncation_reason"": ""not_reached_before_max_tables_budget""}]","{""Team_Attributes"": 9, ""Player_Attributes"": 26, ""Match"": 99}","[""team"", ""team_attributes""]","[""buildupplayspeed"", ""team_api_id""]","[""SELECT"", ""JOIN[1]"", ""ORDER_BY[ASC]"", ""LIMIT""]",[],[],"[""team"", ""team_attributes""]","[""buildupplayspeed"", ""team_api_id"", ""team_long_name""]","[""SELECT"", ""AGGREGATE"", ""JOIN[1]"", ""GROUP_BY"", ""ORDER_BY[DESC]"", ""LIMIT""]",[],,
bird_1031,european_football_2,challenging,False,retrieval_complete_mining_abstained_semantic_failure,unknown,,[],[],,e3-f-schema-v4,"[""Player_Attributes"", ""Match"", ""Team_Attributes"", ""Player"", ""Team"", ""Country""]",positive-lexical,"[""Player_Attributes"", ""Match"", ""Team_Attributes"", ""Player""]","[{""from_seed"": ""Player_Attributes"", ""to_seed"": ""Match"", ""path"": [""Player_Attributes"", ""Player"", ""Match""], ""added_tables"": []}, {""from_seed"": ""Player_Attributes"", ""to_seed"": ""Team_Attributes"", ""path"": [""Player_Attributes"", ""Player"", ""Match"", ""Team"", ""Team_Attributes""], ""added_tables"": [""Team""]}, {""from_seed"": ""Player_Attributes"", ""to_seed"": ""Player"", ""path"": [""Player_Attributes"", ""Player""], ""added_tables"": []}, {""from_seed"": ""Match"", ""to_seed"": ""Team_Attributes"", ""path"": [""Match"", ""Team"", ""Team_Attributes""], ""added_tables"": []}, {""from_seed"": ""Match"", ""to_seed"": ""Player"", ""path"": [""Match"", ""Player""], ""added_tables"": []}, {""from_seed"": ""Team_Attributes"", ""to_seed"": ""Player"", ""path"": [""Team_Attributes"", ""Team"", ""Match"", ""Player""], ""added_tables"": []}]","[{""seed"": ""Match"", ""neighbour"": ""Country"", ""added"": true}]","[{""table"": ""League"", ""lexical_score"": 0, ""selection_reasons"": [], ""truncation_reason"": ""not_reached_before_max_tables_budget""}]","{""Player_Attributes"": 26, ""Match"": 99, ""Team_Attributes"": 9}","[""player"", ""player_attributes""]","[""date"", ""player_api_id"", ""sprint_speed""]","[""SELECT"", ""DISTINCT"", ""JOIN[1]"", ""WHERE""]",[],[],"[""player"", ""player_attributes""]","[""birthday"", ""date"", ""player_api_id"", ""sprint_speed""]","[""SELECT"", ""JOIN[1]"", ""WHERE"", ""GROUP_BY""]",[],,
bird_1039,european_football_2,simple,True,correct,unknown,,[],[],,e3-f-schema-v4,"[""Player_Attributes"", ""Team_Attributes"", ""Match"", ""Player"", ""Team"", ""Country""]",positive-lexical,"[""Player_Attributes"", ""Team_Attributes"", ""Match"", ""Player""]","[{""from_seed"": ""Player_Attributes"", ""to_seed"": ""Team_Attributes"", ""path"": [""Player_Attributes"", ""Player"", ""Match"", ""Team"", ""Team_Attributes""], ""added_tables"": [""Team""]}, {""from_seed"": ""Player_Attributes"", ""to_seed"": ""Match"", ""path"": [""Player_Attributes"", ""Player"", ""Match""], ""added_tables"": []}, {""from_seed"": ""Player_Attributes"", ""to_seed"": ""Player"", ""path"": [""Player_Attributes"", ""Player""], ""added_tables"": []}, {""from_seed"": ""Team_Attributes"", ""to_seed"": ""Match"", ""path"": [""Team_Attributes"", ""Team"", ""Match""], ""added_tables"": []}, {""from_seed"": ""Team_Attributes"", ""to_seed"": ""Player"", ""path"": [""Team_Attributes"", ""Team"", ""Match"", ""Player""], ""added_tables"": []}, {""from_seed"": ""Match"", ""to_seed"": ""Player"", ""path"": [""Match"", ""Player""], ""added_tables"": []}]","[{""seed"": ""Match"", ""neighbour"": ""Country"", ""added"": true}]","[{""table"": ""League"", ""lexical_score"": 1, ""selection_reasons"": [], ""truncation_reason"": ""not_reached_before_max_tables_budget""}]","{""Player_Attributes"": 26, ""Team_Attributes"": 9, ""Match"": 99}","[""player"", ""player_attributes""]","[""date"", ""long_shots"", ""player_api_id"", ""player_name""]","[""SELECT"", ""AGGREGATE"", ""JOIN[1]"", ""WHERE""]",[],"[""player_attributes.date""]","[""player"", ""player_attributes""]","[""long_shots"", ""player_fifa_api_id"", ""player_name""]","[""SELECT"", ""AGGREGATE"", ""JOIN[1]"", ""WHERE""]",[],,
bird_1044,european_football_2,simple,True,correct,unknown,,[],[],,e3-f-schema-v4,"[""Match"", ""Player"", ""Player_Attributes"", ""Team_Attributes"", ""Team"", ""Country""]",positive-lexical,"[""Match"", ""Player"", ""Player_Attributes"", ""Team_Attributes""]","[{""from_seed"": ""Match"", ""to_seed"": ""Player"", ""path"": [""Match"", ""Player""], ""added_tables"": []}, {""from_seed"": ""Match"", ""to_seed"": ""Player_Attributes"", ""path"": [""Match"", ""Player"", ""Player_Attributes""], ""added_tables"": []}, {""from_seed"": ""Match"", ""to_seed"": ""Team_Attributes"", ""path"": [""Match"", ""Team"", ""Team_Attributes""], ""added_tables"": [""Team""]}, {""from_seed"": ""Player"", ""to_seed"": ""Player_Attributes"", ""path"": [""Player"", ""Player_Attributes""], ""added_tables"": []}, {""from_seed"": ""Player"", ""to_seed"": ""Team_Attributes"", ""path"": [""Player"", ""Match"", ""Team"", ""Team_Attributes""], ""added_tables"": []}, {""from_seed"": ""Player_Attributes"", ""to_seed"": ""Team_Attributes"", ""path"": [""Player_Attributes"", ""Player"", ""Match"", ""Team"", ""Team_Attributes""], ""added_tables"": []}]","[{""seed"": ""Match"", ""neighbour"": ""Country"", ""added"": true}]","[{""table"": ""League"", ""lexical_score"": 0, ""selection_reasons"": [], ""truncation_reason"": ""not_reached_before_max_tables_budget""}]","{""Match"": 99, ""Player_Attributes"": 26, ""Team_Attributes"": 9}","[""player""]",[],"[""SELECT"", ""WHERE""]",[],[],"[""player""]",[],"[""SELECT"", ""WHERE""]",[],,
bird_1058,european_football_2,challenging,False,retrieval_complete_mining_abstained_semantic_failure,unknown,,[],[],,e3-f-schema-v4,"[""Player_Attributes"", ""Player"", ""Match"", ""Team_Attributes"", ""Team"", ""Country""]",positive-lexical,"[""Player_Attributes"", ""Player"", ""Match"", ""Team_Attributes""]","[{""from_seed"": ""Player_Attributes"", ""to_seed"": ""Player"", ""path"": [""Player_Attributes"", ""Player""], ""added_tables"": []}, {""from_seed"": ""Player_Attributes"", ""to_seed"": ""Match"", ""path"": [""Player_Attributes"", ""Player"", ""Match""], ""added_tables"": []}, {""from_seed"": ""Player_Attributes"", ""to_seed"": ""Team_Attributes"", ""path"": [""Player_Attributes"", ""Player"", ""Match"", ""Team"", ""Team_Attributes""], ""added_tables"": [""Team""]}, {""from_seed"": ""Player"", ""to_seed"": ""Match"", ""path"": [""Player"", ""Match""], ""added_tables"": []}, {""from_seed"": ""Player"", ""to_seed"": ""Team_Attributes"", ""path"": [""Player"", ""Match"", ""Team"", ""Team_Attributes""], ""added_tables"": []}, {""from_seed"": ""Match"", ""to_seed"": ""Team_Attributes"", ""path"": [""Match"", ""Team"", ""Team_Attributes""], ""added_tables"": []}]","[{""seed"": ""Match"", ""neighbour"": ""Country"", ""added"": true}]","[{""table"": ""League"", ""lexical_score"": 0, ""selection_reasons"": [], ""truncation_reason"": ""not_reached_before_max_tables_budget""}]","{""Player_Attributes"": 26, ""Match"": 99, ""Team_Attributes"": 9}","[""player"", ""player_attributes""]","[""height"", ""player_api_id""]","[""SELECT"", ""AGGREGATE"", ""JOIN[2+]"", ""WHERE"", ""ORDER_BY[DESC]"", ""LIMIT"", ""SUBQUERY"", ""SET_OP""]",[],[],"[""player"", ""player_attributes""]","[""finishing"", ""height"", ""player_api_id"", ""player_name""]","[""SELECT"", ""AGGREGATE"", ""JOIN[1]"", ""WHERE"", ""GROUP_BY"", ""ORDER_BY[ASC/DESC]"", ""LIMIT"", ""SUBQUERY""]",[],,
bird_1076,european_football_2,challenging,True,correct,unknown,,[],[],,e3-f-schema-v4,"[""Player_Attributes"", ""Player"", ""Team_Attributes"", ""Match"", ""Team"", ""Country""]",positive-lexical,"[""Player_Attributes"", ""Player"", ""Team_Attributes"", ""Match""]","[{""from_seed"": ""Player_Attributes"", ""to_seed"": ""Player"", ""path"": [""Player_Attributes"", ""Player""], ""added_tables"": []}, {""from_seed"": ""Player_Attributes"", ""to_seed"": ""Team_Attributes"", ""path"": [""Player_Attributes"", ""Player"", ""Match"", ""Team"", ""Team_Attributes""], ""added_tables"": [""Team""]}, {""from_seed"": ""Player_Attributes"", ""to_seed"": ""Match"", ""path"": [""Player_Attributes"", ""Player"", ""Match""], ""added_tables"": []}, {""from_seed"": ""Player"", ""to_seed"": ""Team_Attributes"", ""path"": [""Player"", ""Match"", ""Team"", ""Team_Attributes""], ""added_tables"": []}, {""from_seed"": ""Player"", ""to_seed"": ""Match"", ""path"": [""Player"", ""Match""], ""added_tables"": []}, {""from_seed"": ""Team_Attributes"", ""to_seed"": ""Match"", ""path"": [""Team_Attributes"", ""Team"", ""Match""], ""added_tables"": []}]","[{""seed"": ""Match"", ""neighbour"": ""Country"", ""added"": true}]","[{""table"": ""League"", ""lexical_score"": 2, ""selection_reasons"": [], ""truncation_reason"": ""not_reached_before_max_tables_budget""}]","{""Player_Attributes"": 26, ""Team_Attributes"": 9, ""Match"": 99}","[""player"", ""player_attributes""]","[""ball_control"", ""id"", ""player_api_id"", ""player_name""]","[""SELECT"", ""AGGREGATE"", ""JOIN[1]"", ""CONDITIONAL""]",[],[],"[""player"", ""player_attributes""]","[""ball_control"", ""id"", ""player_api_id"", ""player_name""]","[""SELECT"", ""AGGREGATE"", ""JOIN[1]"", ""CONDITIONAL""]",[],,
bird_1079,european_football_2,simple,True,correct,unknown,,[],[],,e3-f-schema-v4,"[""Player"", ""Match"", ""Player_Attributes"", ""Country""]",positive-lexical,"[""Player"", ""Match"", ""Player_Attributes""]","[{""from_seed"": ""Player"", ""to_seed"": ""Match"", ""path"": [""Player"", ""Match""], ""added_tables"": []}, {""from_seed"": ""Player"", ""to_seed"": ""Player_Attributes"", ""path"": [""Player"", ""Player_Attributes""], ""added_tables"": []}, {""from_seed"": ""Match"", ""to_seed"": ""Player_Attributes"", ""path"": [""Match"", ""Player"", ""Player_Attributes""], ""added_tables"": []}]","[{""seed"": ""Match"", ""neighbour"": ""Country"", ""added"": true}]","[{""table"": ""League"", ""lexical_score"": 0, ""selection_reasons"": [], ""truncation_reason"": ""not_reached_before_max_tables_budget""}, {""table"": ""Team"", ""lexical_score"": 0, ""selection_reasons"": [], ""truncation_reason"": ""not_reached_before_max_tables_budget""}, {""table"": ""Team_Attributes"", ""lexical_score"": 0, ""selection_reasons"": [], ""truncation_reason"": ""not_reached_before_max_tables_budget""}]","{""Match"": 99, ""Player_Attributes"": 26}","[""player""]",[],"[""SELECT"", ""ORDER_BY[DESC]"", ""LIMIT""]",[],[],"[""player""]",[],"[""SELECT"", ""ORDER_BY[DESC]"", ""LIMIT""]",[],,
bird_1088,european_football_2,moderate,True,correct,unknown,,[],[],,e3-f-schema-v4,"[""Match"", ""Player_Attributes"", ""Player"", ""Team_Attributes"", ""Team"", ""Country""]",positive-lexical,"[""Match"", ""Player_Attributes"", ""Player"", ""Team_Attributes""]","[{""from_seed"": ""Match"", ""to_seed"": ""Player_Attributes"", ""path"": [""Match"", ""Player"", ""Player_Attributes""], ""added_tables"": []}, {""from_seed"": ""Match"", ""to_seed"": ""Player"", ""path"": [""Match"", ""Player""], ""added_tables"": []}, {""from_seed"": ""Match"", ""to_seed"": ""Team_Attributes"", ""path"": [""Match"", ""Team"", ""Team_Attributes""], ""added_tables"": [""Team""]}, {""from_seed"": ""Player_Attributes"", ""to_seed"": ""Player"", ""path"": [""Player_Attributes"", ""Player""], ""added_tables"": []}, {""from_seed"": ""Player_Attributes"", ""to_seed"": ""Team_Attributes"", ""path"": [""Player_Attributes"", ""Player"", ""Match"", ""Team"", ""Team_Attributes""], ""added_tables"": []}, {""from_seed"": ""Player"", ""to_seed"": ""Team_Attributes"", ""path"": [""Player"", ""Match"", ""Team"", ""Team_Attributes""], ""added_tables"": []}]","[{""seed"": ""Match"", ""neighbour"": ""Country"", ""added"": true}]","[{""table"": ""League"", ""lexical_score"": 1, ""selection_reasons"": [], ""truncation_reason"": ""not_reached_before_max_tables_budget""}]","{""Match"": 99, ""Player_Attributes"": 26, ""Team_Attributes"": 9}","[""player"", ""player_attributes""]","[""dribbling"", ""player_api_id"", ""player_name"", ""volleys""]","[""SELECT"", ""DISTINCT"", ""JOIN[1]"", ""WHERE""]",[],[],"[""player"", ""player_attributes""]","[""dribbling"", ""player_api_id"", ""player_name"", ""volleys""]","[""SELECT"", ""DISTINCT"", ""JOIN[1]"", ""WHERE""]",[],,
bird_1091,european_football_2,moderate,True,correct,unknown,,[],[],,e3-f-schema-v4,"[""League"", ""Match"", ""Country"", ""Player"", ""Team"", ""Player_Attributes""]",positive-lexical,"[""League"", ""Match"", ""Country"", ""Player""]","[{""from_seed"": ""League"", ""to_seed"": ""Match"", ""path"": [""League"", ""Match""], ""added_tables"": []}, {""from_seed"": ""League"", ""to_seed"": ""Country"", ""path"": [""League"", ""Country""], ""added_tables"": []}, {""from_seed"": ""League"", ""to_seed"": ""Player"", ""path"": [""League"", ""Match"", ""Player""], ""added_tables"": []}, {""from_seed"": ""Match"", ""to_seed"": ""Country"", ""path"": [""Match"", ""Country""], ""added_tables"": []}, {""from_seed"": ""Match"", ""to_seed"": ""Player"", ""path"": [""Match"", ""Player""], ""added_tables"": []}, {""from_seed"": ""Country"", ""to_seed"": ""Player"", ""path"": [""Country"", ""Match"", ""Player""], ""added_tables"": []}]","[{""seed"": ""Match"", ""neighbour"": ""Team"", ""added"": true}, {""seed"": ""Player"", ""neighbour"": ""Player_Attributes"", ""added"": true}]","[{""table"": ""Team_Attributes"", ""lexical_score"": 1, ""selection_reasons"": [], ""truncation_reason"": ""not_reached_before_max_tables_budget""}]","{""Match"": 99, ""Player_Attributes"": 26}","[""league"", ""match""]","[""date"", ""id"", ""league_id"", ""name""]","[""SELECT"", ""AGGREGATE"", ""JOIN[1]"", ""WHERE""]",[],"[""match.date""]","[""league"", ""match""]","[""date"", ""id"", ""league_id"", ""name""]","[""SELECT"", ""AGGREGATE"", ""JOIN[1]"", ""WHERE""]",[],,
bird_1092,european_football_2,simple,False,detailed_schema_column_miss_or_compact_index_only,unknown,,[],[],,e3-f-schema-v4,"[""Match"", ""League"", ""Country"", ""Player"", ""Team"", ""Player_Attributes""]",positive-lexical,"[""Match"", ""League"", ""Country"", ""Player""]","[{""from_seed"": ""Match"", ""to_seed"": ""League"", ""path"": [""Match"", ""League""], ""added_tables"": []}, {""from_seed"": ""Match"", ""to_seed"": ""Country"", ""path"": [""Match"", ""Country""], ""added_tables"": []}, {""from_seed"": ""Match"", ""to_seed"": ""Player"", ""path"": [""Match"", ""Player""], ""added_tables"": []}, {""from_seed"": ""League"", ""to_seed"": ""Country"", ""path"": [""League"", ""Country""], ""added_tables"": []}, {""from_seed"": ""League"", ""to_seed"": ""Player"", ""path"": [""League"", ""Match"", ""Player""], ""added_tables"": []}, {""from_seed"": ""Country"", ""to_seed"": ""Player"", ""path"": [""Country"", ""Match"", ""Player""], ""added_tables"": []}]","[{""seed"": ""Match"", ""neighbour"": ""Team"", ""added"": true}, {""seed"": ""Player"", ""neighbour"": ""Player_Attributes"", ""added"": true}]","[{""table"": ""Team_Attributes"", ""lexical_score"": 0, ""selection_reasons"": [], ""truncation_reason"": ""not_reached_before_max_tables_budget""}]","{""Match"": 99, ""Player_Attributes"": 26}","[""league"", ""match""]","[""id"", ""league_id"", ""name"", ""season""]","[""SELECT"", ""AGGREGATE"", ""JOIN[1]"", ""WHERE"", ""GROUP_BY"", ""HAVING"", ""SUBQUERY""]",[],"[""match.season""]","[""league"", ""match""]","[""id"", ""league_id"", ""name"", ""season""]","[""SELECT"", ""AGGREGATE"", ""JOIN[1]"", ""WHERE"", ""GROUP_BY"", ""ORDER_BY[DESC]"", ""LIMIT""]",[],,
bird_1094,european_football_2,challenging,False,retrieval_complete_mining_abstained_semantic_failure,unknown,,[],[],,e3-f-schema-v4,"[""Player_Attributes"", ""Player"", ""Country"", ""League"", ""Match""]",positive-lexical,"[""Player_Attributes"", ""Player"", ""Country"", ""League""]","[{""from_seed"": ""Player_Attributes"", ""to_seed"": ""Player"", ""path"": [""Player_Attributes"", ""Player""], ""added_tables"": []}, {""from_seed"": ""Player_Attributes"", ""to_seed"": ""Country"", ""path"": [""Player_Attributes"", ""Player"", ""Match"", ""Country""], ""added_tables"": [""Match""]}, {""from_seed"": ""Player_Attributes"", ""to_seed"": ""League"", ""path"": [""Player_Attributes"", ""Player"", ""Match"", ""League""], ""added_tables"": []}, {""from_seed"": ""Player"", ""to_seed"": ""Country"", ""path"": [""Player"", ""Match"", ""Country""], ""added_tables"": []}, {""from_seed"": ""Player"", ""to_seed"": ""League"", ""path"": [""Player"", ""Match"", ""League""], ""added_tables"": []}, {""from_seed"": ""Country"", ""to_seed"": ""League"", ""path"": [""Country"", ""League""], ""added_tables"": []}]",[],"[{""table"": ""Team"", ""lexical_score"": 1, ""selection_reasons"": [], ""truncation_reason"": ""not_reached_before_max_tables_budget""}, {""table"": ""Team_Attributes"", ""lexical_score"": 1, ""selection_reasons"": [], ""truncation_reason"": ""not_reached_before_max_tables_budget""}]","{""Player_Attributes"": 26, ""Match"": 99}","[""player"", ""player_attributes""]","[""overall_rating"", ""player_api_id"", ""player_name""]","[""SELECT"", ""AGGREGATE"", ""JOIN[1]"", ""CONDITIONAL""]",[],[],"[""player"", ""player_attributes""]","[""date"", ""id"", ""overall_rating"", ""player_api_id"", ""player_name""]","[""SELECT"", ""JOIN[2+]"", ""WHERE"", ""ORDER_BY[DESC]"", ""LIMIT"", ""SUBQUERY""]",[],,
bird_1103,european_football_2,moderate,True,correct,unknown,,[],[],,e3-f-schema-v4,"[""Player_Attributes"", ""Player"", ""Match"", ""Team_Attributes"", ""Team"", ""Country""]",positive-lexical,"[""Player_Attributes"", ""Player"", ""Match"", ""Team_Attributes""]","[{""from_seed"": ""Player_Attributes"", ""to_seed"": ""Player"", ""path"": [""Player_Attributes"", ""Player""], ""added_tables"": []}, {""from_seed"": ""Player_Attributes"", ""to_seed"": ""Match"", ""path"": [""Player_Attributes"", ""Player"", ""Match""], ""added_tables"": []}, {""from_seed"": ""Player_Attributes"", ""to_seed"": ""Team_Attributes"", ""path"": [""Player_Attributes"", ""Player"", ""Match"", ""Team"", ""Team_Attributes""], ""added_tables"": [""Team""]}, {""from_seed"": ""Player"", ""to_seed"": ""Match"", ""path"": [""Player"", ""Match""], ""added_tables"": []}, {""from_seed"": ""Player"", ""to_seed"": ""Team_Attributes"", ""path"": [""Player"", ""Match"", ""Team"", ""Team_Attributes""], ""added_tables"": []}, {""from_seed"": ""Match"", ""to_seed"": ""Team_Attributes"", ""path"": [""Match"", ""Team"", ""Team_Attributes""], ""added_tables"": []}]","[{""seed"": ""Match"", ""neighbour"": ""Country"", ""added"": true}]","[{""table"": ""League"", ""lexical_score"": 1, ""selection_reasons"": [], ""truncation_reason"": ""not_reached_before_max_tables_budget""}]","{""Player_Attributes"": 26, ""Match"": 99, ""Team_Attributes"": 9}","[""player"", ""player_attributes""]","[""date"", ""overall_rating"", ""player_api_id"", ""player_name""]","[""SELECT"", ""JOIN[1]"", ""WHERE""]",[],[],"[""player"", ""player_attributes""]","[""date"", ""overall_rating"", ""player_api_id"", ""player_name""]","[""SELECT"", ""JOIN[1]"", ""WHERE""]",[],,
bird_1107,european_football_2,moderate,False,detailed_schema_column_miss_or_compact_index_only,unknown,,[],[],,e3-f-schema-v4,"[""Player_Attributes"", ""Match"", ""Team_Attributes"", ""Player"", ""Team"", ""Country""]",positive-lexical,"[""Player_Attributes"", ""Match"", ""Team_Attributes"", ""Player""]","[{""from_seed"": ""Player_Attributes"", ""to_seed"": ""Match"", ""path"": [""Player_Attributes"", ""Player"", ""Match""], ""added_tables"": []}, {""from_seed"": ""Player_Attributes"", ""to_seed"": ""Team_Attributes"", ""path"": [""Player_Attributes"", ""Player"", ""Match"", ""Team"", ""Team_Attributes""], ""added_tables"": [""Team""]}, {""from_seed"": ""Player_Attributes"", ""to_seed"": ""Player"", ""path"": [""Player_Attributes"", ""Player""], ""added_tables"": []}, {""from_seed"": ""Match"", ""to_seed"": ""Team_Attributes"", ""path"": [""Match"", ""Team"", ""Team_Attributes""], ""added_tables"": []}, {""from_seed"": ""Match"", ""to_seed"": ""Player"", ""path"": [""Match"", ""Player""], ""added_tables"": []}, {""from_seed"": ""Team_Attributes"", ""to_seed"": ""Player"", ""path"": [""Team_Attributes"", ""Team"", ""Match"", ""Player""], ""added_tables"": []}]","[{""seed"": ""Match"", ""neighbour"": ""Country"", ""added"": true}]","[{""table"": ""League"", ""lexical_score"": 1, ""selection_reasons"": [], ""truncation_reason"": ""not_reached_before_max_tables_budget""}]","{""Player_Attributes"": 26, ""Match"": 99, ""Team_Attributes"": 9}","[""player"", ""player_attributes""]","[""crossing"", ""date"", ""player_fifa_api_id"", ""player_name""]","[""SELECT"", ""JOIN[1]"", ""WHERE"", ""ORDER_BY[DESC]"", ""LIMIT"", ""SUBQUERY""]",[],"[""player_attributes.date""]","[""player"", ""player_attributes""]","[""crossing"", ""date"", ""player_api_id"", ""player_name""]","[""SELECT"", ""AGGREGATE"", ""JOIN[2+]"", ""WHERE"", ""ORDER_BY[ASC]"", ""LIMIT"", ""SUBQUERY""]",[],,
bird_1113,european_football_2,moderate,True,correct,unknown,,[],[],,e3-f-schema-v4,"[""Team_Attributes"", ""Player_Attributes"", ""Match"", ""Team"", ""Player"", ""Country""]",positive-lexical,"[""Team_Attributes"", ""Player_Attributes"", ""Match"", ""Team""]","[{""from_seed"": ""Team_Attributes"", ""to_seed"": ""Player_Attributes"", ""path"": [""Team_Attributes"", ""Team"", ""Match"", ""Player"", ""Player_Attributes""], ""added_tables"": [""Player""]}, {""from_seed"": ""Team_Attributes"", ""to_seed"": ""Match"", ""path"": [""Team_Attributes"", ""Team"", ""Match""], ""added_tables"": []}, {""from_seed"": ""Team_Attributes"", ""to_seed"": ""Team"", ""path"": [""Team_Attributes"", ""Team""], ""added_tables"": []}, {""from_seed"": ""Player_Attributes"", ""to_seed"": ""Match"", ""path"": [""Player_Attributes"", ""Player"", ""Match""], ""added_tables"": []}, {""from_seed"": ""Player_Attributes"", ""to_seed"": ""Team"", ""path"": [""Player_Attributes"", ""Player"", ""Match"", ""Team""], ""added_tables"": []}, {""from_seed"": ""Match"", ""to_seed"": ""Team"", ""path"": [""Match"", ""Team""], ""added_tables"": []}]","[{""seed"": ""Match"", ""neighbour"": ""Country"", ""added"": true}]","[{""table"": ""League"", ""lexical_score"": 1, ""selection_reasons"": [], ""truncation_reason"": ""not_reached_before_max_tables_budget""}]","{""Team_Attributes"": 9, ""Player_Attributes"": 26, ""Match"": 99}","[""team"", ""team_attributes""]","[""date"", ""defenceaggressionclass"", ""team_api_id"", ""team_long_name""]","[""SELECT"", ""JOIN[1]"", ""WHERE""]",[],[],"[""team"", ""team_attributes""]","[""date"", ""defenceaggressionclass"", ""team_api_id"", ""team_long_name""]","[""SELECT"", ""JOIN[1]"", ""WHERE""]",[],,
bird_1114,european_football_2,challenging,True,correct,unknown,,[],[],,e3-f-schema-v4,"[""Player_Attributes"", ""Match"", ""Team_Attributes"", ""Player"", ""Team"", ""Country""]",positive-lexical,"[""Player_Attributes"", ""Match"", ""Team_Attributes"", ""Player""]","[{""from_seed"": ""Player_Attributes"", ""to_seed"": ""Match"", ""path"": [""Player_Attributes"", ""Player"", ""Match""], ""added_tables"": []}, {""from_seed"": ""Player_Attributes"", ""to_seed"": ""Team_Attributes"", ""path"": [""Player_Attributes"", ""Player"", ""Match"", ""Team"", ""Team_Attributes""], ""added_tables"": [""Team""]}, {""from_seed"": ""Player_Attributes"", ""to_seed"": ""Player"", ""path"": [""Player_Attributes"", ""Player""], ""added_tables"": []}, {""from_seed"": ""Match"", ""to_seed"": ""Team_Attributes"", ""path"": [""Match"", ""Team"", ""Team_Attributes""], ""added_tables"": []}, {""from_seed"": ""Match"", ""to_seed"": ""Player"", ""path"": [""Match"", ""Player""], ""added_tables"": []}, {""from_seed"": ""Team_Attributes"", ""to_seed"": ""Player"", ""path"": [""Team_Attributes"", ""Team"", ""Match"", ""Player""], ""added_tables"": []}]","[{""seed"": ""Match"", ""neighbour"": ""Country"", ""added"": true}]","[{""table"": ""League"", ""lexical_score"": 1, ""selection_reasons"": [], ""truncation_reason"": ""not_reached_before_max_tables_budget""}]","{""Player_Attributes"": 26, ""Match"": 99, ""Team_Attributes"": 9}","[""player"", ""player_attributes""]","[""date"", ""id"", ""overall_rating"", ""player_fifa_api_id"", ""player_name""]","[""SELECT"", ""AGGREGATE"", ""JOIN[1]"", ""WHERE""]",[],[],"[""player"", ""player_attributes""]","[""date"", ""overall_rating"", ""player_api_id"", ""player_name""]","[""SELECT"", ""AGGREGATE"", ""JOIN[1]"", ""WHERE""]",[],,
bird_1134,european_football_2,simple,True,correct,unknown,,[],[],,e3-f-schema-v4,"[""Player_Attributes"", ""Match"", ""Team_Attributes"", ""Player"", ""Team"", ""Country""]",positive-lexical,"[""Player_Attributes"", ""Match"", ""Team_Attributes"", ""Player""]","[{""from_seed"": ""Player_Attributes"", ""to_seed"": ""Match"", ""path"": [""Player_Attributes"", ""Player"", ""Match""], ""added_tables"": []}, {""from_seed"": ""Player_Attributes"", ""to_seed"": ""Team_Attributes"", ""path"": [""Player_Attributes"", ""Player"", ""Match"", ""Team"", ""Team_Attributes""], ""added_tables"": [""Team""]}, {""from_seed"": ""Player_Attributes"", ""to_seed"": ""Player"", ""path"": [""Player_Attributes"", ""Player""], ""added_tables"": []}, {""from_seed"": ""Match"", ""to_seed"": ""Team_Attributes"", ""path"": [""Match"", ""Team"", ""Team_Attributes""], ""added_tables"": []}, {""from_seed"": ""Match"", ""to_seed"": ""Player"", ""path"": [""Match"", ""Player""], ""added_tables"": []}, {""from_seed"": ""Team_Attributes"", ""to_seed"": ""Player"", ""path"": [""Team_Attributes"", ""Team"", ""Match"", ""Player""], ""added_tables"": []}]","[{""seed"": ""Match"", ""neighbour"": ""Country"", ""added"": true}]","[{""table"": ""League"", ""lexical_score"": 1, ""selection_reasons"": [], ""truncation_reason"": ""not_reached_before_max_tables_budget""}]","{""Player_Attributes"": 26, ""Match"": 99, ""Team_Attributes"": 9}","[""player_attributes""]","[""id"", ""jumping""]","[""SELECT"", ""AGGREGATE"", ""CONDITIONAL""]",[],[],"[""player_attributes""]",[],"[""SELECT"", ""WHERE"", ""SUBQUERY""]",[],,
bird_1135,european_football_2,moderate,False,retrieval_complete_mining_abstained_semantic_failure,unknown,,[],[],,e3-f-schema-v4,"[""Player_Attributes"", ""Match"", ""Player"", ""Country""]",positive-lexical,"[""Player_Attributes"", ""Match"", ""Player""]","[{""from_seed"": ""Player_Attributes"", ""to_seed"": ""Match"", ""path"": [""Player_Attributes"", ""Player"", ""Match""], ""added_tables"": []}, {""from_seed"": ""Player_Attributes"", ""to_seed"": ""Player"", ""path"": [""Player_Attributes"", ""Player""], ""added_tables"": []}, {""from_seed"": ""Match"", ""to_seed"": ""Player"", ""path"": [""Match"", ""Player""], ""added_tables"": []}]","[{""seed"": ""Match"", ""neighbour"": ""Country"", ""added"": true}]","[{""table"": ""League"", ""lexical_score"": 0, ""selection_reasons"": [], ""truncation_reason"": ""not_reached_before_max_tables_budget""}, {""table"": ""Team"", ""lexical_score"": 0, ""selection_reasons"": [], ""truncation_reason"": ""not_reached_before_max_tables_budget""}, {""table"": ""Team_Attributes"", ""lexical_score"": 0, ""selection_reasons"": [], ""truncation_reason"": ""not_reached_before_max_tables_budget""}]","{""Player_Attributes"": 26, ""Match"": 99}","[""player_attributes""]",[],"[""SELECT"", ""WHERE"", ""ORDER_BY[ASC]"", ""LIMIT""]",[],[],"[""player_attributes""]",[],"[""SELECT"", ""DISTINCT"", ""AGGREGATE"", ""WHERE"", ""ORDER_BY[ASC]"", ""LIMIT"", ""SUBQUERY""]",[],,
bird_1139,european_football_2,challenging,True,correct,unknown,,[],[],,e3-f-schema-v4,"[""Match"", ""Player_Attributes"", ""Team_Attributes"", ""League"", ""Player"", ""Team"", ""Country""]",positive-lexical,"[""Match"", ""Player_Attributes"", ""Team_Attributes"", ""League""]","[{""from_seed"": ""Match"", ""to_seed"": ""Player_Attributes"", ""path"": [""Match"", ""Player"", ""Player_Attributes""], ""added_tables"": [""Player""]}, {""from_seed"": ""Match"", ""to_seed"": ""Team_Attributes"", ""path"": [""Match"", ""Team"", ""Team_Attributes""], ""added_tables"": [""Team""]}, {""from_seed"": ""Match"", ""to_seed"": ""League"", ""path"": [""Match"", ""League""], ""added_tables"": []}, {""from_seed"": ""Player_Attributes"", ""to_seed"": ""Team_Attributes"", ""path"": [""Player_Attributes"", ""Player"", ""Match"", ""Team"", ""Team_Attributes""], ""added_tables"": []}, {""from_seed"": ""Player_Attributes"", ""to_seed"": ""League"", ""path"": [""Player_Attributes"", ""Player"", ""Match"", ""League""], ""added_tables"": []}, {""from_seed"": ""Team_Attributes"", ""to_seed"": ""League"", ""path"": [""Team_Attributes"", ""Team"", ""Match"", ""League""], ""added_tables"": []}]","[{""seed"": ""Match"", ""neighbour"": ""Country"", ""added"": true}]",[],"{""Match"": 99, ""Player_Attributes"": 26, ""Team_Attributes"": 9}","[""league"", ""match""]","[""away_team_goal"", ""date"", ""home_team_goal"", ""id"", ""league_id"", ""name""]","[""SELECT"", ""JOIN[1]"", ""WHERE""]",[],"[""match.away_team_goal"", ""match.date"", ""match.home_team_goal""]","[""league"", ""match""]","[""date"", ""id"", ""league_id"", ""name""]","[""SELECT"", ""JOIN[1]"", ""WHERE""]",[],,
bird_1144,european_football_2,simple,False,retrieval_complete_mining_abstained_semantic_failure,unknown,,[],[],,e3-f-schema-v4,"[""Player_Attributes"", ""Player"", ""Match"", ""Team_Attributes"", ""Team"", ""Country""]",positive-lexical,"[""Player_Attributes"", ""Player"", ""Match"", ""Team_Attributes""]","[{""from_seed"": ""Player_Attributes"", ""to_seed"": ""Player"", ""path"": [""Player_Attributes"", ""Player""], ""added_tables"": []}, {""from_seed"": ""Player_Attributes"", ""to_seed"": ""Match"", ""path"": [""Player_Attributes"", ""Player"", ""Match""], ""added_tables"": []}, {""from_seed"": ""Player_Attributes"", ""to_seed"": ""Team_Attributes"", ""path"": [""Player_Attributes"", ""Player"", ""Match"", ""Team"", ""Team_Attributes""], ""added_tables"": [""Team""]}, {""from_seed"": ""Player"", ""to_seed"": ""Match"", ""path"": [""Player"", ""Match""], ""added_tables"": []}, {""from_seed"": ""Player"", ""to_seed"": ""Team_Attributes"", ""path"": [""Player"", ""Match"", ""Team"", ""Team_Attributes""], ""added_tables"": []}, {""from_seed"": ""Match"", ""to_seed"": ""Team_Attributes"", ""path"": [""Match"", ""Team"", ""Team_Attributes""], ""added_tables"": []}]","[{""seed"": ""Match"", ""neighbour"": ""Country"", ""added"": true}]","[{""table"": ""League"", ""lexical_score"": 0, ""selection_reasons"": [], ""truncation_reason"": ""not_reached_before_max_tables_budget""}]","{""Player_Attributes"": 26, ""Match"": 99, ""Team_Attributes"": 9}","[""player"", ""player_attributes""]",[],"[""SELECT"", ""WHERE"", ""ORDER_BY[DESC]"", ""LIMIT"", ""SUBQUERY""]",[],[],"[""player"", ""player_attributes""]","[""curve"", ""date"", ""finishing"", ""player_api_id"", ""weight""]","[""SELECT"", ""AGGREGATE"", ""JOIN[1]"", ""WHERE"", ""ORDER_BY[DESC]"", ""LIMIT"", ""SUBQUERY""]",[],,
bird_847,formula_1,simple,False,retrieval_complete_mining_abstained_semantic_failure,unknown,,[],[],,e3-f-schema-v4,"[""qualifying"", ""results"", ""lapTimes"", ""pitStops"", ""constructors"", ""drivers"", ""races"", ""status""]",positive-lexical,"[""qualifying"", ""results"", ""lapTimes"", ""pitStops""]","[{""from_seed"": ""qualifying"", ""to_seed"": ""results"", ""path"": [""qualifying"", ""constructors"", ""results""], ""added_tables"": [""constructors""]}, {""from_seed"": ""qualifying"", ""to_seed"": ""lapTimes"", ""path"": [""qualifying"", ""drivers"", ""lapTimes""], ""added_tables"": [""drivers""]}, {""from_seed"": ""qualifying"", ""to_seed"": ""pitStops"", ""path"": [""qualifying"", ""drivers"", ""pitStops""], ""added_tables"": []}, {""from_seed"": ""results"", ""to_seed"": ""lapTimes"", ""path"": [""results"", ""drivers"", ""lapTimes""], ""added_tables"": []}, {""from_seed"": ""results"", ""to_seed"": ""pitStops"", ""path"": [""results"", ""drivers"", ""pitStops""], ""added_tables"": []}, {""from_seed"": ""lapTimes"", ""to_seed"": ""pitStops"", ""path"": [""lapTimes"", ""drivers"", ""pitStops""], ""added_tables"": []}]","[{""seed"": ""qualifying"", ""neighbour"": ""races"", ""added"": true}, {""seed"": ""results"", ""neighbour"": ""status"", ""added"": true}]","[{""table"": ""driverStandings"", ""lexical_score"": 4, ""selection_reasons"": [], ""truncation_reason"": ""not_reached_before_max_tables_budget""}, {""table"": ""constructorStandings"", ""lexical_score"": 3, ""selection_reasons"": [], ""truncation_reason"": ""not_reached_before_max_tables_budget""}, {""table"": ""circuits"", ""lexical_score"": 2, ""selection_reasons"": [], ""truncation_reason"": ""not_reached_before_max_tables_budget""}, {""table"": ""constructorResults"", ""lexical_score"": 2, ""selection_reasons"": [], ""truncation_reason"": ""not_reached_before_max_tables_budget""}, {""table"": ""seasons"", ""lexical_score"": 2, ""selection_reasons"": [], ""truncation_reason"": ""not_reached_before_max_tables_budget""}]","{""results"": 2}","[""drivers"", ""qualifying""]","[""driverid"", ""q2"", ""raceid"", ""surname""]","[""SELECT"", ""JOIN[1]"", ""WHERE"", ""ORDER_BY[ASC]"", ""LIMIT""]",[],[],"[""drivers"", ""qualifying""]","[""driverid"", ""q2"", ""raceid"", ""surname""]","[""SELECT"", ""AGGREGATE"", ""JOIN[1]"", ""WHERE"", ""LIMIT"", ""SUBQUERY""]",[],,
bird_859,formula_1,simple,True,correct,unknown,,[],[],,e3-f-schema-v4,"[""drivers"", ""qualifying"", ""results"", ""circuits"", ""driverStandings"", ""races"", ""constructors"", ""lapTimes""]",positive-lexical,"[""drivers"", ""qualifying"", ""results"", ""circuits""]","[{""from_seed"": ""drivers"", ""to_seed"": ""qualifying"", ""path"": [""drivers"", ""qualifying""], ""added_tables"": []}, {""from_seed"": ""drivers"", ""to_seed"": ""results"", ""path"": [""drivers"", ""results""], ""added_tables"": []}, {""from_seed"": ""drivers"", ""to_seed"": ""circuits"", ""path"": [""drivers"", ""driverStandings"", ""races"", ""circuits""], ""added_tables"": [""driverStandings"", ""races""]}, {""from_seed"": ""qualifying"", ""to_seed"": ""results"", ""path"": [""qualifying"", ""constructors"", ""results""], ""added_tables"": [""constructors""]}, {""from_seed"": ""qualifying"", ""to_seed"": ""circuits"", ""path"": [""qualifying"", ""races"", ""circuits""], ""added_tables"": []}, {""from_seed"": ""results"", ""to_seed"": ""circuits"", ""path"": [""results"", ""races"", ""circuits""], ""added_tables"": []}]","[{""seed"": ""drivers"", ""neighbour"": ""lapTimes"", ""added"": true}]","[{""table"": ""pitStops"", ""lexical_score"": 4, ""selection_reasons"": [], ""truncation_reason"": ""not_reached_before_max_tables_budget""}, {""table"": ""status"", ""lexical_score"": 4, ""selection_reasons"": [], ""truncation_reason"": ""not_reached_before_max_tables_budget""}, {""table"": ""constructorResults"", ""lexical_score"": 3, ""selection_reasons"": [], ""truncation_reason"": ""not_reached_before_max_tables_budget""}, {""table"": ""constructorStandings"", ""lexical_score"": 3, ""selection_reasons"": [], ""truncation_reason"": ""not_reached_before_max_tables_budget""}, {""table"": ""seasons"", ""lexical_score"": 2, ""selection_reasons"": [], ""truncation_reason"": ""not_reached_before_max_tables_budget""}]","{""results"": 2}","[""drivers"", ""qualifying""]","[""driverid"", ""forename"", ""q1"", ""raceid"", ""surname""]","[""SELECT"", ""JOIN[1]"", ""WHERE""]",[],[],"[""drivers"", ""qualifying""]","[""driverid"", ""forename"", ""q1"", ""raceid"", ""surname""]","[""SELECT"", ""JOIN[1]"", ""WHERE"", ""SUBQUERY""]",[],,
bird_865,formula_1,moderate,False,retrieval_complete_mining_abstained_semantic_failure,unknown,,[],[],,e3-f-schema-v4,"[""drivers"", ""results"", ""driverStandings"", ""lapTimes"", ""pitStops"", ""races""]",positive-lexical,"[""drivers"", ""results"", ""driverStandings"", ""lapTimes""]","[{""from_seed"": ""drivers"", ""to_seed"": ""results"", ""path"": [""drivers"", ""results""], ""added_tables"": []}, {""from_seed"": ""drivers"", ""to_seed"": ""driverStandings"", ""path"": [""drivers"", ""driverStandings""], ""added_tables"": []}, {""from_seed"": ""drivers"", ""to_seed"": ""lapTimes"", ""path"": [""drivers"", ""lapTimes""], ""added_tables"": []}, {""from_seed"": ""results"", ""to_seed"": ""driverStandings"", ""path"": [""results"", ""drivers"", ""driverStandings""], ""added_tables"": []}, {""from_seed"": ""results"", ""to_seed"": ""lapTimes"", ""path"": [""results"", ""drivers"", ""lapTimes""], ""added_tables"": []}, {""from_seed"": ""driverStandings"", ""to_seed"": ""lapTimes"", ""path"": [""driverStandings"", ""drivers"", ""lapTimes""], ""added_tables"": []}]","[{""seed"": ""drivers"", ""neighbour"": ""pitStops"", ""added"": true}, {""seed"": ""results"", ""neighbour"": ""races"", ""added"": true}]","[{""table"": ""qualifying"", ""lexical_score"": 5, ""selection_reasons"": [], ""truncation_reason"": ""not_reached_before_max_tables_budget""}, {""table"": ""constructorStandings"", ""lexical_score"": 4, ""selection_reasons"": [], ""truncation_reason"": ""not_reached_before_max_tables_budget""}, {""table"": ""circuits"", ""lexical_score"": 3, ""selection_reasons"": [], ""truncation_reason"": ""not_reached_before_max_tables_budget""}, {""table"": ""status"", ""lexical_score"": 3, ""selection_reasons"": [], ""truncation_reason"": ""not_reached_before_max_tables_budget""}, {""table"": ""constructorResults"", ""lexical_score"": 2, ""selection_reasons"": [], ""truncation_reason"": ""not_reached_before_max_tables_budget""}, {""table"": ""constructors"", ""lexical_score"": 2, ""selection_reasons"": [], ""truncation_reason"": ""not_reached_before_max_tables_budget""}, {""table"": ""seasons"", ""lexical_score"": 2, ""selection_reasons"": [], ""truncation_reason"": ""not_reached_before_max_tables_budget""}]","{""results"": 2}","[""drivers"", ""results""]","[""dob"", ""driverid"", ""forename"", ""raceid"", ""surname"", ""time""]","[""SELECT"", ""JOIN[1]"", ""WHERE"", ""ORDER_BY[ASC]"", ""LIMIT""]",[],[],"[""drivers"", ""results""]","[""dob"", ""driverid"", ""forename"", ""raceid"", ""surname"", ""time""]","[""SELECT"", ""JOIN[1]"", ""WHERE"", ""ORDER_BY[ASC]"", ""LIMIT""]",[],,
bird_877,formula_1,moderate,True,correct,unknown,,[],[],,e3-f-schema-v4,"[""results"", ""qualifying"", ""lapTimes"", ""pitStops"", ""constructors"", ""drivers"", ""races""]",positive-lexical,"[""results"", ""qualifying"", ""lapTimes"", ""pitStops""]","[{""from_seed"": ""results"", ""to_seed"": ""qualifying"", ""path"": [""results"", ""constructors"", ""qualifying""], ""added_tables"": [""constructors""]}, {""from_seed"": ""results"", ""to_seed"": ""lapTimes"", ""path"": [""results"", ""drivers"", ""lapTimes""], ""added_tables"": [""drivers""]}, {""from_seed"": ""results"", ""to_seed"": ""pitStops"", ""path"": [""results"", ""drivers"", ""pitStops""], ""added_tables"": []}, {""from_seed"": ""qualifying"", ""to_seed"": ""lapTimes"", ""path"": [""qualifying"", ""drivers"", ""lapTimes""], ""added_tables"": []}, {""from_seed"": ""qualifying"", ""to_seed"": ""pitStops"", ""path"": [""qualifying"", ""drivers"", ""pitStops""], ""added_tables"": []}, {""from_seed"": ""lapTimes"", ""to_seed"": ""pitStops"", ""path"": [""lapTimes"", ""drivers"", ""pitStops""], ""added_tables"": []}]","[{""seed"": ""results"", ""neighbour"": ""races"", ""added"": true}]","[{""table"": ""driverStandings"", ""lexical_score"": 4, ""selection_reasons"": [], ""truncation_reason"": ""not_reached_before_max_tables_budget""}, {""table"": ""constructorStandings"", ""lexical_score"": 3, ""selection_reasons"": [], ""truncation_reason"": ""not_reached_before_max_tables_budget""}, {""table"": ""status"", ""lexical_score"": 3, ""selection_reasons"": [], ""truncation_reason"": ""not_reached_before_max_tables_budget""}, {""table"": ""circuits"", ""lexical_score"": 2, ""selection_reasons"": [], ""truncation_reason"": ""not_reached_before_max_tables_budget""}, {""table"": ""constructorResults"", ""lexical_score"": 2, ""selection_reasons"": [], ""truncation_reason"": ""not_reached_before_max_tables_budget""}, {""table"": ""seasons"", ""lexical_score"": 2, ""selection_reasons"": [], ""truncation_reason"": ""not_reached_before_max_tables_budget""}]","{""results"": 2}","[""drivers"", ""results""]","[""dob"", ""driverid"", ""forename"", ""raceid"", ""surname"", ""time""]","[""SELECT"", ""JOIN[1]"", ""WHERE"", ""ORDER_BY[DESC]"", ""LIMIT""]",[],[],"[""drivers"", ""results""]","[""dob"", ""driverid"", ""forename"", ""raceid"", ""surname"", ""time""]","[""SELECT"", ""AGGREGATE"", ""JOIN[2+]"", ""WHERE"", ""SUBQUERY""]",[],,
bird_879,formula_1,moderate,False,retrieval_complete_mining_abstained_semantic_failure,unknown,,[],[],,e3-f-schema-v4,"[""results"", ""qualifying"", ""drivers"", ""lapTimes"", ""constructors"", ""races"", ""pitStops""]",positive-lexical,"[""results"", ""qualifying"", ""drivers"", ""lapTimes""]","[{""from_seed"": ""results"", ""to_seed"": ""qualifying"", ""path"": [""results"", ""constructors"", ""qualifying""], ""added_tables"": [""constructors""]}, {""from_seed"": ""results"", ""to_seed"": ""drivers"", ""path"": [""results"", ""drivers""], ""added_tables"": []}, {""from_seed"": ""results"", ""to_seed"": ""lapTimes"", ""path"": [""results"", ""drivers"", ""lapTimes""], ""added_tables"": []}, {""from_seed"": ""qualifying"", ""to_seed"": ""drivers"", ""path"": [""qualifying"", ""drivers""], ""added_tables"": []}, {""from_seed"": ""qualifying"", ""to_seed"": ""lapTimes"", ""path"": [""qualifying"", ""drivers"", ""lapTimes""], ""added_tables"": []}, {""from_seed"": ""drivers"", ""to_seed"": ""lapTimes"", ""path"": [""drivers"", ""lapTimes""], ""added_tables"": []}]","[{""seed"": ""results"", ""neighbour"": ""races"", ""added"": true}, {""seed"": ""drivers"", ""neighbour"": ""pitStops"", ""added"": true}]","[{""table"": ""driverStandings"", ""lexical_score"": 1, ""selection_reasons"": [], ""truncation_reason"": ""not_reached_before_max_tables_budget""}, {""table"": ""circuits"", ""lexical_score"": 0, ""selection_reasons"": [], ""truncation_reason"": ""not_reached_before_max_tables_budget""}, {""table"": ""constructorResults"", ""lexical_score"": 0, ""selection_reasons"": [], ""truncation_reason"": ""not_reached_before_max_tables_budget""}, {""table"": ""constructorStandings"", ""lexical_score"": 0, ""selection_reasons"": [], ""truncation_reason"": ""not_reached_before_max_tables_budget""}, {""table"": ""seasons"", ""lexical_score"": 0, ""selection_reasons"": [], ""truncation_reason"": ""not_reached_before_max_tables_budget""}, {""table"": ""status"", ""lexical_score"": 0, ""selection_reasons"": [], ""truncation_reason"": ""not_reached_before_max_tables_budget""}]","{""results"": 2}","[""drivers"", ""results""]","[""driverid"", ""fastestlapspeed"", ""nationality""]","[""SELECT"", ""JOIN[1]"", ""ORDER_BY[DESC]"", ""LIMIT""]",[],[],"[""drivers"", ""results""]","[""driverid"", ""fastestlapspeed"", ""nationality""]","[""SELECT"", ""AGGREGATE"", ""JOIN[1]"", ""WHERE"", ""LIMIT"", ""SUBQUERY""]",[],,
bird_896,formula_1,challenging,False,retrieval_complete_mining_abstained_semantic_failure,unknown,,[],[],,e3-f-schema-v4,"[""results"", ""constructorStandings"", ""driverStandings"", ""qualifying"", ""constructors"", ""drivers"", ""races"", ""status""]",positive-lexical,"[""results"", ""constructorStandings"", ""driverStandings"", ""qualifying""]","[{""from_seed"": ""results"", ""to_seed"": ""constructorStandings"", ""path"": [""results"", ""constructors"", ""constructorStandings""], ""added_tables"": [""constructors""]}, {""from_seed"": ""results"", ""to_seed"": ""driverStandings"", ""path"": [""results"", ""drivers"", ""driverStandings""], ""added_tables"": [""drivers""]}, {""from_seed"": ""results"", ""to_seed"": ""qualifying"", ""path"": [""results"", ""constructors"", ""qualifying""], ""added_tables"": []}, {""from_seed"": ""constructorStandings"", ""to_seed"": ""driverStandings"", ""path"": [""constructorStandings"", ""races"", ""driverStandings""], ""added_tables"": [""races""]}, {""from_seed"": ""constructorStandings"", ""to_seed"": ""qualifying"", ""path"": [""constructorStandings"", ""constructors"", ""qualifying""], ""added_tables"": []}, {""from_seed"": ""driverStandings"", ""to_seed"": ""qualifying"", ""path"": [""driverStandings"", ""drivers"", ""qualifying""], ""added_tables"": []}]","[{""seed"": ""results"", ""neighbour"": ""status"", ""added"": true}]","[{""table"": ""lapTimes"", ""lexical_score"": 5, ""selection_reasons"": [], ""truncation_reason"": ""not_reached_before_max_tables_budget""}, {""table"": ""circuits"", ""lexical_score"": 3, ""selection_reasons"": [], ""truncation_reason"": ""not_reached_before_max_tables_budget""}, {""table"": ""constructorResults"", ""lexical_score"": 2, ""selection_reasons"": [], ""truncation_reason"": ""not_reached_before_max_tables_budget""}, {""table"": ""pitStops"", ""lexical_score"": 2, ""selection_reasons"": [], ""truncation_reason"": ""not_reached_before_max_tables_budget""}, {""table"": ""seasons"", ""lexical_score"": 2, ""selection_reasons"": [], ""truncation_reason"": ""not_reached_before_max_tables_budget""}]","{""results"": 2}","[""drivers"", ""driverstandings"", ""races""]","[""driverid"", ""driverstandingsid"", ""position"", ""raceid"", ""surname"", ""year""]","[""SELECT"", ""AGGREGATE"", ""JOIN[2+]"", ""WHERE"", ""CONDITIONAL""]",[],[],"[""drivers"", ""races"", ""results""]","[""driverid"", ""position"", ""raceid"", ""surname"", ""year""]","[""SELECT"", ""AGGREGATE"", ""JOIN[2+]"", ""WHERE"", ""CONDITIONAL""]",[],,
bird_897,formula_1,moderate,False,retrieval_complete_mining_abstained_semantic_failure,unknown,,[],[],,e3-f-schema-v4,"[""drivers"", ""constructors"", ""driverStandings"", ""circuits"", ""qualifying"", ""races"", ""constructorResults"", ""results""]",positive-lexical,"[""drivers"", ""constructors"", ""driverStandings"", ""circuits""]","[{""from_seed"": ""drivers"", ""to_seed"": ""constructors"", ""path"": [""drivers"", ""qualifying"", ""constructors""], ""added_tables"": [""qualifying""]}, {""from_seed"": ""drivers"", ""to_seed"": ""driverStandings"", ""path"": [""drivers"", ""driverStandings""], ""added_tables"": []}, {""from_seed"": ""drivers"", ""to_seed"": ""circuits"", ""path"": [""drivers"", ""driverStandings"", ""races"", ""circuits""], ""added_tables"": [""races""]}, {""from_seed"": ""constructors"", ""to_seed"": ""driverStandings"", ""path"": [""constructors"", ""constructorResults"", ""races"", ""driverStandings""], ""added_tables"": [""constructorResults""]}, {""from_seed"": ""constructors"", ""to_seed"": ""circuits"", ""path"": [""constructors"", ""constructorResults"", ""races"", ""circuits""], ""added_tables"": []}, {""from_seed"": ""driverStandings"", ""to_seed"": ""circuits"", ""path"": [""driverStandings"", ""races"", ""circuits""], ""added_tables"": []}]","[{""seed"": ""drivers"", ""neighbour"": ""results"", ""added"": true}]","[{""table"": ""constructorStandings"", ""lexical_score"": 2, ""selection_reasons"": [], ""truncation_reason"": ""not_reached_before_max_tables_budget""}, {""table"": ""status"", ""lexical_score"": 2, ""selection_reasons"": [], ""truncation_reason"": ""not_reached_before_max_tables_budget""}, {""table"": ""lapTimes"", ""lexical_score"": 1, ""selection_reasons"": [], ""truncation_reason"": ""not_reached_before_max_tables_budget""}, {""table"": ""pitStops"", ""lexical_score"": 1, ""selection_reasons"": [], ""truncation_reason"": ""not_reached_before_max_tables_budget""}, {""table"": ""seasons"", ""lexical_score"": 0, ""selection_reasons"": [], ""truncation_reason"": ""not_reached_before_max_tables_budget""}]","{""results"": 2}","[""drivers"", ""driverstandings""]","[""driverid"", ""forename"", ""nationality"", ""points"", ""surname"", ""wins""]","[""SELECT"", ""AGGREGATE"", ""JOIN[1]"", ""WHERE"", ""GROUP_BY"", ""ORDER_BY[DESC]"", ""LIMIT""]",[],[],"[""drivers"", ""driverstandings""]","[""driverid"", ""forename"", ""nationality"", ""points"", ""surname"", ""wins""]","[""SELECT"", ""AGGREGATE"", ""JOIN[1]"", ""GROUP_BY"", ""ORDER_BY[DESC]"", ""LIMIT""]",[],,
bird_902,formula_1,simple,False,retrieval_complete_mining_abstained_semantic_failure,unknown,,[],[],,e3-f-schema-v4,"[""qualifying"", ""drivers"", ""driverStandings"", ""lapTimes"", ""constructors"", ""results"", ""races""]",positive-lexical,"[""qualifying"", ""drivers"", ""driverStandings"", ""lapTimes""]","[{""from_seed"": ""qualifying"", ""to_seed"": ""drivers"", ""path"": [""qualifying"", ""drivers""], ""added_tables"": []}, {""from_seed"": ""qualifying"", ""to_seed"": ""driverStandings"", ""path"": [""qualifying"", ""drivers"", ""driverStandings""], ""added_tables"": []}, {""from_seed"": ""qualifying"", ""to_seed"": ""lapTimes"", ""path"": [""qualifying"", ""drivers"", ""lapTimes""], ""added_tables"": []}, {""from_seed"": ""drivers"", ""to_seed"": ""driverStandings"", ""path"": [""drivers"", ""driverStandings""], ""added_tables"": []}, {""from_seed"": ""drivers"", ""to_seed"": ""lapTimes"", ""path"": [""drivers"", ""lapTimes""], ""added_tables"": []}, {""from_seed"": ""driverStandings"", ""to_seed"": ""lapTimes"", ""path"": [""driverStandings"", ""drivers"", ""lapTimes""], ""added_tables"": []}]","[{""seed"": ""qualifying"", ""neighbour"": ""constructors"", ""added"": true}, {""seed"": ""drivers"", ""neighbour"": ""results"", ""added"": true}, {""seed"": ""driverStandings"", ""neighbour"": ""races"", ""added"": true}]","[{""table"": ""constructorStandings"", ""lexical_score"": 4, ""selection_reasons"": [], ""truncation_reason"": ""not_reached_before_max_tables_budget""}, {""table"": ""circuits"", ""lexical_score"": 3, ""selection_reasons"": [], ""truncation_reason"": ""not_reached_before_max_tables_budget""}, {""table"": ""pitStops"", ""lexical_score"": 3, ""selection_reasons"": [], ""truncation_reason"": ""not_reached_before_max_tables_budget""}, {""table"": ""status"", ""lexical_score"": 3, ""selection_reasons"": [], ""truncation_reason"": ""not_reached_before_max_tables_budget""}, {""table"": ""seasons"", ""lexical_score"": 2, ""selection_reasons"": [], ""truncation_reason"": ""not_reached_before_max_tables_budget""}, {""table"": ""constructorResults"", ""lexical_score"": 1, ""selection_reasons"": [], ""truncation_reason"": ""not_reached_before_max_tables_budget""}]","{""results"": 2}","[""drivers"", ""driverstandings"", ""races""]","[""driverid"", ""forename"", ""name"", ""position"", ""raceid"", ""surname""]","[""SELECT"", ""JOIN[2+]"", ""WHERE""]",[],[],"[""drivers"", ""races"", ""results""]","[""driverid"", ""forename"", ""name"", ""position"", ""raceid"", ""round"", ""surname"", ""year""]","[""SELECT"", ""DISTINCT"", ""JOIN[2+]"", ""WHERE"", ""ORDER_BY[ASC]""]",[],,
bird_904,formula_1,moderate,True,correct,unknown,,[],[],,e3-f-schema-v4,"[""results"", ""drivers"", ""lapTimes"", ""pitStops"", ""races"", ""qualifying""]",positive-lexical,"[""results"", ""drivers"", ""lapTimes"", ""pitStops""]","[{""from_seed"": ""results"", ""to_seed"": ""drivers"", ""path"": [""results"", ""drivers""], ""added_tables"": []}, {""from_seed"": ""results"", ""to_seed"": ""lapTimes"", ""path"": [""results"", ""drivers"", ""lapTimes""], ""added_tables"": []}, {""from_seed"": ""results"", ""to_seed"": ""pitStops"", ""path"": [""results"", ""drivers"", ""pitStops""], ""added_tables"": []}, {""from_seed"": ""drivers"", ""to_seed"": ""lapTimes"", ""path"": [""drivers"", ""lapTimes""], ""added_tables"": []}, {""from_seed"": ""drivers"", ""to_seed"": ""pitStops"", ""path"": [""drivers"", ""pitStops""], ""added_tables"": []}, {""from_seed"": ""lapTimes"", ""to_seed"": ""pitStops"", ""path"": [""lapTimes"", ""drivers"", ""pitStops""], ""added_tables"": []}]","[{""seed"": ""results"", ""neighbour"": ""races"", ""added"": true}, {""seed"": ""drivers"", ""neighbour"": ""qualifying"", ""added"": true}]","[{""table"": ""circuits"", ""lexical_score"": 2, ""selection_reasons"": [], ""truncation_reason"": ""not_reached_before_max_tables_budget""}, {""table"": ""constructors"", ""lexical_score"": 2, ""selection_reasons"": [], ""truncation_reason"": ""not_reached_before_max_tables_budget""}, {""table"": ""driverStandings"", ""lexical_score"": 2, ""selection_reasons"": [], ""truncation_reason"": ""not_reached_before_max_tables_budget""}, {""table"": ""seasons"", ""lexical_score"": 2, ""selection_reasons"": [], ""truncation_reason"": ""not_reached_before_max_tables_budget""}, {""table"": ""status"", ""lexical_score"": 2, ""selection_reasons"": [], ""truncation_reason"": ""not_reached_before_max_tables_budget""}, {""table"": ""constructorResults"", ""lexical_score"": 1, ""selection_reasons"": [], ""truncation_reason"": ""not_reached_before_max_tables_budget""}, {""table"": ""constructorStandings"", ""lexical_score"": 1, ""selection_reasons"": [], ""truncation_reason"": ""not_reached_before_max_tables_budget""}]","{""results"": 2}","[""drivers"", ""laptimes"", ""races""]","[""driverid"", ""forename"", ""milliseconds"", ""name"", ""raceid"", ""surname"", ""year""]","[""SELECT"", ""JOIN[2+]"", ""WHERE"", ""ORDER_BY[ASC]"", ""LIMIT""]",[],[],"[""drivers"", ""laptimes"", ""races""]","[""driverid"", ""forename"", ""milliseconds"", ""name"", ""raceid"", ""surname"", ""year""]","[""SELECT"", ""JOIN[2+]"", ""WHERE"", ""ORDER_BY[ASC]"", ""LIMIT""]",[],,
bird_906,formula_1,moderate,False,retrieval_complete_mining_abstained_semantic_failure,unknown,,[],[],,e3-f-schema-v4,"[""drivers"", ""qualifying"", ""driverStandings"", ""races"", ""results"", ""constructors"", ""circuits""]",positive-lexical,"[""drivers"", ""qualifying"", ""driverStandings"", ""races""]","[{""from_seed"": ""drivers"", ""to_seed"": ""qualifying"", ""path"": [""drivers"", ""qualifying""], ""added_tables"": []}, {""from_seed"": ""drivers"", ""to_seed"": ""driverStandings"", ""path"": [""drivers"", ""driverStandings""], ""added_tables"": []}, {""from_seed"": ""drivers"", ""to_seed"": ""races"", ""path"": [""drivers"", ""driverStandings"", ""races""], ""added_tables"": []}, {""from_seed"": ""qualifying"", ""to_seed"": ""driverStandings"", ""path"": [""qualifying"", ""drivers"", ""driverStandings""], ""added_tables"": []}, {""from_seed"": ""qualifying"", ""to_seed"": ""races"", ""path"": [""qualifying"", ""races""], ""added_tables"": []}, {""from_seed"": ""driverStandings"", ""to_seed"": ""races"", ""path"": [""driverStandings"", ""races""], ""added_tables"": []}]","[{""seed"": ""drivers"", ""neighbour"": ""results"", ""added"": true}, {""seed"": ""qualifying"", ""neighbour"": ""constructors"", ""added"": true}, {""seed"": ""races"", ""neighbour"": ""circuits"", ""added"": true}]","[{""table"": ""constructorResults"", ""lexical_score"": 2, ""selection_reasons"": [], ""truncation_reason"": ""not_reached_before_max_tables_budget""}, {""table"": ""constructorStandings"", ""lexical_score"": 2, ""selection_reasons"": [], ""truncation_reason"": ""not_reached_before_max_tables_budget""}, {""table"": ""lapTimes"", ""lexical_score"": 2, ""selection_reasons"": [], ""truncation_reason"": ""not_reached_before_max_tables_budget""}, {""table"": ""pitStops"", ""lexical_score"": 2, ""selection_reasons"": [], ""truncation_reason"": ""not_reached_before_max_tables_budget""}, {""table"": ""seasons"", ""lexical_score"": 2, ""selection_reasons"": [], ""truncation_reason"": ""not_reached_before_max_tables_budget""}, {""table"": ""status"", ""lexical_score"": 2, ""selection_reasons"": [], ""truncation_reason"": ""not_reached_before_max_tables_budget""}]","{""results"": 2}","[""drivers"", ""driverstandings"", ""races""]","[""driverid"", ""forename"", ""name"", ""points"", ""raceid"", ""surname"", ""year""]","[""SELECT"", ""JOIN[2+]"", ""WHERE"", ""ORDER_BY[ASC]"", ""LIMIT""]",[],[],"[""drivers"", ""races"", ""results""]","[""driverid"", ""forename"", ""name"", ""points"", ""raceid"", ""round"", ""surname"", ""year""]","[""SELECT"", ""AGGREGATE"", ""JOIN[2+]"", ""WHERE"", ""ORDER_BY[ASC]"", ""LIMIT"", ""SUBQUERY""]",[],,
bird_909,formula_1,moderate,True,correct,unknown,,[],[],,e3-f-schema-v4,"[""races"", ""constructors"", ""qualifying"", ""circuits"", ""constructorResults"", ""results"", ""constructorStandings"", ""drivers""]",positive-lexical,"[""races"", ""constructors"", ""qualifying"", ""circuits""]","[{""from_seed"": ""races"", ""to_seed"": ""constructors"", ""path"": [""races"", ""constructorResults"", ""constructors""], ""added_tables"": [""constructorResults""]}, {""from_seed"": ""races"", ""to_seed"": ""qualifying"", ""path"": [""races"", ""qualifying""], ""added_tables"": []}, {""from_seed"": ""races"", ""to_seed"": ""circuits"", ""path"": [""races"", ""circuits""], ""added_tables"": []}, {""from_seed"": ""constructors"", ""to_seed"": ""qualifying"", ""path"": [""constructors"", ""qualifying""], ""added_tables"": []}, {""from_seed"": ""constructors"", ""to_seed"": ""circuits"", ""path"": [""constructors"", ""constructorResults"", ""races"", ""circuits""], ""added_tables"": []}, {""from_seed"": ""qualifying"", ""to_seed"": ""circuits"", ""path"": [""qualifying"", ""races"", ""circuits""], ""added_tables"": []}]","[{""seed"": ""races"", ""neighbour"": ""results"", ""added"": true}, {""seed"": ""constructors"", ""neighbour"": ""constructorStandings"", ""added"": true}, {""seed"": ""qualifying"", ""neighbour"": ""drivers"", ""added"": true}]","[{""table"": ""driverStandings"", ""lexical_score"": 1, ""selection_reasons"": [], ""truncation_reason"": ""not_reached_before_max_tables_budget""}, {""table"": ""lapTimes"", ""lexical_score"": 1, ""selection_reasons"": [], ""truncation_reason"": ""not_reached_before_max_tables_budget""}, {""table"": ""pitStops"", ""lexical_score"": 1, ""selection_reasons"": [], ""truncation_reason"": ""not_reached_before_max_tables_budget""}, {""table"": ""seasons"", ""lexical_score"": 1, ""selection_reasons"": [], ""truncation_reason"": ""not_reached_before_max_tables_budget""}, {""table"": ""status"", ""lexical_score"": 1, ""selection_reasons"": [], ""truncation_reason"": ""not_reached_before_max_tables_budget""}]","{""results"": 2}","[""circuits"", ""races""]","[""circuitid"", ""country"", ""name""]","[""SELECT"", ""AGGREGATE"", ""JOIN[1]"", ""WHERE"", ""CONDITIONAL""]",[],[],"[""circuits"", ""races""]","[""circuitid"", ""country"", ""name""]","[""SELECT"", ""AGGREGATE"", ""JOIN[1]"", ""WHERE"", ""CONDITIONAL""]",[],,
bird_928,formula_1,moderate,False,retrieval_complete_mining_abstained_semantic_failure,unknown,,[],[],,e3-f-schema-v4,"[""constructors"", ""qualifying"", ""drivers"", ""races"", ""constructorResults"", ""driverStandings"", ""results"", ""lapTimes""]",positive-lexical,"[""constructors"", ""qualifying"", ""drivers"", ""races""]","[{""from_seed"": ""constructors"", ""to_seed"": ""qualifying"", ""path"": [""constructors"", ""qualifying""], ""added_tables"": []}, {""from_seed"": ""constructors"", ""to_seed"": ""drivers"", ""path"": [""constructors"", ""qualifying"", ""drivers""], ""added_tables"": []}, {""from_seed"": ""constructors"", ""to_seed"": ""races"", ""path"": [""constructors"", ""constructorResults"", ""races""], ""added_tables"": [""constructorResults""]}, {""from_seed"": ""qualifying"", ""to_seed"": ""drivers"", ""path"": [""qualifying"", ""drivers""], ""added_tables"": []}, {""from_seed"": ""qualifying"", ""to_seed"": ""races"", ""path"": [""qualifying"", ""races""], ""added_tables"": []}, {""from_seed"": ""drivers"", ""to_seed"": ""races"", ""path"": [""drivers"", ""driverStandings"", ""races""], ""added_tables"": [""driverStandings""]}]","[{""seed"": ""constructors"", ""neighbour"": ""results"", ""added"": true}, {""seed"": ""drivers"", ""neighbour"": ""lapTimes"", ""added"": true}]","[{""table"": ""circuits"", ""lexical_score"": 3, ""selection_reasons"": [], ""truncation_reason"": ""not_reached_before_max_tables_budget""}, {""table"": ""pitStops"", ""lexical_score"": 2, ""selection_reasons"": [], ""truncation_reason"": ""not_reached_before_max_tables_budget""}, {""table"": ""constructorStandings"", ""lexical_score"": 1, ""selection_reasons"": [], ""truncation_reason"": ""not_reached_before_max_tables_budget""}, {""table"": ""seasons"", ""lexical_score"": 1, ""selection_reasons"": [], ""truncation_reason"": ""not_reached_before_max_tables_budget""}, {""table"": ""status"", ""lexical_score"": 1, ""selection_reasons"": [], ""truncation_reason"": ""not_reached_before_max_tables_budget""}]","{""results"": 2}","[""drivers"", ""races"", ""results""]","[""driverid"", ""driverref"", ""forename"", ""name"", ""raceid"", ""rank"", ""surname"", ""year""]","[""SELECT"", ""JOIN[2+]"", ""WHERE""]",[],[],"[""drivers"", ""races"", ""results""]","[""driverid"", ""driverref"", ""name"", ""position"", ""raceid"", ""year""]","[""SELECT"", ""DISTINCT"", ""JOIN[2+]"", ""WHERE"", ""LIMIT""]",[],,
bird_930,formula_1,simple,False,retrieval_complete_mining_abstained_semantic_failure,unknown,,[],[],,e3-f-schema-v4,"[""drivers"", ""results"", ""circuits"", ""constructors"", ""driverStandings"", ""races"", ""qualifying"", ""constructorResults""]",positive-lexical,"[""drivers"", ""results"", ""circuits"", ""constructors""]","[{""from_seed"": ""drivers"", ""to_seed"": ""results"", ""path"": [""drivers"", ""results""], ""added_tables"": []}, {""from_seed"": ""drivers"", ""to_seed"": ""circuits"", ""path"": [""drivers"", ""driverStandings"", ""races"", ""circuits""], ""added_tables"": [""driverStandings"", ""races""]}, {""from_seed"": ""drivers"", ""to_seed"": ""constructors"", ""path"": [""drivers"", ""qualifying"", ""constructors""], ""added_tables"": [""qualifying""]}, {""from_seed"": ""results"", ""to_seed"": ""circuits"", ""path"": [""results"", ""races"", ""circuits""], ""added_tables"": []}, {""from_seed"": ""results"", ""to_seed"": ""constructors"", ""path"": [""results"", ""constructors""], ""added_tables"": []}, {""from_seed"": ""circuits"", ""to_seed"": ""constructors"", ""path"": [""circuits"", ""races"", ""constructorResults"", ""constructors""], ""added_tables"": [""constructorResults""]}]",[],"[{""table"": ""lapTimes"", ""lexical_score"": 2, ""selection_reasons"": [], ""truncation_reason"": ""not_reached_before_max_tables_budget""}, {""table"": ""pitStops"", ""lexical_score"": 2, ""selection_reasons"": [], ""truncation_reason"": ""not_reached_before_max_tables_budget""}, {""table"": ""seasons"", ""lexical_score"": 2, ""selection_reasons"": [], ""truncation_reason"": ""not_reached_before_max_tables_budget""}, {""table"": ""status"", ""lexical_score"": 2, ""selection_reasons"": [], ""truncation_reason"": ""not_reached_before_max_tables_budget""}, {""table"": ""constructorStandings"", ""lexical_score"": 1, ""selection_reasons"": [], ""truncation_reason"": ""not_reached_before_max_tables_budget""}]","{""results"": 2}","[""drivers"", ""races"", ""results""]",[],"[""SELECT"", ""WHERE"", ""SUBQUERY""]",[],[],"[""drivers"", ""races"", ""results""]","[""driverid"", ""forename"", ""name"", ""raceid"", ""rank"", ""surname""]","[""SELECT"", ""DISTINCT"", ""AGGREGATE"", ""JOIN[2+]"", ""WHERE"", ""SUBQUERY""]",[],,
bird_937,formula_1,simple,False,detailed_schema_column_miss_or_compact_index_only,unknown,,[],[],,e3-f-schema-v4,"[""qualifying"", ""races"", ""results"", ""lapTimes"", ""constructors"", ""drivers"", ""pitStops"", ""status""]",positive-lexical,"[""qualifying"", ""races"", ""results"", ""lapTimes""]","[{""from_seed"": ""qualifying"", ""to_seed"": ""races"", ""path"": [""qualifying"", ""races""], ""added_tables"": []}, {""from_seed"": ""qualifying"", ""to_seed"": ""results"", ""path"": [""qualifying"", ""constructors"", ""results""], ""added_tables"": [""constructors""]}, {""from_seed"": ""qualifying"", ""to_seed"": ""lapTimes"", ""path"": [""qualifying"", ""drivers"", ""lapTimes""], ""added_tables"": [""drivers""]}, {""from_seed"": ""races"", ""to_seed"": ""results"", ""path"": [""races"", ""results""], ""added_tables"": []}, {""from_seed"": ""races"", ""to_seed"": ""lapTimes"", ""path"": [""races"", ""lapTimes""], ""added_tables"": []}, {""from_seed"": ""results"", ""to_seed"": ""lapTimes"", ""path"": [""results"", ""drivers"", ""lapTimes""], ""added_tables"": []}]","[{""seed"": ""races"", ""neighbour"": ""pitStops"", ""added"": true}, {""seed"": ""results"", ""neighbour"": ""status"", ""added"": true}]","[{""table"": ""driverStandings"", ""lexical_score"": 2, ""selection_reasons"": [], ""truncation_reason"": ""not_reached_before_max_tables_budget""}, {""table"": ""circuits"", ""lexical_score"": 1, ""selection_reasons"": [], ""truncation_reason"": ""not_reached_before_max_tables_budget""}, {""table"": ""constructorResults"", ""lexical_score"": 1, ""selection_reasons"": [], ""truncation_reason"": ""not_reached_before_max_tables_budget""}, {""table"": ""constructorStandings"", ""lexical_score"": 1, ""selection_reasons"": [], ""truncation_reason"": ""not_reached_before_max_tables_budget""}, {""table"": ""seasons"", ""lexical_score"": 1, ""selection_reasons"": [], ""truncation_reason"": ""not_reached_before_max_tables_budget""}]","{""results"": 2}","[""races"", ""results""]","[""name"", ""raceid"", ""rank"", ""time"", ""year""]","[""SELECT"", ""JOIN[1]"", ""WHERE""]",[],"[""results.rank""]","[""races"", ""results""]","[""name"", ""position"", ""raceid"", ""time"", ""year""]","[""SELECT"", ""JOIN[1]"", ""WHERE""]",[],,
bird_940,formula_1,moderate,True,correct,unknown,,[],[],,e3-f-schema-v4,"[""qualifying"", ""races"", ""results"", ""lapTimes"", ""constructors"", ""drivers"", ""pitStops"", ""status""]",positive-lexical,"[""qualifying"", ""races"", ""results"", ""lapTimes""]","[{""from_seed"": ""qualifying"", ""to_seed"": ""races"", ""path"": [""qualifying"", ""races""], ""added_tables"": []}, {""from_seed"": ""qualifying"", ""to_seed"": ""results"", ""path"": [""qualifying"", ""constructors"", ""results""], ""added_tables"": [""constructors""]}, {""from_seed"": ""qualifying"", ""to_seed"": ""lapTimes"", ""path"": [""qualifying"", ""drivers"", ""lapTimes""], ""added_tables"": [""drivers""]}, {""from_seed"": ""races"", ""to_seed"": ""results"", ""path"": [""races"", ""results""], ""added_tables"": []}, {""from_seed"": ""races"", ""to_seed"": ""lapTimes"", ""path"": [""races"", ""lapTimes""], ""added_tables"": []}, {""from_seed"": ""results"", ""to_seed"": ""lapTimes"", ""path"": [""results"", ""drivers"", ""lapTimes""], ""added_tables"": []}]","[{""seed"": ""races"", ""neighbour"": ""pitStops"", ""added"": true}, {""seed"": ""results"", ""neighbour"": ""status"", ""added"": true}]","[{""table"": ""driverStandings"", ""lexical_score"": 3, ""selection_reasons"": [], ""truncation_reason"": ""not_reached_before_max_tables_budget""}, {""table"": ""constructorResults"", ""lexical_score"": 2, ""selection_reasons"": [], ""truncation_reason"": ""not_reached_before_max_tables_budget""}, {""table"": ""constructorStandings"", ""lexical_score"": 2, ""selection_reasons"": [], ""truncation_reason"": ""not_reached_before_max_tables_budget""}, {""table"": ""seasons"", ""lexical_score"": 2, ""selection_reasons"": [], ""truncation_reason"": ""not_reached_before_max_tables_budget""}, {""table"": ""circuits"", ""lexical_score"": 1, ""selection_reasons"": [], ""truncation_reason"": ""not_reached_before_max_tables_budget""}]","{""results"": 2}","[""races"", ""results""]","[""driverid"", ""name"", ""raceid"", ""time"", ""year""]","[""SELECT"", ""AGGREGATE"", ""JOIN[1]"", ""WHERE"", ""GROUP_BY"", ""HAVING"", ""SUBQUERY""]",[],[],"[""races"", ""results""]","[""driverid"", ""name"", ""raceid"", ""time"", ""year""]","[""SELECT"", ""AGGREGATE"", ""JOIN[1]"", ""WHERE"", ""GROUP_BY"", ""HAVING"", ""SUBQUERY""]",[],,
bird_944,formula_1,challenging,False,retrieval_complete_mining_abstained_semantic_failure,unknown,,[],[],,e3-f-schema-v4,"[""results"", ""qualifying"", ""races"", ""driverStandings"", ""constructors"", ""drivers"", ""status"", ""lapTimes""]",positive-lexical,"[""results"", ""qualifying"", ""races"", ""driverStandings""]","[{""from_seed"": ""results"", ""to_seed"": ""qualifying"", ""path"": [""results"", ""constructors"", ""qualifying""], ""added_tables"": [""constructors""]}, {""from_seed"": ""results"", ""to_seed"": ""races"", ""path"": [""results"", ""races""], ""added_tables"": []}, {""from_seed"": ""results"", ""to_seed"": ""driverStandings"", ""path"": [""results"", ""drivers"", ""driverStandings""], ""added_tables"": [""drivers""]}, {""from_seed"": ""qualifying"", ""to_seed"": ""races"", ""path"": [""qualifying"", ""races""], ""added_tables"": []}, {""from_seed"": ""qualifying"", ""to_seed"": ""driverStandings"", ""path"": [""qualifying"", ""drivers"", ""driverStandings""], ""added_tables"": []}, {""from_seed"": ""races"", ""to_seed"": ""driverStandings"", ""path"": [""races"", ""driverStandings""], ""added_tables"": []}]","[{""seed"": ""results"", ""neighbour"": ""status"", ""added"": true}, {""seed"": ""races"", ""neighbour"": ""lapTimes"", ""added"": true}]","[{""table"": ""pitStops"", ""lexical_score"": 3, ""selection_reasons"": [], ""truncation_reason"": ""not_reached_before_max_tables_budget""}, {""table"": ""constructorStandings"", ""lexical_score"": 2, ""selection_reasons"": [], ""truncation_reason"": ""not_reached_before_max_tables_budget""}, {""table"": ""circuits"", ""lexical_score"": 1, ""selection_reasons"": [], ""truncation_reason"": ""not_reached_before_max_tables_budget""}, {""table"": ""constructorResults"", ""lexical_score"": 1, ""selection_reasons"": [], ""truncation_reason"": ""not_reached_before_max_tables_budget""}, {""table"": ""seasons"", ""lexical_score"": 1, ""selection_reasons"": [], ""truncation_reason"": ""not_reached_before_max_tables_budget""}]","{""results"": 2}","[""races"", ""results""]","[""name"", ""positionorder"", ""raceid"", ""time"", ""year""]","[""SELECT"", ""AGGREGATE"", ""JOIN[1]"", ""WHERE"", ""CONDITIONAL"", ""SUBQUERY"", ""CTE""]",[],[],"[""races"", ""results""]",[],"[""SELECT"", ""JOIN[1]"", ""WHERE"", ""ORDER_BY[ASC/DESC]"", ""LIMIT"", ""SUBQUERY""]",[],,
bird_948,formula_1,simple,True,correct,unknown,,[],[],,e3-f-schema-v4,"[""constructors"", ""constructorResults"", ""constructorStandings"", ""drivers"", ""qualifying"", ""results"", ""races"", ""driverStandings""]",positive-lexical,"[""constructors"", ""constructorResults"", ""constructorStandings"", ""drivers""]","[{""from_seed"": ""constructors"", ""to_seed"": ""constructorResults"", ""path"": [""constructors"", ""constructorResults""], ""added_tables"": []}, {""from_seed"": ""constructors"", ""to_seed"": ""constructorStandings"", ""path"": [""constructors"", ""constructorStandings""], ""added_tables"": []}, {""from_seed"": ""constructors"", ""to_seed"": ""drivers"", ""path"": [""constructors"", ""qualifying"", ""drivers""], ""added_tables"": [""qualifying""]}, {""from_seed"": ""constructorResults"", ""to_seed"": ""constructorStandings"", ""path"": [""constructorResults"", ""constructors"", ""constructorStandings""], ""added_tables"": []}, {""from_seed"": ""constructorResults"", ""to_seed"": ""drivers"", ""path"": [""constructorResults"", ""constructors"", ""qualifying"", ""drivers""], ""added_tables"": []}, {""from_seed"": ""constructorStandings"", ""to_seed"": ""drivers"", ""path"": [""constructorStandings"", ""constructors"", ""qualifying"", ""drivers""], ""added_tables"": []}]","[{""seed"": ""constructors"", ""neighbour"": ""results"", ""added"": true}, {""seed"": ""constructorResults"", ""neighbour"": ""races"", ""added"": true}, {""seed"": ""drivers"", ""neighbour"": ""driverStandings"", ""added"": true}]","[{""table"": ""circuits"", ""lexical_score"": 0, ""selection_reasons"": [], ""truncation_reason"": ""not_reached_before_max_tables_budget""}, {""table"": ""lapTimes"", ""lexical_score"": 0, ""selection_reasons"": [], ""truncation_reason"": ""not_reached_before_max_tables_budget""}, {""table"": ""pitStops"", ""lexical_score"": 0, ""selection_reasons"": [], ""truncation_reason"": ""not_reached_before_max_tables_budget""}, {""table"": ""seasons"", ""lexical_score"": 0, ""selection_reasons"": [], ""truncation_reason"": ""not_reached_before_max_tables_budget""}, {""table"": ""status"", ""lexical_score"": 0, ""selection_reasons"": [], ""truncation_reason"": ""not_reached_before_max_tables_budget""}]","{""results"": 2}","[""constructors"", ""constructorstandings""]","[""constructorid"", ""nationality"", ""points""]","[""SELECT"", ""AGGREGATE"", ""JOIN[1]"", ""WHERE""]",[],[],"[""constructors"", ""constructorstandings""]","[""constructorid"", ""nationality"", ""points""]","[""SELECT"", ""AGGREGATE"", ""JOIN[1]"", ""WHERE""]",[],,
bird_950,formula_1,simple,True,correct,unknown,,[],[],,e3-f-schema-v4,"[""constructorResults"", ""constructorStandings"", ""results"", ""constructors"", ""races"", ""drivers"", ""qualifying""]",positive-lexical,"[""constructorResults"", ""constructorStandings"", ""results"", ""constructors""]","[{""from_seed"": ""constructorResults"", ""to_seed"": ""constructorStandings"", ""path"": [""constructorResults"", ""constructors"", ""constructorStandings""], ""added_tables"": []}, {""from_seed"": ""constructorResults"", ""to_seed"": ""results"", ""path"": [""constructorResults"", ""constructors"", ""results""], ""added_tables"": []}, {""from_seed"": ""constructorResults"", ""to_seed"": ""constructors"", ""path"": [""constructorResults"", ""constructors""], ""added_tables"": []}, {""from_seed"": ""constructorStandings"", ""to_seed"": ""results"", ""path"": [""constructorStandings"", ""constructors"", ""results""], ""added_tables"": []}, {""from_seed"": ""constructorStandings"", ""to_seed"": ""constructors"", ""path"": [""constructorStandings"", ""constructors""], ""added_tables"": []}, {""from_seed"": ""results"", ""to_seed"": ""constructors"", ""path"": [""results"", ""constructors""], ""added_tables"": []}]","[{""seed"": ""constructorResults"", ""neighbour"": ""races"", ""added"": true}, {""seed"": ""results"", ""neighbour"": ""drivers"", ""added"": true}, {""seed"": ""constructors"", ""neighbour"": ""qualifying"", ""added"": true}]","[{""table"": ""driverStandings"", ""lexical_score"": 3, ""selection_reasons"": [], ""truncation_reason"": ""not_reached_before_max_tables_budget""}, {""table"": ""circuits"", ""lexical_score"": 2, ""selection_reasons"": [], ""truncation_reason"": ""not_reached_before_max_tables_budget""}, {""table"": ""lapTimes"", ""lexical_score"": 2, ""selection_reasons"": [], ""truncation_reason"": ""not_reached_before_max_tables_budget""}, {""table"": ""pitStops"", ""lexical_score"": 2, ""selection_reasons"": [], ""truncation_reason"": ""not_reached_before_max_tables_budget""}, {""table"": ""status"", ""lexical_score"": 2, ""selection_reasons"": [], ""truncation_reason"": ""not_reached_before_max_tables_budget""}, {""table"": ""seasons"", ""lexical_score"": 1, ""selection_reasons"": [], ""truncation_reason"": ""not_reached_before_max_tables_budget""}]","{""results"": 2}","[""constructors"", ""constructorstandings""]","[""constructorid"", ""name"", ""points"", ""raceid""]","[""SELECT"", ""JOIN[1]"", ""WHERE""]",[],[],"[""constructors"", ""constructorstandings""]","[""constructorid"", ""name"", ""points"", ""raceid""]","[""SELECT"", ""DISTINCT"", ""JOIN[1]"", ""WHERE"", ""ORDER_BY[ASC]""]",[],,
bird_951,formula_1,simple,False,retrieval_complete_mining_abstained_semantic_failure,unknown,,[],[],,e3-f-schema-v4,"[""constructorResults"", ""constructors"", ""constructorStandings"", ""drivers"", ""qualifying"", ""races"", ""results"", ""driverStandings""]",positive-lexical,"[""constructorResults"", ""constructors"", ""constructorStandings"", ""drivers""]","[{""from_seed"": ""constructorResults"", ""to_seed"": ""constructors"", ""path"": [""constructorResults"", ""constructors""], ""added_tables"": []}, {""from_seed"": ""constructorResults"", ""to_seed"": ""constructorStandings"", ""path"": [""constructorResults"", ""constructors"", ""constructorStandings""], ""added_tables"": []}, {""from_seed"": ""constructorResults"", ""to_seed"": ""drivers"", ""path"": [""constructorResults"", ""constructors"", ""qualifying"", ""drivers""], ""added_tables"": [""qualifying""]}, {""from_seed"": ""constructors"", ""to_seed"": ""constructorStandings"", ""path"": [""constructors"", ""constructorStandings""], ""added_tables"": []}, {""from_seed"": ""constructors"", ""to_seed"": ""drivers"", ""path"": [""constructors"", ""qualifying"", ""drivers""], ""added_tables"": []}, {""from_seed"": ""constructorStandings"", ""to_seed"": ""drivers"", ""path"": [""constructorStandings"", ""constructors"", ""qualifying"", ""drivers""], ""added_tables"": []}]","[{""seed"": ""constructorResults"", ""neighbour"": ""races"", ""added"": true}, {""seed"": ""constructors"", ""neighbour"": ""results"", ""added"": true}, {""seed"": ""drivers"", ""neighbour"": ""driverStandings"", ""added"": true}]","[{""table"": ""lapTimes"", ""lexical_score"": 2, ""selection_reasons"": [], ""truncation_reason"": ""not_reached_before_max_tables_budget""}, {""table"": ""pitStops"", ""lexical_score"": 2, ""selection_reasons"": [], ""truncation_reason"": ""not_reached_before_max_tables_budget""}, {""table"": ""circuits"", ""lexical_score"": 1, ""selection_reasons"": [], ""truncation_reason"": ""not_reached_before_max_tables_budget""}, {""table"": ""seasons"", ""lexical_score"": 1, ""selection_reasons"": [], ""truncation_reason"": ""not_reached_before_max_tables_budget""}, {""table"": ""status"", ""lexical_score"": 1, ""selection_reasons"": [], ""truncation_reason"": ""not_reached_before_max_tables_budget""}]","{""results"": 2}","[""constructors"", ""constructorstandings""]","[""constructorid"", ""nationality"", ""points"", ""raceid""]","[""SELECT"", ""AGGREGATE"", ""JOIN[1]"", ""WHERE"", ""GROUP_BY"", ""HAVING""]",[],[],"[""constructorresults"", ""constructors""]","[""constructorid"", ""nationality"", ""points"", ""raceid""]","[""SELECT"", ""AGGREGATE"", ""JOIN[1]"", ""WHERE"", ""GROUP_BY"", ""HAVING"", ""SUBQUERY""]",[],,
bird_955,formula_1,challenging,False,retrieval_complete_mining_abstained_semantic_failure,unknown,,[],[],,e3-f-schema-v4,"[""results"", ""qualifying"", ""lapTimes"", ""pitStops"", ""constructors"", ""drivers"", ""races""]",positive-lexical,"[""results"", ""qualifying"", ""lapTimes"", ""pitStops""]","[{""from_seed"": ""results"", ""to_seed"": ""qualifying"", ""path"": [""results"", ""constructors"", ""qualifying""], ""added_tables"": [""constructors""]}, {""from_seed"": ""results"", ""to_seed"": ""lapTimes"", ""path"": [""results"", ""drivers"", ""lapTimes""], ""added_tables"": [""drivers""]}, {""from_seed"": ""results"", ""to_seed"": ""pitStops"", ""path"": [""results"", ""drivers"", ""pitStops""], ""added_tables"": []}, {""from_seed"": ""qualifying"", ""to_seed"": ""lapTimes"", ""path"": [""qualifying"", ""drivers"", ""lapTimes""], ""added_tables"": []}, {""from_seed"": ""qualifying"", ""to_seed"": ""pitStops"", ""path"": [""qualifying"", ""drivers"", ""pitStops""], ""added_tables"": []}, {""from_seed"": ""lapTimes"", ""to_seed"": ""pitStops"", ""path"": [""lapTimes"", ""drivers"", ""pitStops""], ""added_tables"": []}]","[{""seed"": ""results"", ""neighbour"": ""races"", ""added"": true}]","[{""table"": ""circuits"", ""lexical_score"": 1, ""selection_reasons"": [], ""truncation_reason"": ""not_reached_before_max_tables_budget""}, {""table"": ""constructorStandings"", ""lexical_score"": 1, ""selection_reasons"": [], ""truncation_reason"": ""not_reached_before_max_tables_budget""}, {""table"": ""driverStandings"", ""lexical_score"": 1, ""selection_reasons"": [], ""truncation_reason"": ""not_reached_before_max_tables_budget""}, {""table"": ""seasons"", ""lexical_score"": 1, ""selection_reasons"": [], ""truncation_reason"": ""not_reached_before_max_tables_budget""}, {""table"": ""status"", ""lexical_score"": 1, ""selection_reasons"": [], ""truncation_reason"": ""not_reached_before_max_tables_budget""}, {""table"": ""constructorResults"", ""lexical_score"": 0, ""selection_reasons"": [], ""truncation_reason"": ""not_reached_before_max_tables_budget""}]","{""results"": 2}","[""races"", ""results""]","[""positionorder"", ""raceid"", ""time"", ""year""]","[""SELECT"", ""AGGREGATE"", ""JOIN[1]"", ""WHERE"", ""GROUP_BY"", ""HAVING"", ""CONDITIONAL"", ""CTE""]",[],[],"[""races"", ""results""]","[""positionorder"", ""raceid"", ""time"", ""year""]","[""SELECT"", ""AGGREGATE"", ""JOIN[1]"", ""WHERE"", ""GROUP_BY"", ""ORDER_BY[ASC]"", ""CTE""]",[],,
bird_959,formula_1,simple,False,retrieval_complete_mining_abstained_semantic_failure,unknown,,[],[],,e3-f-schema-v4,"[""results"", ""qualifying"", ""lapTimes"", ""pitStops"", ""constructors"", ""drivers"", ""races""]",positive-lexical,"[""results"", ""qualifying"", ""lapTimes"", ""pitStops""]","[{""from_seed"": ""results"", ""to_seed"": ""qualifying"", ""path"": [""results"", ""constructors"", ""qualifying""], ""added_tables"": [""constructors""]}, {""from_seed"": ""results"", ""to_seed"": ""lapTimes"", ""path"": [""results"", ""drivers"", ""lapTimes""], ""added_tables"": [""drivers""]}, {""from_seed"": ""results"", ""to_seed"": ""pitStops"", ""path"": [""results"", ""drivers"", ""pitStops""], ""added_tables"": []}, {""from_seed"": ""qualifying"", ""to_seed"": ""lapTimes"", ""path"": [""qualifying"", ""drivers"", ""lapTimes""], ""added_tables"": []}, {""from_seed"": ""qualifying"", ""to_seed"": ""pitStops"", ""path"": [""qualifying"", ""drivers"", ""pitStops""], ""added_tables"": []}, {""from_seed"": ""lapTimes"", ""to_seed"": ""pitStops"", ""path"": [""lapTimes"", ""drivers"", ""pitStops""], ""added_tables"": []}]","[{""seed"": ""results"", ""neighbour"": ""races"", ""added"": true}]","[{""table"": ""seasons"", ""lexical_score"": 2, ""selection_reasons"": [], ""truncation_reason"": ""not_reached_before_max_tables_budget""}, {""table"": ""circuits"", ""lexical_score"": 1, ""selection_reasons"": [], ""truncation_reason"": ""not_reached_before_max_tables_budget""}, {""table"": ""constructorStandings"", ""lexical_score"": 1, ""selection_reasons"": [], ""truncation_reason"": ""not_reached_before_max_tables_budget""}, {""table"": ""driverStandings"", ""lexical_score"": 1, ""selection_reasons"": [], ""truncation_reason"": ""not_reached_before_max_tables_budget""}, {""table"": ""status"", ""lexical_score"": 1, ""selection_reasons"": [], ""truncation_reason"": ""not_reached_before_max_tables_budget""}, {""table"": ""constructorResults"", ""lexical_score"": 0, ""selection_reasons"": [], ""truncation_reason"": ""not_reached_before_max_tables_budget""}]","{""results"": 2}","[""races"", ""results""]","[""fastestlap"", ""raceid"", ""time"", ""year""]","[""SELECT"", ""JOIN[1]"", ""WHERE""]",[],[],"[""driverstandings"", ""races"", ""results""]","[""driverid"", ""fastestlap"", ""fastestlaptime"", ""position"", ""raceid"", ""round"", ""year""]","[""SELECT"", ""AGGREGATE"", ""JOIN[2+]"", ""WHERE"", ""ORDER_BY[ASC]"", ""LIMIT"", ""SUBQUERY""]","[""driverstandings""]",,
bird_963,formula_1,moderate,False,retrieval_complete_mining_abstained_semantic_failure,unknown,,[],[],,e3-f-schema-v4,"[""lapTimes"", ""pitStops"", ""qualifying"", ""results"", ""drivers"", ""constructors"", ""races"", ""status""]",positive-lexical,"[""lapTimes"", ""pitStops"", ""qualifying"", ""results""]","[{""from_seed"": ""lapTimes"", ""to_seed"": ""pitStops"", ""path"": [""lapTimes"", ""drivers"", ""pitStops""], ""added_tables"": [""drivers""]}, {""from_seed"": ""lapTimes"", ""to_seed"": ""qualifying"", ""path"": [""lapTimes"", ""drivers"", ""qualifying""], ""added_tables"": []}, {""from_seed"": ""lapTimes"", ""to_seed"": ""results"", ""path"": [""lapTimes"", ""drivers"", ""results""], ""added_tables"": []}, {""from_seed"": ""pitStops"", ""to_seed"": ""qualifying"", ""path"": [""pitStops"", ""drivers"", ""qualifying""], ""added_tables"": []}, {""from_seed"": ""pitStops"", ""to_seed"": ""results"", ""path"": [""pitStops"", ""drivers"", ""results""], ""added_tables"": []}, {""from_seed"": ""qualifying"", ""to_seed"": ""results"", ""path"": [""qualifying"", ""constructors"", ""results""], ""added_tables"": [""constructors""]}]","[{""seed"": ""lapTimes"", ""neighbour"": ""races"", ""added"": true}, {""seed"": ""results"", ""neighbour"": ""status"", ""added"": true}]","[{""table"": ""driverStandings"", ""lexical_score"": 1, ""selection_reasons"": [], ""truncation_reason"": ""not_reached_before_max_tables_budget""}, {""table"": ""circuits"", ""lexical_score"": 0, ""selection_reasons"": [], ""truncation_reason"": ""not_reached_before_max_tables_budget""}, {""table"": ""constructorResults"", ""lexical_score"": 0, ""selection_reasons"": [], ""truncation_reason"": ""not_reached_before_max_tables_budget""}, {""table"": ""constructorStandings"", ""lexical_score"": 0, ""selection_reasons"": [], ""truncation_reason"": ""not_reached_before_max_tables_budget""}, {""table"": ""seasons"", ""lexical_score"": 0, ""selection_reasons"": [], ""truncation_reason"": ""not_reached_before_max_tables_budget""}]","{""results"": 2}","[""drivers"", ""laptimes""]","[""driverid"", ""nationality"", ""time""]","[""SELECT"", ""AGGREGATE"", ""JOIN[1]"", ""WHERE""]",[],[],"[""drivers"", ""laptimes""]","[""driverid"", ""milliseconds"", ""nationality""]","[""SELECT"", ""AGGREGATE"", ""JOIN[1]"", ""WHERE""]",[],,
bird_964,formula_1,simple,True,correct,unknown,,[],[],,e3-f-schema-v4,"[""drivers"", ""constructors"", ""driverStandings"", ""lapTimes"", ""qualifying"", ""constructorResults"", ""races"", ""pitStops""]",positive-lexical,"[""drivers"", ""constructors"", ""driverStandings"", ""lapTimes""]","[{""from_seed"": ""drivers"", ""to_seed"": ""constructors"", ""path"": [""drivers"", ""qualifying"", ""constructors""], ""added_tables"": [""qualifying""]}, {""from_seed"": ""drivers"", ""to_seed"": ""driverStandings"", ""path"": [""drivers"", ""driverStandings""], ""added_tables"": []}, {""from_seed"": ""drivers"", ""to_seed"": ""lapTimes"", ""path"": [""drivers"", ""lapTimes""], ""added_tables"": []}, {""from_seed"": ""constructors"", ""to_seed"": ""driverStandings"", ""path"": [""constructors"", ""constructorResults"", ""races"", ""driverStandings""], ""added_tables"": [""constructorResults"", ""races""]}, {""from_seed"": ""constructors"", ""to_seed"": ""lapTimes"", ""path"": [""constructors"", ""constructorResults"", ""races"", ""lapTimes""], ""added_tables"": []}, {""from_seed"": ""driverStandings"", ""to_seed"": ""lapTimes"", ""path"": [""driverStandings"", ""drivers"", ""lapTimes""], ""added_tables"": []}]","[{""seed"": ""drivers"", ""neighbour"": ""pitStops"", ""added"": true}]","[{""table"": ""results"", ""lexical_score"": 1, ""selection_reasons"": [], ""truncation_reason"": ""not_reached_before_max_tables_budget""}, {""table"": ""circuits"", ""lexical_score"": 0, ""selection_reasons"": [], ""truncation_reason"": ""not_reached_before_max_tables_budget""}, {""table"": ""constructorStandings"", ""lexical_score"": 0, ""selection_reasons"": [], ""truncation_reason"": ""not_reached_before_max_tables_budget""}, {""table"": ""seasons"", ""lexical_score"": 0, ""selection_reasons"": [], ""truncation_reason"": ""not_reached_before_max_tables_budget""}, {""table"": ""status"", ""lexical_score"": 0, ""selection_reasons"": [], ""truncation_reason"": ""not_reached_before_max_tables_budget""}]",{},"[""drivers""]",[],"[""SELECT"", ""WHERE""]",[],[],"[""drivers""]",[],"[""SELECT"", ""WHERE""]",[],,
bird_967,formula_1,simple,False,retrieval_complete_mining_abstained_semantic_failure,unknown,,[],[],,e3-f-schema-v4,"[""drivers"", ""qualifying"", ""driverStandings"", ""circuits"", ""races"", ""lapTimes"", ""constructors""]",positive-lexical,"[""drivers"", ""qualifying"", ""driverStandings"", ""circuits""]","[{""from_seed"": ""drivers"", ""to_seed"": ""qualifying"", ""path"": [""drivers"", ""qualifying""], ""added_tables"": []}, {""from_seed"": ""drivers"", ""to_seed"": ""driverStandings"", ""path"": [""drivers"", ""driverStandings""], ""added_tables"": []}, {""from_seed"": ""drivers"", ""to_seed"": ""circuits"", ""path"": [""drivers"", ""driverStandings"", ""races"", ""circuits""], ""added_tables"": [""races""]}, {""from_seed"": ""qualifying"", ""to_seed"": ""driverStandings"", ""path"": [""qualifying"", ""drivers"", ""driverStandings""], ""added_tables"": []}, {""from_seed"": ""qualifying"", ""to_seed"": ""circuits"", ""path"": [""qualifying"", ""races"", ""circuits""], ""added_tables"": []}, {""from_seed"": ""driverStandings"", ""to_seed"": ""circuits"", ""path"": [""driverStandings"", ""races"", ""circuits""], ""added_tables"": []}]","[{""seed"": ""drivers"", ""neighbour"": ""lapTimes"", ""added"": true}, {""seed"": ""qualifying"", ""neighbour"": ""constructors"", ""added"": true}]","[{""table"": ""constructorStandings"", ""lexical_score"": 2, ""selection_reasons"": [], ""truncation_reason"": ""not_reached_before_max_tables_budget""}, {""table"": ""pitStops"", ""lexical_score"": 2, ""selection_reasons"": [], ""truncation_reason"": ""not_reached_before_max_tables_budget""}, {""table"": ""results"", ""lexical_score"": 2, ""selection_reasons"": [], ""truncation_reason"": ""not_reached_before_max_tables_budget""}, {""table"": ""seasons"", ""lexical_score"": 2, ""selection_reasons"": [], ""truncation_reason"": ""not_reached_before_max_tables_budget""}, {""table"": ""status"", ""lexical_score"": 1, ""selection_reasons"": [], ""truncation_reason"": ""not_reached_before_max_tables_budget""}, {""table"": ""constructorResults"", ""lexical_score"": 0, ""selection_reasons"": [], ""truncation_reason"": ""not_reached_before_max_tables_budget""}]",{},"[""drivers""]","[""dob"", ""nationality""]","[""SELECT"", ""AGGREGATE"", ""WHERE"", ""ORDER_BY[DESC]"", ""LIMIT"", ""SUBQUERY""]",[],[],"[""drivers""]",[],"[""SELECT"", ""AGGREGATE"", ""ORDER_BY[ASC/DESC]"", ""LIMIT"", ""CONDITIONAL"", ""CTE""]",[],,
bird_971,formula_1,simple,True,correct,unknown,,[],[],,e3-f-schema-v4,"[""drivers"", ""constructors"", ""circuits"", ""races"", ""qualifying"", ""driverStandings"", ""constructorResults"", ""results""]",positive-lexical,"[""drivers"", ""constructors"", ""circuits"", ""races""]","[{""from_seed"": ""drivers"", ""to_seed"": ""constructors"", ""path"": [""drivers"", ""qualifying"", ""constructors""], ""added_tables"": [""qualifying""]}, {""from_seed"": ""drivers"", ""to_seed"": ""circuits"", ""path"": [""drivers"", ""driverStandings"", ""races"", ""circuits""], ""added_tables"": [""driverStandings""]}, {""from_seed"": ""drivers"", ""to_seed"": ""races"", ""path"": [""drivers"", ""driverStandings"", ""races""], ""added_tables"": []}, {""from_seed"": ""constructors"", ""to_seed"": ""circuits"", ""path"": [""constructors"", ""constructorResults"", ""races"", ""circuits""], ""added_tables"": [""constructorResults""]}, {""from_seed"": ""constructors"", ""to_seed"": ""races"", ""path"": [""constructors"", ""constructorResults"", ""races""], ""added_tables"": []}, {""from_seed"": ""circuits"", ""to_seed"": ""races"", ""path"": [""circuits"", ""races""], ""added_tables"": []}]","[{""seed"": ""drivers"", ""neighbour"": ""results"", ""added"": true}]","[{""table"": ""lapTimes"", ""lexical_score"": 1, ""selection_reasons"": [], ""truncation_reason"": ""not_reached_before_max_tables_budget""}, {""table"": ""pitStops"", ""lexical_score"": 1, ""selection_reasons"": [], ""truncation_reason"": ""not_reached_before_max_tables_budget""}, {""table"": ""seasons"", ""lexical_score"": 1, ""selection_reasons"": [], ""truncation_reason"": ""not_reached_before_max_tables_budget""}, {""table"": ""status"", ""lexical_score"": 1, ""selection_reasons"": [], ""truncation_reason"": ""not_reached_before_max_tables_budget""}, {""table"": ""constructorStandings"", ""lexical_score"": 0, ""selection_reasons"": [], ""truncation_reason"": ""not_reached_before_max_tables_budget""}]","{""results"": 2}","[""drivers""]",[],"[""SELECT"", ""WHERE"", ""ORDER_BY[ASC]"", ""LIMIT""]",[],[],"[""drivers""]",[],"[""SELECT"", ""AGGREGATE"", ""WHERE"", ""ORDER_BY[ASC]"", ""LIMIT"", ""SUBQUERY""]",[],,
bird_989,formula_1,moderate,True,correct,unknown,,[],[],,e3-f-schema-v4,"[""results"", ""qualifying"", ""lapTimes"", ""races"", ""constructors"", ""drivers"", ""status"", ""pitStops""]",positive-lexical,"[""results"", ""qualifying"", ""lapTimes"", ""races""]","[{""from_seed"": ""results"", ""to_seed"": ""qualifying"", ""path"": [""results"", ""constructors"", ""qualifying""], ""added_tables"": [""constructors""]}, {""from_seed"": ""results"", ""to_seed"": ""lapTimes"", ""path"": [""results"", ""drivers"", ""lapTimes""], ""added_tables"": [""drivers""]}, {""from_seed"": ""results"", ""to_seed"": ""races"", ""path"": [""results"", ""races""], ""added_tables"": []}, {""from_seed"": ""qualifying"", ""to_seed"": ""lapTimes"", ""path"": [""qualifying"", ""drivers"", ""lapTimes""], ""added_tables"": []}, {""from_seed"": ""qualifying"", ""to_seed"": ""races"", ""path"": [""qualifying"", ""races""], ""added_tables"": []}, {""from_seed"": ""lapTimes"", ""to_seed"": ""races"", ""path"": [""lapTimes"", ""races""], ""added_tables"": []}]","[{""seed"": ""results"", ""neighbour"": ""status"", ""added"": true}, {""seed"": ""races"", ""neighbour"": ""pitStops"", ""added"": true}]","[{""table"": ""circuits"", ""lexical_score"": 0, ""selection_reasons"": [], ""truncation_reason"": ""not_reached_before_max_tables_budget""}, {""table"": ""constructorResults"", ""lexical_score"": 0, ""selection_reasons"": [], ""truncation_reason"": ""not_reached_before_max_tables_budget""}, {""table"": ""constructorStandings"", ""lexical_score"": 0, ""selection_reasons"": [], ""truncation_reason"": ""not_reached_before_max_tables_budget""}, {""table"": ""driverStandings"", ""lexical_score"": 0, ""selection_reasons"": [], ""truncation_reason"": ""not_reached_before_max_tables_budget""}, {""table"": ""seasons"", ""lexical_score"": 0, ""selection_reasons"": [], ""truncation_reason"": ""not_reached_before_max_tables_budget""}]","{""results"": 2}","[""races"", ""results""]","[""name"", ""raceid"", ""time"", ""year""]","[""SELECT"", ""JOIN[1]"", ""WHERE""]",[],[],"[""races"", ""results""]","[""name"", ""positionorder"", ""raceid"", ""time"", ""year""]","[""SELECT"", ""JOIN[1]"", ""WHERE""]",[],,
bird_1003,formula_1,moderate,True,correct,unknown,,[],[],,e3-f-schema-v4,"[""qualifying"", ""races"", ""constructors"", ""drivers"", ""constructorResults"", ""driverStandings"", ""results"", ""constructorStandings""]",positive-lexical,"[""qualifying"", ""races"", ""constructors"", ""drivers""]","[{""from_seed"": ""qualifying"", ""to_seed"": ""races"", ""path"": [""qualifying"", ""races""], ""added_tables"": []}, {""from_seed"": ""qualifying"", ""to_seed"": ""constructors"", ""path"": [""qualifying"", ""constructors""], ""added_tables"": []}, {""from_seed"": ""qualifying"", ""to_seed"": ""drivers"", ""path"": [""qualifying"", ""drivers""], ""added_tables"": []}, {""from_seed"": ""races"", ""to_seed"": ""constructors"", ""path"": [""races"", ""constructorResults"", ""constructors""], ""added_tables"": [""constructorResults""]}, {""from_seed"": ""races"", ""to_seed"": ""drivers"", ""path"": [""races"", ""driverStandings"", ""drivers""], ""added_tables"": [""driverStandings""]}, {""from_seed"": ""constructors"", ""to_seed"": ""drivers"", ""path"": [""constructors"", ""qualifying"", ""drivers""], ""added_tables"": []}]","[{""seed"": ""races"", ""neighbour"": ""results"", ""added"": true}, {""seed"": ""constructors"", ""neighbour"": ""constructorStandings"", ""added"": true}]","[{""table"": ""lapTimes"", ""lexical_score"": 3, ""selection_reasons"": [], ""truncation_reason"": ""not_reached_before_max_tables_budget""}, {""table"": ""pitStops"", ""lexical_score"": 3, ""selection_reasons"": [], ""truncation_reason"": ""not_reached_before_max_tables_budget""}, {""table"": ""status"", ""lexical_score"": 3, ""selection_reasons"": [], ""truncation_reason"": ""not_reached_before_max_tables_budget""}, {""table"": ""circuits"", ""lexical_score"": 2, ""selection_reasons"": [], ""truncation_reason"": ""not_reached_before_max_tables_budget""}, {""table"": ""seasons"", ""lexical_score"": 2, ""selection_reasons"": [], ""truncation_reason"": ""not_reached_before_max_tables_budget""}]","{""results"": 2}","[""races"", ""results"", ""status""]","[""driverid"", ""name"", ""raceid"", ""statusid""]","[""SELECT"", ""AGGREGATE"", ""JOIN[2+]"", ""WHERE"", ""GROUP_BY"", ""ORDER_BY[DESC]"", ""LIMIT""]","[""status""]","[""status.statusid""]","[""races"", ""results""]","[""driverid"", ""name"", ""raceid"", ""statusid""]","[""SELECT"", ""AGGREGATE"", ""JOIN[1]"", ""WHERE"", ""GROUP_BY"", ""ORDER_BY[DESC]"", ""LIMIT""]",[],,
bird_1011,formula_1,challenging,False,retrieval_complete_mining_abstained_semantic_failure,unknown,,[],[],,e3-f-schema-v4,"[""qualifying"", ""results"", ""drivers"", ""lapTimes"", ""constructors"", ""races"", ""status"", ""pitStops""]",positive-lexical,"[""qualifying"", ""results"", ""drivers"", ""lapTimes""]","[{""from_seed"": ""qualifying"", ""to_seed"": ""results"", ""path"": [""qualifying"", ""constructors"", ""results""], ""added_tables"": [""constructors""]}, {""from_seed"": ""qualifying"", ""to_seed"": ""drivers"", ""path"": [""qualifying"", ""drivers""], ""added_tables"": []}, {""from_seed"": ""qualifying"", ""to_seed"": ""lapTimes"", ""path"": [""qualifying"", ""drivers"", ""lapTimes""], ""added_tables"": []}, {""from_seed"": ""results"", ""to_seed"": ""drivers"", ""path"": [""results"", ""drivers""], ""added_tables"": []}, {""from_seed"": ""results"", ""to_seed"": ""lapTimes"", ""path"": [""results"", ""drivers"", ""lapTimes""], ""added_tables"": []}, {""from_seed"": ""drivers"", ""to_seed"": ""lapTimes"", ""path"": [""drivers"", ""lapTimes""], ""added_tables"": []}]","[{""seed"": ""qualifying"", ""neighbour"": ""races"", ""added"": true}, {""seed"": ""results"", ""neighbour"": ""status"", ""added"": true}, {""seed"": ""drivers"", ""neighbour"": ""pitStops"", ""added"": true}]","[{""table"": ""driverStandings"", ""lexical_score"": 3, ""selection_reasons"": [], ""truncation_reason"": ""not_reached_before_max_tables_budget""}, {""table"": ""circuits"", ""lexical_score"": 2, ""selection_reasons"": [], ""truncation_reason"": ""not_reached_before_max_tables_budget""}, {""table"": ""constructorStandings"", ""lexical_score"": 2, ""selection_reasons"": [], ""truncation_reason"": ""not_reached_before_max_tables_budget""}, {""table"": ""seasons"", ""lexical_score"": 2, ""selection_reasons"": [], ""truncation_reason"": ""not_reached_before_max_tables_budget""}, {""table"": ""constructorResults"", ""lexical_score"": 1, ""selection_reasons"": [], ""truncation_reason"": ""not_reached_before_max_tables_budget""}]","{""results"": 2}","[""drivers"", ""laptimes""]","[""driverid"", ""forename"", ""surname""]","[""SELECT"", ""AGGREGATE"", ""JOIN[1]"", ""GROUP_BY"", ""ORDER_BY[ASC]"", ""LIMIT"", ""CONDITIONAL"", ""SUBQUERY"", ""CTE""]",[],[],"[""drivers"", ""laptimes""]","[""driverid"", ""forename"", ""milliseconds"", ""surname""]","[""SELECT"", ""AGGREGATE"", ""JOIN[1]"", ""GROUP_BY"", ""ORDER_BY[ASC]"", ""LIMIT""]",[],,
bird_1014,formula_1,challenging,False,detailed_schema_table_miss,unknown,,[],[],,e3-f-schema-v4,"[""qualifying"", ""results"", ""lapTimes"", ""constructorStandings"", ""constructors"", ""drivers"", ""races"", ""status""]",positive-lexical,"[""qualifying"", ""results"", ""lapTimes"", ""constructorStandings""]","[{""from_seed"": ""qualifying"", ""to_seed"": ""results"", ""path"": [""qualifying"", ""constructors"", ""results""], ""added_tables"": [""constructors""]}, {""from_seed"": ""qualifying"", ""to_seed"": ""lapTimes"", ""path"": [""qualifying"", ""drivers"", ""lapTimes""], ""added_tables"": [""drivers""]}, {""from_seed"": ""qualifying"", ""to_seed"": ""constructorStandings"", ""path"": [""qualifying"", ""constructors"", ""constructorStandings""], ""added_tables"": []}, {""from_seed"": ""results"", ""to_seed"": ""lapTimes"", ""path"": [""results"", ""drivers"", ""lapTimes""], ""added_tables"": []}, {""from_seed"": ""results"", ""to_seed"": ""constructorStandings"", ""path"": [""results"", ""constructors"", ""constructorStandings""], ""added_tables"": []}, {""from_seed"": ""lapTimes"", ""to_seed"": ""constructorStandings"", ""path"": [""lapTimes"", ""races"", ""constructorStandings""], ""added_tables"": [""races""]}]","[{""seed"": ""results"", ""neighbour"": ""status"", ""added"": true}]","[{""table"": ""driverStandings"", ""lexical_score"": 2, ""selection_reasons"": [], ""truncation_reason"": ""not_reached_before_max_tables_budget""}, {""table"": ""pitStops"", ""lexical_score"": 2, ""selection_reasons"": [], ""truncation_reason"": ""not_reached_before_max_tables_budget""}, {""table"": ""circuits"", ""lexical_score"": 1, ""selection_reasons"": [], ""truncation_reason"": ""not_reached_before_max_tables_budget""}, {""table"": ""constructorResults"", ""lexical_score"": 0, ""selection_reasons"": [], ""truncation_reason"": ""not_reached_before_max_tables_budget""}, {""table"": ""seasons"", ""lexical_score"": 0, ""selection_reasons"": [], ""truncation_reason"": ""not_reached_before_max_tables_budget""}]","{""results"": 2}","[""circuits"", ""races"", ""results""]","[""circuitid"", ""country"", ""fastestlaptime"", ""raceid""]","[""SELECT"", ""AGGREGATE"", ""JOIN[2+]"", ""WHERE"", ""LIMIT"", ""SUBQUERY"", ""CTE""]","[""circuits""]","[""circuits.circuitid"", ""circuits.country""]","[""circuits"", ""laptimes"", ""races""]","[""circuitid"", ""country"", ""milliseconds"", ""name"", ""raceid"", ""time""]","[""SELECT"", ""JOIN[1]"", ""WHERE"", ""ORDER_BY[ASC]"", ""LIMIT"", ""SUBQUERY""]","[""circuits""]",,
bird_728,superhero,moderate,False,retrieval_complete_mining_abstained_semantic_failure,unknown,,[],[],,e3-f-schema-v4,"[""superhero"", ""alignment"", ""colour"", ""publisher"", ""race""]",positive-lexical,"[""superhero"", ""alignment"", ""colour"", ""publisher""]","[{""from_seed"": ""superhero"", ""to_seed"": ""alignment"", ""path"": [""superhero"", ""alignment""], ""added_tables"": []}, {""from_seed"": ""superhero"", ""to_seed"": ""colour"", ""path"": [""superhero"", ""colour""], ""added_tables"": []}, {""from_seed"": ""superhero"", ""to_seed"": ""publisher"", ""path"": [""superhero"", ""publisher""], ""added_tables"": []}, {""from_seed"": ""alignment"", ""to_seed"": ""colour"", ""path"": [""alignment"", ""superhero"", ""colour""], ""added_tables"": []}, {""from_seed"": ""alignment"", ""to_seed"": ""publisher"", ""path"": [""alignment"", ""superhero"", ""publisher""], ""added_tables"": []}, {""from_seed"": ""colour"", ""to_seed"": ""publisher"", ""path"": [""colour"", ""superhero"", ""publisher""], ""added_tables"": []}]","[{""seed"": ""superhero"", ""neighbour"": ""race"", ""added"": true}]","[{""table"": ""attribute"", ""lexical_score"": 3, ""selection_reasons"": [], ""truncation_reason"": ""not_reached_before_max_tables_budget""}, {""table"": ""hero_attribute"", ""lexical_score"": 3, ""selection_reasons"": [], ""truncation_reason"": ""not_reached_before_max_tables_budget""}, {""table"": ""gender"", ""lexical_score"": 2, ""selection_reasons"": [], ""truncation_reason"": ""not_reached_before_max_tables_budget""}, {""table"": ""hero_power"", ""lexical_score"": 2, ""selection_reasons"": [], ""truncation_reason"": ""not_reached_before_max_tables_budget""}, {""table"": ""superpower"", ""lexical_score"": 2, ""selection_reasons"": [], ""truncation_reason"": ""not_reached_before_max_tables_budget""}]",{},"[""colour"", ""publisher"", ""superhero""]","[""colour"", ""eye_colour_id"", ""id"", ""publisher_id"", ""publisher_name""]","[""SELECT"", ""AGGREGATE"", ""JOIN[2+]"", ""WHERE"", ""GROUP_BY"", ""WINDOW""]",[],[],"[""colour"", ""publisher"", ""superhero""]","[""colour"", ""eye_colour_id"", ""id"", ""publisher_id"", ""publisher_name""]","[""SELECT"", ""AGGREGATE"", ""JOIN[2+]"", ""WHERE"", ""GROUP_BY"", ""ORDER_BY[DESC]""]",[],,
bird_730,superhero,challenging,True,correct,unknown,,[],[],,e3-f-schema-v4,"[""attribute"", ""publisher"", ""alignment"", ""hero_attribute"", ""superhero""]",positive-lexical,"[""attribute"", ""publisher"", ""alignment"", ""hero_attribute""]","[{""from_seed"": ""attribute"", ""to_seed"": ""publisher"", ""path"": [""attribute"", ""hero_attribute"", ""superhero"", ""publisher""], ""added_tables"": [""superhero""]}, {""from_seed"": ""attribute"", ""to_seed"": ""alignment"", ""path"": [""attribute"", ""hero_attribute"", ""superhero"", ""alignment""], ""added_tables"": []}, {""from_seed"": ""attribute"", ""to_seed"": ""hero_attribute"", ""path"": [""attribute"", ""hero_attribute""], ""added_tables"": []}, {""from_seed"": ""publisher"", ""to_seed"": ""alignment"", ""path"": [""publisher"", ""superhero"", ""alignment""], ""added_tables"": []}, {""from_seed"": ""publisher"", ""to_seed"": ""hero_attribute"", ""path"": [""publisher"", ""superhero"", ""hero_attribute""], ""added_tables"": []}, {""from_seed"": ""alignment"", ""to_seed"": ""hero_attribute"", ""path"": [""alignment"", ""superhero"", ""hero_attribute""], ""added_tables"": []}]",[],"[{""table"": ""race"", ""lexical_score"": 2, ""selection_reasons"": [], ""truncation_reason"": ""not_reached_before_max_tables_budget""}, {""table"": ""superpower"", ""lexical_score"": 2, ""selection_reasons"": [], ""truncation_reason"": ""not_reached_before_max_tables_budget""}, {""table"": ""hero_power"", ""lexical_score"": 1, ""selection_reasons"": [], ""truncation_reason"": ""not_reached_before_max_tables_budget""}, {""table"": ""colour"", ""lexical_score"": 0, ""selection_reasons"": [], ""truncation_reason"": ""not_reached_before_max_tables_budget""}, {""table"": ""gender"", ""lexical_score"": 0, ""selection_reasons"": [], ""truncation_reason"": ""not_reached_before_max_tables_budget""}]",{},"[""hero_power"", ""publisher"", ""superhero"", ""superpower""]","[""hero_id"", ""id"", ""power_id"", ""power_name"", ""publisher_id"", ""publisher_name""]","[""SELECT"", ""JOIN[1]"", ""WHERE""]","[""hero_power"", ""superpower""]","[""hero_power.hero_id"", ""hero_power.power_id"", ""superpower.id"", ""superpower.power_name""]","[""hero_power"", ""publisher"", ""superhero"", ""superpower""]","[""hero_id"", ""id"", ""power_id"", ""power_name"", ""publisher_id"", ""publisher_name"", ""superhero_name""]","[""SELECT"", ""DISTINCT"", ""JOIN[2+]"", ""WHERE"", ""ORDER_BY[ASC]""]","[""hero_power"", ""superpower""]",,
bird_743,superhero,challenging,True,correct,unknown,,[],[],,e3-f-schema-v4,"[""alignment"", ""publisher"", ""superhero"", ""race"", ""hero_attribute""]",positive-lexical,"[""alignment"", ""publisher"", ""superhero"", ""race""]","[{""from_seed"": ""alignment"", ""to_seed"": ""publisher"", ""path"": [""alignment"", ""superhero"", ""publisher""], ""added_tables"": []}, {""from_seed"": ""alignment"", ""to_seed"": ""superhero"", ""path"": [""alignment"", ""superhero""], ""added_tables"": []}, {""from_seed"": ""alignment"", ""to_seed"": ""race"", ""path"": [""alignment"", ""superhero"", ""race""], ""added_tables"": []}, {""from_seed"": ""publisher"", ""to_seed"": ""superhero"", ""path"": [""publisher"", ""superhero""], ""added_tables"": []}, {""from_seed"": ""publisher"", ""to_seed"": ""race"", ""path"": [""publisher"", ""superhero"", ""race""], ""added_tables"": []}, {""from_seed"": ""superhero"", ""to_seed"": ""race"", ""path"": [""superhero"", ""race""], ""added_tables"": []}]","[{""seed"": ""superhero"", ""neighbour"": ""hero_attribute"", ""added"": true}]","[{""table"": ""attribute"", ""lexical_score"": 2, ""selection_reasons"": [], ""truncation_reason"": ""not_reached_before_max_tables_budget""}, {""table"": ""superpower"", ""lexical_score"": 2, ""selection_reasons"": [], ""truncation_reason"": ""not_reached_before_max_tables_budget""}, {""table"": ""colour"", ""lexical_score"": 1, ""selection_reasons"": [], ""truncation_reason"": ""not_reached_before_max_tables_budget""}, {""table"": ""gender"", ""lexical_score"": 1, ""selection_reasons"": [], ""truncation_reason"": ""not_reached_before_max_tables_budget""}, {""table"": ""hero_power"", ""lexical_score"": 1, ""selection_reasons"": [], ""truncation_reason"": ""not_reached_before_max_tables_budget""}]",{},"[""alignment"", ""publisher"", ""superhero""]","[""alignment"", ""alignment_id"", ""id"", ""publisher_id"", ""publisher_name""]","[""SELECT"", ""AGGREGATE"", ""JOIN[2+]"", ""WHERE"", ""CONDITIONAL"", ""SUBQUERY""]",[],[],"[""alignment"", ""publisher"", ""superhero""]","[""alignment"", ""alignment_id"", ""id"", ""publisher_id"", ""publisher_name""]","[""SELECT"", ""AGGREGATE"", ""JOIN[2+]"", ""CONDITIONAL""]",[],,
bird_751,superhero,moderate,False,retrieval_complete_mining_abstained_semantic_failure,unknown,,[],[],,e3-f-schema-v4,"[""superpower"", ""alignment"", ""attribute"", ""gender"", ""hero_power"", ""superhero"", ""hero_attribute""]",positive-lexical,"[""superpower"", ""alignment"", ""attribute"", ""gender""]","[{""from_seed"": ""superpower"", ""to_seed"": ""alignment"", ""path"": [""superpower"", ""hero_power"", ""superhero"", ""alignment""], ""added_tables"": [""hero_power"", ""superhero""]}, {""from_seed"": ""superpower"", ""to_seed"": ""attribute"", ""path"": [""superpower"", ""hero_power"", ""superhero"", ""hero_attribute"", ""attribute""], ""added_tables"": [""hero_attribute""]}, {""from_seed"": ""superpower"", ""to_seed"": ""gender"", ""path"": [""superpower"", ""hero_power"", ""superhero"", ""gender""], ""added_tables"": []}, {""from_seed"": ""alignment"", ""to_seed"": ""attribute"", ""path"": [""alignment"", ""superhero"", ""hero_attribute"", ""attribute""], ""added_tables"": []}, {""from_seed"": ""alignment"", ""to_seed"": ""gender"", ""path"": [""alignment"", ""superhero"", ""gender""], ""added_tables"": []}, {""from_seed"": ""attribute"", ""to_seed"": ""gender"", ""path"": [""attribute"", ""hero_attribute"", ""superhero"", ""gender""], ""added_tables"": []}]",[],"[{""table"": ""race"", ""lexical_score"": 2, ""selection_reasons"": [], ""truncation_reason"": ""not_reached_before_max_tables_budget""}, {""table"": ""publisher"", ""lexical_score"": 1, ""selection_reasons"": [], ""truncation_reason"": ""not_reached_before_max_tables_budget""}, {""table"": ""colour"", ""lexical_score"": 0, ""selection_reasons"": [], ""truncation_reason"": ""not_reached_before_max_tables_budget""}]",{},"[""gender"", ""hero_power"", ""superhero"", ""superpower""]","[""gender"", ""gender_id"", ""hero_id"", ""id"", ""power_id"", ""power_name""]","[""SELECT"", ""JOIN[2+]"", ""WHERE"", ""LIMIT""]",[],[],"[""gender"", ""hero_power"", ""superhero"", ""superpower""]","[""gender"", ""gender_id"", ""hero_id"", ""id"", ""power_id"", ""power_name""]","[""SELECT"", ""DISTINCT"", ""JOIN[2+]"", ""WHERE"", ""ORDER_BY[ASC]"", ""LIMIT""]",[],,
bird_753,superhero,moderate,True,correct,unknown,,[],[],,e3-f-schema-v4,"[""superhero"", ""colour"", ""alignment"", ""race"", ""hero_attribute""]",positive-lexical,"[""superhero"", ""colour"", ""alignment"", ""race""]","[{""from_seed"": ""superhero"", ""to_seed"": ""colour"", ""path"": [""superhero"", ""colour""], ""added_tables"": []}, {""from_seed"": ""superhero"", ""to_seed"": ""alignment"", ""path"": [""superhero"", ""alignment""], ""added_tables"": []}, {""from_seed"": ""superhero"", ""to_seed"": ""race"", ""path"": [""superhero"", ""race""], ""added_tables"": []}, {""from_seed"": ""colour"", ""to_seed"": ""alignment"", ""path"": [""colour"", ""superhero"", ""alignment""], ""added_tables"": []}, {""from_seed"": ""colour"", ""to_seed"": ""race"", ""path"": [""colour"", ""superhero"", ""race""], ""added_tables"": []}, {""from_seed"": ""alignment"", ""to_seed"": ""race"", ""path"": [""alignment"", ""superhero"", ""race""], ""added_tables"": []}]","[{""seed"": ""superhero"", ""neighbour"": ""hero_attribute"", ""added"": true}]","[{""table"": ""attribute"", ""lexical_score"": 1, ""selection_reasons"": [], ""truncation_reason"": ""not_reached_before_max_tables_budget""}, {""table"": ""publisher"", ""lexical_score"": 1, ""selection_reasons"": [], ""truncation_reason"": ""not_reached_before_max_tables_budget""}, {""table"": ""superpower"", ""lexical_score"": 1, ""selection_reasons"": [], ""truncation_reason"": ""not_reached_before_max_tables_budget""}, {""table"": ""gender"", ""lexical_score"": 0, ""selection_reasons"": [], ""truncation_reason"": ""not_reached_before_max_tables_budget""}, {""table"": ""hero_power"", ""lexical_score"": 0, ""selection_reasons"": [], ""truncation_reason"": ""not_reached_before_max_tables_budget""}]",{},"[""colour"", ""superhero""]","[""colour"", ""eye_colour_id"", ""height_cm"", ""id"", ""superhero_name""]","[""SELECT"", ""DISTINCT"", ""JOIN[1]"", ""WHERE""]",[],[],"[""colour"", ""superhero""]","[""colour"", ""eye_colour_id"", ""height_cm"", ""id"", ""superhero_name""]","[""SELECT"", ""DISTINCT"", ""JOIN[1]"", ""WHERE"", ""ORDER_BY[ASC]""]",[],,
bird_775,superhero,challenging,True,correct,unknown,,[],[],,e3-f-schema-v4,"[""colour"", ""superhero"", ""alignment"", ""gender"", ""race""]",positive-lexical,"[""colour"", ""superhero"", ""alignment"", ""gender""]","[{""from_seed"": ""colour"", ""to_seed"": ""superhero"", ""path"": [""colour"", ""superhero""], ""added_tables"": []}, {""from_seed"": ""colour"", ""to_seed"": ""alignment"", ""path"": [""colour"", ""superhero"", ""alignment""], ""added_tables"": []}, {""from_seed"": ""colour"", ""to_seed"": ""gender"", ""path"": [""colour"", ""superhero"", ""gender""], ""added_tables"": []}, {""from_seed"": ""superhero"", ""to_seed"": ""alignment"", ""path"": [""superhero"", ""alignment""], ""added_tables"": []}, {""from_seed"": ""superhero"", ""to_seed"": ""gender"", ""path"": [""superhero"", ""gender""], ""added_tables"": []}, {""from_seed"": ""alignment"", ""to_seed"": ""gender"", ""path"": [""alignment"", ""superhero"", ""gender""], ""added_tables"": []}]","[{""seed"": ""superhero"", ""neighbour"": ""race"", ""added"": true}]","[{""table"": ""hero_attribute"", ""lexical_score"": 2, ""selection_reasons"": [], ""truncation_reason"": ""not_reached_before_max_tables_budget""}, {""table"": ""attribute"", ""lexical_score"": 1, ""selection_reasons"": [], ""truncation_reason"": ""not_reached_before_max_tables_budget""}, {""table"": ""hero_power"", ""lexical_score"": 1, ""selection_reasons"": [], ""truncation_reason"": ""not_reached_before_max_tables_budget""}, {""table"": ""publisher"", ""lexical_score"": 1, ""selection_reasons"": [], ""truncation_reason"": ""not_reached_before_max_tables_budget""}, {""table"": ""superpower"", ""lexical_score"": 1, ""selection_reasons"": [], ""truncation_reason"": ""not_reached_before_max_tables_budget""}]",{},"[""colour"", ""gender"", ""superhero""]","[""colour"", ""gender"", ""gender_id"", ""id"", ""skin_colour_id""]","[""SELECT"", ""AGGREGATE"", ""JOIN[2+]"", ""WHERE"", ""CONDITIONAL""]",[],[],"[""colour"", ""gender"", ""superhero""]","[""colour"", ""gender"", ""gender_id"", ""id"", ""skin_colour_id""]","[""SELECT"", ""AGGREGATE"", ""JOIN[2+]"", ""WHERE"", ""CONDITIONAL""]",[],,
bird_825,superhero,moderate,True,correct,unknown,,[],[],,e3-f-schema-v4,"[""attribute"", ""hero_power"", ""superhero"", ""alignment"", ""hero_attribute"", ""superpower"", ""gender""]",positive-lexical,"[""attribute"", ""hero_power"", ""superhero"", ""alignment""]","[{""from_seed"": ""attribute"", ""to_seed"": ""hero_power"", ""path"": [""attribute"", ""hero_attribute"", ""superhero"", ""hero_power""], ""added_tables"": [""hero_attribute""]}, {""from_seed"": ""attribute"", ""to_seed"": ""superhero"", ""path"": [""attribute"", ""hero_attribute"", ""superhero""], ""added_tables"": []}, {""from_seed"": ""attribute"", ""to_seed"": ""alignment"", ""path"": [""attribute"", ""hero_attribute"", ""superhero"", ""alignment""], ""added_tables"": []}, {""from_seed"": ""hero_power"", ""to_seed"": ""superhero"", ""path"": [""hero_power"", ""superhero""], ""added_tables"": []}, {""from_seed"": ""hero_power"", ""to_seed"": ""alignment"", ""path"": [""hero_power"", ""superhero"", ""alignment""], ""added_tables"": []}, {""from_seed"": ""superhero"", ""to_seed"": ""alignment"", ""path"": [""superhero"", ""alignment""], ""added_tables"": []}]","[{""seed"": ""hero_power"", ""neighbour"": ""superpower"", ""added"": true}, {""seed"": ""superhero"", ""neighbour"": ""gender"", ""added"": true}]","[{""table"": ""race"", ""lexical_score"": 2, ""selection_reasons"": [], ""truncation_reason"": ""not_reached_before_max_tables_budget""}, {""table"": ""colour"", ""lexical_score"": 1, ""selection_reasons"": [], ""truncation_reason"": ""not_reached_before_max_tables_budget""}, {""table"": ""publisher"", ""lexical_score"": 1, ""selection_reasons"": [], ""truncation_reason"": ""not_reached_before_max_tables_budget""}]",{},"[""gender"", ""hero_power"", ""superhero"", ""superpower""]","[""gender"", ""gender_id"", ""hero_id"", ""id"", ""power_id"", ""power_name""]","[""SELECT"", ""JOIN[2+]"", ""WHERE""]",[],[],"[""gender"", ""hero_power"", ""superhero"", ""superpower""]","[""gender"", ""gender_id"", ""hero_id"", ""id"", ""power_id"", ""power_name""]","[""SELECT"", ""DISTINCT"", ""JOIN[2+]"", ""WHERE""]",[],,
bird_531,codebase_community,simple,True,correct,unknown,,[],[],,e3-f-schema-v4,"[""users"", ""posts"", ""comments"", ""postHistory"", ""badges"", ""tags""]",positive-lexical,"[""users"", ""posts"", ""comments"", ""postHistory""]","[{""from_seed"": ""users"", ""to_seed"": ""posts"", ""path"": [""users"", ""posts""], ""added_tables"": []}, {""from_seed"": ""users"", ""to_seed"": ""comments"", ""path"": [""users"", ""comments""], ""added_tables"": []}, {""from_seed"": ""users"", ""to_seed"": ""postHistory"", ""path"": [""users"", ""postHistory""], ""added_tables"": []}, {""from_seed"": ""posts"", ""to_seed"": ""comments"", ""path"": [""posts"", ""comments""], ""added_tables"": []}, {""from_seed"": ""posts"", ""to_seed"": ""postHistory"", ""path"": [""posts"", ""postHistory""], ""added_tables"": []}, {""from_seed"": ""comments"", ""to_seed"": ""postHistory"", ""path"": [""comments"", ""posts"", ""postHistory""], ""added_tables"": []}]","[{""seed"": ""users"", ""neighbour"": ""badges"", ""added"": true}, {""seed"": ""posts"", ""neighbour"": ""tags"", ""added"": true}]","[{""table"": ""votes"", ""lexical_score"": 1, ""selection_reasons"": [], ""truncation_reason"": ""not_reached_before_max_tables_budget""}, {""table"": ""postLinks"", ""lexical_score"": 0, ""selection_reasons"": [], ""truncation_reason"": ""not_reached_before_max_tables_budget""}]","{""posts"": 5}","[""users""]",[],"[""SELECT"", ""AGGREGATE"", ""WHERE"", ""SUBQUERY""]",[],[],"[""users""]",[],"[""SELECT"", ""AGGREGATE"", ""JOIN[1]"", ""WHERE"", ""CONDITIONAL"", ""SUBQUERY""]",[],,
bird_533,codebase_community,simple,False,retrieval_complete_mining_abstained_semantic_failure,unknown,,[],[],,e3-f-schema-v4,"[""users"", ""posts"", ""comments"", ""badges"", ""postHistory"", ""votes""]",positive-lexical,"[""users"", ""posts"", ""comments"", ""badges""]","[{""from_seed"": ""users"", ""to_seed"": ""posts"", ""path"": [""users"", ""posts""], ""added_tables"": []}, {""from_seed"": ""users"", ""to_seed"": ""comments"", ""path"": [""users"", ""comments""], ""added_tables"": []}, {""from_seed"": ""users"", ""to_seed"": ""badges"", ""path"": [""users"", ""badges""], ""added_tables"": []}, {""from_seed"": ""posts"", ""to_seed"": ""comments"", ""path"": [""posts"", ""comments""], ""added_tables"": []}, {""from_seed"": ""posts"", ""to_seed"": ""badges"", ""path"": [""posts"", ""users"", ""badges""], ""added_tables"": []}, {""from_seed"": ""comments"", ""to_seed"": ""badges"", ""path"": [""comments"", ""users"", ""badges""], ""added_tables"": []}]","[{""seed"": ""users"", ""neighbour"": ""postHistory"", ""added"": true}, {""seed"": ""posts"", ""neighbour"": ""votes"", ""added"": true}]","[{""table"": ""postLinks"", ""lexical_score"": 1, ""selection_reasons"": [], ""truncation_reason"": ""not_reached_before_max_tables_budget""}, {""table"": ""tags"", ""lexical_score"": 0, ""selection_reasons"": [], ""truncation_reason"": ""not_reached_before_max_tables_budget""}]","{""posts"": 5}","[""users""]",[],"[""SELECT"", ""AGGREGATE"", ""WHERE""]",[],[],"[""users""]",[],"[""SELECT"", ""AGGREGATE"", ""WHERE""]",[],,
bird_549,codebase_community,simple,True,correct,unknown,,[],[],,e3-f-schema-v4,"[""posts"", ""postHistory"", ""tags"", ""comments"", ""users""]",positive-lexical,"[""posts"", ""postHistory"", ""tags"", ""comments""]","[{""from_seed"": ""posts"", ""to_seed"": ""postHistory"", ""path"": [""posts"", ""postHistory""], ""added_tables"": []}, {""from_seed"": ""posts"", ""to_seed"": ""tags"", ""path"": [""posts"", ""tags""], ""added_tables"": []}, {""from_seed"": ""posts"", ""to_seed"": ""comments"", ""path"": [""posts"", ""comments""], ""added_tables"": []}, {""from_seed"": ""postHistory"", ""to_seed"": ""tags"", ""path"": [""postHistory"", ""posts"", ""tags""], ""added_tables"": []}, {""from_seed"": ""postHistory"", ""to_seed"": ""comments"", ""path"": [""postHistory"", ""posts"", ""comments""], ""added_tables"": []}, {""from_seed"": ""tags"", ""to_seed"": ""comments"", ""path"": [""tags"", ""posts"", ""comments""], ""added_tables"": []}]","[{""seed"": ""posts"", ""neighbour"": ""users"", ""added"": true}]","[{""table"": ""badges"", ""lexical_score"": 2, ""selection_reasons"": [], ""truncation_reason"": ""not_reached_before_max_tables_budget""}, {""table"": ""postLinks"", ""lexical_score"": 2, ""selection_reasons"": [], ""truncation_reason"": ""not_reached_before_max_tables_budget""}, {""table"": ""votes"", ""lexical_score"": 2, ""selection_reasons"": [], ""truncation_reason"": ""not_reached_before_max_tables_budget""}]","{""posts"": 5}","[""posts"", ""tags""]","[""body"", ""excerptpostid"", ""id"", ""tagname""]","[""SELECT"", ""JOIN[1]"", ""WHERE""]",[],[],"[""posts"", ""tags""]","[""body"", ""excerptpostid"", ""id"", ""tagname""]","[""SELECT"", ""JOIN[1]"", ""WHERE""]",[],,
bird_565,codebase_community,moderate,True,correct,unknown,,[],[],,e3-f-schema-v4,"[""posts"", ""comments"", ""users"", ""postHistory"", ""votes"", ""badges""]",positive-lexical,"[""posts"", ""comments"", ""users"", ""postHistory""]","[{""from_seed"": ""posts"", ""to_seed"": ""comments"", ""path"": [""posts"", ""comments""], ""added_tables"": []}, {""from_seed"": ""posts"", ""to_seed"": ""users"", ""path"": [""posts"", ""users""], ""added_tables"": []}, {""from_seed"": ""posts"", ""to_seed"": ""postHistory"", ""path"": [""posts"", ""postHistory""], ""added_tables"": []}, {""from_seed"": ""comments"", ""to_seed"": ""users"", ""path"": [""comments"", ""users""], ""added_tables"": []}, {""from_seed"": ""comments"", ""to_seed"": ""postHistory"", ""path"": [""comments"", ""posts"", ""postHistory""], ""added_tables"": []}, {""from_seed"": ""users"", ""to_seed"": ""postHistory"", ""path"": [""users"", ""postHistory""], ""added_tables"": []}]","[{""seed"": ""posts"", ""neighbour"": ""votes"", ""added"": true}, {""seed"": ""users"", ""neighbour"": ""badges"", ""added"": true}]","[{""table"": ""postLinks"", ""lexical_score"": 4, ""selection_reasons"": [], ""truncation_reason"": ""not_reached_before_max_tables_budget""}, {""table"": ""tags"", ""lexical_score"": 2, ""selection_reasons"": [], ""truncation_reason"": ""not_reached_before_max_tables_budget""}]","{""posts"": 5}","[""comments"", ""posts""]","[""closeddate"", ""creationdate"", ""id"", ""postid"", ""userid""]","[""SELECT"", ""JOIN[1]"", ""WHERE""]",[],[],"[""comments"", ""posts""]","[""closeddate"", ""creationdate"", ""id"", ""postid"", ""userid""]","[""SELECT"", ""JOIN[1]"", ""WHERE"", ""LIMIT"", ""CONDITIONAL""]",[],,
bird_584,codebase_community,moderate,False,retrieval_complete_mining_abstained_semantic_failure,unknown,,[],[],,e3-f-schema-v4,"[""posts"", ""comments"", ""postHistory"", ""users"", ""votes"", ""badges""]",positive-lexical,"[""posts"", ""comments"", ""postHistory"", ""users""]","[{""from_seed"": ""posts"", ""to_seed"": ""comments"", ""path"": [""posts"", ""comments""], ""added_tables"": []}, {""from_seed"": ""posts"", ""to_seed"": ""postHistory"", ""path"": [""posts"", ""postHistory""], ""added_tables"": []}, {""from_seed"": ""posts"", ""to_seed"": ""users"", ""path"": [""posts"", ""users""], ""added_tables"": []}, {""from_seed"": ""comments"", ""to_seed"": ""postHistory"", ""path"": [""comments"", ""posts"", ""postHistory""], ""added_tables"": []}, {""from_seed"": ""comments"", ""to_seed"": ""users"", ""path"": [""comments"", ""users""], ""added_tables"": []}, {""from_seed"": ""postHistory"", ""to_seed"": ""users"", ""path"": [""postHistory"", ""users""], ""added_tables"": []}]","[{""seed"": ""posts"", ""neighbour"": ""votes"", ""added"": true}, {""seed"": ""users"", ""neighbour"": ""badges"", ""added"": true}]","[{""table"": ""postLinks"", ""lexical_score"": 1, ""selection_reasons"": [], ""truncation_reason"": ""not_reached_before_max_tables_budget""}, {""table"": ""tags"", ""lexical_score"": 1, ""selection_reasons"": [], ""truncation_reason"": ""not_reached_before_max_tables_budget""}]","{""posts"": 5}","[""posthistory"", ""posts""]","[""comment"", ""id"", ""postid"", ""title""]","[""SELECT"", ""JOIN[1]"", ""WHERE""]",[],[],"[""comments"", ""posthistory"", ""posts""]","[""id"", ""posthistorytypeid"", ""postid"", ""text"", ""title"", ""userid""]","[""SELECT"", ""JOIN[1]"", ""WHERE"", ""ORDER_BY[ASC]""]",[],,
bird_586,codebase_community,challenging,False,retrieval_complete_mining_abstained_semantic_failure,unknown,,[],[],,e3-f-schema-v4,"[""posts"", ""comments"", ""postHistory"", ""users"", ""votes"", ""badges""]",positive-lexical,"[""posts"", ""comments"", ""postHistory"", ""users""]","[{""from_seed"": ""posts"", ""to_seed"": ""comments"", ""path"": [""posts"", ""comments""], ""added_tables"": []}, {""from_seed"": ""posts"", ""to_seed"": ""postHistory"", ""path"": [""posts"", ""postHistory""], ""added_tables"": []}, {""from_seed"": ""posts"", ""to_seed"": ""users"", ""path"": [""posts"", ""users""], ""added_tables"": []}, {""from_seed"": ""comments"", ""to_seed"": ""postHistory"", ""path"": [""comments"", ""posts"", ""postHistory""], ""added_tables"": []}, {""from_seed"": ""comments"", ""to_seed"": ""users"", ""path"": [""comments"", ""users""], ""added_tables"": []}, {""from_seed"": ""postHistory"", ""to_seed"": ""users"", ""path"": [""postHistory"", ""users""], ""added_tables"": []}]","[{""seed"": ""posts"", ""neighbour"": ""votes"", ""added"": true}, {""seed"": ""users"", ""neighbour"": ""badges"", ""added"": true}]","[{""table"": ""tags"", ""lexical_score"": 2, ""selection_reasons"": [], ""truncation_reason"": ""not_reached_before_max_tables_budget""}, {""table"": ""postLinks"", ""lexical_score"": 1, ""selection_reasons"": [], ""truncation_reason"": ""not_reached_before_max_tables_budget""}]","{""posts"": 5}","[""posts"", ""users"", ""votes""]","[""bountyamount"", ""displayname"", ""id"", ""postid"", ""title"", ""userid""]","[""SELECT"", ""JOIN[2+]"", ""WHERE""]",[],[],"[""posts"", ""users"", ""votes""]","[""bountyamount"", ""displayname"", ""id"", ""postid"", ""title"", ""userid""]","[""SELECT"", ""DISTINCT"", ""JOIN[2+]"", ""WHERE""]",[],,
bird_587,codebase_community,moderate,False,retrieval_complete_mining_abstained_semantic_failure,unknown,,[],[],,e3-f-schema-v4,"[""posts"", ""comments"", ""postHistory"", ""tags"", ""users""]",positive-lexical,"[""posts"", ""comments"", ""postHistory"", ""tags""]","[{""from_seed"": ""posts"", ""to_seed"": ""comments"", ""path"": [""posts"", ""comments""], ""added_tables"": []}, {""from_seed"": ""posts"", ""to_seed"": ""postHistory"", ""path"": [""posts"", ""postHistory""], ""added_tables"": []}, {""from_seed"": ""posts"", ""to_seed"": ""tags"", ""path"": [""posts"", ""tags""], ""added_tables"": []}, {""from_seed"": ""comments"", ""to_seed"": ""postHistory"", ""path"": [""comments"", ""posts"", ""postHistory""], ""added_tables"": []}, {""from_seed"": ""comments"", ""to_seed"": ""tags"", ""path"": [""comments"", ""posts"", ""tags""], ""added_tables"": []}, {""from_seed"": ""postHistory"", ""to_seed"": ""tags"", ""path"": [""postHistory"", ""posts"", ""tags""], ""added_tables"": []}]","[{""seed"": ""posts"", ""neighbour"": ""users"", ""added"": true}]","[{""table"": ""postLinks"", ""lexical_score"": 1, ""selection_reasons"": [], ""truncation_reason"": ""not_reached_before_max_tables_budget""}, {""table"": ""votes"", ""lexical_score"": 1, ""selection_reasons"": [], ""truncation_reason"": ""not_reached_before_max_tables_budget""}, {""table"": ""badges"", ""lexical_score"": 0, ""selection_reasons"": [], ""truncation_reason"": ""not_reached_before_max_tables_budget""}]","{""posts"": 5}","[""comments"", ""posts""]","[""id"", ""postid"", ""tags"", ""text"", ""title"", ""viewcount""]","[""SELECT"", ""AGGREGATE"", ""JOIN[1]"", ""WHERE"", ""GROUP_BY""]",[],[],"[""comments"", ""posts""]","[""id"", ""postid"", ""tags"", ""text"", ""title""]","[""SELECT"", ""AGGREGATE"", ""JOIN[1]"", ""WHERE"", ""SUBQUERY""]",[],,
bird_595,codebase_community,moderate,False,retrieval_complete_mining_abstained_semantic_failure,unknown,,[],[],,e3-f-schema-v4,"[""comments"", ""posts"", ""users"", ""postHistory"", ""votes"", ""badges""]",positive-lexical,"[""comments"", ""posts"", ""users"", ""postHistory""]","[{""from_seed"": ""comments"", ""to_seed"": ""posts"", ""path"": [""comments"", ""posts""], ""added_tables"": []}, {""from_seed"": ""comments"", ""to_seed"": ""users"", ""path"": [""comments"", ""users""], ""added_tables"": []}, {""from_seed"": ""comments"", ""to_seed"": ""postHistory"", ""path"": [""comments"", ""posts"", ""postHistory""], ""added_tables"": []}, {""from_seed"": ""posts"", ""to_seed"": ""users"", ""path"": [""posts"", ""users""], ""added_tables"": []}, {""from_seed"": ""posts"", ""to_seed"": ""postHistory"", ""path"": [""posts"", ""postHistory""], ""added_tables"": []}, {""from_seed"": ""users"", ""to_seed"": ""postHistory"", ""path"": [""users"", ""postHistory""], ""added_tables"": []}]","[{""seed"": ""posts"", ""neighbour"": ""votes"", ""added"": true}, {""seed"": ""users"", ""neighbour"": ""badges"", ""added"": true}]","[{""table"": ""postLinks"", ""lexical_score"": 2, ""selection_reasons"": [], ""truncation_reason"": ""not_reached_before_max_tables_budget""}, {""table"": ""tags"", ""lexical_score"": 2, ""selection_reasons"": [], ""truncation_reason"": ""not_reached_before_max_tables_budget""}]","{""posts"": 5}","[""posthistory"", ""posts"", ""users""]","[""id"", ""posthistorytypeid"", ""postid"", ""userid"", ""viewcount""]","[""SELECT"", ""AGGREGATE"", ""JOIN[2+]"", ""WHERE"", ""GROUP_BY"", ""HAVING""]",[],[],"[""posthistory"", ""posts"", ""users""]","[""id"", ""owneruserid"", ""postid"", ""views""]","[""SELECT"", ""AGGREGATE"", ""JOIN[2+]"", ""WHERE"", ""GROUP_BY"", ""HAVING""]",[],,
bird_598,codebase_community,challenging,True,correct,unknown,,[],[],,e3-f-schema-v4,"[""posts"", ""badges"", ""comments"", ""postHistory"", ""users"", ""tags""]",positive-lexical,"[""posts"", ""badges"", ""comments"", ""postHistory""]","[{""from_seed"": ""posts"", ""to_seed"": ""badges"", ""path"": [""posts"", ""users"", ""badges""], ""added_tables"": [""users""]}, {""from_seed"": ""posts"", ""to_seed"": ""comments"", ""path"": [""posts"", ""comments""], ""added_tables"": []}, {""from_seed"": ""posts"", ""to_seed"": ""postHistory"", ""path"": [""posts"", ""postHistory""], ""added_tables"": []}, {""from_seed"": ""badges"", ""to_seed"": ""comments"", ""path"": [""badges"", ""users"", ""comments""], ""added_tables"": []}, {""from_seed"": ""badges"", ""to_seed"": ""postHistory"", ""path"": [""badges"", ""users"", ""postHistory""], ""added_tables"": []}, {""from_seed"": ""comments"", ""to_seed"": ""postHistory"", ""path"": [""comments"", ""posts"", ""postHistory""], ""added_tables"": []}]","[{""seed"": ""posts"", ""neighbour"": ""tags"", ""added"": true}]","[{""table"": ""postLinks"", ""lexical_score"": 1, ""selection_reasons"": [], ""truncation_reason"": ""not_reached_before_max_tables_budget""}, {""table"": ""votes"", ""lexical_score"": 1, ""selection_reasons"": [], ""truncation_reason"": ""not_reached_before_max_tables_budget""}]","{""posts"": 5}","[""badges""]",[],"[""SELECT"", ""AGGREGATE"", ""WHERE""]",[],[],"[""badges""]",[],"[""SELECT"", ""AGGREGATE"", ""WHERE"", ""CONDITIONAL""]",[],,
bird_604,codebase_community,moderate,False,retrieval_complete_mining_abstained_semantic_failure,unknown,,[],[],,e3-f-schema-v4,"[""posts"", ""users"", ""comments"", ""tags"", ""votes"", ""postHistory""]",positive-lexical,"[""posts"", ""users"", ""comments"", ""tags""]","[{""from_seed"": ""posts"", ""to_seed"": ""users"", ""path"": [""posts"", ""users""], ""added_tables"": []}, {""from_seed"": ""posts"", ""to_seed"": ""comments"", ""path"": [""posts"", ""comments""], ""added_tables"": []}, {""from_seed"": ""posts"", ""to_seed"": ""tags"", ""path"": [""posts"", ""tags""], ""added_tables"": []}, {""from_seed"": ""users"", ""to_seed"": ""comments"", ""path"": [""users"", ""comments""], ""added_tables"": []}, {""from_seed"": ""users"", ""to_seed"": ""tags"", ""path"": [""users"", ""posts"", ""tags""], ""added_tables"": []}, {""from_seed"": ""comments"", ""to_seed"": ""tags"", ""path"": [""comments"", ""posts"", ""tags""], ""added_tables"": []}]","[{""seed"": ""posts"", ""neighbour"": ""votes"", ""added"": true}, {""seed"": ""users"", ""neighbour"": ""postHistory"", ""added"": true}]","[{""table"": ""badges"", ""lexical_score"": 2, ""selection_reasons"": [], ""truncation_reason"": ""not_reached_before_max_tables_budget""}, {""table"": ""postLinks"", ""lexical_score"": 2, ""selection_reasons"": [], ""truncation_reason"": ""not_reached_before_max_tables_budget""}]","{""posts"": 5}","[""posts"", ""users""]","[""age"", ""id"", ""upvotes""]","[""SELECT"", ""AGGREGATE"", ""JOIN[1]"", ""GROUP_BY"", ""HAVING"", ""SUBQUERY""]",[],[],"[""posts"", ""users""]","[""age"", ""id"", ""owneruserid"", ""upvotes""]","[""SELECT"", ""AGGREGATE"", ""JOIN[1]"", ""WHERE"", ""GROUP_BY"", ""HAVING"", ""SUBQUERY""]",[],,
bird_629,codebase_community,simple,True,correct,unknown,,[],[],,e3-f-schema-v4,"[""posts"", ""users"", ""votes"", ""comments"", ""postHistory"", ""badges""]",positive-lexical,"[""posts"", ""users"", ""votes"", ""comments""]","[{""from_seed"": ""posts"", ""to_seed"": ""users"", ""path"": [""posts"", ""users""], ""added_tables"": []}, {""from_seed"": ""posts"", ""to_seed"": ""votes"", ""path"": [""posts"", ""votes""], ""added_tables"": []}, {""from_seed"": ""posts"", ""to_seed"": ""comments"", ""path"": [""posts"", ""comments""], ""added_tables"": []}, {""from_seed"": ""users"", ""to_seed"": ""votes"", ""path"": [""users"", ""votes""], ""added_tables"": []}, {""from_seed"": ""users"", ""to_seed"": ""comments"", ""path"": [""users"", ""comments""], ""added_tables"": []}, {""from_seed"": ""votes"", ""to_seed"": ""comments"", ""path"": [""votes"", ""posts"", ""comments""], ""added_tables"": []}]","[{""seed"": ""posts"", ""neighbour"": ""postHistory"", ""added"": true}, {""seed"": ""users"", ""neighbour"": ""badges"", ""added"": true}]","[{""table"": ""postLinks"", ""lexical_score"": 3, ""selection_reasons"": [], ""truncation_reason"": ""not_reached_before_max_tables_budget""}, {""table"": ""tags"", ""lexical_score"": 2, ""selection_reasons"": [], ""truncation_reason"": ""not_reached_before_max_tables_budget""}]","{""posts"": 5}","[""votes""]",[],"[""SELECT"", ""AGGREGATE""]",[],[],"[""votes""]",[],"[""SELECT"", ""AGGREGATE"", ""CONDITIONAL""]",[],,
bird_637,codebase_community,moderate,False,retrieval_complete_mining_abstained_semantic_failure,unknown,,[],[],,e3-f-schema-v4,"[""posts"", ""postHistory"", ""comments"", ""tags"", ""users""]",positive-lexical,"[""posts"", ""postHistory"", ""comments"", ""tags""]","[{""from_seed"": ""posts"", ""to_seed"": ""postHistory"", ""path"": [""posts"", ""postHistory""], ""added_tables"": []}, {""from_seed"": ""posts"", ""to_seed"": ""comments"", ""path"": [""posts"", ""comments""], ""added_tables"": []}, {""from_seed"": ""posts"", ""to_seed"": ""tags"", ""path"": [""posts"", ""tags""], ""added_tables"": []}, {""from_seed"": ""postHistory"", ""to_seed"": ""comments"", ""path"": [""postHistory"", ""posts"", ""comments""], ""added_tables"": []}, {""from_seed"": ""postHistory"", ""to_seed"": ""tags"", ""path"": [""postHistory"", ""posts"", ""tags""], ""added_tables"": []}, {""from_seed"": ""comments"", ""to_seed"": ""tags"", ""path"": [""comments"", ""posts"", ""tags""], ""added_tables"": []}]","[{""seed"": ""posts"", ""neighbour"": ""users"", ""added"": true}]","[{""table"": ""badges"", ""lexical_score"": 1, ""selection_reasons"": [], ""truncation_reason"": ""not_reached_before_max_tables_budget""}, {""table"": ""postLinks"", ""lexical_score"": 1, ""selection_reasons"": [], ""truncation_reason"": ""not_reached_before_max_tables_budget""}, {""table"": ""votes"", ""lexical_score"": 1, ""selection_reasons"": [], ""truncation_reason"": ""not_reached_before_max_tables_budget""}]","{""posts"": 5}","[""posthistory"", ""posts"", ""users""]","[""commentcount"", ""displayname"", ""id"", ""postid"", ""tags"", ""userid""]","[""SELECT"", ""JOIN[2+]"", ""WHERE""]",[],[],"[""posts"", ""users""]","[""commentcount"", ""displayname"", ""id"", ""owneruserid"", ""tags""]","[""SELECT"", ""DISTINCT"", ""JOIN[1]"", ""WHERE"", ""ORDER_BY[ASC]"", ""CTE"", ""SET_OP""]",[],,
bird_639,codebase_community,challenging,False,retrieval_complete_mining_abstained_semantic_failure,unknown,,[],[],,e3-f-schema-v4,"[""posts"", ""comments"", ""users"", ""postHistory"", ""tags"", ""badges""]",positive-lexical,"[""posts"", ""comments"", ""users"", ""postHistory""]","[{""from_seed"": ""posts"", ""to_seed"": ""comments"", ""path"": [""posts"", ""comments""], ""added_tables"": []}, {""from_seed"": ""posts"", ""to_seed"": ""users"", ""path"": [""posts"", ""users""], ""added_tables"": []}, {""from_seed"": ""posts"", ""to_seed"": ""postHistory"", ""path"": [""posts"", ""postHistory""], ""added_tables"": []}, {""from_seed"": ""comments"", ""to_seed"": ""users"", ""path"": [""comments"", ""users""], ""added_tables"": []}, {""from_seed"": ""comments"", ""to_seed"": ""postHistory"", ""path"": [""comments"", ""posts"", ""postHistory""], ""added_tables"": []}, {""from_seed"": ""users"", ""to_seed"": ""postHistory"", ""path"": [""users"", ""postHistory""], ""added_tables"": []}]","[{""seed"": ""posts"", ""neighbour"": ""tags"", ""added"": true}, {""seed"": ""users"", ""neighbour"": ""badges"", ""added"": true}]","[{""table"": ""postLinks"", ""lexical_score"": 2, ""selection_reasons"": [], ""truncation_reason"": ""not_reached_before_max_tables_budget""}, {""table"": ""votes"", ""lexical_score"": 2, ""selection_reasons"": [], ""truncation_reason"": ""not_reached_before_max_tables_budget""}]","{""posts"": 5}","[""posthistory"", ""tags"", ""users""]","[""displayname"", ""excerptpostid"", ""id"", ""postid"", ""tagname"", ""userid""]","[""SELECT"", ""AGGREGATE"", ""JOIN[2+]"", ""WHERE""]",[],[],"[""posts"", ""users""]","[""displayname"", ""id"", ""owneruserid"", ""tags""]","[""SELECT"", ""AGGREGATE"", ""JOIN[1]"", ""WHERE"", ""CONDITIONAL""]",[],,
bird_640,codebase_community,moderate,False,retrieval_complete_mining_abstained_semantic_failure,unknown,,[],[],,e3-f-schema-v4,"[""posts"", ""users"", ""comments"", ""postHistory"", ""tags"", ""badges""]",positive-lexical,"[""posts"", ""users"", ""comments"", ""postHistory""]","[{""from_seed"": ""posts"", ""to_seed"": ""users"", ""path"": [""posts"", ""users""], ""added_tables"": []}, {""from_seed"": ""posts"", ""to_seed"": ""comments"", ""path"": [""posts"", ""comments""], ""added_tables"": []}, {""from_seed"": ""posts"", ""to_seed"": ""postHistory"", ""path"": [""posts"", ""postHistory""], ""added_tables"": []}, {""from_seed"": ""users"", ""to_seed"": ""comments"", ""path"": [""users"", ""comments""], ""added_tables"": []}, {""from_seed"": ""users"", ""to_seed"": ""postHistory"", ""path"": [""users"", ""postHistory""], ""added_tables"": []}, {""from_seed"": ""comments"", ""to_seed"": ""postHistory"", ""path"": [""comments"", ""posts"", ""postHistory""], ""added_tables"": []}]","[{""seed"": ""posts"", ""neighbour"": ""tags"", ""added"": true}, {""seed"": ""users"", ""neighbour"": ""badges"", ""added"": true}]","[{""table"": ""postLinks"", ""lexical_score"": 1, ""selection_reasons"": [], ""truncation_reason"": ""not_reached_before_max_tables_budget""}, {""table"": ""votes"", ""lexical_score"": 1, ""selection_reasons"": [], ""truncation_reason"": ""not_reached_before_max_tables_budget""}]","{""posts"": 5}","[""posthistory"", ""posts"", ""users""]","[""displayname"", ""id"", ""postid"", ""userid"", ""viewcount""]","[""SELECT"", ""AGGREGATE"", ""JOIN[2+]""]",[],[],"[""posts"", ""users""]","[""displayname"", ""id"", ""ownerdisplayname"", ""owneruserid"", ""viewcount""]","[""SELECT"", ""AGGREGATE"", ""JOIN[1]"", ""CONDITIONAL""]",[],,
bird_665,codebase_community,moderate,True,correct,unknown,,[],[],,e3-f-schema-v4,"[""posts"", ""users"", ""comments"", ""postLinks"", ""postHistory"", ""votes""]",positive-lexical,"[""posts"", ""users"", ""comments"", ""postLinks""]","[{""from_seed"": ""posts"", ""to_seed"": ""users"", ""path"": [""posts"", ""users""], ""added_tables"": []}, {""from_seed"": ""posts"", ""to_seed"": ""comments"", ""path"": [""posts"", ""comments""], ""added_tables"": []}, {""from_seed"": ""posts"", ""to_seed"": ""postLinks"", ""path"": [""posts"", ""postLinks""], ""added_tables"": []}, {""from_seed"": ""users"", ""to_seed"": ""comments"", ""path"": [""users"", ""comments""], ""added_tables"": []}, {""from_seed"": ""users"", ""to_seed"": ""postLinks"", ""path"": [""users"", ""posts"", ""postLinks""], ""added_tables"": []}, {""from_seed"": ""comments"", ""to_seed"": ""postLinks"", ""path"": [""comments"", ""posts"", ""postLinks""], ""added_tables"": []}]","[{""seed"": ""posts"", ""neighbour"": ""postHistory"", ""added"": true}, {""seed"": ""users"", ""neighbour"": ""votes"", ""added"": true}]","[{""table"": ""tags"", ""lexical_score"": 4, ""selection_reasons"": [], ""truncation_reason"": ""not_reached_before_max_tables_budget""}, {""table"": ""badges"", ""lexical_score"": 2, ""selection_reasons"": [], ""truncation_reason"": ""not_reached_before_max_tables_budget""}]","{""posts"": 5}","[""postlinks"", ""posts""]","[""answercount"", ""creationdate"", ""id"", ""postid""]","[""SELECT"", ""AGGREGATE"", ""JOIN[1]"", ""WHERE""]",[],[],"[""postlinks"", ""posts""]","[""answercount"", ""creationdate"", ""id"", ""postid""]","[""SELECT"", ""AGGREGATE"", ""JOIN[1]"", ""WHERE""]",[],,
bird_671,codebase_community,simple,False,retrieval_complete_mining_abstained_semantic_failure,unknown,,[],[],,e3-f-schema-v4,"[""posts"", ""comments"", ""badges"", ""postHistory"", ""users"", ""votes""]",positive-lexical,"[""posts"", ""comments"", ""badges"", ""postHistory""]","[{""from_seed"": ""posts"", ""to_seed"": ""comments"", ""path"": [""posts"", ""comments""], ""added_tables"": []}, {""from_seed"": ""posts"", ""to_seed"": ""badges"", ""path"": [""posts"", ""users"", ""badges""], ""added_tables"": [""users""]}, {""from_seed"": ""posts"", ""to_seed"": ""postHistory"", ""path"": [""posts"", ""postHistory""], ""added_tables"": []}, {""from_seed"": ""comments"", ""to_seed"": ""badges"", ""path"": [""comments"", ""users"", ""badges""], ""added_tables"": []}, {""from_seed"": ""comments"", ""to_seed"": ""postHistory"", ""path"": [""comments"", ""posts"", ""postHistory""], ""added_tables"": []}, {""from_seed"": ""badges"", ""to_seed"": ""postHistory"", ""path"": [""badges"", ""users"", ""postHistory""], ""added_tables"": []}]","[{""seed"": ""posts"", ""neighbour"": ""votes"", ""added"": true}]","[{""table"": ""postLinks"", ""lexical_score"": 1, ""selection_reasons"": [], ""truncation_reason"": ""not_reached_before_max_tables_budget""}, {""table"": ""tags"", ""lexical_score"": 1, ""selection_reasons"": [], ""truncation_reason"": ""not_reached_before_max_tables_budget""}]","{""posts"": 5}","[""badges"", ""users""]","[""date"", ""displayname"", ""id"", ""name"", ""userid""]","[""SELECT"", ""JOIN[1]"", ""WHERE"", ""ORDER_BY[ASC]"", ""LIMIT""]",[],[],"[""badges"", ""users""]","[""date"", ""displayname"", ""id"", ""name"", ""userid""]","[""SELECT"", ""AGGREGATE"", ""JOIN[1]"", ""WHERE"", ""SUBQUERY""]",[],,
bird_672,codebase_community,moderate,False,retrieval_complete_mining_abstained_semantic_failure,unknown,,[],[],,e3-f-schema-v4,"[""posts"", ""comments"", ""users"", ""tags"", ""votes"", ""postHistory""]",positive-lexical,"[""posts"", ""comments"", ""users"", ""tags""]","[{""from_seed"": ""posts"", ""to_seed"": ""comments"", ""path"": [""posts"", ""comments""], ""added_tables"": []}, {""from_seed"": ""posts"", ""to_seed"": ""users"", ""path"": [""posts"", ""users""], ""added_tables"": []}, {""from_seed"": ""posts"", ""to_seed"": ""tags"", ""path"": [""posts"", ""tags""], ""added_tables"": []}, {""from_seed"": ""comments"", ""to_seed"": ""users"", ""path"": [""comments"", ""users""], ""added_tables"": []}, {""from_seed"": ""comments"", ""to_seed"": ""tags"", ""path"": [""comments"", ""posts"", ""tags""], ""added_tables"": []}, {""from_seed"": ""users"", ""to_seed"": ""tags"", ""path"": [""users"", ""posts"", ""tags""], ""added_tables"": []}]","[{""seed"": ""posts"", ""neighbour"": ""votes"", ""added"": true}, {""seed"": ""users"", ""neighbour"": ""postHistory"", ""added"": true}]","[{""table"": ""badges"", ""lexical_score"": 1, ""selection_reasons"": [], ""truncation_reason"": ""not_reached_before_max_tables_budget""}, {""table"": ""postLinks"", ""lexical_score"": 1, ""selection_reasons"": [], ""truncation_reason"": ""not_reached_before_max_tables_budget""}]","{""posts"": 5}","[""posts"", ""users""]","[""favoritecount"", ""id"", ""location"", ""owneruserid""]","[""SELECT"", ""AGGREGATE"", ""JOIN[1]"", ""WHERE""]",[],[],"[""posts"", ""users""]","[""favoritecount"", ""id"", ""location"", ""owneruserid""]","[""SELECT"", ""AGGREGATE"", ""JOIN[1]"", ""WHERE""]",[],,
bird_682,codebase_community,moderate,False,retrieval_complete_mining_abstained_semantic_failure,unknown,,[],[],,e3-f-schema-v4,"[""posts"", ""comments"", ""postHistory"", ""users"", ""postLinks"", ""votes""]",positive-lexical,"[""posts"", ""comments"", ""postHistory"", ""users""]","[{""from_seed"": ""posts"", ""to_seed"": ""comments"", ""path"": [""posts"", ""comments""], ""added_tables"": []}, {""from_seed"": ""posts"", ""to_seed"": ""postHistory"", ""path"": [""posts"", ""postHistory""], ""added_tables"": []}, {""from_seed"": ""posts"", ""to_seed"": ""users"", ""path"": [""posts"", ""users""], ""added_tables"": []}, {""from_seed"": ""comments"", ""to_seed"": ""postHistory"", ""path"": [""comments"", ""posts"", ""postHistory""], ""added_tables"": []}, {""from_seed"": ""comments"", ""to_seed"": ""users"", ""path"": [""comments"", ""users""], ""added_tables"": []}, {""from_seed"": ""postHistory"", ""to_seed"": ""users"", ""path"": [""postHistory"", ""users""], ""added_tables"": []}]","[{""seed"": ""posts"", ""neighbour"": ""postLinks"", ""added"": true}, {""seed"": ""users"", ""neighbour"": ""votes"", ""added"": true}]","[{""table"": ""tags"", ""lexical_score"": 4, ""selection_reasons"": [], ""truncation_reason"": ""not_reached_before_max_tables_budget""}, {""table"": ""badges"", ""lexical_score"": 3, ""selection_reasons"": [], ""truncation_reason"": ""not_reached_before_max_tables_budget""}]","{""posts"": 5}","[""posts"", ""users""]","[""creationdate"", ""displayname"", ""favoritecount"", ""id"", ""owneruserid""]","[""SELECT"", ""JOIN[1]"", ""WHERE"", ""ORDER_BY[DESC]"", ""LIMIT""]",[],[],"[""posts"", ""users""]","[""creaiondate"", ""displayname"", ""favoritecount"", ""id"", ""ownerdisplayname"", ""owneruserid""]","[""SELECT"", ""AGGREGATE"", ""JOIN[1]"", ""WHERE"", ""ORDER_BY[ASC]"", ""LIMIT"", ""SUBQUERY""]",[],,
bird_685,codebase_community,moderate,False,retrieval_complete_mining_abstained_semantic_failure,unknown,,[],[],,e3-f-schema-v4,"[""posts"", ""comments"", ""users"", ""postHistory"", ""tags"", ""badges""]",positive-lexical,"[""posts"", ""comments"", ""users"", ""postHistory""]","[{""from_seed"": ""posts"", ""to_seed"": ""comments"", ""path"": [""posts"", ""comments""], ""added_tables"": []}, {""from_seed"": ""posts"", ""to_seed"": ""users"", ""path"": [""posts"", ""users""], ""added_tables"": []}, {""from_seed"": ""posts"", ""to_seed"": ""postHistory"", ""path"": [""posts"", ""postHistory""], ""added_tables"": []}, {""from_seed"": ""comments"", ""to_seed"": ""users"", ""path"": [""comments"", ""users""], ""added_tables"": []}, {""from_seed"": ""comments"", ""to_seed"": ""postHistory"", ""path"": [""comments"", ""posts"", ""postHistory""], ""added_tables"": []}, {""from_seed"": ""users"", ""to_seed"": ""postHistory"", ""path"": [""users"", ""postHistory""], ""added_tables"": []}]","[{""seed"": ""posts"", ""neighbour"": ""tags"", ""added"": true}, {""seed"": ""users"", ""neighbour"": ""badges"", ""added"": true}]","[{""table"": ""votes"", ""lexical_score"": 2, ""selection_reasons"": [], ""truncation_reason"": ""not_reached_before_max_tables_budget""}, {""table"": ""postLinks"", ""lexical_score"": 1, ""selection_reasons"": [], ""truncation_reason"": ""not_reached_before_max_tables_budget""}]","{""posts"": 5}","[""posthistory"", ""posts"", ""users""]","[""displayname"", ""id"", ""lasteditoruserid"", ""postid"", ""text"", ""viewcount""]","[""SELECT"", ""JOIN[2+]"", ""WHERE""]",[],[],"[""posthistory"", ""posts"", ""users""]","[""creationdate"", ""displayname"", ""id"", ""postid"", ""text"", ""userid"", ""viewcount""]","[""SELECT"", ""JOIN[2+]"", ""WHERE"", ""ORDER_BY[DESC]"", ""LIMIT""]",[],,
bird_694,codebase_community,moderate,False,retrieval_complete_mining_abstained_semantic_failure,unknown,,[],[],,e3-f-schema-v4,"[""posts"", ""comments"", ""postHistory"", ""users"", ""votes"", ""badges""]",positive-lexical,"[""posts"", ""comments"", ""postHistory"", ""users""]","[{""from_seed"": ""posts"", ""to_seed"": ""comments"", ""path"": [""posts"", ""comments""], ""added_tables"": []}, {""from_seed"": ""posts"", ""to_seed"": ""postHistory"", ""path"": [""posts"", ""postHistory""], ""added_tables"": []}, {""from_seed"": ""posts"", ""to_seed"": ""users"", ""path"": [""posts"", ""users""], ""added_tables"": []}, {""from_seed"": ""comments"", ""to_seed"": ""postHistory"", ""path"": [""comments"", ""posts"", ""postHistory""], ""added_tables"": []}, {""from_seed"": ""comments"", ""to_seed"": ""users"", ""path"": [""comments"", ""users""], ""added_tables"": []}, {""from_seed"": ""postHistory"", ""to_seed"": ""users"", ""path"": [""postHistory"", ""users""], ""added_tables"": []}]","[{""seed"": ""posts"", ""neighbour"": ""votes"", ""added"": true}, {""seed"": ""users"", ""neighbour"": ""badges"", ""added"": true}]","[{""table"": ""postLinks"", ""lexical_score"": 3, ""selection_reasons"": [], ""truncation_reason"": ""not_reached_before_max_tables_budget""}, {""table"": ""tags"", ""lexical_score"": 2, ""selection_reasons"": [], ""truncation_reason"": ""not_reached_before_max_tables_budget""}]","{""posts"": 5}","[""comments"", ""posts"", ""users""]","[""creationdate"", ""displayname"", ""id"", ""owneruserid"", ""postid"", ""text"", ""title""]","[""SELECT"", ""JOIN[2+]"", ""WHERE"", ""ORDER_BY[DESC]"", ""LIMIT""]",[],[],"[""comments"", ""posts"", ""users""]","[""creationdate"", ""displayname"", ""id"", ""postid"", ""text"", ""title"", ""userdisplayname"", ""userid""]","[""SELECT"", ""JOIN[2+]"", ""WHERE"", ""ORDER_BY[DESC]"", ""LIMIT""]",[],,
bird_704,codebase_community,simple,True,correct,unknown,,[],[],,e3-f-schema-v4,"[""tags"", ""posts"", ""comments"", ""postHistory"", ""users""]",positive-lexical,"[""tags"", ""posts"", ""comments"", ""postHistory""]","[{""from_seed"": ""tags"", ""to_seed"": ""posts"", ""path"": [""tags"", ""posts""], ""added_tables"": []}, {""from_seed"": ""tags"", ""to_seed"": ""comments"", ""path"": [""tags"", ""posts"", ""comments""], ""added_tables"": []}, {""from_seed"": ""tags"", ""to_seed"": ""postHistory"", ""path"": [""tags"", ""posts"", ""postHistory""], ""added_tables"": []}, {""from_seed"": ""posts"", ""to_seed"": ""comments"", ""path"": [""posts"", ""comments""], ""added_tables"": []}, {""from_seed"": ""posts"", ""to_seed"": ""postHistory"", ""path"": [""posts"", ""postHistory""], ""added_tables"": []}, {""from_seed"": ""comments"", ""to_seed"": ""postHistory"", ""path"": [""comments"", ""posts"", ""postHistory""], ""added_tables"": []}]","[{""seed"": ""posts"", ""neighbour"": ""users"", ""added"": true}]","[{""table"": ""badges"", ""lexical_score"": 2, ""selection_reasons"": [], ""truncation_reason"": ""not_reached_before_max_tables_budget""}, {""table"": ""postLinks"", ""lexical_score"": 2, ""selection_reasons"": [], ""truncation_reason"": ""not_reached_before_max_tables_budget""}, {""table"": ""votes"", ""lexical_score"": 2, ""selection_reasons"": [], ""truncation_reason"": ""not_reached_before_max_tables_budget""}]","{""posts"": 5}","[""tags""]",[],"[""SELECT"", ""WHERE""]",[],[],"[""tags""]",[],"[""SELECT"", ""WHERE""]",[],,
bird_710,codebase_community,simple,False,retrieval_complete_mining_abstained_semantic_failure,unknown,,[],[],,e3-f-schema-v4,"[""posts"", ""comments"", ""postHistory"", ""tags"", ""postLinks"", ""users""]",positive-lexical,"[""posts"", ""comments"", ""postHistory"", ""tags""]","[{""from_seed"": ""posts"", ""to_seed"": ""comments"", ""path"": [""posts"", ""comments""], ""added_tables"": []}, {""from_seed"": ""posts"", ""to_seed"": ""postHistory"", ""path"": [""posts"", ""postHistory""], ""added_tables"": []}, {""from_seed"": ""posts"", ""to_seed"": ""tags"", ""path"": [""posts"", ""tags""], ""added_tables"": []}, {""from_seed"": ""comments"", ""to_seed"": ""postHistory"", ""path"": [""comments"", ""posts"", ""postHistory""], ""added_tables"": []}, {""from_seed"": ""comments"", ""to_seed"": ""tags"", ""path"": [""comments"", ""posts"", ""tags""], ""added_tables"": []}, {""from_seed"": ""postHistory"", ""to_seed"": ""tags"", ""path"": [""postHistory"", ""posts"", ""tags""], ""added_tables"": []}]","[{""seed"": ""posts"", ""neighbour"": ""postLinks"", ""added"": true}, {""seed"": ""comments"", ""neighbour"": ""users"", ""added"": true}]","[{""table"": ""votes"", ""lexical_score"": 1, ""selection_reasons"": [], ""truncation_reason"": ""not_reached_before_max_tables_budget""}, {""table"": ""badges"", ""lexical_score"": 0, ""selection_reasons"": [], ""truncation_reason"": ""not_reached_before_max_tables_budget""}]","{""posts"": 5}","[""comments"", ""posts""]","[""commentcount"", ""id"", ""postid"", ""score""]","[""SELECT"", ""AGGREGATE"", ""JOIN[1]"", ""WHERE""]",[],[],"[""comments"", ""posts""]","[""commentcount"", ""id"", ""postid"", ""score""]","[""SELECT"", ""AGGREGATE"", ""JOIN[1]"", ""WHERE""]",[],,
bird_340,card_games,simple,False,retrieval_complete_mining_abstained_semantic_failure,unknown,,[],[],,e3-f-schema-v4,"[""cards"", ""sets"", ""rulings"", ""foreign_data"", ""legalities"", ""set_translations""]",positive-lexical,"[""cards"", ""sets"", ""rulings"", ""foreign_data""]","[{""from_seed"": ""cards"", ""to_seed"": ""sets"", ""path"": [""cards"", ""sets""], ""added_tables"": []}, {""from_seed"": ""cards"", ""to_seed"": ""rulings"", ""path"": [""cards"", ""rulings""], ""added_tables"": []}, {""from_seed"": ""cards"", ""to_seed"": ""foreign_data"", ""path"": [""cards"", ""foreign_data""], ""added_tables"": []}, {""from_seed"": ""sets"", ""to_seed"": ""rulings"", ""path"": [""sets"", ""cards"", ""rulings""], ""added_tables"": []}, {""from_seed"": ""sets"", ""to_seed"": ""foreign_data"", ""path"": [""sets"", ""cards"", ""foreign_data""], ""added_tables"": []}, {""from_seed"": ""rulings"", ""to_seed"": ""foreign_data"", ""path"": [""rulings"", ""cards"", ""foreign_data""], ""added_tables"": []}]","[{""seed"": ""cards"", ""neighbour"": ""legalities"", ""added"": true}, {""seed"": ""sets"", ""neighbour"": ""set_translations"", ""added"": true}]",[],"{""cards"": 58, ""sets"": 5}","[""cards""]",[],"[""SELECT"", ""WHERE""]",[],[],"[""cards""]","[""cardkingdomfoilid"", ""cardkingdomid"", ""name""]","[""SELECT"", ""WHERE""]",[],,
bird_341,card_games,simple,False,retrieval_complete_mining_abstained_semantic_failure,unknown,,[],[],,e3-f-schema-v4,"[""cards"", ""sets"", ""rulings"", ""foreign_data"", ""legalities"", ""set_translations""]",positive-lexical,"[""cards"", ""sets"", ""rulings"", ""foreign_data""]","[{""from_seed"": ""cards"", ""to_seed"": ""sets"", ""path"": [""cards"", ""sets""], ""added_tables"": []}, {""from_seed"": ""cards"", ""to_seed"": ""rulings"", ""path"": [""cards"", ""rulings""], ""added_tables"": []}, {""from_seed"": ""cards"", ""to_seed"": ""foreign_data"", ""path"": [""cards"", ""foreign_data""], ""added_tables"": []}, {""from_seed"": ""sets"", ""to_seed"": ""rulings"", ""path"": [""sets"", ""cards"", ""rulings""], ""added_tables"": []}, {""from_seed"": ""sets"", ""to_seed"": ""foreign_data"", ""path"": [""sets"", ""cards"", ""foreign_data""], ""added_tables"": []}, {""from_seed"": ""rulings"", ""to_seed"": ""foreign_data"", ""path"": [""rulings"", ""cards"", ""foreign_data""], ""added_tables"": []}]","[{""seed"": ""cards"", ""neighbour"": ""legalities"", ""added"": true}, {""seed"": ""sets"", ""neighbour"": ""set_translations"", ""added"": true}]",[],"{""cards"": 58, ""sets"": 5}","[""cards""]",[],"[""SELECT"", ""WHERE""]",[],[],"[""cards""]",[],"[""SELECT"", ""DISTINCT"", ""WHERE"", ""ORDER_BY[ASC]""]",[],,
bird_344,card_games,moderate,False,retrieval_complete_mining_abstained_semantic_failure,unknown,,[],[],,e3-f-schema-v4,"[""cards"", ""legalities"", ""sets"", ""foreign_data"", ""rulings"", ""set_translations""]",positive-lexical,"[""cards"", ""legalities"", ""sets"", ""foreign_data""]","[{""from_seed"": ""cards"", ""to_seed"": ""legalities"", ""path"": [""cards"", ""legalities""], ""added_tables"": []}, {""from_seed"": ""cards"", ""to_seed"": ""sets"", ""path"": [""cards"", ""sets""], ""added_tables"": []}, {""from_seed"": ""cards"", ""to_seed"": ""foreign_data"", ""path"": [""cards"", ""foreign_data""], ""added_tables"": []}, {""from_seed"": ""legalities"", ""to_seed"": ""sets"", ""path"": [""legalities"", ""cards"", ""sets""], ""added_tables"": []}, {""from_seed"": ""legalities"", ""to_seed"": ""foreign_data"", ""path"": [""legalities"", ""cards"", ""foreign_data""], ""added_tables"": []}, {""from_seed"": ""sets"", ""to_seed"": ""foreign_data"", ""path"": [""sets"", ""cards"", ""foreign_data""], ""added_tables"": []}]","[{""seed"": ""cards"", ""neighbour"": ""rulings"", ""added"": true}, {""seed"": ""sets"", ""neighbour"": ""set_translations"", ""added"": true}]",[],"{""cards"": 58, ""sets"": 5}","[""cards"", ""legalities""]","[""format"", ""id"", ""rarity"", ""status"", ""uuid""]","[""SELECT"", ""DISTINCT"", ""JOIN[1]"", ""WHERE""]",[],[],"[""cards"", ""legalities""]","[""format"", ""name"", ""rarity"", ""status"", ""uuid""]","[""SELECT"", ""DISTINCT"", ""JOIN[1]"", ""WHERE"", ""ORDER_BY[ASC]""]",[],,
bird_349,card_games,moderate,False,detailed_schema_column_miss_or_compact_index_only,unknown,,[],[],,e3-f-schema-v4,"[""cards"", ""sets"", ""rulings"", ""foreign_data"", ""legalities"", ""set_translations""]",positive-lexical,"[""cards"", ""sets"", ""rulings"", ""foreign_data""]","[{""from_seed"": ""cards"", ""to_seed"": ""sets"", ""path"": [""cards"", ""sets""], ""added_tables"": []}, {""from_seed"": ""cards"", ""to_seed"": ""rulings"", ""path"": [""cards"", ""rulings""], ""added_tables"": []}, {""from_seed"": ""cards"", ""to_seed"": ""foreign_data"", ""path"": [""cards"", ""foreign_data""], ""added_tables"": []}, {""from_seed"": ""sets"", ""to_seed"": ""rulings"", ""path"": [""sets"", ""cards"", ""rulings""], ""added_tables"": []}, {""from_seed"": ""sets"", ""to_seed"": ""foreign_data"", ""path"": [""sets"", ""cards"", ""foreign_data""], ""added_tables"": []}, {""from_seed"": ""rulings"", ""to_seed"": ""foreign_data"", ""path"": [""rulings"", ""cards"", ""foreign_data""], ""added_tables"": []}]","[{""seed"": ""cards"", ""neighbour"": ""legalities"", ""added"": true}, {""seed"": ""sets"", ""neighbour"": ""set_translations"", ""added"": true}]",[],"{""cards"": 58, ""sets"": 5}","[""cards"", ""rulings""]","[""artist"", ""ispromo"", ""name"", ""uuid""]","[""SELECT"", ""AGGREGATE"", ""JOIN[1]"", ""WHERE"", ""GROUP_BY"", ""HAVING"", ""LIMIT"", ""SUBQUERY""]",[],"[""cards.name""]","[""cards"", ""rulings""]","[""artist"", ""ispromo"", ""name"", ""uuid""]","[""SELECT"", ""AGGREGATE"", ""JOIN[2+]"", ""GROUP_BY"", ""HAVING"", ""ORDER_BY[ASC]"", ""SUBQUERY""]",[],,
bird_352,card_games,moderate,False,retrieval_complete_mining_abstained_semantic_failure,unknown,,[],[],,e3-f-schema-v4,"[""set_translations"", ""cards"", ""foreign_data"", ""rulings"", ""sets"", ""legalities""]",positive-lexical,"[""set_translations"", ""cards"", ""foreign_data"", ""rulings""]","[{""from_seed"": ""set_translations"", ""to_seed"": ""cards"", ""path"": [""set_translations"", ""sets"", ""cards""], ""added_tables"": [""sets""]}, {""from_seed"": ""set_translations"", ""to_seed"": ""foreign_data"", ""path"": [""set_translations"", ""sets"", ""cards"", ""foreign_data""], ""added_tables"": []}, {""from_seed"": ""set_translations"", ""to_seed"": ""rulings"", ""path"": [""set_translations"", ""sets"", ""cards"", ""rulings""], ""added_tables"": []}, {""from_seed"": ""cards"", ""to_seed"": ""foreign_data"", ""path"": [""cards"", ""foreign_data""], ""added_tables"": []}, {""from_seed"": ""cards"", ""to_seed"": ""rulings"", ""path"": [""cards"", ""rulings""], ""added_tables"": []}, {""from_seed"": ""foreign_data"", ""to_seed"": ""rulings"", ""path"": [""foreign_data"", ""cards"", ""rulings""], ""added_tables"": []}]","[{""seed"": ""cards"", ""neighbour"": ""legalities"", ""added"": true}]",[],"{""cards"": 58, ""sets"": 5}","[""cards"", ""foreign_data""]","[""id"", ""language"", ""uuid""]","[""SELECT"", ""AGGREGATE"", ""JOIN[1]"", ""CONDITIONAL""]",[],[],"[""set_translations""]",[],"[""SELECT"", ""AGGREGATE"", ""CONDITIONAL""]",[],,
bird_358,card_games,simple,True,correct,unknown,,[],[],,e3-f-schema-v4,"[""cards"", ""sets"", ""foreign_data"", ""rulings"", ""legalities"", ""set_translations""]",positive-lexical,"[""cards"", ""sets"", ""foreign_data"", ""rulings""]","[{""from_seed"": ""cards"", ""to_seed"": ""sets"", ""path"": [""cards"", ""sets""], ""added_tables"": []}, {""from_seed"": ""cards"", ""to_seed"": ""foreign_data"", ""path"": [""cards"", ""foreign_data""], ""added_tables"": []}, {""from_seed"": ""cards"", ""to_seed"": ""rulings"", ""path"": [""cards"", ""rulings""], ""added_tables"": []}, {""from_seed"": ""sets"", ""to_seed"": ""foreign_data"", ""path"": [""sets"", ""cards"", ""foreign_data""], ""added_tables"": []}, {""from_seed"": ""sets"", ""to_seed"": ""rulings"", ""path"": [""sets"", ""cards"", ""rulings""], ""added_tables"": []}, {""from_seed"": ""foreign_data"", ""to_seed"": ""rulings"", ""path"": [""foreign_data"", ""cards"", ""rulings""], ""added_tables"": []}]","[{""seed"": ""cards"", ""neighbour"": ""legalities"", ""added"": true}, {""seed"": ""sets"", ""neighbour"": ""set_translations"", ""added"": true}]",[],"{""cards"": 58, ""sets"": 5}","[""cards""]",[],"[""SELECT"", ""DISTINCT"", ""WHERE""]",[],[],"[""cards""]",[],"[""SELECT"", ""DISTINCT"", ""WHERE""]",[],,
bird_371,card_games,challenging,False,retrieval_complete_mining_abstained_semantic_failure,unknown,,[],[],,e3-f-schema-v4,"[""cards"", ""foreign_data"", ""set_translations"", ""rulings"", ""sets"", ""legalities""]",positive-lexical,"[""cards"", ""foreign_data"", ""set_translations"", ""rulings""]","[{""from_seed"": ""cards"", ""to_seed"": ""foreign_data"", ""path"": [""cards"", ""foreign_data""], ""added_tables"": []}, {""from_seed"": ""cards"", ""to_seed"": ""set_translations"", ""path"": [""cards"", ""sets"", ""set_translations""], ""added_tables"": [""sets""]}, {""from_seed"": ""cards"", ""to_seed"": ""rulings"", ""path"": [""cards"", ""rulings""], ""added_tables"": []}, {""from_seed"": ""foreign_data"", ""to_seed"": ""set_translations"", ""path"": [""foreign_data"", ""cards"", ""sets"", ""set_translations""], ""added_tables"": []}, {""from_seed"": ""foreign_data"", ""to_seed"": ""rulings"", ""path"": [""foreign_data"", ""cards"", ""rulings""], ""added_tables"": []}, {""from_seed"": ""set_translations"", ""to_seed"": ""rulings"", ""path"": [""set_translations"", ""sets"", ""cards"", ""rulings""], ""added_tables"": []}]","[{""seed"": ""cards"", ""neighbour"": ""legalities"", ""added"": true}]",[],"{""cards"": 58, ""sets"": 5}","[""cards"", ""foreign_data""]","[""id"", ""isstoryspotlight"", ""language"", ""uuid""]","[""SELECT"", ""AGGREGATE"", ""JOIN[1]"", ""WHERE"", ""CONDITIONAL""]",[],[],"[""cards"", ""foreign_data""]","[""id"", ""isstoryspotlight"", ""language"", ""uuid""]","[""SELECT"", ""AGGREGATE"", ""JOIN[1]"", ""WHERE"", ""CONDITIONAL""]",[],,
bird_377,card_games,simple,True,correct,unknown,,[],[],,e3-f-schema-v4,"[""cards"", ""sets"", ""foreign_data"", ""rulings"", ""legalities"", ""set_translations""]",positive-lexical,"[""cards"", ""sets"", ""foreign_data"", ""rulings""]","[{""from_seed"": ""cards"", ""to_seed"": ""sets"", ""path"": [""cards"", ""sets""], ""added_tables"": []}, {""from_seed"": ""cards"", ""to_seed"": ""foreign_data"", ""path"": [""cards"", ""foreign_data""], ""added_tables"": []}, {""from_seed"": ""cards"", ""to_seed"": ""rulings"", ""path"": [""cards"", ""rulings""], ""added_tables"": []}, {""from_seed"": ""sets"", ""to_seed"": ""foreign_data"", ""path"": [""sets"", ""cards"", ""foreign_data""], ""added_tables"": []}, {""from_seed"": ""sets"", ""to_seed"": ""rulings"", ""path"": [""sets"", ""cards"", ""rulings""], ""added_tables"": []}, {""from_seed"": ""foreign_data"", ""to_seed"": ""rulings"", ""path"": [""foreign_data"", ""cards"", ""rulings""], ""added_tables"": []}]","[{""seed"": ""cards"", ""neighbour"": ""legalities"", ""added"": true}, {""seed"": ""sets"", ""neighbour"": ""set_translations"", ""added"": true}]",[],"{""cards"": 58, ""sets"": 5}","[""cards""]",[],"[""SELECT"", ""AGGREGATE"", ""WHERE""]",[],[],"[""cards""]",[],"[""SELECT"", ""AGGREGATE"", ""WHERE""]",[],,
bird_379,card_games,simple,True,correct,unknown,,[],[],,e3-f-schema-v4,"[""cards"", ""sets"", ""legalities"", ""foreign_data"", ""rulings"", ""set_translations""]",positive-lexical,"[""cards"", ""sets"", ""legalities"", ""foreign_data""]","[{""from_seed"": ""cards"", ""to_seed"": ""sets"", ""path"": [""cards"", ""sets""], ""added_tables"": []}, {""from_seed"": ""cards"", ""to_seed"": ""legalities"", ""path"": [""cards"", ""legalities""], ""added_tables"": []}, {""from_seed"": ""cards"", ""to_seed"": ""foreign_data"", ""path"": [""cards"", ""foreign_data""], ""added_tables"": []}, {""from_seed"": ""sets"", ""to_seed"": ""legalities"", ""path"": [""sets"", ""cards"", ""legalities""], ""added_tables"": []}, {""from_seed"": ""sets"", ""to_seed"": ""foreign_data"", ""path"": [""sets"", ""cards"", ""foreign_data""], ""added_tables"": []}, {""from_seed"": ""legalities"", ""to_seed"": ""foreign_data"", ""path"": [""legalities"", ""cards"", ""foreign_data""], ""added_tables"": []}]","[{""seed"": ""cards"", ""neighbour"": ""rulings"", ""added"": true}, {""seed"": ""sets"", ""neighbour"": ""set_translations"", ""added"": true}]",[],"{""cards"": 58, ""sets"": 5}","[""cards""]",[],"[""SELECT"", ""WHERE""]",[],[],"[""cards""]",[],"[""SELECT"", ""WHERE""]",[],,
bird_391,card_games,moderate,True,correct,unknown,,[],[],,e3-f-schema-v4,"[""cards"", ""sets"", ""foreign_data"", ""set_translations"", ""legalities""]",positive-lexical,"[""cards"", ""sets"", ""foreign_data"", ""set_translations""]","[{""from_seed"": ""cards"", ""to_seed"": ""sets"", ""path"": [""cards"", ""sets""], ""added_tables"": []}, {""from_seed"": ""cards"", ""to_seed"": ""foreign_data"", ""path"": [""cards"", ""foreign_data""], ""added_tables"": []}, {""from_seed"": ""cards"", ""to_seed"": ""set_translations"", ""path"": [""cards"", ""sets"", ""set_translations""], ""added_tables"": []}, {""from_seed"": ""sets"", ""to_seed"": ""foreign_data"", ""path"": [""sets"", ""cards"", ""foreign_data""], ""added_tables"": []}, {""from_seed"": ""sets"", ""to_seed"": ""set_translations"", ""path"": [""sets"", ""set_translations""], ""added_tables"": []}, {""from_seed"": ""foreign_data"", ""to_seed"": ""set_translations"", ""path"": [""foreign_data"", ""cards"", ""sets"", ""set_translations""], ""added_tables"": []}]","[{""seed"": ""cards"", ""neighbour"": ""legalities"", ""added"": true}]","[{""table"": ""rulings"", ""lexical_score"": 1, ""selection_reasons"": [], ""truncation_reason"": ""not_reached_before_max_tables_budget""}]","{""cards"": 58, ""sets"": 5}","[""cards"", ""foreign_data""]","[""colors"", ""name"", ""originaltype"", ""uuid""]","[""SELECT"", ""DISTINCT"", ""JOIN[1]"", ""WHERE""]",[],"[""cards.name""]","[""cards"", ""foreign_data""]","[""colors"", ""name"", ""originaltype"", ""uuid""]","[""SELECT"", ""DISTINCT"", ""JOIN[1]"", ""WHERE"", ""ORDER_BY[ASC]""]",[],,
bird_397,card_games,moderate,True,correct,unknown,,[],[],,e3-f-schema-v4,"[""cards"", ""sets"", ""foreign_data"", ""legalities"", ""rulings"", ""set_translations""]",positive-lexical,"[""cards"", ""sets"", ""foreign_data"", ""legalities""]","[{""from_seed"": ""cards"", ""to_seed"": ""sets"", ""path"": [""cards"", ""sets""], ""added_tables"": []}, {""from_seed"": ""cards"", ""to_seed"": ""foreign_data"", ""path"": [""cards"", ""foreign_data""], ""added_tables"": []}, {""from_seed"": ""cards"", ""to_seed"": ""legalities"", ""path"": [""cards"", ""legalities""], ""added_tables"": []}, {""from_seed"": ""sets"", ""to_seed"": ""foreign_data"", ""path"": [""sets"", ""cards"", ""foreign_data""], ""added_tables"": []}, {""from_seed"": ""sets"", ""to_seed"": ""legalities"", ""path"": [""sets"", ""cards"", ""legalities""], ""added_tables"": []}, {""from_seed"": ""foreign_data"", ""to_seed"": ""legalities"", ""path"": [""foreign_data"", ""cards"", ""legalities""], ""added_tables"": []}]","[{""seed"": ""cards"", ""neighbour"": ""rulings"", ""added"": true}, {""seed"": ""sets"", ""neighbour"": ""set_translations"", ""added"": true}]",[],"{""cards"": 58, ""sets"": 5}","[""cards""]",[],"[""SELECT"", ""WHERE""]",[],[],"[""cards""]",[],"[""SELECT"", ""WHERE""]",[],,
bird_402,card_games,moderate,False,retrieval_complete_mining_abstained_semantic_failure,unknown,,[],[],,e3-f-schema-v4,"[""cards"", ""rulings"", ""sets"", ""foreign_data"", ""legalities"", ""set_translations""]",positive-lexical,"[""cards"", ""rulings"", ""sets"", ""foreign_data""]","[{""from_seed"": ""cards"", ""to_seed"": ""rulings"", ""path"": [""cards"", ""rulings""], ""added_tables"": []}, {""from_seed"": ""cards"", ""to_seed"": ""sets"", ""path"": [""cards"", ""sets""], ""added_tables"": []}, {""from_seed"": ""cards"", ""to_seed"": ""foreign_data"", ""path"": [""cards"", ""foreign_data""], ""added_tables"": []}, {""from_seed"": ""rulings"", ""to_seed"": ""sets"", ""path"": [""rulings"", ""cards"", ""sets""], ""added_tables"": []}, {""from_seed"": ""rulings"", ""to_seed"": ""foreign_data"", ""path"": [""rulings"", ""cards"", ""foreign_data""], ""added_tables"": []}, {""from_seed"": ""sets"", ""to_seed"": ""foreign_data"", ""path"": [""sets"", ""cards"", ""foreign_data""], ""added_tables"": []}]","[{""seed"": ""cards"", ""neighbour"": ""legalities"", ""added"": true}, {""seed"": ""sets"", ""neighbour"": ""set_translations"", ""added"": true}]",[],"{""cards"": 58, ""sets"": 5}","[""cards""]",[],"[""SELECT"", ""AGGREGATE"", ""CONDITIONAL""]",[],[],"[""cards""]","[""id"", ""isstoryspotlight"", ""istextless""]","[""SELECT"", ""AGGREGATE"", ""JOIN[1]"", ""WHERE"", ""ORDER_BY[ASC]"", ""CONDITIONAL"", ""CTE""]",[],,
bird_408,card_games,moderate,False,retrieval_complete_mining_abstained_semantic_failure,unknown,,[],[],,e3-f-schema-v4,"[""cards"", ""rulings"", ""foreign_data"", ""sets"", ""legalities"", ""set_translations""]",positive-lexical,"[""cards"", ""rulings"", ""foreign_data"", ""sets""]","[{""from_seed"": ""cards"", ""to_seed"": ""rulings"", ""path"": [""cards"", ""rulings""], ""added_tables"": []}, {""from_seed"": ""cards"", ""to_seed"": ""foreign_data"", ""path"": [""cards"", ""foreign_data""], ""added_tables"": []}, {""from_seed"": ""cards"", ""to_seed"": ""sets"", ""path"": [""cards"", ""sets""], ""added_tables"": []}, {""from_seed"": ""rulings"", ""to_seed"": ""foreign_data"", ""path"": [""rulings"", ""cards"", ""foreign_data""], ""added_tables"": []}, {""from_seed"": ""rulings"", ""to_seed"": ""sets"", ""path"": [""rulings"", ""cards"", ""sets""], ""added_tables"": []}, {""from_seed"": ""foreign_data"", ""to_seed"": ""sets"", ""path"": [""foreign_data"", ""cards"", ""sets""], ""added_tables"": []}]","[{""seed"": ""cards"", ""neighbour"": ""legalities"", ""added"": true}, {""seed"": ""sets"", ""neighbour"": ""set_translations"", ""added"": true}]",[],"{""cards"": 58, ""sets"": 5}","[""cards"", ""rulings""]","[""id"", ""power"", ""text"", ""uuid""]","[""SELECT"", ""AGGREGATE"", ""JOIN[1]"", ""WHERE""]",[],[],"[""cards""]",[],"[""SELECT"", ""AGGREGATE"", ""WHERE""]",[],,
bird_459,card_games,moderate,True,correct,unknown,,[],[],,e3-f-schema-v4,"[""cards"", ""sets"", ""foreign_data"", ""legalities"", ""rulings"", ""set_translations""]",positive-lexical,"[""cards"", ""sets"", ""foreign_data"", ""legalities""]","[{""from_seed"": ""cards"", ""to_seed"": ""sets"", ""path"": [""cards"", ""sets""], ""added_tables"": []}, {""from_seed"": ""cards"", ""to_seed"": ""foreign_data"", ""path"": [""cards"", ""foreign_data""], ""added_tables"": []}, {""from_seed"": ""cards"", ""to_seed"": ""legalities"", ""path"": [""cards"", ""legalities""], ""added_tables"": []}, {""from_seed"": ""sets"", ""to_seed"": ""foreign_data"", ""path"": [""sets"", ""cards"", ""foreign_data""], ""added_tables"": []}, {""from_seed"": ""sets"", ""to_seed"": ""legalities"", ""path"": [""sets"", ""cards"", ""legalities""], ""added_tables"": []}, {""from_seed"": ""foreign_data"", ""to_seed"": ""legalities"", ""path"": [""foreign_data"", ""cards"", ""legalities""], ""added_tables"": []}]","[{""seed"": ""cards"", ""neighbour"": ""rulings"", ""added"": true}, {""seed"": ""sets"", ""neighbour"": ""set_translations"", ""added"": true}]",[],"{""cards"": 58, ""sets"": 5}","[""cards""]",[],"[""SELECT"", ""WHERE"", ""ORDER_BY[DESC]"", ""LIMIT""]",[],[],"[""cards""]",[],"[""SELECT"", ""AGGREGATE"", ""WHERE"", ""CONDITIONAL"", ""SUBQUERY""]",[],,
bird_462,card_games,moderate,True,correct,unknown,,[],[],,e3-f-schema-v4,"[""cards"", ""foreign_data"", ""set_translations"", ""sets"", ""legalities""]",positive-lexical,"[""cards"", ""foreign_data"", ""set_translations"", ""sets""]","[{""from_seed"": ""cards"", ""to_seed"": ""foreign_data"", ""path"": [""cards"", ""foreign_data""], ""added_tables"": []}, {""from_seed"": ""cards"", ""to_seed"": ""set_translations"", ""path"": [""cards"", ""sets"", ""set_translations""], ""added_tables"": []}, {""from_seed"": ""cards"", ""to_seed"": ""sets"", ""path"": [""cards"", ""sets""], ""added_tables"": []}, {""from_seed"": ""foreign_data"", ""to_seed"": ""set_translations"", ""path"": [""foreign_data"", ""cards"", ""sets"", ""set_translations""], ""added_tables"": []}, {""from_seed"": ""foreign_data"", ""to_seed"": ""sets"", ""path"": [""foreign_data"", ""cards"", ""sets""], ""added_tables"": []}, {""from_seed"": ""set_translations"", ""to_seed"": ""sets"", ""path"": [""set_translations"", ""sets""], ""added_tables"": []}]","[{""seed"": ""cards"", ""neighbour"": ""legalities"", ""added"": true}]","[{""table"": ""rulings"", ""lexical_score"": 1, ""selection_reasons"": [], ""truncation_reason"": ""not_reached_before_max_tables_budget""}]","{""cards"": 58, ""sets"": 5}","[""cards"", ""set_translations""]",[],"[""SELECT"", ""WHERE"", ""SUBQUERY""]",[],[],"[""cards"", ""set_translations""]","[""language"", ""name"", ""setcode"", ""translation""]","[""SELECT"", ""DISTINCT"", ""JOIN[1]"", ""WHERE""]",[],,
bird_465,card_games,moderate,False,retrieval_complete_mining_abstained_semantic_failure,unknown,,[],[],,e3-f-schema-v4,"[""cards"", ""sets"", ""foreign_data"", ""set_translations"", ""rulings""]",positive-lexical,"[""cards"", ""sets"", ""foreign_data"", ""set_translations""]","[{""from_seed"": ""cards"", ""to_seed"": ""sets"", ""path"": [""cards"", ""sets""], ""added_tables"": []}, {""from_seed"": ""cards"", ""to_seed"": ""foreign_data"", ""path"": [""cards"", ""foreign_data""], ""added_tables"": []}, {""from_seed"": ""cards"", ""to_seed"": ""set_translations"", ""path"": [""cards"", ""sets"", ""set_translations""], ""added_tables"": []}, {""from_seed"": ""sets"", ""to_seed"": ""foreign_data"", ""path"": [""sets"", ""cards"", ""foreign_data""], ""added_tables"": []}, {""from_seed"": ""sets"", ""to_seed"": ""set_translations"", ""path"": [""sets"", ""set_translations""], ""added_tables"": []}, {""from_seed"": ""foreign_data"", ""to_seed"": ""set_translations"", ""path"": [""foreign_data"", ""cards"", ""sets"", ""set_translations""], ""added_tables"": []}]","[{""seed"": ""cards"", ""neighbour"": ""rulings"", ""added"": true}]","[{""table"": ""legalities"", ""lexical_score"": 1, ""selection_reasons"": [], ""truncation_reason"": ""not_reached_before_max_tables_budget""}]","{""cards"": 58, ""sets"": 5}","[""cards"", ""set_translations""]","[""language"", ""name"", ""setcode"", ""translation""]","[""SELECT"", ""AGGREGATE"", ""JOIN[1]"", ""WHERE"", ""CONDITIONAL""]",[],[],"[""cards"", ""foreign_data""]","[""language"", ""name"", ""uuid""]","[""SELECT"", ""JOIN[1]"", ""WHERE"", ""CONDITIONAL""]",[],,
bird_469,card_games,moderate,False,retrieval_complete_mining_abstained_semantic_failure,unknown,,[],[],,e3-f-schema-v4,"[""cards"", ""sets"", ""set_translations"", ""foreign_data"", ""rulings""]",positive-lexical,"[""cards"", ""sets"", ""set_translations"", ""foreign_data""]","[{""from_seed"": ""cards"", ""to_seed"": ""sets"", ""path"": [""cards"", ""sets""], ""added_tables"": []}, {""from_seed"": ""cards"", ""to_seed"": ""set_translations"", ""path"": [""cards"", ""sets"", ""set_translations""], ""added_tables"": []}, {""from_seed"": ""cards"", ""to_seed"": ""foreign_data"", ""path"": [""cards"", ""foreign_data""], ""added_tables"": []}, {""from_seed"": ""sets"", ""to_seed"": ""set_translations"", ""path"": [""sets"", ""set_translations""], ""added_tables"": []}, {""from_seed"": ""sets"", ""to_seed"": ""foreign_data"", ""path"": [""sets"", ""cards"", ""foreign_data""], ""added_tables"": []}, {""from_seed"": ""set_translations"", ""to_seed"": ""foreign_data"", ""path"": [""set_translations"", ""sets"", ""cards"", ""foreign_data""], ""added_tables"": []}]","[{""seed"": ""cards"", ""neighbour"": ""rulings"", ""added"": true}]","[{""table"": ""legalities"", ""lexical_score"": 1, ""selection_reasons"": [], ""truncation_reason"": ""not_reached_before_max_tables_budget""}]","{""cards"": 58, ""sets"": 5}","[""cards"", ""sets""]","[""code"", ""mtgocode"", ""name"", ""setcode""]","[""SELECT"", ""JOIN[1]"", ""WHERE""]",[],[],"[""cards"", ""sets""]","[""code"", ""mtgocode"", ""name"", ""setcode""]","[""SELECT"", ""JOIN[1]"", ""WHERE"", ""CONDITIONAL""]",[],,
bird_474,card_games,moderate,False,retrieval_complete_mining_abstained_semantic_failure,unknown,,[],[],,e3-f-schema-v4,"[""cards"", ""sets"", ""set_translations"", ""foreign_data"", ""rulings""]",positive-lexical,"[""cards"", ""sets"", ""set_translations"", ""foreign_data""]","[{""from_seed"": ""cards"", ""to_seed"": ""sets"", ""path"": [""cards"", ""sets""], ""added_tables"": []}, {""from_seed"": ""cards"", ""to_seed"": ""set_translations"", ""path"": [""cards"", ""sets"", ""set_translations""], ""added_tables"": []}, {""from_seed"": ""cards"", ""to_seed"": ""foreign_data"", ""path"": [""cards"", ""foreign_data""], ""added_tables"": []}, {""from_seed"": ""sets"", ""to_seed"": ""set_translations"", ""path"": [""sets"", ""set_translations""], ""added_tables"": []}, {""from_seed"": ""sets"", ""to_seed"": ""foreign_data"", ""path"": [""sets"", ""cards"", ""foreign_data""], ""added_tables"": []}, {""from_seed"": ""set_translations"", ""to_seed"": ""foreign_data"", ""path"": [""set_translations"", ""sets"", ""cards"", ""foreign_data""], ""added_tables"": []}]","[{""seed"": ""cards"", ""neighbour"": ""rulings"", ""added"": true}]","[{""table"": ""legalities"", ""lexical_score"": 1, ""selection_reasons"": [], ""truncation_reason"": ""not_reached_before_max_tables_budget""}]","{""cards"": 58, ""sets"": 5}","[""set_translations"", ""sets""]","[""basesetsize"", ""code"", ""id"", ""language"", ""setcode"", ""translation""]","[""SELECT"", ""AGGREGATE"", ""JOIN[1]"", ""WHERE""]",[],[],"[""set_translations"", ""sets""]","[""basesetsize"", ""code"", ""language"", ""setcode"", ""translation""]","[""SELECT"", ""AGGREGATE"", ""JOIN[1]"", ""WHERE""]",[],,
bird_480,card_games,moderate,True,correct,unknown,,[],[],,e3-f-schema-v4,"[""cards"", ""foreign_data"", ""set_translations"", ""rulings"", ""sets"", ""legalities""]",positive-lexical,"[""cards"", ""foreign_data"", ""set_translations"", ""rulings""]","[{""from_seed"": ""cards"", ""to_seed"": ""foreign_data"", ""path"": [""cards"", ""foreign_data""], ""added_tables"": []}, {""from_seed"": ""cards"", ""to_seed"": ""set_translations"", ""path"": [""cards"", ""sets"", ""set_translations""], ""added_tables"": [""sets""]}, {""from_seed"": ""cards"", ""to_seed"": ""rulings"", ""path"": [""cards"", ""rulings""], ""added_tables"": []}, {""from_seed"": ""foreign_data"", ""to_seed"": ""set_translations"", ""path"": [""foreign_data"", ""cards"", ""sets"", ""set_translations""], ""added_tables"": []}, {""from_seed"": ""foreign_data"", ""to_seed"": ""rulings"", ""path"": [""foreign_data"", ""cards"", ""rulings""], ""added_tables"": []}, {""from_seed"": ""set_translations"", ""to_seed"": ""rulings"", ""path"": [""set_translations"", ""sets"", ""cards"", ""rulings""], ""added_tables"": []}]","[{""seed"": ""cards"", ""neighbour"": ""legalities"", ""added"": true}]",[],"{""cards"": 58, ""sets"": 5}","[""cards"", ""foreign_data""]","[""flavortext"", ""language"", ""name"", ""uuid""]","[""SELECT"", ""JOIN[1]"", ""WHERE""]",[],[],"[""cards"", ""foreign_data""]","[""flavortext"", ""language"", ""name"", ""uuid""]","[""SELECT"", ""JOIN[1]"", ""WHERE""]",[],,
bird_484,card_games,moderate,False,detailed_schema_column_miss_or_compact_index_only,unknown,,[],[],,e3-f-schema-v4,"[""cards"", ""foreign_data"", ""set_translations"", ""sets"", ""legalities""]",positive-lexical,"[""cards"", ""foreign_data"", ""set_translations"", ""sets""]","[{""from_seed"": ""cards"", ""to_seed"": ""foreign_data"", ""path"": [""cards"", ""foreign_data""], ""added_tables"": []}, {""from_seed"": ""cards"", ""to_seed"": ""set_translations"", ""path"": [""cards"", ""sets"", ""set_translations""], ""added_tables"": []}, {""from_seed"": ""cards"", ""to_seed"": ""sets"", ""path"": [""cards"", ""sets""], ""added_tables"": []}, {""from_seed"": ""foreign_data"", ""to_seed"": ""set_translations"", ""path"": [""foreign_data"", ""cards"", ""sets"", ""set_translations""], ""added_tables"": []}, {""from_seed"": ""foreign_data"", ""to_seed"": ""sets"", ""path"": [""foreign_data"", ""cards"", ""sets""], ""added_tables"": []}, {""from_seed"": ""set_translations"", ""to_seed"": ""sets"", ""path"": [""set_translations"", ""sets""], ""added_tables"": []}]","[{""seed"": ""cards"", ""neighbour"": ""legalities"", ""added"": true}]","[{""table"": ""rulings"", ""lexical_score"": 1, ""selection_reasons"": [], ""truncation_reason"": ""not_reached_before_max_tables_budget""}]","{""cards"": 58, ""sets"": 5}","[""cards"", ""foreign_data"", ""sets""]","[""code"", ""convertedmanacost"", ""language"", ""name"", ""setcode"", ""uuid""]","[""SELECT"", ""JOIN[2+]"", ""WHERE"", ""ORDER_BY[DESC]""]",[],"[""cards.name""]","[""cards"", ""foreign_data"", ""sets""]","[""code"", ""convertedmanacost"", ""language"", ""name"", ""setcode"", ""uuid""]","[""SELECT"", ""DISTINCT"", ""AGGREGATE"", ""JOIN[2+]"", ""WHERE"", ""SUBQUERY""]",[],,
bird_486,card_games,moderate,False,retrieval_complete_mining_abstained_semantic_failure,unknown,,[],[],,e3-f-schema-v4,"[""cards"", ""sets"", ""foreign_data"", ""set_translations"", ""legalities""]",positive-lexical,"[""cards"", ""sets"", ""foreign_data"", ""set_translations""]","[{""from_seed"": ""cards"", ""to_seed"": ""sets"", ""path"": [""cards"", ""sets""], ""added_tables"": []}, {""from_seed"": ""cards"", ""to_seed"": ""foreign_data"", ""path"": [""cards"", ""foreign_data""], ""added_tables"": []}, {""from_seed"": ""cards"", ""to_seed"": ""set_translations"", ""path"": [""cards"", ""sets"", ""set_translations""], ""added_tables"": []}, {""from_seed"": ""sets"", ""to_seed"": ""foreign_data"", ""path"": [""sets"", ""cards"", ""foreign_data""], ""added_tables"": []}, {""from_seed"": ""sets"", ""to_seed"": ""set_translations"", ""path"": [""sets"", ""set_translations""], ""added_tables"": []}, {""from_seed"": ""foreign_data"", ""to_seed"": ""set_translations"", ""path"": [""foreign_data"", ""cards"", ""sets"", ""set_translations""], ""added_tables"": []}]","[{""seed"": ""cards"", ""neighbour"": ""legalities"", ""added"": true}]","[{""table"": ""rulings"", ""lexical_score"": 1, ""selection_reasons"": [], ""truncation_reason"": ""not_reached_before_max_tables_budget""}]","{""cards"": 58, ""sets"": 5}","[""cards"", ""sets""]","[""code"", ""convertedmanacost"", ""id"", ""name"", ""setcode""]","[""SELECT"", ""AGGREGATE"", ""JOIN[1]"", ""WHERE"", ""CONDITIONAL""]",[],[],"[""cards"", ""sets""]","[""code"", ""convertedmanacost"", ""name"", ""setcode""]","[""SELECT"", ""AGGREGATE"", ""JOIN[1]"", ""WHERE""]",[],,
bird_518,card_games,moderate,False,retrieval_complete_mining_abstained_semantic_failure,unknown,,[],[],,e3-f-schema-v4,"[""cards"", ""legalities"", ""sets"", ""foreign_data"", ""rulings"", ""set_translations""]",positive-lexical,"[""cards"", ""legalities"", ""sets"", ""foreign_data""]","[{""from_seed"": ""cards"", ""to_seed"": ""legalities"", ""path"": [""cards"", ""legalities""], ""added_tables"": []}, {""from_seed"": ""cards"", ""to_seed"": ""sets"", ""path"": [""cards"", ""sets""], ""added_tables"": []}, {""from_seed"": ""cards"", ""to_seed"": ""foreign_data"", ""path"": [""cards"", ""foreign_data""], ""added_tables"": []}, {""from_seed"": ""legalities"", ""to_seed"": ""sets"", ""path"": [""legalities"", ""cards"", ""sets""], ""added_tables"": []}, {""from_seed"": ""legalities"", ""to_seed"": ""foreign_data"", ""path"": [""legalities"", ""cards"", ""foreign_data""], ""added_tables"": []}, {""from_seed"": ""sets"", ""to_seed"": ""foreign_data"", ""path"": [""sets"", ""cards"", ""foreign_data""], ""added_tables"": []}]","[{""seed"": ""cards"", ""neighbour"": ""rulings"", ""added"": true}, {""seed"": ""sets"", ""neighbour"": ""set_translations"", ""added"": true}]",[],"{""cards"": 58, ""sets"": 5}","[""cards"", ""legalities""]","[""format"", ""name"", ""status"", ""uuid""]","[""SELECT"", ""AGGREGATE"", ""JOIN[2+]"", ""WHERE"", ""GROUP_BY"", ""ORDER_BY[DESC]"", ""LIMIT"", ""CTE""]",[],[],"[""cards"", ""legalities""]","[""format"", ""name"", ""status"", ""uuid""]","[""SELECT"", ""AGGREGATE"", ""JOIN[1]"", ""WHERE"", ""GROUP_BY"", ""ORDER_BY[ASC]"", ""SUBQUERY"", ""CTE""]",[],,
bird_529,card_games,moderate,False,retrieval_complete_mining_abstained_semantic_failure,unknown,,[],[],,e3-f-schema-v4,"[""cards"", ""sets"", ""foreign_data"", ""set_translations"", ""rulings""]",positive-lexical,"[""cards"", ""sets"", ""foreign_data"", ""set_translations""]","[{""from_seed"": ""cards"", ""to_seed"": ""sets"", ""path"": [""cards"", ""sets""], ""added_tables"": []}, {""from_seed"": ""cards"", ""to_seed"": ""foreign_data"", ""path"": [""cards"", ""foreign_data""], ""added_tables"": []}, {""from_seed"": ""cards"", ""to_seed"": ""set_translations"", ""path"": [""cards"", ""sets"", ""set_translations""], ""added_tables"": []}, {""from_seed"": ""sets"", ""to_seed"": ""foreign_data"", ""path"": [""sets"", ""cards"", ""foreign_data""], ""added_tables"": []}, {""from_seed"": ""sets"", ""to_seed"": ""set_translations"", ""path"": [""sets"", ""set_translations""], ""added_tables"": []}, {""from_seed"": ""foreign_data"", ""to_seed"": ""set_translations"", ""path"": [""foreign_data"", ""cards"", ""sets"", ""set_translations""], ""added_tables"": []}]","[{""seed"": ""cards"", ""neighbour"": ""rulings"", ""added"": true}]","[{""table"": ""legalities"", ""lexical_score"": 1, ""selection_reasons"": [], ""truncation_reason"": ""not_reached_before_max_tables_budget""}]","{""cards"": 58, ""sets"": 5}","[""set_translations"", ""sets""]",[],"[""SELECT"", ""WHERE"", ""SUBQUERY""]",[],[],"[""set_translations"", ""sets""]","[""code"", ""language"", ""name"", ""setcode""]","[""SELECT"", ""DISTINCT"", ""JOIN[1]"", ""WHERE"", ""ORDER_BY[ASC]""]",[],,
bird_530,card_games,moderate,False,detailed_schema_column_miss_or_compact_index_only,unknown,,[],[],,e3-f-schema-v4,"[""cards"", ""legalities"", ""foreign_data"", ""rulings"", ""sets""]",positive-lexical,"[""cards"", ""legalities"", ""foreign_data"", ""rulings""]","[{""from_seed"": ""cards"", ""to_seed"": ""legalities"", ""path"": [""cards"", ""legalities""], ""added_tables"": []}, {""from_seed"": ""cards"", ""to_seed"": ""foreign_data"", ""path"": [""cards"", ""foreign_data""], ""added_tables"": []}, {""from_seed"": ""cards"", ""to_seed"": ""rulings"", ""path"": [""cards"", ""rulings""], ""added_tables"": []}, {""from_seed"": ""legalities"", ""to_seed"": ""foreign_data"", ""path"": [""legalities"", ""cards"", ""foreign_data""], ""added_tables"": []}, {""from_seed"": ""legalities"", ""to_seed"": ""rulings"", ""path"": [""legalities"", ""cards"", ""rulings""], ""added_tables"": []}, {""from_seed"": ""foreign_data"", ""to_seed"": ""rulings"", ""path"": [""foreign_data"", ""cards"", ""rulings""], ""added_tables"": []}]","[{""seed"": ""cards"", ""neighbour"": ""sets"", ""added"": true}]","[{""table"": ""set_translations"", ""lexical_score"": 1, ""selection_reasons"": [], ""truncation_reason"": ""not_reached_before_max_tables_budget""}]","{""cards"": 58, ""sets"": 5}","[""cards"", ""legalities""]","[""artist"", ""frameversion"", ""name"", ""status"", ""uuid""]","[""SELECT"", ""DISTINCT"", ""JOIN[1]"", ""WHERE""]",[],"[""cards.name""]","[""cards"", ""legalities""]","[""artist"", ""frameversion"", ""name"", ""uuid""]","[""SELECT"", ""DISTINCT"", ""JOIN[1]"", ""WHERE"", ""ORDER_BY[ASC]"", ""SUBQUERY""]",[],,
bird_197,toxicology,moderate,False,retrieval_complete_mining_abstained_semantic_failure,unknown,,[],[],,e3-f-schema-v4,"[""bond"", ""atom"", ""connected"", ""molecule""]",positive-lexical,"[""bond"", ""atom"", ""connected"", ""molecule""]","[{""from_seed"": ""bond"", ""to_seed"": ""atom"", ""path"": [""bond"", ""connected"", ""atom""], ""added_tables"": []}, {""from_seed"": ""bond"", ""to_seed"": ""connected"", ""path"": [""bond"", ""connected""], ""added_tables"": []}, {""from_seed"": ""bond"", ""to_seed"": ""molecule"", ""path"": [""bond"", ""molecule""], ""added_tables"": []}, {""from_seed"": ""atom"", ""to_seed"": ""connected"", ""path"": [""atom"", ""connected""], ""added_tables"": []}, {""from_seed"": ""atom"", ""to_seed"": ""molecule"", ""path"": [""atom"", ""molecule""], ""added_tables"": []}, {""from_seed"": ""connected"", ""to_seed"": ""molecule"", ""path"": [""connected"", ""atom"", ""molecule""], ""added_tables"": []}]",[],[],{},"[""atom"", ""bond""]","[""bond_type"", ""element"", ""molecule_id""]","[""SELECT"", ""AGGREGATE"", ""JOIN[1]"", ""WHERE"", ""GROUP_BY"", ""SUBQUERY""]",[],[],"[""atom"", ""bond""]","[""bond_type"", ""element"", ""molecule_id""]","[""SELECT"", ""AGGREGATE"", ""WHERE"", ""SUBQUERY""]",[],,
bird_198,toxicology,challenging,False,retrieval_complete_mining_abstained_semantic_failure,unknown,,[],[],,e3-f-schema-v4,"[""bond"", ""molecule"", ""atom"", ""connected""]",positive-lexical,"[""bond"", ""molecule"", ""atom"", ""connected""]","[{""from_seed"": ""bond"", ""to_seed"": ""molecule"", ""path"": [""bond"", ""molecule""], ""added_tables"": []}, {""from_seed"": ""bond"", ""to_seed"": ""atom"", ""path"": [""bond"", ""connected"", ""atom""], ""added_tables"": []}, {""from_seed"": ""bond"", ""to_seed"": ""connected"", ""path"": [""bond"", ""connected""], ""added_tables"": []}, {""from_seed"": ""molecule"", ""to_seed"": ""atom"", ""path"": [""molecule"", ""atom""], ""added_tables"": []}, {""from_seed"": ""molecule"", ""to_seed"": ""connected"", ""path"": [""molecule"", ""atom"", ""connected""], ""added_tables"": []}, {""from_seed"": ""atom"", ""to_seed"": ""connected"", ""path"": [""atom"", ""connected""], ""added_tables"": []}]",[],[],{},"[""atom"", ""bond"", ""molecule""]","[""bond_type"", ""label"", ""molecule_id""]","[""SELECT"", ""AGGREGATE"", ""JOIN[2+]"", ""WHERE"", ""GROUP_BY"", ""SUBQUERY""]",[],[],"[""atom"", ""bond"", ""molecule""]","[""atom_id"", ""bond_type"", ""label"", ""molecule_id""]","[""SELECT"", ""AGGREGATE"", ""JOIN[2+]"", ""WHERE"", ""SUBQUERY""]",[],,
bird_206,toxicology,challenging,True,correct,unknown,,[],[],,e3-f-schema-v4,"[""bond"", ""atom"", ""connected"", ""molecule""]",positive-lexical,"[""bond"", ""atom"", ""connected"", ""molecule""]","[{""from_seed"": ""bond"", ""to_seed"": ""atom"", ""path"": [""bond"", ""connected"", ""atom""], ""added_tables"": []}, {""from_seed"": ""bond"", ""to_seed"": ""connected"", ""path"": [""bond"", ""connected""], ""added_tables"": []}, {""from_seed"": ""bond"", ""to_seed"": ""molecule"", ""path"": [""bond"", ""molecule""], ""added_tables"": []}, {""from_seed"": ""atom"", ""to_seed"": ""connected"", ""path"": [""atom"", ""connected""], ""added_tables"": []}, {""from_seed"": ""atom"", ""to_seed"": ""molecule"", ""path"": [""atom"", ""molecule""], ""added_tables"": []}, {""from_seed"": ""connected"", ""to_seed"": ""molecule"", ""path"": [""connected"", ""atom"", ""molecule""], ""added_tables"": []}]",[],[],{},"[""atom"", ""connected""]","[""atom_id"", ""bond_id"", ""element""]","[""SELECT"", ""DISTINCT"", ""JOIN[1]"", ""WHERE""]",[],[],"[""atom"", ""connected""]","[""atom_id"", ""atom_id2"", ""bond_id"", ""element""]","[""SELECT"", ""DISTINCT"", ""WHERE"", ""ORDER_BY[ASC]"", ""SUBQUERY"", ""SET_OP""]",[],,
bird_207,toxicology,challenging,False,retrieval_complete_mining_abstained_semantic_failure,unknown,,[],[],,e3-f-schema-v4,"[""bond"", ""atom"", ""connected"", ""molecule""]",positive-lexical,"[""bond"", ""atom"", ""connected""]","[{""from_seed"": ""bond"", ""to_seed"": ""atom"", ""path"": [""bond"", ""connected"", ""atom""], ""added_tables"": []}, {""from_seed"": ""bond"", ""to_seed"": ""connected"", ""path"": [""bond"", ""connected""], ""added_tables"": []}, {""from_seed"": ""atom"", ""to_seed"": ""connected"", ""path"": [""atom"", ""connected""], ""added_tables"": []}]","[{""seed"": ""bond"", ""neighbour"": ""molecule"", ""added"": true}]",[],{},"[""atom"", ""bond"", ""connected""]","[""atom_id"", ""bond_type"", ""element"", ""molecule_id""]","[""SELECT"", ""DISTINCT"", ""JOIN[2+]"", ""WHERE""]",[],[],"[""atom"", ""bond"", ""connected""]","[""atom_id"", ""atom_id2"", ""bond_id"", ""bond_type"", ""element""]","[""SELECT"", ""JOIN[2+]"", ""WHERE"", ""ORDER_BY[ASC]"", ""SUBQUERY"", ""SET_OP""]",[],,
bird_208,toxicology,moderate,True,correct,unknown,,[],[],,e3-f-schema-v4,"[""atom"", ""bond"", ""connected"", ""molecule""]",positive-lexical,"[""atom"", ""bond"", ""connected"", ""molecule""]","[{""from_seed"": ""atom"", ""to_seed"": ""bond"", ""path"": [""atom"", ""connected"", ""bond""], ""added_tables"": []}, {""from_seed"": ""atom"", ""to_seed"": ""connected"", ""path"": [""atom"", ""connected""], ""added_tables"": []}, {""from_seed"": ""atom"", ""to_seed"": ""molecule"", ""path"": [""atom"", ""molecule""], ""added_tables"": []}, {""from_seed"": ""bond"", ""to_seed"": ""connected"", ""path"": [""bond"", ""connected""], ""added_tables"": []}, {""from_seed"": ""bond"", ""to_seed"": ""molecule"", ""path"": [""bond"", ""molecule""], ""added_tables"": []}, {""from_seed"": ""connected"", ""to_seed"": ""molecule"", ""path"": [""connected"", ""atom"", ""molecule""], ""added_tables"": []}]",[],[],{},"[""atom"", ""molecule""]","[""element"", ""label"", ""molecule_id""]","[""SELECT"", ""AGGREGATE"", ""JOIN[1]"", ""WHERE"", ""GROUP_BY"", ""ORDER_BY[DESC]"", ""LIMIT"", ""SUBQUERY""]",[],[],"[""atom"", ""molecule""]","[""element"", ""label"", ""molecule_id""]","[""SELECT"", ""AGGREGATE"", ""JOIN[1]"", ""WHERE"", ""GROUP_BY"", ""ORDER_BY[DESC]"", ""LIMIT""]",[],,
bird_215,toxicology,challenging,False,retrieval_complete_mining_abstained_semantic_failure,unknown,,[],[],,e3-f-schema-v4,"[""bond"", ""atom"", ""connected"", ""molecule""]",positive-lexical,"[""bond"", ""atom"", ""connected"", ""molecule""]","[{""from_seed"": ""bond"", ""to_seed"": ""atom"", ""path"": [""bond"", ""connected"", ""atom""], ""added_tables"": []}, {""from_seed"": ""bond"", ""to_seed"": ""connected"", ""path"": [""bond"", ""connected""], ""added_tables"": []}, {""from_seed"": ""bond"", ""to_seed"": ""molecule"", ""path"": [""bond"", ""molecule""], ""added_tables"": []}, {""from_seed"": ""atom"", ""to_seed"": ""connected"", ""path"": [""atom"", ""connected""], ""added_tables"": []}, {""from_seed"": ""atom"", ""to_seed"": ""molecule"", ""path"": [""atom"", ""molecule""], ""added_tables"": []}, {""from_seed"": ""connected"", ""to_seed"": ""molecule"", ""path"": [""connected"", ""atom"", ""molecule""], ""added_tables"": []}]",[],[],{},"[""atom"", ""bond"", ""connected""]","[""atom_id"", ""bond_id"", ""bond_type"", ""element""]","[""SELECT"", ""AGGREGATE"", ""JOIN[2+]"", ""WHERE"", ""CONDITIONAL""]",[],[],"[""atom"", ""bond""]","[""atom_id"", ""bond_type"", ""element"", ""molecule_id""]","[""SELECT"", ""AGGREGATE"", ""WHERE""]",[],,
bird_218,toxicology,challenging,False,retrieval_complete_mining_abstained_semantic_failure,unknown,,[],[],,e3-f-schema-v4,"[""atom"", ""bond"", ""molecule"", ""connected""]",positive-lexical,"[""atom"", ""bond"", ""molecule"", ""connected""]","[{""from_seed"": ""atom"", ""to_seed"": ""bond"", ""path"": [""atom"", ""connected"", ""bond""], ""added_tables"": []}, {""from_seed"": ""atom"", ""to_seed"": ""molecule"", ""path"": [""atom"", ""molecule""], ""added_tables"": []}, {""from_seed"": ""atom"", ""to_seed"": ""connected"", ""path"": [""atom"", ""connected""], ""added_tables"": []}, {""from_seed"": ""bond"", ""to_seed"": ""molecule"", ""path"": [""bond"", ""molecule""], ""added_tables"": []}, {""from_seed"": ""bond"", ""to_seed"": ""connected"", ""path"": [""bond"", ""connected""], ""added_tables"": []}, {""from_seed"": ""molecule"", ""to_seed"": ""connected"", ""path"": [""molecule"", ""atom"", ""connected""], ""added_tables"": []}]",[],[],{},"[""atom"", ""molecule""]","[""element"", ""label"", ""molecule_id""]","[""SELECT"", ""AGGREGATE"", ""JOIN[1]"", ""WHERE"", ""CONDITIONAL""]",[],[],"[""atom"", ""molecule""]","[""element"", ""label"", ""molecule_id""]","[""SELECT"", ""AGGREGATE"", ""WHERE"", ""SUBQUERY""]",[],,
bird_219,toxicology,challenging,False,retrieval_complete_mining_abstained_semantic_failure,unknown,,[],[],,e3-f-schema-v4,"[""bond"", ""molecule"", ""atom"", ""connected""]",positive-lexical,"[""bond"", ""molecule"", ""atom"", ""connected""]","[{""from_seed"": ""bond"", ""to_seed"": ""molecule"", ""path"": [""bond"", ""molecule""], ""added_tables"": []}, {""from_seed"": ""bond"", ""to_seed"": ""atom"", ""path"": [""bond"", ""connected"", ""atom""], ""added_tables"": []}, {""from_seed"": ""bond"", ""to_seed"": ""connected"", ""path"": [""bond"", ""connected""], ""added_tables"": []}, {""from_seed"": ""molecule"", ""to_seed"": ""atom"", ""path"": [""molecule"", ""atom""], ""added_tables"": []}, {""from_seed"": ""molecule"", ""to_seed"": ""connected"", ""path"": [""molecule"", ""atom"", ""connected""], ""added_tables"": []}, {""from_seed"": ""atom"", ""to_seed"": ""connected"", ""path"": [""atom"", ""connected""], ""added_tables"": []}]",[],[],{},"[""atom"", ""bond"", ""molecule""]","[""bond_type"", ""label"", ""molecule_id""]","[""SELECT"", ""AGGREGATE"", ""JOIN[2+]"", ""WHERE"", ""CONDITIONAL""]",[],[],"[""bond"", ""molecule""]","[""bond_id"", ""bond_type"", ""label"", ""molecule_id""]","[""SELECT"", ""AGGREGATE"", ""JOIN[1]"", ""WHERE""]",[],,
bird_228,toxicology,moderate,False,retrieval_complete_mining_abstained_semantic_failure,unknown,,[],[],,e3-f-schema-v4,"[""atom"", ""bond"", ""connected"", ""molecule""]",positive-lexical,"[""atom"", ""bond"", ""connected"", ""molecule""]","[{""from_seed"": ""atom"", ""to_seed"": ""bond"", ""path"": [""atom"", ""connected"", ""bond""], ""added_tables"": []}, {""from_seed"": ""atom"", ""to_seed"": ""connected"", ""path"": [""atom"", ""connected""], ""added_tables"": []}, {""from_seed"": ""atom"", ""to_seed"": ""molecule"", ""path"": [""atom"", ""molecule""], ""added_tables"": []}, {""from_seed"": ""bond"", ""to_seed"": ""connected"", ""path"": [""bond"", ""connected""], ""added_tables"": []}, {""from_seed"": ""bond"", ""to_seed"": ""molecule"", ""path"": [""bond"", ""molecule""], ""added_tables"": []}, {""from_seed"": ""connected"", ""to_seed"": ""molecule"", ""path"": [""connected"", ""atom"", ""molecule""], ""added_tables"": []}]",[],[],{},"[""atom""]","[""atom_id"", ""element"", ""molecule_id""]","[""SELECT"", ""AGGREGATE"", ""WHERE"", ""CONDITIONAL""]",[],[],"[""atom""]",[],"[""SELECT"", ""AGGREGATE"", ""WHERE""]",[],,
bird_231,toxicology,challenging,False,retrieval_complete_mining_abstained_semantic_failure,unknown,,[],[],,e3-f-schema-v4,"[""bond"", ""molecule"", ""atom"", ""connected""]",positive-lexical,"[""bond"", ""molecule"", ""atom"", ""connected""]","[{""from_seed"": ""bond"", ""to_seed"": ""molecule"", ""path"": [""bond"", ""molecule""], ""added_tables"": []}, {""from_seed"": ""bond"", ""to_seed"": ""atom"", ""path"": [""bond"", ""connected"", ""atom""], ""added_tables"": []}, {""from_seed"": ""bond"", ""to_seed"": ""connected"", ""path"": [""bond"", ""connected""], ""added_tables"": []}, {""from_seed"": ""molecule"", ""to_seed"": ""atom"", ""path"": [""molecule"", ""atom""], ""added_tables"": []}, {""from_seed"": ""molecule"", ""to_seed"": ""connected"", ""path"": [""molecule"", ""atom"", ""connected""], ""added_tables"": []}, {""from_seed"": ""atom"", ""to_seed"": ""connected"", ""path"": [""atom"", ""connected""], ""added_tables"": []}]",[],[],{},"[""bond""]","[""bond_type"", ""molecule_id""]","[""SELECT"", ""AGGREGATE"", ""WHERE"", ""GROUP_BY"", ""ORDER_BY[DESC]"", ""LIMIT"", ""SUBQUERY""]",[],[],"[""bond"", ""molecule""]","[""label"", ""molecule_id""]","[""SELECT"", ""AGGREGATE"", ""JOIN[1]"", ""WHERE"", ""GROUP_BY"", ""ORDER_BY[ASC/DESC]"", ""LIMIT"", ""CONDITIONAL"", ""SUBQUERY""]",[],,
bird_232,toxicology,moderate,True,correct,unknown,,[],[],,e3-f-schema-v4,"[""bond"", ""connected"", ""molecule"", ""atom""]",positive-lexical,"[""bond"", ""connected"", ""molecule"", ""atom""]","[{""from_seed"": ""bond"", ""to_seed"": ""connected"", ""path"": [""bond"", ""connected""], ""added_tables"": []}, {""from_seed"": ""bond"", ""to_seed"": ""molecule"", ""path"": [""bond"", ""molecule""], ""added_tables"": []}, {""from_seed"": ""bond"", ""to_seed"": ""atom"", ""path"": [""bond"", ""connected"", ""atom""], ""added_tables"": []}, {""from_seed"": ""connected"", ""to_seed"": ""molecule"", ""path"": [""connected"", ""atom"", ""molecule""], ""added_tables"": []}, {""from_seed"": ""connected"", ""to_seed"": ""atom"", ""path"": [""connected"", ""atom""], ""added_tables"": []}, {""from_seed"": ""molecule"", ""to_seed"": ""atom"", ""path"": [""molecule"", ""atom""], ""added_tables"": []}]",[],[],{},"[""bond"", ""molecule""]","[""bond_type"", ""label"", ""molecule_id""]","[""SELECT"", ""DISTINCT"", ""JOIN[1]"", ""WHERE"", ""ORDER_BY[ASC]"", ""LIMIT""]",[],[],"[""bond"", ""molecule""]","[""bond_type"", ""label"", ""molecule_id""]","[""SELECT"", ""DISTINCT"", ""JOIN[1]"", ""WHERE"", ""ORDER_BY[ASC]"", ""LIMIT""]",[],,
bird_234,toxicology,moderate,False,retrieval_complete_mining_abstained_semantic_failure,unknown,,[],[],,e3-f-schema-v4,"[""bond"", ""connected"", ""atom"", ""molecule""]",positive-lexical,"[""bond"", ""connected"", ""atom"", ""molecule""]","[{""from_seed"": ""bond"", ""to_seed"": ""connected"", ""path"": [""bond"", ""connected""], ""added_tables"": []}, {""from_seed"": ""bond"", ""to_seed"": ""atom"", ""path"": [""bond"", ""connected"", ""atom""], ""added_tables"": []}, {""from_seed"": ""bond"", ""to_seed"": ""molecule"", ""path"": [""bond"", ""molecule""], ""added_tables"": []}, {""from_seed"": ""connected"", ""to_seed"": ""atom"", ""path"": [""connected"", ""atom""], ""added_tables"": []}, {""from_seed"": ""connected"", ""to_seed"": ""molecule"", ""path"": [""connected"", ""atom"", ""molecule""], ""added_tables"": []}, {""from_seed"": ""atom"", ""to_seed"": ""molecule"", ""path"": [""atom"", ""molecule""], ""added_tables"": []}]",[],[],{},"[""bond"", ""connected""]","[""atom_id"", ""atom_id2"", ""bond_id"", ""molecule_id""]","[""SELECT"", ""AGGREGATE"", ""JOIN[1]"", ""WHERE""]",[],[],"[""connected""]","[""atom_id"", ""atom_id2"", ""bond_id""]","[""SELECT"", ""AGGREGATE"", ""WHERE""]",[],,
bird_247,toxicology,challenging,False,retrieval_complete_mining_abstained_semantic_failure,unknown,,[],[],,e3-f-schema-v4,"[""connected"", ""atom"", ""bond"", ""molecule""]",positive-lexical,"[""connected"", ""atom"", ""bond"", ""molecule""]","[{""from_seed"": ""connected"", ""to_seed"": ""atom"", ""path"": [""connected"", ""atom""], ""added_tables"": []}, {""from_seed"": ""connected"", ""to_seed"": ""bond"", ""path"": [""connected"", ""bond""], ""added_tables"": []}, {""from_seed"": ""connected"", ""to_seed"": ""molecule"", ""path"": [""connected"", ""atom"", ""molecule""], ""added_tables"": []}, {""from_seed"": ""atom"", ""to_seed"": ""bond"", ""path"": [""atom"", ""connected"", ""bond""], ""added_tables"": []}, {""from_seed"": ""atom"", ""to_seed"": ""molecule"", ""path"": [""atom"", ""molecule""], ""added_tables"": []}, {""from_seed"": ""bond"", ""to_seed"": ""molecule"", ""path"": [""bond"", ""molecule""], ""added_tables"": []}]",[],[],{},"[""atom"", ""connected""]","[""atom_id"", ""element""]","[""SELECT"", ""DISTINCT"", ""JOIN[1]"", ""WHERE"", ""SUBQUERY""]",[],[],"[""atom"", ""connected""]",[],"[""SELECT"", ""WHERE"", ""SUBQUERY""]",[],,
bird_249,toxicology,challenging,True,correct,unknown,,[],[],,e3-f-schema-v4,"[""atom"", ""bond"", ""connected"", ""molecule""]",positive-lexical,"[""atom"", ""bond"", ""connected"", ""molecule""]","[{""from_seed"": ""atom"", ""to_seed"": ""bond"", ""path"": [""atom"", ""connected"", ""bond""], ""added_tables"": []}, {""from_seed"": ""atom"", ""to_seed"": ""connected"", ""path"": [""atom"", ""connected""], ""added_tables"": []}, {""from_seed"": ""atom"", ""to_seed"": ""molecule"", ""path"": [""atom"", ""molecule""], ""added_tables"": []}, {""from_seed"": ""bond"", ""to_seed"": ""connected"", ""path"": [""bond"", ""connected""], ""added_tables"": []}, {""from_seed"": ""bond"", ""to_seed"": ""molecule"", ""path"": [""bond"", ""molecule""], ""added_tables"": []}, {""from_seed"": ""connected"", ""to_seed"": ""molecule"", ""path"": [""connected"", ""atom"", ""molecule""], ""added_tables"": []}]",[],[],{},"[""atom"", ""connected""]","[""atom_id"", ""bond_id"", ""element""]","[""SELECT"", ""JOIN[1]"", ""WHERE""]",[],[],"[""atom"", ""connected""]","[""atom_id"", ""atom_id2"", ""bond_id"", ""element""]","[""SELECT"", ""JOIN[2+]"", ""WHERE"", ""SET_OP""]",[],,
bird_260,toxicology,moderate,True,correct,unknown,,[],[],,e3-f-schema-v4,"[""atom"", ""bond"", ""connected"", ""molecule""]",positive-lexical,"[""atom"", ""bond"", ""connected"", ""molecule""]","[{""from_seed"": ""atom"", ""to_seed"": ""bond"", ""path"": [""atom"", ""connected"", ""bond""], ""added_tables"": []}, {""from_seed"": ""atom"", ""to_seed"": ""connected"", ""path"": [""atom"", ""connected""], ""added_tables"": []}, {""from_seed"": ""atom"", ""to_seed"": ""molecule"", ""path"": [""atom"", ""molecule""], ""added_tables"": []}, {""from_seed"": ""bond"", ""to_seed"": ""connected"", ""path"": [""bond"", ""connected""], ""added_tables"": []}, {""from_seed"": ""bond"", ""to_seed"": ""molecule"", ""path"": [""bond"", ""molecule""], ""added_tables"": []}, {""from_seed"": ""connected"", ""to_seed"": ""molecule"", ""path"": [""connected"", ""atom"", ""molecule""], ""added_tables"": []}]",[],[],{},"[""atom"", ""bond"", ""molecule""]","[""atom_id"", ""bond_type"", ""element"", ""molecule_id""]","[""SELECT"", ""AGGREGATE"", ""JOIN[2+]"", ""WHERE""]",[],[],"[""atom"", ""bond""]","[""bond_type"", ""element"", ""molecule_id""]","[""SELECT"", ""AGGREGATE"", ""WHERE""]",[],,
bird_281,toxicology,challenging,False,retrieval_complete_mining_abstained_semantic_failure,unknown,,[],[],,e3-f-schema-v4,"[""atom"", ""bond"", ""molecule"", ""connected""]",positive-lexical,"[""atom"", ""bond"", ""molecule"", ""connected""]","[{""from_seed"": ""atom"", ""to_seed"": ""bond"", ""path"": [""atom"", ""connected"", ""bond""], ""added_tables"": []}, {""from_seed"": ""atom"", ""to_seed"": ""molecule"", ""path"": [""atom"", ""molecule""], ""added_tables"": []}, {""from_seed"": ""atom"", ""to_seed"": ""connected"", ""path"": [""atom"", ""connected""], ""added_tables"": []}, {""from_seed"": ""bond"", ""to_seed"": ""molecule"", ""path"": [""bond"", ""molecule""], ""added_tables"": []}, {""from_seed"": ""bond"", ""to_seed"": ""connected"", ""path"": [""bond"", ""connected""], ""added_tables"": []}, {""from_seed"": ""molecule"", ""to_seed"": ""connected"", ""path"": [""molecule"", ""atom"", ""connected""], ""added_tables"": []}]",[],[],{},"[""atom"", ""molecule""]","[""atom_id"", ""element"", ""label"", ""molecule_id""]","[""SELECT"", ""DISTINCT"", ""JOIN[1]"", ""WHERE""]",[],[],"[""atom"", ""molecule""]","[""atom_id"", ""element"", ""label"", ""molecule_id""]","[""SELECT"", ""AGGREGATE"", ""JOIN[1]"", ""WHERE"", ""GROUP_BY"", ""ORDER_BY[ASC/DESC]""]",[],,
bird_282,toxicology,challenging,True,correct,unknown,,[],[],,e3-f-schema-v4,"[""atom"", ""molecule"", ""bond"", ""connected""]",positive-lexical,"[""atom"", ""molecule"", ""bond"", ""connected""]","[{""from_seed"": ""atom"", ""to_seed"": ""molecule"", ""path"": [""atom"", ""molecule""], ""added_tables"": []}, {""from_seed"": ""atom"", ""to_seed"": ""bond"", ""path"": [""atom"", ""connected"", ""bond""], ""added_tables"": []}, {""from_seed"": ""atom"", ""to_seed"": ""connected"", ""path"": [""atom"", ""connected""], ""added_tables"": []}, {""from_seed"": ""molecule"", ""to_seed"": ""bond"", ""path"": [""molecule"", ""bond""], ""added_tables"": []}, {""from_seed"": ""molecule"", ""to_seed"": ""connected"", ""path"": [""molecule"", ""atom"", ""connected""], ""added_tables"": []}, {""from_seed"": ""bond"", ""to_seed"": ""connected"", ""path"": [""bond"", ""connected""], ""added_tables"": []}]",[],[],{},"[""atom"", ""molecule""]","[""atom_id"", ""element"", ""label"", ""molecule_id""]","[""SELECT"", ""DISTINCT"", ""AGGREGATE"", ""JOIN[1]"", ""WHERE"", ""GROUP_BY"", ""CONDITIONAL"", ""CTE""]",[],[],"[""atom"", ""molecule""]","[""element"", ""label"", ""molecule_id""]","[""SELECT"", ""AGGREGATE"", ""JOIN[1]"", ""WHERE"", ""GROUP_BY""]",[],,
bird_17,california_schools,simple,False,retrieval_complete_mining_abstained_semantic_failure,unknown,,[],[],,e3-f-schema-v4,"[""satscores"", ""schools"", ""frpm""]",positive-lexical,"[""satscores"", ""schools"", ""frpm""]","[{""from_seed"": ""satscores"", ""to_seed"": ""schools"", ""path"": [""satscores"", ""schools""], ""added_tables"": []}, {""from_seed"": ""satscores"", ""to_seed"": ""frpm"", ""path"": [""satscores"", ""schools"", ""frpm""], ""added_tables"": []}, {""from_seed"": ""schools"", ""to_seed"": ""frpm"", ""path"": [""schools"", ""frpm""], ""added_tables"": []}]",[],[],"{""schools"": 33, ""frpm"": 13}","[""satscores"", ""schools""]","[""avgscrwrite"", ""cds"", ""cdscode""]","[""SELECT"", ""AGGREGATE"", ""JOIN[1]"", ""WHERE"", ""WINDOW""]",[],[],"[""satscores"", ""schools""]","[""avgscrwrite"", ""cds"", ""cdscode"", ""charternum"", ""school""]","[""SELECT"", ""AGGREGATE"", ""JOIN[1]"", ""WHERE"", ""ORDER_BY[ASC/DESC]"", ""WINDOW""]",[],,
bird_24,california_schools,moderate,False,retrieval_complete_mining_abstained_semantic_failure,unknown,,[],[],,e3-f-schema-v4,"[""satscores"", ""frpm"", ""schools""]",positive-lexical,"[""satscores"", ""frpm"", ""schools""]","[{""from_seed"": ""satscores"", ""to_seed"": ""frpm"", ""path"": [""satscores"", ""schools"", ""frpm""], ""added_tables"": []}, {""from_seed"": ""satscores"", ""to_seed"": ""schools"", ""path"": [""satscores"", ""schools""], ""added_tables"": []}, {""from_seed"": ""frpm"", ""to_seed"": ""schools"", ""path"": [""frpm"", ""schools""], ""added_tables"": []}]",[],[],"{""frpm"": 13, ""schools"": 33}","[""frpm"", ""satscores""]","[""cds"", ""cdscode"", ""enrollment (k-12)"", ""free meal count (k-12)"", ""numge1500"", ""school name""]","[""SELECT"", ""JOIN[1]"", ""WHERE""]",[],[],"[""frpm"", ""satscores"", ""schools""]","[""cds"", ""cdscode"", ""enrollment (k-12)"", ""free meal count (k-12)"", ""numge1500"", ""school""]","[""SELECT"", ""DISTINCT"", ""JOIN[2+]"", ""WHERE""]",[],,
bird_25,california_schools,moderate,False,retrieval_complete_mining_abstained_semantic_failure,unknown,,[],[],,e3-f-schema-v4,"[""satscores"", ""frpm"", ""schools""]",positive-lexical,"[""satscores"", ""frpm"", ""schools""]","[{""from_seed"": ""satscores"", ""to_seed"": ""frpm"", ""path"": [""satscores"", ""schools"", ""frpm""], ""added_tables"": []}, {""from_seed"": ""satscores"", ""to_seed"": ""schools"", ""path"": [""satscores"", ""schools""], ""added_tables"": []}, {""from_seed"": ""frpm"", ""to_seed"": ""schools"", ""path"": [""frpm"", ""schools""], ""added_tables"": []}]",[],[],"{""frpm"": 13, ""schools"": 33}","[""frpm"", ""satscores""]","[""avgscrmath"", ""cds"", ""cdscode"", ""charter funding type"", ""district name"", ""sname""]","[""SELECT"", ""AGGREGATE"", ""JOIN[1]"", ""WHERE"", ""GROUP_BY"", ""HAVING""]",[],[],"[""satscores"", ""schools""]","[""avgscrmath"", ""cds"", ""cdscode"", ""county"", ""fundingtype"", ""school""]","[""SELECT"", ""AGGREGATE"", ""JOIN[1]"", ""WHERE"", ""GROUP_BY"", ""HAVING"", ""ORDER_BY[ASC]""]",[],,
bird_27,california_schools,moderate,True,correct,unknown,,[],[],,e3-f-schema-v4,"[""schools"", ""satscores"", ""frpm""]",positive-lexical,"[""schools"", ""satscores"", ""frpm""]","[{""from_seed"": ""schools"", ""to_seed"": ""satscores"", ""path"": [""schools"", ""satscores""], ""added_tables"": []}, {""from_seed"": ""schools"", ""to_seed"": ""frpm"", ""path"": [""schools"", ""frpm""], ""added_tables"": []}, {""from_seed"": ""satscores"", ""to_seed"": ""frpm"", ""path"": [""satscores"", ""schools"", ""frpm""], ""added_tables"": []}]",[],[],"{""schools"": 33, ""frpm"": 13}","[""satscores"", ""schools""]","[""avgscrwrite"", ""cds"", ""cdscode"", ""closeddate"", ""opendate"", ""phone"", ""school""]","[""SELECT"", ""JOIN[1]"", ""WHERE""]",[],"[""schools.phone"", ""schools.school""]","[""satscores"", ""schools""]","[""avgscrwrite"", ""cds"", ""cdscode"", ""closeddate"", ""opendate"", ""phone"", ""school"", ""sname""]","[""SELECT"", ""JOIN[1]"", ""WHERE"", ""ORDER_BY[ASC]""]",[],,
bird_28,california_schools,challenging,False,detailed_schema_column_miss_or_compact_index_only,unknown,,[],[],,e3-f-schema-v4,"[""schools"", ""frpm"", ""satscores""]",positive-lexical,"[""schools"", ""frpm"", ""satscores""]","[{""from_seed"": ""schools"", ""to_seed"": ""frpm"", ""path"": [""schools"", ""frpm""], ""added_tables"": []}, {""from_seed"": ""schools"", ""to_seed"": ""satscores"", ""path"": [""schools"", ""satscores""], ""added_tables"": []}, {""from_seed"": ""frpm"", ""to_seed"": ""satscores"", ""path"": [""frpm"", ""schools"", ""satscores""], ""added_tables"": []}]",[],[],"{""schools"": 33, ""frpm"": 13}","[""frpm"", ""schools""]","[""cdscode"", ""doc"", ""enrollment (ages 5-17)"", ""enrollment (k-12)"", ""fundingtype"", ""school""]","[""SELECT"", ""AGGREGATE"", ""JOIN[2+]"", ""WHERE"", ""SUBQUERY""]",[],"[""schools.school""]","[""frpm"", ""schools""]","[""cdscode"", ""doctype"", ""enrollment (ages 5-17)"", ""enrollment (k-12)"", ""fundingtype"", ""school""]","[""SELECT"", ""AGGREGATE"", ""JOIN[1]"", ""WHERE"", ""ORDER_BY[ASC/DESC]"", ""SUBQUERY"", ""CTE""]",[],,
bird_37,california_schools,moderate,False,detailed_schema_column_miss_or_compact_index_only,unknown,,[],[],,e3-f-schema-v4,"[""schools"", ""satscores"", ""frpm""]",positive-lexical,"[""schools"", ""satscores"", ""frpm""]","[{""from_seed"": ""schools"", ""to_seed"": ""satscores"", ""path"": [""schools"", ""satscores""], ""added_tables"": []}, {""from_seed"": ""schools"", ""to_seed"": ""frpm"", ""path"": [""schools"", ""frpm""], ""added_tables"": []}, {""from_seed"": ""satscores"", ""to_seed"": ""frpm"", ""path"": [""satscores"", ""schools"", ""frpm""], ""added_tables"": []}]",[],[],"{""schools"": 33, ""frpm"": 13}","[""satscores"", ""schools""]","[""cds"", ""cdscode"", ""city"", ""numge1500"", ""numtsttakr"", ""state"", ""street"", ""zip""]","[""SELECT"", ""JOIN[1]"", ""ORDER_BY[ASC]"", ""LIMIT""]",[],"[""schools.city"", ""schools.state"", ""schools.street"", ""schools.zip""]","[""satscores"", ""schools""]","[""cds"", ""cdscode"", ""city"", ""numge1500"", ""numtsttakr"", ""state"", ""street"", ""zip""]","[""SELECT"", ""JOIN[1]"", ""WHERE"", ""ORDER_BY[ASC]"", ""LIMIT""]",[],,
bird_39,california_schools,simple,True,correct,unknown,,[],[],,e3-f-schema-v4,"[""schools"", ""satscores"", ""frpm""]",positive-lexical,"[""schools"", ""satscores"", ""frpm""]","[{""from_seed"": ""schools"", ""to_seed"": ""satscores"", ""path"": [""schools"", ""satscores""], ""added_tables"": []}, {""from_seed"": ""schools"", ""to_seed"": ""frpm"", ""path"": [""schools"", ""frpm""], ""added_tables"": []}, {""from_seed"": ""satscores"", ""to_seed"": ""frpm"", ""path"": [""satscores"", ""schools"", ""frpm""], ""added_tables"": []}]",[],[],"{""schools"": 33, ""frpm"": 13}","[""satscores"", ""schools""]","[""cds"", ""cdscode"", ""county"", ""numtsttakr"", ""opendate""]","[""SELECT"", ""AGGREGATE"", ""JOIN[1]"", ""WHERE""]",[],"[""schools.county""]","[""satscores"", ""schools""]","[""cds"", ""cdscode"", ""county"", ""numtsttakr"", ""opendate""]","[""SELECT"", ""AGGREGATE"", ""JOIN[1]"", ""WHERE""]",[],,
bird_46,california_schools,simple,True,correct,unknown,,[],[],,e3-f-schema-v4,"[""schools"", ""frpm"", ""satscores""]",positive-lexical,"[""schools"", ""frpm"", ""satscores""]","[{""from_seed"": ""schools"", ""to_seed"": ""frpm"", ""path"": [""schools"", ""frpm""], ""added_tables"": []}, {""from_seed"": ""schools"", ""to_seed"": ""satscores"", ""path"": [""schools"", ""satscores""], ""added_tables"": []}, {""from_seed"": ""frpm"", ""to_seed"": ""satscores"", ""path"": [""frpm"", ""schools"", ""satscores""], ""added_tables"": []}]",[],[],"{""schools"": 33, ""frpm"": 13}","[""frpm"", ""schools""]","[""cdscode"", ""doc"", ""enrollment (k-12)"", ""school""]","[""SELECT"", ""JOIN[1]"", ""WHERE"", ""ORDER_BY[DESC]"", ""LIMIT""]",[],"[""schools.school""]","[""frpm"", ""schools""]","[""cdscode"", ""doc"", ""enrollment (k-12)"", ""school""]","[""SELECT"", ""AGGREGATE"", ""JOIN[2+]"", ""WHERE"", ""ORDER_BY[ASC]"", ""SUBQUERY""]",[],,
bird_50,california_schools,simple,False,detailed_schema_column_miss_or_compact_index_only,unknown,,[],[],,e3-f-schema-v4,"[""schools"", ""satscores"", ""frpm""]",positive-lexical,"[""schools"", ""satscores"", ""frpm""]","[{""from_seed"": ""schools"", ""to_seed"": ""satscores"", ""path"": [""schools"", ""satscores""], ""added_tables"": []}, {""from_seed"": ""schools"", ""to_seed"": ""frpm"", ""path"": [""schools"", ""frpm""], ""added_tables"": []}, {""from_seed"": ""satscores"", ""to_seed"": ""frpm"", ""path"": [""satscores"", ""schools"", ""frpm""], ""added_tables"": []}]",[],[],"{""schools"": 33, ""frpm"": 13}","[""satscores"", ""schools""]","[""avgscrmath"", ""cds"", ""cdscode"", ""mailstreet"", ""school""]","[""SELECT"", ""JOIN[1]"", ""ORDER_BY[DESC]"", ""LIMIT""]",[],"[""schools.school""]","[""satscores"", ""schools""]","[""avgscrmath"", ""cds"", ""cdscode"", ""mailstreet"", ""school"", ""sname""]","[""SELECT"", ""JOIN[1]"", ""WHERE"", ""WINDOW"", ""CTE""]",[],,
bird_62,california_schools,challenging,True,correct,unknown,,[],[],,e3-f-schema-v4,"[""frpm"", ""schools"", ""satscores""]",positive-lexical,"[""frpm"", ""schools"", ""satscores""]","[{""from_seed"": ""frpm"", ""to_seed"": ""schools"", ""path"": [""frpm"", ""schools""], ""added_tables"": []}, {""from_seed"": ""frpm"", ""to_seed"": ""satscores"", ""path"": [""frpm"", ""schools"", ""satscores""], ""added_tables"": []}, {""from_seed"": ""schools"", ""to_seed"": ""satscores"", ""path"": [""schools"", ""satscores""], ""added_tables"": []}]",[],[],"{""frpm"": 13, ""schools"": 33}","[""frpm"", ""schools""]","[""cdscode"", ""charter"", ""county"", ""enrollment (k-12)"", ""free meal count (k-12)"", ""school""]","[""SELECT"", ""AGGREGATE"", ""JOIN[1]"", ""WHERE""]",[],"[""schools.charter"", ""schools.county""]","[""frpm""]",[],"[""SELECT"", ""AGGREGATE"", ""WHERE""]",[],,
bird_72,california_schools,moderate,False,detailed_schema_column_miss_or_compact_index_only,unknown,,[],[],,e3-f-schema-v4,"[""schools"", ""frpm"", ""satscores""]",positive-lexical,"[""schools"", ""frpm"", ""satscores""]","[{""from_seed"": ""schools"", ""to_seed"": ""frpm"", ""path"": [""schools"", ""frpm""], ""added_tables"": []}, {""from_seed"": ""schools"", ""to_seed"": ""satscores"", ""path"": [""schools"", ""satscores""], ""added_tables"": []}, {""from_seed"": ""frpm"", ""to_seed"": ""satscores"", ""path"": [""frpm"", ""schools"", ""satscores""], ""added_tables"": []}]",[],[],"{""schools"": 33, ""frpm"": 13}","[""frpm"", ""schools""]","[""academic year"", ""cdscode"", ""city"", ""edopscode"", ""enrollment (ages 5-17)""]","[""SELECT"", ""JOIN[1]"", ""WHERE""]",[],"[""schools.city""]","[""frpm"", ""schools""]","[""academic year"", ""cdscode"", ""city"", ""edopscode"", ""enrollment (ages 5-17)""]","[""SELECT"", ""AGGREGATE"", ""JOIN[1]"", ""WHERE""]",[],,
bird_79,california_schools,moderate,True,correct,unknown,,[],[],,e3-f-schema-v4,"[""schools"", ""frpm"", ""satscores""]",positive-lexical,"[""schools"", ""frpm"", ""satscores""]","[{""from_seed"": ""schools"", ""to_seed"": ""frpm"", ""path"": [""schools"", ""frpm""], ""added_tables"": []}, {""from_seed"": ""schools"", ""to_seed"": ""satscores"", ""path"": [""schools"", ""satscores""], ""added_tables"": []}, {""from_seed"": ""frpm"", ""to_seed"": ""satscores"", ""path"": [""frpm"", ""schools"", ""satscores""], ""added_tables"": []}]",[],[],"{""schools"": 33, ""frpm"": 13}","[""schools""]",[],"[""SELECT"", ""AGGREGATE"", ""WHERE"", ""GROUP_BY"", ""ORDER_BY[DESC]"", ""LIMIT""]",[],[],"[""schools""]",[],"[""SELECT"", ""AGGREGATE"", ""WHERE"", ""GROUP_BY"", ""ORDER_BY[DESC]"", ""LIMIT""]",[],,
bird_83,california_schools,challenging,False,detailed_schema_column_miss_or_compact_index_only,unknown,,[],[],,e3-f-schema-v4,"[""schools"", ""frpm"", ""satscores""]",positive-lexical,"[""schools"", ""frpm"", ""satscores""]","[{""from_seed"": ""schools"", ""to_seed"": ""frpm"", ""path"": [""schools"", ""frpm""], ""added_tables"": []}, {""from_seed"": ""schools"", ""to_seed"": ""satscores"", ""path"": [""schools"", ""satscores""], ""added_tables"": []}, {""from_seed"": ""frpm"", ""to_seed"": ""satscores"", ""path"": [""frpm"", ""schools"", ""satscores""], ""added_tables"": []}]",[],[],"{""schools"": 33, ""frpm"": 13}","[""frpm"", ""schools""]","[""cdscode"", ""city"", ""gsoffered"", ""magnet"", ""nslp provision status""]","[""SELECT"", ""AGGREGATE"", ""JOIN[1]"", ""WHERE"", ""GROUP_BY""]",[],"[""schools.city""]","[""frpm"", ""schools""]","[""cdscode"", ""city"", ""gsserved"", ""magnet"", ""nslp provision status""]","[""SELECT"", ""AGGREGATE"", ""JOIN[1]"", ""WHERE"", ""GROUP_BY"", ""ORDER_BY[ASC]"", ""SUBQUERY"", ""CTE""]",[],,
bird_85,california_schools,moderate,False,retrieval_complete_mining_abstained_semantic_failure,unknown,,[],[],,e3-f-schema-v4,"[""frpm"", ""schools"", ""satscores""]",positive-lexical,"[""frpm"", ""schools"", ""satscores""]","[{""from_seed"": ""frpm"", ""to_seed"": ""schools"", ""path"": [""frpm"", ""schools""], ""added_tables"": []}, {""from_seed"": ""frpm"", ""to_seed"": ""satscores"", ""path"": [""frpm"", ""schools"", ""satscores""], ""added_tables"": []}, {""from_seed"": ""schools"", ""to_seed"": ""satscores"", ""path"": [""schools"", ""satscores""], ""added_tables"": []}]",[],[],"{""frpm"": 13, ""schools"": 33}","[""frpm"", ""schools""]","[""admfname1"", ""cdscode"", ""district code"", ""enrollment (k-12)"", ""free meal count (k-12)""]","[""SELECT"", ""JOIN[1]"", ""WHERE""]",[],[],"[""frpm"", ""schools""]","[""admfname1"", ""admfname2"", ""admfname3"", ""cdscode"", ""district code"", ""enrollment (k-12)"", ""free meal count (k-12)""]","[""SELECT"", ""JOIN[1]"", ""WHERE""]",[],,
bird_87,california_schools,challenging,False,detailed_schema_column_miss_or_compact_index_only,unknown,,[],[],,e3-f-schema-v4,"[""schools"", ""frpm"", ""satscores""]",positive-lexical,"[""schools"", ""frpm"", ""satscores""]","[{""from_seed"": ""schools"", ""to_seed"": ""frpm"", ""path"": [""schools"", ""frpm""], ""added_tables"": []}, {""from_seed"": ""schools"", ""to_seed"": ""satscores"", ""path"": [""schools"", ""satscores""], ""added_tables"": []}, {""from_seed"": ""frpm"", ""to_seed"": ""satscores"", ""path"": [""frpm"", ""schools"", ""satscores""], ""added_tables"": []}]",[],[],"{""schools"": 33, ""frpm"": 13}","[""frpm"", ""schools""]","[""admemail1"", ""admemail2"", ""cdscode"", ""city"", ""county"", ""doc"", ""opendate"", ""soc""]","[""SELECT"", ""JOIN[1]"", ""WHERE""]",[],"[""schools.admemail1"", ""schools.admemail2"", ""schools.city"", ""schools.county"", ""schools.opendate""]","[""schools""]",[],"[""SELECT"", ""DISTINCT"", ""WHERE"", ""ORDER_BY[ASC]"", ""SUBQUERY"", ""SET_OP""]",[],,
bird_92,financial,simple,True,correct,unknown,,[],[],,e3-f-schema-v4,"[""district"", ""client"", ""account"", ""disp"", ""loan"", ""card""]",positive-lexical,"[""district"", ""client"", ""account"", ""disp""]","[{""from_seed"": ""district"", ""to_seed"": ""client"", ""path"": [""district"", ""client""], ""added_tables"": []}, {""from_seed"": ""district"", ""to_seed"": ""account"", ""path"": [""district"", ""account""], ""added_tables"": []}, {""from_seed"": ""district"", ""to_seed"": ""disp"", ""path"": [""district"", ""account"", ""disp""], ""added_tables"": []}, {""from_seed"": ""client"", ""to_seed"": ""account"", ""path"": [""client"", ""disp"", ""account""], ""added_tables"": []}, {""from_seed"": ""client"", ""to_seed"": ""disp"", ""path"": [""client"", ""disp""], ""added_tables"": []}, {""from_seed"": ""account"", ""to_seed"": ""disp"", ""path"": [""account"", ""disp""], ""added_tables"": []}]","[{""seed"": ""account"", ""neighbour"": ""loan"", ""added"": true}, {""seed"": ""disp"", ""neighbour"": ""card"", ""added"": true}]","[{""table"": ""order"", ""lexical_score"": 0, ""selection_reasons"": [], ""truncation_reason"": ""not_reached_before_max_tables_budget""}, {""table"": ""trans"", ""lexical_score"": 0, ""selection_reasons"": [], ""truncation_reason"": ""not_reached_before_max_tables_budget""}]",{},"[""client"", ""district""]","[""a11"", ""district_id"", ""gender""]","[""SELECT"", ""AGGREGATE"", ""JOIN[1]"", ""WHERE""]",[],[],"[""client"", ""district""]","[""a11"", ""district_id"", ""gender""]","[""SELECT"", ""AGGREGATE"", ""JOIN[1]"", ""WHERE""]",[],,
bird_94,financial,challenging,False,retrieval_complete_mining_abstained_semantic_failure,unknown,,[],[],,e3-f-schema-v4,"[""client"", ""disp"", ""order"", ""district"", ""account"", ""card""]",positive-lexical,"[""client"", ""disp"", ""order"", ""district""]","[{""from_seed"": ""client"", ""to_seed"": ""disp"", ""path"": [""client"", ""disp""], ""added_tables"": []}, {""from_seed"": ""client"", ""to_seed"": ""order"", ""path"": [""client"", ""disp"", ""account"", ""order""], ""added_tables"": [""account""]}, {""from_seed"": ""client"", ""to_seed"": ""district"", ""path"": [""client"", ""district""], ""added_tables"": []}, {""from_seed"": ""disp"", ""to_seed"": ""order"", ""path"": [""disp"", ""account"", ""order""], ""added_tables"": []}, {""from_seed"": ""disp"", ""to_seed"": ""district"", ""path"": [""disp"", ""account"", ""district""], ""added_tables"": []}, {""from_seed"": ""order"", ""to_seed"": ""district"", ""path"": [""order"", ""account"", ""district""], ""added_tables"": []}]","[{""seed"": ""disp"", ""neighbour"": ""card"", ""added"": true}]","[{""table"": ""loan"", ""lexical_score"": 3, ""selection_reasons"": [], ""truncation_reason"": ""not_reached_before_max_tables_budget""}, {""table"": ""trans"", ""lexical_score"": 3, ""selection_reasons"": [], ""truncation_reason"": ""not_reached_before_max_tables_budget""}]",{},"[""account"", ""client"", ""disp"", ""district""]","[""a11"", ""account_id"", ""client_id"", ""district_id""]","[""SELECT"", ""AGGREGATE"", ""JOIN[2+]"", ""WHERE"", ""ORDER_BY[ASC/DESC]"", ""LIMIT"", ""SUBQUERY""]",[],[],"[""client"", ""disp"", ""district""]","[""account_id"", ""birth_date"", ""client_id"", ""gender""]","[""SELECT"", ""DISTINCT"", ""AGGREGATE"", ""JOIN[1]"", ""WHERE"", ""ORDER_BY[ASC]"", ""SUBQUERY""]",[],,
bird_95,financial,moderate,False,retrieval_complete_mining_abstained_semantic_failure,unknown,,[],[],,e3-f-schema-v4,"[""disp"", ""district"", ""loan"", ""client"", ""account"", ""card""]",positive-lexical,"[""disp"", ""district"", ""loan"", ""client""]","[{""from_seed"": ""disp"", ""to_seed"": ""district"", ""path"": [""disp"", ""account"", ""district""], ""added_tables"": [""account""]}, {""from_seed"": ""disp"", ""to_seed"": ""loan"", ""path"": [""disp"", ""account"", ""loan""], ""added_tables"": []}, {""from_seed"": ""disp"", ""to_seed"": ""client"", ""path"": [""disp"", ""client""], ""added_tables"": []}, {""from_seed"": ""district"", ""to_seed"": ""loan"", ""path"": [""district"", ""account"", ""loan""], ""added_tables"": []}, {""from_seed"": ""district"", ""to_seed"": ""client"", ""path"": [""district"", ""client""], ""added_tables"": []}, {""from_seed"": ""loan"", ""to_seed"": ""client"", ""path"": [""loan"", ""account"", ""disp"", ""client""], ""added_tables"": []}]","[{""seed"": ""disp"", ""neighbour"": ""card"", ""added"": true}]","[{""table"": ""order"", ""lexical_score"": 2, ""selection_reasons"": [], ""truncation_reason"": ""not_reached_before_max_tables_budget""}, {""table"": ""trans"", ""lexical_score"": 2, ""selection_reasons"": [], ""truncation_reason"": ""not_reached_before_max_tables_budget""}]",{},"[""account"", ""client"", ""disp"", ""district""]","[""a11"", ""account_id"", ""client_id"", ""district_id""]","[""SELECT"", ""JOIN[2+]"", ""WHERE"", ""GROUP_BY"", ""ORDER_BY[DESC]"", ""LIMIT"", ""SUBQUERY""]",[],[],"[""client"", ""disp"", ""district""]","[""a11"", ""account_id"", ""birth_date"", ""client_id"", ""district_id""]","[""SELECT"", ""DISTINCT"", ""AGGREGATE"", ""JOIN[2+]"", ""WHERE"", ""ORDER_BY[ASC]"", ""SUBQUERY""]",[],,
bird_112,financial,simple,True,correct,unknown,,[],[],,e3-f-schema-v4,"[""client"", ""district"", ""account"", ""disp"", ""loan"", ""card""]",positive-lexical,"[""client"", ""district"", ""account"", ""disp""]","[{""from_seed"": ""client"", ""to_seed"": ""district"", ""path"": [""client"", ""district""], ""added_tables"": []}, {""from_seed"": ""client"", ""to_seed"": ""account"", ""path"": [""client"", ""disp"", ""account""], ""added_tables"": []}, {""from_seed"": ""client"", ""to_seed"": ""disp"", ""path"": [""client"", ""disp""], ""added_tables"": []}, {""from_seed"": ""district"", ""to_seed"": ""account"", ""path"": [""district"", ""account""], ""added_tables"": []}, {""from_seed"": ""district"", ""to_seed"": ""disp"", ""path"": [""district"", ""account"", ""disp""], ""added_tables"": []}, {""from_seed"": ""account"", ""to_seed"": ""disp"", ""path"": [""account"", ""disp""], ""added_tables"": []}]","[{""seed"": ""account"", ""neighbour"": ""loan"", ""added"": true}, {""seed"": ""disp"", ""neighbour"": ""card"", ""added"": true}]","[{""table"": ""order"", ""lexical_score"": 1, ""selection_reasons"": [], ""truncation_reason"": ""not_reached_before_max_tables_budget""}, {""table"": ""trans"", ""lexical_score"": 1, ""selection_reasons"": [], ""truncation_reason"": ""not_reached_before_max_tables_budget""}]",{},"[""client"", ""district""]","[""a2"", ""birth_date"", ""district_id"", ""gender""]","[""SELECT"", ""JOIN[1]"", ""WHERE""]",[],[],"[""account"", ""client"", ""disp"", ""district""]","[""a2"", ""account_id"", ""birth_date"", ""client_id"", ""district_id"", ""gender""]","[""SELECT"", ""DISTINCT"", ""JOIN[2+]"", ""WHERE""]",[],,
bird_115,financial,challenging,False,retrieval_complete_mining_abstained_semantic_failure,unknown,,[],[],,e3-f-schema-v4,"[""district"", ""client"", ""disp"", ""loan"", ""account"", ""card""]",positive-lexical,"[""district"", ""client"", ""disp"", ""loan""]","[{""from_seed"": ""district"", ""to_seed"": ""client"", ""path"": [""district"", ""client""], ""added_tables"": []}, {""from_seed"": ""district"", ""to_seed"": ""disp"", ""path"": [""district"", ""account"", ""disp""], ""added_tables"": [""account""]}, {""from_seed"": ""district"", ""to_seed"": ""loan"", ""path"": [""district"", ""account"", ""loan""], ""added_tables"": []}, {""from_seed"": ""client"", ""to_seed"": ""disp"", ""path"": [""client"", ""disp""], ""added_tables"": []}, {""from_seed"": ""client"", ""to_seed"": ""loan"", ""path"": [""client"", ""disp"", ""account"", ""loan""], ""added_tables"": []}, {""from_seed"": ""disp"", ""to_seed"": ""loan"", ""path"": [""disp"", ""account"", ""loan""], ""added_tables"": []}]","[{""seed"": ""disp"", ""neighbour"": ""card"", ""added"": true}]","[{""table"": ""order"", ""lexical_score"": 1, ""selection_reasons"": [], ""truncation_reason"": ""not_reached_before_max_tables_budget""}, {""table"": ""trans"", ""lexical_score"": 0, ""selection_reasons"": [], ""truncation_reason"": ""not_reached_before_max_tables_budget""}]",{},"[""client"", ""district""]","[""a3"", ""a4"", ""client_id"", ""district_id"", ""gender""]","[""SELECT"", ""AGGREGATE"", ""JOIN[1]"", ""WHERE"", ""GROUP_BY"", ""ORDER_BY[DESC]"", ""LIMIT""]",[],[],"[""client"", ""district""]",[],"[""SELECT"", ""AGGREGATE"", ""WHERE"", ""ORDER_BY[DESC]"", ""LIMIT"", ""CONDITIONAL"", ""SUBQUERY""]",[],,
bird_118,financial,moderate,False,retrieval_complete_mining_abstained_semantic_failure,unknown,,[],[],,e3-f-schema-v4,"[""loan"", ""order"", ""trans"", ""disp"", ""account"", ""card""]",positive-lexical,"[""loan"", ""order"", ""trans"", ""disp""]","[{""from_seed"": ""loan"", ""to_seed"": ""order"", ""path"": [""loan"", ""account"", ""order""], ""added_tables"": [""account""]}, {""from_seed"": ""loan"", ""to_seed"": ""trans"", ""path"": [""loan"", ""account"", ""trans""], ""added_tables"": []}, {""from_seed"": ""loan"", ""to_seed"": ""disp"", ""path"": [""loan"", ""account"", ""disp""], ""added_tables"": []}, {""from_seed"": ""order"", ""to_seed"": ""trans"", ""path"": [""order"", ""account"", ""trans""], ""added_tables"": []}, {""from_seed"": ""order"", ""to_seed"": ""disp"", ""path"": [""order"", ""account"", ""disp""], ""added_tables"": []}, {""from_seed"": ""trans"", ""to_seed"": ""disp"", ""path"": [""trans"", ""account"", ""disp""], ""added_tables"": []}]","[{""seed"": ""disp"", ""neighbour"": ""card"", ""added"": true}]","[{""table"": ""district"", ""lexical_score"": 1, ""selection_reasons"": [], ""truncation_reason"": ""not_reached_before_max_tables_budget""}, {""table"": ""client"", ""lexical_score"": 0, ""selection_reasons"": [], ""truncation_reason"": ""not_reached_before_max_tables_budget""}]",{},"[""loan""]",[],"[""SELECT"", ""AGGREGATE"", ""WHERE""]",[],[],"[""loan""]",[],"[""SELECT"", ""AGGREGATE"", ""WHERE"", ""CONDITIONAL""]",[],,
bird_125,financial,challenging,False,retrieval_complete_mining_abstained_semantic_failure,unknown,,[],[],,e3-f-schema-v4,"[""district"", ""loan"", ""disp"", ""client"", ""account"", ""card""]",positive-lexical,"[""district"", ""loan"", ""disp"", ""client""]","[{""from_seed"": ""district"", ""to_seed"": ""loan"", ""path"": [""district"", ""account"", ""loan""], ""added_tables"": [""account""]}, {""from_seed"": ""district"", ""to_seed"": ""disp"", ""path"": [""district"", ""account"", ""disp""], ""added_tables"": []}, {""from_seed"": ""district"", ""to_seed"": ""client"", ""path"": [""district"", ""client""], ""added_tables"": []}, {""from_seed"": ""loan"", ""to_seed"": ""disp"", ""path"": [""loan"", ""account"", ""disp""], ""added_tables"": []}, {""from_seed"": ""loan"", ""to_seed"": ""client"", ""path"": [""loan"", ""account"", ""disp"", ""client""], ""added_tables"": []}, {""from_seed"": ""disp"", ""to_seed"": ""client"", ""path"": [""disp"", ""client""], ""added_tables"": []}]","[{""seed"": ""disp"", ""neighbour"": ""card"", ""added"": true}]","[{""table"": ""order"", ""lexical_score"": 1, ""selection_reasons"": [], ""truncation_reason"": ""not_reached_before_max_tables_budget""}, {""table"": ""trans"", ""lexical_score"": 1, ""selection_reasons"": [], ""truncation_reason"": ""not_reached_before_max_tables_budget""}]",{},"[""account"", ""district"", ""loan""]","[""a12"", ""a13"", ""account_id"", ""district_id"", ""status""]","[""SELECT"", ""JOIN[2+]"", ""WHERE""]",[],[],"[""account"", ""district"", ""loan""]","[""a12"", ""a13"", ""a2"", ""a3"", ""account_id"", ""district_id"", ""status""]","[""SELECT"", ""DISTINCT"", ""JOIN[2+]"", ""WHERE"", ""ORDER_BY[ASC]""]",[],,
bird_128,financial,moderate,True,correct,unknown,,[],[],,e3-f-schema-v4,"[""client"", ""disp"", ""order"", ""account"", ""district"", ""card"", ""loan""]",positive-lexical,"[""client"", ""disp"", ""order"", ""account""]","[{""from_seed"": ""client"", ""to_seed"": ""disp"", ""path"": [""client"", ""disp""], ""added_tables"": []}, {""from_seed"": ""client"", ""to_seed"": ""order"", ""path"": [""client"", ""disp"", ""account"", ""order""], ""added_tables"": []}, {""from_seed"": ""client"", ""to_seed"": ""account"", ""path"": [""client"", ""disp"", ""account""], ""added_tables"": []}, {""from_seed"": ""disp"", ""to_seed"": ""order"", ""path"": [""disp"", ""account"", ""order""], ""added_tables"": []}, {""from_seed"": ""disp"", ""to_seed"": ""account"", ""path"": [""disp"", ""account""], ""added_tables"": []}, {""from_seed"": ""order"", ""to_seed"": ""account"", ""path"": [""order"", ""account""], ""added_tables"": []}]","[{""seed"": ""client"", ""neighbour"": ""district"", ""added"": true}, {""seed"": ""disp"", ""neighbour"": ""card"", ""added"": true}, {""seed"": ""account"", ""neighbour"": ""loan"", ""added"": true}]","[{""table"": ""trans"", ""lexical_score"": 1, ""selection_reasons"": [], ""truncation_reason"": ""not_reached_before_max_tables_budget""}]",{},"[""client"", ""district""]","[""a2"", ""client_id"", ""district_id"", ""gender""]","[""SELECT"", ""AGGREGATE"", ""JOIN[1]"", ""WHERE"", ""GROUP_BY"", ""ORDER_BY[DESC]"", ""LIMIT""]",[],[],"[""client"", ""district""]","[""a2"", ""district_id"", ""gender""]","[""SELECT"", ""AGGREGATE"", ""JOIN[1]"", ""WHERE"", ""GROUP_BY"", ""ORDER_BY[ASC/DESC]"", ""LIMIT""]",[],,
bird_129,financial,moderate,False,retrieval_complete_mining_abstained_semantic_failure,unknown,,[],[],,e3-f-schema-v4,"[""trans"", ""card"", ""district"", ""account"", ""disp"", ""client"", ""loan""]",positive-lexical,"[""trans"", ""card"", ""district"", ""account""]","[{""from_seed"": ""trans"", ""to_seed"": ""card"", ""path"": [""trans"", ""account"", ""disp"", ""card""], ""added_tables"": [""disp""]}, {""from_seed"": ""trans"", ""to_seed"": ""district"", ""path"": [""trans"", ""account"", ""district""], ""added_tables"": []}, {""from_seed"": ""trans"", ""to_seed"": ""account"", ""path"": [""trans"", ""account""], ""added_tables"": []}, {""from_seed"": ""card"", ""to_seed"": ""district"", ""path"": [""card"", ""disp"", ""account"", ""district""], ""added_tables"": []}, {""from_seed"": ""card"", ""to_seed"": ""account"", ""path"": [""card"", ""disp"", ""account""], ""added_tables"": []}, {""from_seed"": ""district"", ""to_seed"": ""account"", ""path"": [""district"", ""account""], ""added_tables"": []}]","[{""seed"": ""district"", ""neighbour"": ""client"", ""added"": true}, {""seed"": ""account"", ""neighbour"": ""loan"", ""added"": true}]","[{""table"": ""order"", ""lexical_score"": 0, ""selection_reasons"": [], ""truncation_reason"": ""not_reached_before_max_tables_budget""}]",{},"[""account"", ""district"", ""trans""]","[""a2"", ""account_id"", ""date"", ""district_id"", ""type""]","[""SELECT"", ""DISTINCT"", ""JOIN[2+]"", ""WHERE"", ""ORDER_BY[ASC]"", ""LIMIT""]",[],[],"[""account"", ""district"", ""trans""]","[""a2"", ""account_id"", ""amount"", ""date"", ""district_id"", ""type""]","[""SELECT"", ""AGGREGATE"", ""JOIN[2+]"", ""WHERE"", ""GROUP_BY"", ""ORDER_BY[DESC]"", ""LIMIT""]",[],,
bird_145,financial,moderate,False,retrieval_complete_mining_abstained_semantic_failure,unknown,,[],[],,e3-f-schema-v4,"[""trans"", ""card"", ""disp"", ""loan"", ""account"", ""client""]",positive-lexical,"[""trans"", ""card"", ""disp"", ""loan""]","[{""from_seed"": ""trans"", ""to_seed"": ""card"", ""path"": [""trans"", ""account"", ""disp"", ""card""], ""added_tables"": [""account""]}, {""from_seed"": ""trans"", ""to_seed"": ""disp"", ""path"": [""trans"", ""account"", ""disp""], ""added_tables"": []}, {""from_seed"": ""trans"", ""to_seed"": ""loan"", ""path"": [""trans"", ""account"", ""loan""], ""added_tables"": []}, {""from_seed"": ""card"", ""to_seed"": ""disp"", ""path"": [""card"", ""disp""], ""added_tables"": []}, {""from_seed"": ""card"", ""to_seed"": ""loan"", ""path"": [""card"", ""disp"", ""account"", ""loan""], ""added_tables"": []}, {""from_seed"": ""disp"", ""to_seed"": ""loan"", ""path"": [""disp"", ""account"", ""loan""], ""added_tables"": []}]","[{""seed"": ""disp"", ""neighbour"": ""client"", ""added"": true}]","[{""table"": ""order"", ""lexical_score"": 3, ""selection_reasons"": [], ""truncation_reason"": ""not_reached_before_max_tables_budget""}, {""table"": ""district"", ""lexical_score"": 1, ""selection_reasons"": [], ""truncation_reason"": ""not_reached_before_max_tables_budget""}]",{},"[""account"", ""trans""]","[""account_id"", ""amount"", ""date"", ""operation""]","[""SELECT"", ""AGGREGATE"", ""JOIN[1]"", ""WHERE"", ""SUBQUERY""]",[],[],"[""disp"", ""trans""]","[""account_id"", ""amount"", ""client_id"", ""date"", ""operation"", ""type""]","[""SELECT"", ""DISTINCT"", ""AGGREGATE"", ""JOIN[1]"", ""WHERE"", ""SUBQUERY""]",[],,
bird_173,financial,challenging,False,retrieval_complete_mining_abstained_semantic_failure,unknown,,[],[],,e3-f-schema-v4,"[""order"", ""trans"", ""loan"", ""disp"", ""account"", ""card""]",positive-lexical,"[""order"", ""trans"", ""loan"", ""disp""]","[{""from_seed"": ""order"", ""to_seed"": ""trans"", ""path"": [""order"", ""account"", ""trans""], ""added_tables"": [""account""]}, {""from_seed"": ""order"", ""to_seed"": ""loan"", ""path"": [""order"", ""account"", ""loan""], ""added_tables"": []}, {""from_seed"": ""order"", ""to_seed"": ""disp"", ""path"": [""order"", ""account"", ""disp""], ""added_tables"": []}, {""from_seed"": ""trans"", ""to_seed"": ""loan"", ""path"": [""trans"", ""account"", ""loan""], ""added_tables"": []}, {""from_seed"": ""trans"", ""to_seed"": ""disp"", ""path"": [""trans"", ""account"", ""disp""], ""added_tables"": []}, {""from_seed"": ""loan"", ""to_seed"": ""disp"", ""path"": [""loan"", ""account"", ""disp""], ""added_tables"": []}]","[{""seed"": ""disp"", ""neighbour"": ""card"", ""added"": true}]","[{""table"": ""client"", ""lexical_score"": 1, ""selection_reasons"": [], ""truncation_reason"": ""not_reached_before_max_tables_budget""}, {""table"": ""district"", ""lexical_score"": 0, ""selection_reasons"": [], ""truncation_reason"": ""not_reached_before_max_tables_budget""}]",{},"[""account"", ""order""]","[""account_id"", ""frequency""]","[""SELECT"", ""AGGREGATE"", ""JOIN[1]"", ""WHERE"", ""GROUP_BY"", ""SUBQUERY""]",[],[],"[""order"", ""trans""]","[""k_symbol""]","[""SELECT"", ""AGGREGATE"", ""WHERE"", ""GROUP_BY"", ""HAVING"", ""SUBQUERY""]",[],,
bird_186,financial,moderate,False,retrieval_complete_mining_abstained_semantic_failure,unknown,,[],[],,e3-f-schema-v4,"[""client"", ""account"", ""loan"", ""trans"", ""disp"", ""district"", ""order""]",positive-lexical,"[""client"", ""account"", ""loan"", ""trans""]","[{""from_seed"": ""client"", ""to_seed"": ""account"", ""path"": [""client"", ""disp"", ""account""], ""added_tables"": [""disp""]}, {""from_seed"": ""client"", ""to_seed"": ""loan"", ""path"": [""client"", ""disp"", ""account"", ""loan""], ""added_tables"": []}, {""from_seed"": ""client"", ""to_seed"": ""trans"", ""path"": [""client"", ""disp"", ""account"", ""trans""], ""added_tables"": []}, {""from_seed"": ""account"", ""to_seed"": ""loan"", ""path"": [""account"", ""loan""], ""added_tables"": []}, {""from_seed"": ""account"", ""to_seed"": ""trans"", ""path"": [""account"", ""trans""], ""added_tables"": []}, {""from_seed"": ""loan"", ""to_seed"": ""trans"", ""path"": [""loan"", ""account"", ""trans""], ""added_tables"": []}]","[{""seed"": ""client"", ""neighbour"": ""district"", ""added"": true}, {""seed"": ""account"", ""neighbour"": ""order"", ""added"": true}]","[{""table"": ""card"", ""lexical_score"": 1, ""selection_reasons"": [], ""truncation_reason"": ""not_reached_before_max_tables_budget""}]",{},"[""account"", ""client"", ""disp"", ""district""]","[""account_id"", ""client_id"", ""district_id"", ""frequency"", ""gender""]","[""SELECT"", ""AGGREGATE"", ""JOIN[2+]"", ""WHERE""]",[],[],"[""account"", ""client"", ""disp""]","[""account_id"", ""client_id"", ""frequency"", ""gender""]","[""SELECT"", ""AGGREGATE"", ""JOIN[2+]"", ""WHERE"", ""CONDITIONAL""]",[],,
bird_189,financial,moderate,False,retrieval_complete_mining_abstained_semantic_failure,unknown,,[],[],,e3-f-schema-v4,"[""client"", ""disp"", ""district"", ""loan"", ""account"", ""card""]",positive-lexical,"[""client"", ""disp"", ""district"", ""loan""]","[{""from_seed"": ""client"", ""to_seed"": ""disp"", ""path"": [""client"", ""disp""], ""added_tables"": []}, {""from_seed"": ""client"", ""to_seed"": ""district"", ""path"": [""client"", ""district""], ""added_tables"": []}, {""from_seed"": ""client"", ""to_seed"": ""loan"", ""path"": [""client"", ""disp"", ""account"", ""loan""], ""added_tables"": [""account""]}, {""from_seed"": ""disp"", ""to_seed"": ""district"", ""path"": [""disp"", ""account"", ""district""], ""added_tables"": []}, {""from_seed"": ""disp"", ""to_seed"": ""loan"", ""path"": [""disp"", ""account"", ""loan""], ""added_tables"": []}, {""from_seed"": ""district"", ""to_seed"": ""loan"", ""path"": [""district"", ""account"", ""loan""], ""added_tables"": []}]","[{""seed"": ""disp"", ""neighbour"": ""card"", ""added"": true}]","[{""table"": ""order"", ""lexical_score"": 2, ""selection_reasons"": [], ""truncation_reason"": ""not_reached_before_max_tables_budget""}, {""table"": ""trans"", ""lexical_score"": 1, ""selection_reasons"": [], ""truncation_reason"": ""not_reached_before_max_tables_budget""}]",{},"[""account"", ""client"", ""disp"", ""district""]","[""a11"", ""account_id"", ""birth_date"", ""client_id"", ""district_id"", ""gender""]","[""SELECT"", ""JOIN[2+]"", ""WHERE"", ""ORDER_BY[ASC]"", ""LIMIT""]",[],[],"[""account"", ""client"", ""disp"", ""district""]","[""a11"", ""account_id"", ""birth_date"", ""client_id"", ""district_id"", ""gender""]","[""SELECT"", ""DISTINCT"", ""AGGREGATE"", ""JOIN[2+]"", ""WHERE"", ""ORDER_BY[ASC]"", ""SUBQUERY""]",[],,
