"run_id","id","db_id","difficulty","primary_trace_class","primary_trace_subcategory","control_flow_class","control_flow_subcategory","semantic_error_class","semantic_subcategory","attribution_scope","sql_change_type","retrieval_diagnostic","gold_detail_table_misses","gold_detail_column_name_misses","final_tables_outside_detailed_context","question","predicted_sql","gold_sql","semantic_fix_idea","semantic_notes"
"20260714T090249Z-4d55cdb8","bird_1011","formula_1","challenging","UNVERIFIED_FINAL","final_sql_rewritten_after_incorrect_observation","UNVERIFIED_FINAL","final_sql_rewritten_after_incorrect_observation","OUTPUT_CONTRACT","output_column_count_mismatch","automatic_sql_structure","expression_or_projection_only","retrieval_complete_mining_abstained_semantic_failure","[]","[]","[]","Which top 20 driver created the shortest lap time ever record in a Formula_1 race? Please give them full names.","SELECT d.forename || ' ' || d.surname AS full_name FROM lapTimes AS lt INNER JOIN drivers AS d ON lt.driverId = d.driverId GROUP BY d.driverId, d.forename, d.surname ORDER BY MIN(lt.milliseconds) ASC, full_name ASC LIMIT 20;","WITH lap_times_in_seconds AS (SELECT driverId, (CASE WHEN SUBSTR(time, 1, INSTR(time, ':') - 1) <> '' THEN CAST(SUBSTR(time, 1, INSTR(time, ':') - 1) AS REAL) * 60 ELSE 0 END + CASE WHEN SUBSTR(time, INSTR(time, ':') + 1, INSTR(time, '.') - INSTR(time, ':') - 1) <> '' THEN CAST(SUBSTR(time, INSTR(time, ':') + 1, INSTR(time, '.') - INSTR(time, ':') - 1) AS REAL) ELSE 0 END + CASE WHEN SUBSTR(time, INSTR(time, '.') + 1) <> '' THEN CAST(SUBSTR(time, INSTR(time, '.') + 1) AS REAL) / 1000 ELSE 0 END) AS time_in_seconds FROM lapTimes) SELECT T2.forename, T2.surname, T1.driverId FROM (SELECT driverId, MIN(time_in_seconds) AS min_time_in_seconds FROM lap_times_in_seconds GROUP BY driverId) AS T1 INNER JOIN drivers AS T2 ON T1.driverId = T2.driverId ORDER BY T1.min_time_in_seconds ASC LIMIT 20","生成输出契约并检查列数、顺序和每列含义。","[AUTO confidence=medium] 预测列数=1，gold 列数=3；需复核 gold 合理性。"
"20260714T090249Z-4d55cdb8","bird_1014","formula_1","challenging","UNVERIFIED_FINAL","final_sql_changed_after_unparseable_observation","UNVERIFIED_FINAL","final_sql_changed_after_unparseable_observation","OUTPUT_CONTRACT","output_column_count_mismatch","automatic_sql_structure","tables, WHERE, ORDER BY, LIMIT","detailed_schema_table_miss","[""circuits""]","[""circuits.circuitid"", ""circuits.country""]","[""circuits""]","Please list the lap records for the circuits in Italy.","SELECT T1.name, (SELECT T3.time FROM races AS T2 INNER JOIN lapTimes AS T3 ON T2.raceId = T3.raceId WHERE T2.circuitId = T1.circuitId ORDER BY T3.milliseconds ASC, T3.time ASC LIMIT 1) AS time FROM circuits AS T1 WHERE T1.country = 'Italy' ORDER BY T1.name","WITH fastest_lap_times AS (SELECT T1.raceId, T1.FastestLapTime, (CAST(SUBSTR(T1.FastestLapTime, 1, INSTR(T1.FastestLapTime, ':') - 1) AS REAL) * 60) + (CAST(SUBSTR(T1.FastestLapTime, INSTR(T1.FastestLapTime, ':') + 1, INSTR(T1.FastestLapTime, '.') - INSTR(T1.FastestLapTime, ':') - 1) AS REAL)) + (CAST(SUBSTR(T1.FastestLapTime, INSTR(T1.FastestLapTime, '.') + 1) AS REAL) / 1000) as time_in_seconds FROM results AS T1 WHERE T1.FastestLapTime IS NOT NULL ) SELECT T1.FastestLapTime as lap_record FROM results AS T1 INNER JOIN races AS T2 on T1.raceId = T2.raceId INNER JOIN circuits AS T3 on T2.circuitId = T3.circuitId INNER JOIN (SELECT MIN(fastest_lap_times.time_in_seconds) as min_time_in_seconds FROM fastest_lap_times INNER JOIN races AS T2 on fastest_lap_times.raceId = T2.raceId INNER JOIN circuits AS T3 on T2.circuitId = T3.circuitId WHERE T3.country = 'Italy' ) AS T4 ON (CAST(SUBSTR(T1.FastestLapTime, 1, INSTR(T1.FastestLapTime, ':') - 1) AS REAL) * 60) + (CAST(SUBSTR(T1.FastestLapTime, INSTR(T1.FastestLapTime, ':') + 1, INSTR(T1.FastestLapTime, '.') - INSTR(T1.FastestLapTime, ':') - 1) AS REAL)) + (CAST(SUBSTR(T1.FastestLapTime, INSTR(T1.FastestLapTime, '.') + 1) AS REAL) / 1000) = T4.min_time_in_seconds LIMIT 1","生成输出契约并检查列数、顺序和每列含义。","[AUTO confidence=medium] 预测列数=2，gold 列数=1；需复核 gold 合理性。"
"20260714T090249Z-4d55cdb8","bird_1029","european_football_2","moderate","UNVERIFIED_FINAL","final_sql_rewritten_after_incorrect_observation","UNVERIFIED_FINAL","final_sql_rewritten_after_incorrect_observation","OUTPUT_CONTRACT","output_column_count_mismatch","automatic_sql_structure","expression_or_projection_only","retrieval_complete_mining_abstained_semantic_failure","[]","[]","[]","What are the speed in which attacks are put together of the top 4 teams with the highest build Up Play Speed?","SELECT t.team_long_name, MAX(ta.buildUpPlaySpeed) AS buildUpPlaySpeed FROM Team_Attributes ta JOIN Team t ON ta.team_api_id = t.team_api_id GROUP BY t.team_api_id, t.team_long_name ORDER BY buildUpPlaySpeed DESC LIMIT 4;","SELECT t1.buildUpPlaySpeed FROM Team_Attributes AS t1 INNER JOIN Team AS t2 ON t1.team_api_id = t2.team_api_id ORDER BY t1.buildUpPlaySpeed ASC LIMIT 4","生成输出契约并检查列数、顺序和每列含义。","[AUTO confidence=medium] 预测列数=2，gold 列数=1；需复核 gold 合理性。"
"20260714T090249Z-4d55cdb8","bird_1031","european_football_2","challenging","UNVERIFIED_FINAL","final_without_db_execution","UNVERIFIED_FINAL","final_without_db_execution","AGGREGATION_REASONING","aggregation_or_grouping_mismatch","automatic_sql_structure","no_prior_execution","retrieval_complete_mining_abstained_semantic_failure","[]","[]","[]","At present, calculate for the player's age who have a sprint speed of no less than 97 between 2013 to 2015.","SELECT (CAST(strftime('%Y', 'now') AS INTEGER) - CAST(strftime('%Y', T2.birthday) AS INTEGER) - (strftime('%m-%d', 'now') < strftime('%m-%d', T2.birthday))) AS age FROM Player_Attributes AS T1 INNER JOIN Player AS T2 ON T1.player_api_id = T2.player_api_id WHERE T1.sprint_speed >= 97 AND CAST(strftime('%Y', T1.date) AS INTEGER) BETWEEN 2013 AND 2015 GROUP BY T2.player_api_id, T2.birthday","SELECT DISTINCT DATETIME() - T2.birthday age FROM Player_Attributes AS t1 INNER JOIN Player AS t2 ON t1.player_api_id = t2.player_api_id WHERE STRFTIME('%Y',t1.`date`) >= '2013' AND STRFTIME('%Y',t1.`date`) <= '2015' AND t1.sprint_speed >= 97","生成 SQL 前明确统计对象、分组键、聚合函数和聚合后的排序字段。","[AUTO confidence=medium] 预测与 gold 的聚合结构不同：group by。"
"20260714T090249Z-4d55cdb8","bird_1058","european_football_2","challenging","AGGREGATION_REASONING","aggregation_or_grouping_mismatch","","","AGGREGATION_REASONING","aggregation_or_grouping_mismatch","automatic_sql_structure","","retrieval_complete_mining_abstained_semantic_failure","[]","[]","[]","Who has the highest average finishing rate between the highest and shortest football player?","SELECT P.player_name FROM Player AS P INNER JOIN Player_Attributes AS A ON P.player_api_id = A.player_api_id WHERE P.height IN ((SELECT MAX(height) FROM Player), (SELECT MIN(height) FROM Player)) GROUP BY P.player_api_id, P.player_name ORDER BY AVG(A.finishing) DESC, P.player_name ASC LIMIT 1","SELECT A FROM ( SELECT AVG(finishing) result, 'Max' A FROM Player AS T1 INNER JOIN Player_Attributes AS T2 ON T1.player_api_id = T2.player_api_id WHERE T1.height = ( SELECT MAX(height) FROM Player ) UNION SELECT AVG(finishing) result, 'Min' A FROM Player AS T1 INNER JOIN Player_Attributes AS T2 ON T1.player_api_id = T2.player_api_id WHERE T1.height = ( SELECT MIN(height) FROM Player ) ) ORDER BY result DESC LIMIT 1","生成 SQL 前明确统计对象、分组键、聚合函数和聚合后的排序字段。","[AUTO confidence=medium] 预测与 gold 的聚合结构不同：group by。"
"20260714T090249Z-4d55cdb8","bird_1092","european_football_2","simple","UNVERIFIED_FINAL","final_sql_rewritten_after_incorrect_observation","UNVERIFIED_FINAL","final_sql_rewritten_after_incorrect_observation","AGGREGATION_REASONING","aggregation_or_grouping_mismatch","automatic_sql_structure","expression_or_projection_only","detailed_schema_column_miss_or_compact_index_only","[]","[""match.season""]","[]","Give the name of the league had the most matches in the 2008/2009 season?","SELECT League.name FROM League JOIN `Match` ON League.id = `Match`.league_id WHERE `Match`.season = '2008/2009' GROUP BY League.id, League.name ORDER BY COUNT(*) DESC LIMIT 1","SELECT t1.name FROM League AS t1 JOIN Match AS t2 ON t1.id = t2.league_id WHERE t2.season = '2008/2009' GROUP BY t1.name HAVING COUNT(t2.id) = (SELECT MAX(match_count) FROM (SELECT COUNT(t2.id) AS match_count FROM Match AS t2 WHERE t2.season = '2008/2009' GROUP BY t2.league_id))","生成 SQL 前明确统计对象、分组键、聚合函数和聚合后的排序字段。","[AUTO confidence=medium] 预测与 gold 的聚合结构不同：having, max(。"
"20260714T090249Z-4d55cdb8","bird_1094","european_football_2","challenging","UNVERIFIED_FINAL","final_sql_rewritten_after_incorrect_observation","UNVERIFIED_FINAL","final_sql_rewritten_after_incorrect_observation","AGGREGATION_REASONING","aggregation_or_grouping_mismatch","automatic_sql_structure","LIMIT","retrieval_complete_mining_abstained_semantic_failure","[]","[]","[]","How much higher in percentage is Ariel Borysiuk's overall rating than that of Paulin Puel?","SELECT (((SELECT pa.overall_rating FROM Player AS p JOIN Player_Attributes AS pa ON p.player_api_id = pa.player_api_id WHERE p.player_name = 'Ariel Borysiuk' ORDER BY pa.date DESC, pa.id DESC LIMIT 1) - (SELECT pa.overall_rating FROM Player AS p JOIN Player_Attributes AS pa ON p.player_api_id = pa.player_api_id WHERE p.player_name = 'Paulin Puel' ORDER BY pa.date DESC, pa.id DESC LIMIT 1)) * 100.0 / (SELECT pa.overall_rating FROM Player AS p JOIN Player_Attributes AS pa ON p.player_api_id = pa.player_api_id WHERE p.player_name = 'Paulin Puel' ORDER BY pa.date DESC, pa.id DESC LIMIT 1)) AS percentage_higher;","SELECT (SUM(CASE WHEN t1.player_name = 'Ariel Borysiuk' THEN t2.overall_rating ELSE 0 END) * 1.0 - SUM(CASE WHEN t1.player_name = 'Paulin Puel' THEN t2.overall_rating ELSE 0 END)) * 100 / SUM(CASE WHEN t1.player_name = 'Paulin Puel' THEN t2.overall_rating ELSE 0 END) FROM Player AS t1 INNER JOIN Player_Attributes AS t2 ON t1.player_api_id = t2.player_api_id","生成 SQL 前明确统计对象、分组键、聚合函数和聚合后的排序字段。","[AUTO confidence=medium] 预测与 gold 的聚合结构不同：sum(。"
"20260714T090249Z-4d55cdb8","bird_1107","european_football_2","moderate","AGGREGATION_REASONING","aggregation_or_grouping_mismatch","","","AGGREGATION_REASONING","aggregation_or_grouping_mismatch","automatic_sql_structure","","detailed_schema_column_miss_or_compact_index_only","[]","[""player_attributes.date""]","[]","When was the first time did Kevin Constant have his highest crossing score? Give the date.","SELECT pa.date FROM Player_Attributes AS pa JOIN Player AS p ON pa.player_api_id = p.player_api_id WHERE p.player_name = 'Kevin Constant' AND pa.crossing = (SELECT MAX(pa2.crossing) FROM Player_Attributes AS pa2 JOIN Player AS p2 ON pa2.player_api_id = p2.player_api_id WHERE p2.player_name = 'Kevin Constant') ORDER BY pa.date ASC LIMIT 1;","SELECT `date` FROM ( SELECT t2.crossing, t2.`date` FROM Player AS t1 INNER JOIN Player_Attributes AS t2 ON t1.player_fifa_api_id = t2.player_fifa_api_id WHERE t1.player_name = 'Kevin Constant' ORDER BY t2.crossing DESC) ORDER BY date DESC LIMIT 1","生成 SQL 前明确统计对象、分组键、聚合函数和聚合后的排序字段。","[AUTO confidence=medium] 预测与 gold 的聚合结构不同：max(。"
"20260714T090249Z-4d55cdb8","bird_1135","european_football_2","moderate","UNVERIFIED_FINAL","final_sql_changed_after_unparseable_observation","UNVERIFIED_FINAL","final_sql_changed_after_unparseable_observation","AGGREGATION_REASONING","aggregation_or_grouping_mismatch","automatic_sql_structure","aggregate","retrieval_complete_mining_abstained_semantic_failure","[]","[]","[]","Please provide top four football players' IDs who are among the lowest potential players and prefer to use the right foot when attacking.","SELECT DISTINCT player_api_id FROM Player_Attributes WHERE preferred_foot = 'right' AND potential = (SELECT MIN(potential) FROM Player_Attributes) ORDER BY player_api_id LIMIT 4;","SELECT id FROM Player_Attributes WHERE preferred_foot = 'right' ORDER BY potential ASC LIMIT 4","生成 SQL 前明确统计对象、分组键、聚合函数和聚合后的排序字段。","[AUTO confidence=medium] 预测与 gold 的聚合结构不同：min(。"
"20260714T090249Z-4d55cdb8","bird_1144","european_football_2","simple","UNVERIFIED_FINAL","final_sql_rewritten_after_incorrect_observation","UNVERIFIED_FINAL","final_sql_rewritten_after_incorrect_observation","OUTPUT_CONTRACT","output_column_count_mismatch","automatic_sql_structure","expression_or_projection_only","retrieval_complete_mining_abstained_semantic_failure","[]","[]","[]","Please state the finishing rate and curve score of the player who has the heaviest weight.","SELECT pa.finishing, pa.curve FROM Player AS p INNER JOIN Player_Attributes AS pa ON p.player_api_id = pa.player_api_id WHERE p.weight = (SELECT MAX(weight) FROM Player) ORDER BY pa.date DESC LIMIT 1","SELECT id, finishing, curve FROM Player_Attributes WHERE player_api_id = ( SELECT player_api_id FROM Player ORDER BY weight DESC LIMIT 1 ) LIMIT 1","生成输出契约并检查列数、顺序和每列含义。","[AUTO confidence=medium] 预测列数=2，gold 列数=3；需复核 gold 合理性。"
"20260714T090249Z-4d55cdb8","bird_115","financial","challenging","UNVERIFIED_FINAL","final_sql_changed_after_unparseable_observation","UNVERIFIED_FINAL","final_sql_changed_after_unparseable_observation","AGGREGATION_REASONING","aggregation_or_grouping_mismatch","automatic_sql_structure","expression_or_projection_only","retrieval_complete_mining_abstained_semantic_failure","[]","[]","[]","For the branch which located in the south Bohemia with biggest number of inhabitants, what is the percentage of the male clients?","SELECT 100.0 * SUM(CASE WHEN gender = 'M' THEN 1 ELSE 0 END) / COUNT(*) AS percentage_of_male_clients FROM client WHERE district_id = (SELECT district_id FROM district WHERE A3 = 'south Bohemia' ORDER BY CAST(A4 AS INTEGER) DESC LIMIT 1)","SELECT CAST(SUM(T1.gender = 'M') AS REAL) * 100 / COUNT(T1.client_id) FROM client AS T1 INNER JOIN district AS T2 ON T1.district_id = T2.district_id WHERE T2.A3 = 'south Bohemia' GROUP BY T2.A4 ORDER BY T2.A4 DESC LIMIT 1","生成 SQL 前明确统计对象、分组键、聚合函数和聚合后的排序字段。","[AUTO confidence=medium] 预测与 gold 的聚合结构不同：group by。"
"20260714T090249Z-4d55cdb8","bird_1166","thrombosis_prediction","simple","UNVERIFIED_FINAL","final_sql_rewritten_after_incorrect_observation","UNVERIFIED_FINAL","final_sql_rewritten_after_incorrect_observation","SEMANTIC_REVIEW_REQUIRED","filter_scope_or_expression_mismatch","automatic_sql_structure","expression_or_projection_only","retrieval_complete_mining_abstained_semantic_failure","[]","[]","[]","What are the symptoms observed by the youngest patient to ever did a medical examination? Identify their diagnosis.","SELECT E.Symptoms, E.Diagnosis FROM Examination AS E INNER JOIN Patient AS P ON E.ID = P.ID WHERE E.Symptoms IS NOT NULL ORDER BY P.Birthday DESC LIMIT 1","SELECT T2.Symptoms, T1.Diagnosis FROM Patient AS T1 INNER JOIN Examination AS T2 ON T1.ID = T2.ID WHERE T2.Symptoms IS NOT NULL ORDER BY T1.Birthday DESC LIMIT 1","记录过滤字段、取值、时间范围和作用层级后再生成 SQL。","[AUTO confidence=low] 最终 SQL 已执行成功，但结果与 gold 不同；自动规则未发现更具体结构错误，需复核过滤范围或 gold 噪声。"
"20260714T090249Z-4d55cdb8","bird_1168","thrombosis_prediction","challenging","UNVERIFIED_FINAL","final_sql_rewritten_after_incorrect_observation","UNVERIFIED_FINAL","final_sql_rewritten_after_incorrect_observation","OUTPUT_CONTRACT","output_column_count_mismatch","automatic_sql_structure","expression_or_projection_only","retrieval_complete_mining_abstained_semantic_failure","[]","[]","[]","The oldest SJS patient's medical laboratory work was completed on what date, and what age was the patient when they initially arrived at the hospital?","SELECT L.Date, CAST(strftime('%Y', P.`First Date`) AS INTEGER) - CAST(strftime('%Y', P.Birthday) AS INTEGER) AS age FROM Patient AS P INNER JOIN Laboratory AS L ON P.ID = L.ID WHERE P.Diagnosis = 'SJS' AND P.Birthday IS NOT NULL AND P.`First Date` IS NOT NULL ORDER BY P.Birthday ASC, L.Date ASC LIMIT 1","SELECT T1.Date, STRFTIME('%Y', T2.`First Date`) - STRFTIME('%Y', T2.Birthday),T2.Birthday FROM Laboratory AS T1 INNER JOIN Patient AS T2 ON T1.ID = T2.ID WHERE T2.Diagnosis = 'SJS' AND T2.Birthday IS NOT NULL ORDER BY T2.Birthday ASC LIMIT 1","生成输出契约并检查列数、顺序和每列含义。","[AUTO confidence=medium] 预测列数=2，gold 列数=3；需复核 gold 合理性。"
"20260714T090249Z-4d55cdb8","bird_1175","thrombosis_prediction","moderate","UNVERIFIED_FINAL","final_sql_rewritten_after_incorrect_observation","UNVERIFIED_FINAL","final_sql_rewritten_after_incorrect_observation","AGGREGATION_REASONING","aggregation_or_grouping_mismatch","automatic_sql_structure","tables, ORDER BY, aggregate","retrieval_complete_mining_abstained_semantic_failure","[]","[]","[]","How old was the patient who had the highest hemoglobin count at the time of the examination, and what is the doctor's diagnosis?","SELECT CAST(strftime('%Y', E.[Examination Date]) AS INTEGER) - CAST(strftime('%Y', P.Birthday) AS INTEGER) AS age, E.Diagnosis FROM Laboratory AS L INNER JOIN Patient AS P ON P.ID = L.ID INNER JOIN Examination AS E ON E.ID = P.ID WHERE L.HGB = (SELECT MAX(HGB) FROM Laboratory) LIMIT 1","SELECT STRFTIME('%Y', T2.Date) - STRFTIME('%Y', T1.Birthday), T1.Diagnosis FROM Patient AS T1 INNER JOIN Laboratory AS T2 ON T1.ID = T2.ID ORDER BY T2.HGB DESC LIMIT 1","生成 SQL 前明确统计对象、分组键、聚合函数和聚合后的排序字段。","[AUTO confidence=medium] 预测与 gold 的聚合结构不同：max(。"
"20260714T090249Z-4d55cdb8","bird_1179","thrombosis_prediction","moderate","UNVERIFIED_FINAL","final_sql_rewritten_after_incorrect_observation","UNVERIFIED_FINAL","final_sql_rewritten_after_incorrect_observation","OUTPUT_CONTRACT","output_column_count_mismatch","automatic_sql_structure","LIMIT","retrieval_complete_mining_abstained_semantic_failure","[]","[]","[]","For the patient who was diagnosed with SLE on 1994/2/19, what was his/her anti-Cardiolipin antibody concentration status on 1993/11/12?","SELECT E.""aCL IgM"" FROM Patient AS P INNER JOIN Examination AS E ON P.ID = E.ID WHERE lower(TRIM(P.Diagnosis)) = 'sle' AND REPLACE(TRIM(P.Description), '/', '-') = '1994-02-19' AND REPLACE(TRIM(E.""Examination Date""), '/', '-') = '1993-11-12' LIMIT 1;","SELECT `aCL IgA`, `aCL IgG`, `aCL IgM` FROM Examination WHERE ID IN ( SELECT ID FROM Patient WHERE Diagnosis = 'SLE' AND Description = '1994-02-19' ) AND `Examination Date` = '1993-11-12'","生成输出契约并检查列数、顺序和每列含义。","[AUTO confidence=medium] 预测列数=1，gold 列数=3；需复核 gold 合理性。"
"20260714T090249Z-4d55cdb8","bird_118","financial","moderate","UNVERIFIED_FINAL","final_sql_rewritten_after_incorrect_observation","UNVERIFIED_FINAL","final_sql_rewritten_after_incorrect_observation","AGGREGATION_REASONING","aggregation_or_grouping_mismatch","automatic_sql_structure","expression_or_projection_only","retrieval_complete_mining_abstained_semantic_failure","[]","[]","[]","For loan amount less than USD100,000, what is the percentage of accounts that is still running with no issue.","SELECT CAST(SUM(CASE WHEN status = 'C' THEN amount ELSE 0 END) AS REAL) * 100.0 / SUM(amount) AS percentage FROM loan WHERE amount < 100000","SELECT CAST(SUM(status = 'C') AS REAL) * 100 / COUNT(account_id) FROM loan WHERE amount < 100000","生成 SQL 前明确统计对象、分组键、聚合函数和聚合后的排序字段。","[AUTO confidence=medium] 预测与 gold 的聚合结构不同：count(。"
"20260714T090249Z-4d55cdb8","bird_1205","thrombosis_prediction","moderate","UNVERIFIED_FINAL","final_sql_rewritten_after_incorrect_observation","UNVERIFIED_FINAL","final_sql_rewritten_after_incorrect_observation","OUTPUT_CONTRACT","yes_no_vs_row_output_mismatch","automatic_sql_structure","expression_or_projection_only","retrieval_complete_mining_abstained_semantic_failure","[]","[]","[]","Was the patient with the number 57266's uric acid within a normal range?","SELECT CASE WHEN EXISTS (SELECT 1 FROM Patient AS P INNER JOIN Laboratory AS L ON P.ID = L.ID WHERE P.ID = 57266 AND L.UA IS NOT NULL AND ((P.SEX = 'M' AND L.UA > 8.0) OR (P.SEX = 'F' AND L.UA > 6.5))) THEN 'Yes' ELSE 'No' END AS answer","SELECT CASE WHEN (T1.SEX = 'F' AND T2.UA > 6.5) OR (T1.SEX = 'M' AND T2.UA > 8.0) THEN true ELSE false END FROM Patient AS T1 INNER JOIN Laboratory AS T2 ON T1.ID = T2.ID WHERE T1.ID = 57266","在 FINAL 前检查应返回单个 YES/NO 还是逐行原始字段。","[AUTO confidence=medium] 预测与 gold 的 YES/NO 输出形式不同；可能包含 gold/Hint 冲突。"
"20260714T090249Z-4d55cdb8","bird_1225","thrombosis_prediction","moderate","UNVERIFIED_FINAL","final_sql_changed_after_unparseable_observation","UNVERIFIED_FINAL","final_sql_changed_after_unparseable_observation","SEMANTIC_REVIEW_REQUIRED","filter_scope_or_expression_mismatch","automatic_sql_structure","expression_or_projection_only","retrieval_complete_mining_abstained_semantic_failure","[]","[]","[]","List and group all patients by sex for total bilirubin (T-BIL) level not within the normal range.","SELECT P.SEX, GROUP_CONCAT(DISTINCT P.ID) AS IDs FROM Laboratory AS L INNER JOIN Patient AS P ON L.ID = P.ID WHERE L.""T-BIL"" >= 2.0 GROUP BY P.SEX ORDER BY P.SEX","SELECT T1.ID,T1.SEX FROM Patient AS T1 INNER JOIN Laboratory AS T2 ON T1.ID = T2.ID WHERE T2.`T-BIL` >= 2.0 GROUP BY T1.SEX,T1.ID","记录过滤字段、取值、时间范围和作用层级后再生成 SQL。","[AUTO confidence=low] 最终 SQL 已执行成功，但结果与 gold 不同；自动规则未发现更具体结构错误，需复核过滤范围或 gold 噪声。"
"20260714T090249Z-4d55cdb8","bird_1235","thrombosis_prediction","moderate","UNVERIFIED_FINAL","final_sql_rewritten_after_incorrect_observation","UNVERIFIED_FINAL","final_sql_rewritten_after_incorrect_observation","SEMANTIC_REVIEW_REQUIRED","filter_scope_or_expression_mismatch","automatic_sql_structure","expression_or_projection_only","retrieval_complete_mining_abstained_semantic_failure","[]","[]","[]","What are the patient's diagnosis for those who has lower red blood blood cell? State their ID and age.","SELECT DISTINCT T1.ID, CAST(strftime('%Y', CURRENT_TIMESTAMP) AS INTEGER) - CAST(strftime('%Y', T1.Birthday) AS INTEGER) AS age, T1.Diagnosis FROM Patient AS T1 INNER JOIN Laboratory AS T2 ON T1.ID = T2.ID WHERE T2.RBC < 3.5 ORDER BY T1.ID","SELECT DISTINCT T1.Diagnosis, T1.ID , STRFTIME('%Y', CURRENT_TIMESTAMP) -STRFTIME('%Y', T1.Birthday) FROM Patient AS T1 INNER JOIN Laboratory AS T2 ON T1.ID = T2.ID WHERE T2.RBC < 3.5","记录过滤字段、取值、时间范围和作用层级后再生成 SQL。","[AUTO confidence=low] 最终 SQL 已执行成功，但结果与 gold 不同；自动规则未发现更具体结构错误，需复核过滤范围或 gold 噪声。"
"20260714T090249Z-4d55cdb8","bird_1239","thrombosis_prediction","challenging","SEMANTIC_REVIEW_REQUIRED","filter_scope_or_expression_mismatch","","","SEMANTIC_REVIEW_REQUIRED","filter_scope_or_expression_mismatch","automatic_sql_structure","","retrieval_complete_mining_abstained_semantic_failure","[]","[]","[]","Name the ID and age of patient with two or more laboratory examinations which show their hematoclit level exceeded the normal range.","SELECT P.ID, CAST(strftime('%Y','now') AS INTEGER) - CAST(strftime('%Y', P.Birthday) AS INTEGER) AS age FROM Patient AS P INNER JOIN Laboratory AS L ON P.ID = L.ID WHERE L.HCT >= 52 GROUP BY P.ID, P.Birthday HAVING COUNT(L.ID) > 2","SELECT DISTINCT T1.ID, STRFTIME('%Y', CURRENT_TIMESTAMP) - STRFTIME('%Y', T1.Birthday) FROM Patient AS T1 INNER JOIN Laboratory AS T2 ON T1.ID = T2.ID WHERE T1.ID IN ( SELECT ID FROM Laboratory WHERE HCT >= 52 GROUP BY ID HAVING COUNT(ID) >= 2 )","记录过滤字段、取值、时间范围和作用层级后再生成 SQL。","[AUTO confidence=low] 最终 SQL 已执行成功，但结果与 gold 不同；自动规则未发现更具体结构错误，需复核过滤范围或 gold 噪声。"
"20260714T090249Z-4d55cdb8","bird_1241","thrombosis_prediction","challenging","UNVERIFIED_FINAL","final_sql_rewritten_after_incorrect_observation","UNVERIFIED_FINAL","final_sql_rewritten_after_incorrect_observation","OUTPUT_CONTRACT","output_column_count_mismatch","automatic_sql_structure","tables, GROUP BY","retrieval_complete_mining_abstained_semantic_failure","[]","[]","[]","For patients with abnormal platelet level, state the number of patients with lower than normal range. How is it compare to the number of patients with higher than normal range?","WITH patient_flags AS (SELECT ID, MAX(CASE WHEN PLT < 100 THEN 1 ELSE 0 END) AS lower_flag, MAX(CASE WHEN PLT > 400 THEN 1 ELSE 0 END) AS higher_flag FROM Laboratory WHERE PLT <= 100 OR PLT >= 400 GROUP BY ID) SELECT COALESCE(SUM(lower_flag), 0) AS lower_than_normal_range, COALESCE(SUM(higher_flag), 0) AS higher_than_normal_range, COALESCE(SUM(lower_flag), 0) - COALESCE(SUM(higher_flag), 0) AS calculation FROM patient_flags;","SELECT SUM(CASE WHEN T2.PLT <= 100 THEN 1 ELSE 0 END) - SUM(CASE WHEN T2.PLT >= 400 THEN 1 ELSE 0 END) FROM Patient AS T1 INNER JOIN Laboratory AS T2 ON T1.ID = T2.ID","生成输出契约并检查列数、顺序和每列含义。","[AUTO confidence=medium] 预测列数=3，gold 列数=1；需复核 gold 合理性。"
"20260714T090249Z-4d55cdb8","bird_1242","thrombosis_prediction","challenging","SEMANTIC_REVIEW_REQUIRED","filter_scope_or_expression_mismatch","","","SEMANTIC_REVIEW_REQUIRED","filter_scope_or_expression_mismatch","automatic_sql_structure","","retrieval_complete_mining_abstained_semantic_failure","[]","[]","[]","For laboratory examinations take in 1984, list all patients below 50 years old with normal platelet level.","SELECT DISTINCT T1.ID FROM Patient AS T1 INNER JOIN Laboratory AS T2 ON T1.ID = T2.ID WHERE strftime('%Y', T2.Date) = '1984' AND CAST(strftime('%Y', current_timestamp) AS INTEGER) - CAST(strftime('%Y', T1.Birthday) AS INTEGER) < 50 AND T2.PLT BETWEEN 100 AND 400 ORDER BY T1.ID","SELECT DISTINCT T1.ID FROM Patient AS T1 INNER JOIN Laboratory AS T2 ON T1.ID = T2.ID WHERE T2.PLT BETWEEN 100 AND 400 AND STRFTIME('%Y', T2.Date) - STRFTIME('%Y', T1.Birthday) < 50 AND STRFTIME('%Y', T2.Date) = '1984'","记录过滤字段、取值、时间范围和作用层级后再生成 SQL。","[AUTO confidence=low] 最终 SQL 已执行成功，但结果与 gold 不同；自动规则未发现更具体结构错误，需复核过滤范围或 gold 噪声。"
"20260714T090249Z-4d55cdb8","bird_1243","thrombosis_prediction","challenging","TOOL_ERROR","unparseable_execution_observation","","","TOOL_ERROR","unparseable_execution_observation","tool_failure","","retrieval_complete_mining_abstained_semantic_failure","[]","[]","[]","For all patients who are older than 55 years old, what is the percentage of female who has abnormal prothrombin time (PT)?","SELECT CAST(SUM(CASE WHEN L.PT >= 14 AND P.SEX = 'F' THEN 1 ELSE 0 END) AS REAL) * 100.0 / SUM(CASE WHEN L.PT >= 14 THEN 1 ELSE 0 END) FROM Patient AS P INNER JOIN Laboratory AS L ON P.ID = L.ID WHERE CAST(strftime('%Y', CURRENT_TIMESTAMP) AS INTEGER) - CAST(strftime('%Y', P.Birthday) AS INTEGER) > 55","SELECT CAST(SUM(CASE WHEN T2.PT >= 14 AND T1.SEX = 'F' THEN 1 ELSE 0 END) AS REAL) * 100 / COUNT(CASE WHEN T2.PT >= 14 THEN 1 ELSE 0 END) FROM Patient AS T1 INNER JOIN Laboratory AS T2 ON T1.ID = T2.ID WHERE STRFTIME('%Y', CURRENT_TIMESTAMP) - STRFTIME('%Y', T1.Birthday) > 55","",""
"20260714T090249Z-4d55cdb8","bird_1247","thrombosis_prediction","challenging","UNVERIFIED_FINAL","final_sql_rewritten_after_incorrect_observation","UNVERIFIED_FINAL","final_sql_rewritten_after_incorrect_observation","SEMANTIC_REVIEW_REQUIRED","filter_scope_or_expression_mismatch","automatic_sql_structure","expression_or_projection_only","retrieval_complete_mining_abstained_semantic_failure","[]","[]","[]","Among the male patients who have a normal level of white blood cells, how many of them have an abnormal fibrinogen level?","SELECT COUNT(DISTINCT P.ID) FROM Laboratory AS L INNER JOIN Patient AS P ON L.ID = P.ID WHERE P.SEX = 'M' AND L.WBC > 3.5 AND L.WBC < 9.0 AND (L.FG <= 150 OR L.FG >= 450)","SELECT COUNT(DISTINCT T1.ID) FROM Patient AS T1 INNER JOIN Laboratory AS T2 ON T1.ID = T2.ID WHERE T2.FG <= 150 OR T2.FG >= 450 AND T2.WBC > 3.5 AND T2.WBC < 9.0 AND T1.SEX = 'M'","记录过滤字段、取值、时间范围和作用层级后再生成 SQL。","[AUTO confidence=low] 最终 SQL 已执行成功，但结果与 gold 不同；自动规则未发现更具体结构错误，需复核过滤范围或 gold 噪声。"
"20260714T090249Z-4d55cdb8","bird_125","financial","challenging","OUTPUT_CONTRACT","output_column_count_mismatch","","","OUTPUT_CONTRACT","output_column_count_mismatch","automatic_sql_structure","","retrieval_complete_mining_abstained_semantic_failure","[]","[]","[]","For loans contracts which are still running where client are in debt, list the district of the and the state the percentage unemployment rate increment from year 1995 to 1996.","SELECT DISTINCT district.A2 AS district, district.A3 AS state, ((district.A13 - district.A12) * 100.0 / district.A12) AS unemployment_rate_increment FROM loan JOIN account ON loan.account_id = account.account_id JOIN district ON account.district_id = district.district_id WHERE loan.status = 'D' ORDER BY district.A2, district.A3","SELECT CAST((T3.A13 - T3.A12) AS REAL) * 100 / T3.A12 FROM loan AS T1 INNER JOIN account AS T2 ON T1.account_id = T2.account_id INNER JOIN district AS T3 ON T2.district_id = T3.district_id WHERE T1.status = 'D'","生成输出契约并检查列数、顺序和每列含义。","[AUTO confidence=medium] 预测列数=3，gold 列数=1；需复核 gold 合理性。"
"20260714T090249Z-4d55cdb8","bird_1251","thrombosis_prediction","simple","UNVERIFIED_FINAL","final_sql_rewritten_after_incorrect_observation","UNVERIFIED_FINAL","final_sql_rewritten_after_incorrect_observation","SCHEMA_LINKING","table_or_join_path_mismatch","automatic_sql_structure","expression_or_projection_only","retrieval_complete_mining_abstained_semantic_failure","[]","[]","[]","How many patients with an Ig G higher than normal?","SELECT COUNT(DISTINCT ID) FROM Laboratory WHERE IGG >= 2000","SELECT COUNT(DISTINCT T1.ID) FROM Patient AS T1 INNER JOIN Laboratory AS T2 ON T1.ID = T2.ID INNER JOIN Examination AS T3 ON T3.ID = T2.ID WHERE T2.IGG >= 2000","生成 SQL 前记录表、字段来源和 JOIN 路径，并通过 Schema 校验。","[AUTO confidence=medium] 表集合不同：pred=['laboratory']，gold=['examination', 'laboratory', 'patient']；需复核 gold。"
"20260714T090249Z-4d55cdb8","bird_1252","thrombosis_prediction","moderate","SCHEMA_LINKING","table_or_join_path_mismatch","","","SCHEMA_LINKING","table_or_join_path_mismatch","automatic_sql_structure","","retrieval_complete_mining_abstained_semantic_failure","[]","[]","[]","Among the patients with a normal Ig G level, how many of them have symptoms?","SELECT COUNT(DISTINCT L.ID) FROM Laboratory AS L INNER JOIN Examination AS E ON L.ID = E.ID WHERE L.IGG > 900 AND L.IGG < 2000 AND E.Symptoms IS NOT NULL","SELECT COUNT(T1.ID) FROM Patient AS T1 INNER JOIN Laboratory AS T2 ON T1.ID = T2.ID INNER JOIN Examination AS T3 ON T3.ID = T2.ID WHERE T2.IGG BETWEEN 900 AND 2000 AND T3.Symptoms IS NOT NULL","生成 SQL 前记录表、字段来源和 JOIN 路径，并通过 Schema 校验。","[AUTO confidence=medium] 表集合不同：pred=['examination', 'laboratory']，gold=['examination', 'laboratory', 'patient']；需复核 gold。"
"20260714T090249Z-4d55cdb8","bird_1254","thrombosis_prediction","moderate","UNVERIFIED_FINAL","final_sql_rewritten_after_incorrect_observation","UNVERIFIED_FINAL","final_sql_rewritten_after_incorrect_observation","SEMANTIC_REVIEW_REQUIRED","filter_scope_or_expression_mismatch","automatic_sql_structure","expression_or_projection_only","retrieval_complete_mining_abstained_semantic_failure","[]","[]","[]","How many patients with a normal Ig A level came to the hospital after 1990/1/1?","SELECT COUNT(DISTINCT p.ID) FROM Patient p INNER JOIN Laboratory l ON p.ID = l.ID WHERE l.IGA > 80 AND l.IGA < 500 AND CAST(strftime('%Y', p.""First Date"") AS INTEGER) >= 1990","SELECT COUNT(T1.ID) FROM Patient AS T1 INNER JOIN Laboratory AS T2 ON T1.ID = T2.ID WHERE T2.IGA BETWEEN 80 AND 500 AND  strftime('%Y',  T1.`First Date`) > '1990'","记录过滤字段、取值、时间范围和作用层级后再生成 SQL。","[AUTO confidence=low] 最终 SQL 已执行成功，但结果与 gold 不同；自动规则未发现更具体结构错误，需复核过滤范围或 gold 噪声。"
"20260714T090249Z-4d55cdb8","bird_1265","thrombosis_prediction","moderate","UNVERIFIED_FINAL","final_sql_rewritten_after_incorrect_observation","UNVERIFIED_FINAL","final_sql_rewritten_after_incorrect_observation","SEMANTIC_REVIEW_REQUIRED","filter_scope_or_expression_mismatch","automatic_sql_structure","expression_or_projection_only","retrieval_complete_mining_abstained_semantic_failure","[]","[]","[]","How many patients have a normal level of anti-ribonuclear protein and have been admitted to the hospital?","SELECT COUNT(DISTINCT p.ID) FROM Patient AS p INNER JOIN Laboratory AS l ON l.ID = p.ID WHERE p.Admission = '+' AND l.RNP IN ('-', '+-')","SELECT COUNT(DISTINCT T1.ID) FROM Patient AS T1 INNER JOIN Laboratory AS T2 ON T1.ID = T2.ID WHERE T2.RNP = 'negative' OR T2.RNP = '0' AND T1.Admission = '+'","记录过滤字段、取值、时间范围和作用层级后再生成 SQL。","[AUTO confidence=low] 最终 SQL 已执行成功，但结果与 gold 不同；自动规则未发现更具体结构错误，需复核过滤范围或 gold 噪声。"
"20260714T090249Z-4d55cdb8","bird_1267","thrombosis_prediction","moderate","UNVERIFIED_FINAL","final_sql_rewritten_after_incorrect_observation","UNVERIFIED_FINAL","final_sql_rewritten_after_incorrect_observation","SEMANTIC_REVIEW_REQUIRED","filter_scope_or_expression_mismatch","automatic_sql_structure","expression_or_projection_only","retrieval_complete_mining_abstained_semantic_failure","[]","[]","[]","Among the patients with normal anti-SM, how many of them does not have thrombosis?","SELECT COUNT(DISTINCT L.ID) FROM Laboratory AS L INNER JOIN Examination AS E ON L.ID = E.ID WHERE L.SM IN ('negative', '0') AND E.Thrombosis = 0","SELECT COUNT(T1.ID) FROM Examination AS T1 INNER JOIN Laboratory AS T2 ON T1.ID = T2.ID WHERE T2.SM IN ('negative','0') AND T1.Thrombosis = 0","记录过滤字段、取值、时间范围和作用层级后再生成 SQL。","[AUTO confidence=low] 最终 SQL 已执行成功，但结果与 gold 不同；自动规则未发现更具体结构错误，需复核过滤范围或 gold 噪声。"
"20260714T090249Z-4d55cdb8","bird_129","financial","moderate","UNVERIFIED_FINAL","final_sql_rewritten_after_incorrect_observation","UNVERIFIED_FINAL","final_sql_rewritten_after_incorrect_observation","OUTPUT_CONTRACT","output_column_count_mismatch","automatic_sql_structure","expression_or_projection_only","retrieval_complete_mining_abstained_semantic_failure","[]","[]","[]","Which are the top ten withdrawals (non-credit card) by district names for the month of January 1996?","SELECT d.A2, SUM(t.amount) AS total_withdrawal FROM trans AS t INNER JOIN account AS a ON t.account_id = a.account_id INNER JOIN district AS d ON a.district_id = d.district_id WHERE t.type = 'VYDAJ' AND t.date LIKE '1996-01%' GROUP BY d.A2 ORDER BY total_withdrawal DESC LIMIT 10","SELECT DISTINCT T1.A2 FROM district AS T1 INNER JOIN account AS T2 ON T1.district_id = T2.district_id INNER JOIN trans AS T3 ON T2.account_id = T3.account_id WHERE T3.type = 'VYDAJ' AND T3.date LIKE '1996-01%' ORDER BY A2 ASC LIMIT 10","生成输出契约并检查列数、顺序和每列含义。","[AUTO confidence=medium] 预测列数=2，gold 列数=1；需复核 gold 合理性。"
"20260714T090249Z-4d55cdb8","bird_1322","student_club","moderate","UNVERIFIED_FINAL","final_sql_rewritten_after_incorrect_observation","UNVERIFIED_FINAL","final_sql_rewritten_after_incorrect_observation","SEMANTIC_REVIEW_REQUIRED","filter_scope_or_expression_mismatch","automatic_sql_structure","expression_or_projection_only","retrieval_complete_mining_abstained_semantic_failure","[]","[]","[]","Among the events attended by more than 10 members of the Student_Club, how many of them are meetings?","SELECT COUNT(*) FROM event WHERE type = 'Meeting' AND event_id IN (SELECT link_to_event FROM attendance GROUP BY link_to_event HAVING COUNT(*) > 10);","SELECT T1.event_name FROM event AS T1  INNER JOIN attendance AS T2 ON T1.event_id = T2.link_to_event GROUP BY T1.event_id  HAVING COUNT(T2.link_to_event) > 10 EXCEPT SELECT T1.event_name  FROM event AS T1  WHERE T1.type = 'Meeting'","记录过滤字段、取值、时间范围和作用层级后再生成 SQL。","[AUTO confidence=low] 最终 SQL 已执行成功，但结果与 gold 不同；自动规则未发现更具体结构错误，需复核过滤范围或 gold 噪声。"
"20260714T090249Z-4d55cdb8","bird_1338","student_club","moderate","UNVERIFIED_FINAL","final_sql_rewritten_after_incorrect_observation","UNVERIFIED_FINAL","final_sql_rewritten_after_incorrect_observation","OUTPUT_CONTRACT","output_column_count_mismatch","automatic_sql_structure","tables, ORDER BY","retrieval_complete_mining_abstained_semantic_failure","[]","[]","[]","Was each expense in October Meeting on October 8, 2019 approved?","SELECT e.expense_description, CASE WHEN LOWER(e.approved) = 'true' THEN 'True' ELSE 'False' END AS approved FROM expense e JOIN budget b ON e.link_to_budget = b.budget_id JOIN event ev ON b.link_to_event = ev.event_id WHERE ev.event_name LIKE '%October Meeting%' AND date(ev.event_date) = '2019-10-08' ORDER BY e.expense_description","SELECT T3.approved FROM event AS T1 INNER JOIN budget AS T2 ON T1.event_id = T2.link_to_event INNER JOIN expense AS T3 ON T2.budget_id = T3.link_to_budget WHERE T1.event_name = 'October Meeting' AND T1.event_date LIKE '2019-10-08%'","生成输出契约并检查列数、顺序和每列含义。","[AUTO confidence=medium] 预测列数=2，gold 列数=1；需复核 gold 合理性。"
"20260714T090249Z-4d55cdb8","bird_1387","student_club","moderate","UNVERIFIED_FINAL","final_sql_rewritten_after_incorrect_observation","UNVERIFIED_FINAL","final_sql_rewritten_after_incorrect_observation","OUTPUT_CONTRACT","output_column_count_mismatch","automatic_sql_structure","tables","retrieval_complete_mining_abstained_semantic_failure","[]","[]","[]","Which student has been entrusted to manage the budget for the Yearly Kickoff?","SELECT DISTINCT T4.first_name || ' ' || T4.last_name FROM event AS T1 INNER JOIN budget AS T2 ON T1.event_id = T2.link_to_event INNER JOIN expense AS T3 ON T2.budget_id = T3.link_to_budget INNER JOIN member AS T4 ON T3.link_to_member = T4.member_id WHERE T1.event_name = 'Yearly Kickoff'","SELECT T4.first_name, T4.last_name FROM event AS T1 INNER JOIN budget AS T2 ON T1.event_id = T2.link_to_event INNER JOIN expense AS T3 ON T2.budget_id = T3.link_to_budget INNER JOIN member AS T4 ON T3.link_to_member = T4.member_id WHERE T1.event_name = 'Yearly Kickoff'","生成输出契约并检查列数、顺序和每列含义。","[AUTO confidence=medium] 预测列数=1，gold 列数=2；需复核 gold 合理性。"
"20260714T090249Z-4d55cdb8","bird_1399","student_club","moderate","OUTPUT_CONTRACT","yes_no_vs_row_output_mismatch","","","OUTPUT_CONTRACT","yes_no_vs_row_output_mismatch","automatic_sql_structure","","retrieval_complete_mining_abstained_semantic_failure","[]","[]","[]","Did Maya Mclean attend the 'Women's Soccer' event?","SELECT CASE WHEN EXISTS ( SELECT 1 FROM attendance AS A INNER JOIN member AS M ON A.link_to_member = M.member_id INNER JOIN event AS E ON A.link_to_event = E.event_id WHERE M.first_name = 'Maya' AND M.last_name = 'Mclean' AND E.event_name = 'Women''s Soccer' ) THEN 'Yes' ELSE 'No' END","SELECT CASE WHEN T3.event_name = 'Women''s Soccer' THEN 'YES' END AS result FROM member AS T1 INNER JOIN attendance AS T2 ON T1.member_id = T2.link_to_member INNER JOIN event AS T3 ON T2.link_to_event = T3.event_id WHERE T1.first_name = 'Maya' AND T1.last_name = 'Mclean'","在 FINAL 前检查应返回单个 YES/NO 还是逐行原始字段。","[AUTO confidence=medium] 预测与 gold 的 YES/NO 输出形式不同；可能包含 gold/Hint 冲突。"
"20260714T090249Z-4d55cdb8","bird_1427","student_club","moderate","UNVERIFIED_FINAL","final_sql_rewritten_after_incorrect_observation","UNVERIFIED_FINAL","final_sql_rewritten_after_incorrect_observation","OUTPUT_CONTRACT","output_column_count_mismatch","automatic_sql_structure","ORDER BY","retrieval_complete_mining_abstained_semantic_failure","[]","[]","[]","What are the budget category of the events located at MU 215 and a guest speaker type with a 0 budget spent?","SELECT DISTINCT budget.category FROM budget INNER JOIN event ON budget.link_to_event = event.event_id WHERE event.location = 'MU 215' AND event.type = 'Guest Speaker' AND budget.spent = 0 ORDER BY budget.category","SELECT DISTINCT T2.category, T1.type FROM event AS T1 INNER JOIN budget AS T2 ON T1.event_id = T2.link_to_event WHERE T1.location = 'MU 215' AND T2.spent = 0 AND T1.type = 'Guest Speaker'","生成输出契约并检查列数、顺序和每列含义。","[AUTO confidence=medium] 预测列数=1，gold 列数=2；需复核 gold 合理性。"
"20260714T090249Z-4d55cdb8","bird_145","financial","moderate","SCHEMA_LINKING","table_or_join_path_mismatch","","","SCHEMA_LINKING","table_or_join_path_mismatch","automatic_sql_structure","","retrieval_complete_mining_abstained_semantic_failure","[]","[]","[]","Who are the account holder identification numbers whose who have transactions on the credit card with the amount is less than the average, in 1998?","SELECT DISTINCT d.client_id FROM trans AS t JOIN disp AS d ON t.account_id = d.account_id WHERE d.type = 'OWNER' AND t.operation = 'VYBER KARTOU' AND t.date >= '1998-01-01' AND t.date < '1999-01-01' AND t.amount < (SELECT AVG(t2.amount) FROM trans AS t2 WHERE t2.operation = 'VYBER KARTOU' AND t2.date >= '1998-01-01' AND t2.date < '1999-01-01')","SELECT T1.account_id FROM trans AS T1 INNER JOIN account AS T2 ON T1.account_id = T2.account_id WHERE STRFTIME('%Y', T1.date) = '1998' AND T1.operation = 'VYBER KARTOU' AND T1.amount < (SELECT AVG(amount) FROM trans WHERE STRFTIME('%Y', date) = '1998')","生成 SQL 前记录表、字段来源和 JOIN 路径，并通过 Schema 校验。","[AUTO confidence=medium] 表集合不同：pred=['disp', 'trans']，gold=['account', 'trans']；需复核 gold。"
"20260714T090249Z-4d55cdb8","bird_1472","debit_card_specializing","moderate","UNVERIFIED_FINAL","final_sql_changed_after_unparseable_observation","UNVERIFIED_FINAL","final_sql_changed_after_unparseable_observation","AGGREGATION_REASONING","aggregation_or_grouping_mismatch","automatic_sql_structure","expression_or_projection_only","retrieval_complete_mining_abstained_semantic_failure","[]","[]","[]","In 2012, who had the least consumption in LAM?","SELECT y.CustomerID FROM yearmonth AS y JOIN customers AS c ON y.CustomerID = c.CustomerID WHERE c.Segment = 'LAM' AND y.Date BETWEEN '201201' AND '201212' ORDER BY y.Consumption ASC, y.CustomerID ASC LIMIT 1","SELECT T1.CustomerID FROM customers AS T1 INNER JOIN yearmonth AS T2 ON T1.CustomerID = T2.CustomerID WHERE T1.Segment = 'LAM' AND SUBSTR(T2.Date, 1, 4) = '2012' GROUP BY T1.CustomerID ORDER BY SUM(T2.Consumption) ASC LIMIT 1","生成 SQL 前明确统计对象、分组键、聚合函数和聚合后的排序字段。","[AUTO confidence=medium] 预测与 gold 的聚合结构不同：group by, sum(。"
"20260714T090249Z-4d55cdb8","bird_1481","debit_card_specializing","challenging","AGGREGATION_REASONING","aggregation_or_grouping_mismatch","","","AGGREGATION_REASONING","aggregation_or_grouping_mismatch","automatic_sql_structure","","retrieval_complete_mining_abstained_semantic_failure","[]","[]","[]","What is the difference in the annual average consumption of the customers with the least amount of consumption paid in CZK for 2013 between SME and LAM, LAM and KAM, and KAM and SME?","WITH annual AS (SELECT c.Segment, ym.CustomerID, SUM(ym.Consumption) AS annual_consumption FROM yearmonth AS ym JOIN customers AS c ON ym.CustomerID = c.CustomerID WHERE c.Currency = 'CZK' AND c.Segment IN ('SME', 'LAM', 'KAM') AND ym.Date BETWEEN '201301' AND '201312' GROUP BY c.Segment, ym.CustomerID), segment_min AS (SELECT Segment, MIN(annual_consumption) AS min_annual_consumption FROM annual GROUP BY Segment), segment_avg AS (SELECT a.Segment, AVG(a.annual_consumption) AS annual_avg_consumption FROM annual AS a JOIN segment_min AS m ON a.Segment = m.Segment AND a.annual_consumption = m.min_annual_consumption GROUP BY a.Segment) SELECT (SELECT annual_avg_consumption FROM segment_avg WHERE Segment = 'SME') - (SELECT annual_avg_consumption FROM segment_avg WHERE Segment = 'LAM') AS difference_sme_lam, (SELECT annual_avg_consumption FROM segment_avg WHERE Segment = 'LAM') - (SELECT annual_avg_consumption FROM segment_avg WHERE Segment = 'KAM') AS difference_lam_kam, (SELECT annual_avg_consumption FROM segment_avg WHERE Segment = 'KAM') - (SELECT annual_avg_consumption FROM segment_avg WHERE Segment = 'SME') AS difference_kam_sme;","SELECT CAST(SUM(IIF(T1.Segment = 'SME', T2.Consumption, 0)) AS REAL) / COUNT(T1.CustomerID) - CAST(SUM(IIF(T1.Segment = 'LAM', T2.Consumption, 0)) AS REAL) / COUNT(T1.CustomerID) , CAST(SUM(IIF(T1.Segment = 'LAM', T2.Consumption, 0)) AS REAL) / COUNT(T1.CustomerID) - CAST(SUM(IIF(T1.Segment = 'KAM', T2.Consumption, 0)) AS REAL) / COUNT(T1.CustomerID) , CAST(SUM(IIF(T1.Segment = 'KAM', T2.Consumption, 0)) AS REAL) / COUNT(T1.CustomerID) - CAST(SUM(IIF(T1.Segment = 'SME', T2.Consumption, 0)) AS REAL) / COUNT(T1.CustomerID) FROM customers AS T1 INNER JOIN yearmonth AS T2 ON T1.CustomerID = T2.CustomerID WHERE T1.Currency = 'CZK' AND T2.Consumption = ( SELECT MIN(Consumption) FROM yearmonth ) AND T2.Date BETWEEN 201301 AND 201312","生成 SQL 前明确统计对象、分组键、聚合函数和聚合后的排序字段。","[AUTO confidence=medium] 预测与 gold 的聚合结构不同：group by, avg(, count(。"
"20260714T090249Z-4d55cdb8","bird_1482","debit_card_specializing","challenging","UNVERIFIED_FINAL","final_sql_rewritten_after_incorrect_observation","UNVERIFIED_FINAL","final_sql_rewritten_after_incorrect_observation","OUTPUT_CONTRACT","output_column_count_mismatch","automatic_sql_structure","tables, LIMIT","retrieval_complete_mining_abstained_semantic_failure","[]","[]","[]","Which of the three segments鈥擲ME, LAM and KAM鈥攈as the biggest and lowest percentage increases in consumption paid in EUR between 2012 and 2013?","WITH segment_totals AS (SELECT c.Segment, SUM(CASE WHEN substr(y.Date, 1, 4) = '2012' THEN y.Consumption ELSE 0 END) AS cons_2012, SUM(CASE WHEN substr(y.Date, 1, 4) = '2013' THEN y.Consumption ELSE 0 END) AS cons_2013 FROM yearmonth y JOIN customers c ON y.CustomerID = c.CustomerID WHERE c.Currency = 'EUR' AND c.Segment IN ('SME', 'LAM', 'KAM') AND substr(y.Date, 1, 4) IN ('2012', '2013') GROUP BY c.Segment), pct AS (SELECT Segment, (cons_2013 - cons_2012) * 100.0 / NULLIF(cons_2013, 0) AS pct_increase FROM segment_totals), max_seg AS (SELECT Segment, 1 AS ord FROM pct ORDER BY pct_increase DESC LIMIT 1), min_seg AS (SELECT Segment, 2 AS ord FROM pct ORDER BY pct_increase ASC LIMIT 1), combined AS (SELECT Segment, ord FROM max_seg UNION ALL SELECT Segment, ord FROM min_seg) SELECT Segment FROM combined ORDER BY ord;","SELECT CAST((SUM(IIF(T1.Segment = 'SME' AND T2.Date LIKE '2013%', T2.Consumption, 0)) - SUM(IIF(T1.Segment = 'SME' AND T2.Date LIKE '2012%', T2.Consumption, 0))) AS FLOAT) * 100 / SUM(IIF(T1.Segment = 'SME' AND T2.Date LIKE '2012%', T2.Consumption, 0)), CAST(SUM(IIF(T1.Segment = 'LAM' AND T2.Date LIKE '2013%', T2.Consumption, 0)) - SUM(IIF(T1.Segment = 'LAM' AND T2.Date LIKE '2012%', T2.Consumption, 0)) AS FLOAT) * 100 / SUM(IIF(T1.Segment = 'LAM' AND T2.Date LIKE '2012%', T2.Consumption, 0)) , CAST(SUM(IIF(T1.Segment = 'KAM' AND T2.Date LIKE '2013%', T2.Consumption, 0)) - SUM(IIF(T1.Segment = 'KAM' AND T2.Date LIKE '2012%', T2.Consumption, 0)) AS FLOAT) * 100 / SUM(IIF(T1.Segment = 'KAM' AND T2.Date LIKE '2012%', T2.Consumption, 0)) FROM customers AS T1 INNER JOIN yearmonth AS T2 ON T1.CustomerID = T2.CustomerID","生成输出契约并检查列数、顺序和每列含义。","[AUTO confidence=medium] 预测列数=1，gold 列数=3；需复核 gold 合理性。"
"20260714T090249Z-4d55cdb8","bird_1498","debit_card_specializing","simple","AGGREGATION_REASONING","aggregation_or_grouping_mismatch","","","AGGREGATION_REASONING","aggregation_or_grouping_mismatch","automatic_sql_structure","","retrieval_complete_mining_abstained_semantic_failure","[]","[]","[]","What is the highest monthly consumption in the year 2012?","SELECT MAX(Consumption) AS HighestMonthlyConsumption FROM yearmonth WHERE substr(Date,1,4) = '2012'","SELECT SUM(Consumption) FROM yearmonth WHERE SUBSTR(Date, 1, 4) = '2012' GROUP BY SUBSTR(Date, 5, 2) ORDER BY SUM(Consumption) DESC LIMIT 1","生成 SQL 前明确统计对象、分组键、聚合函数和聚合后的排序字段。","[AUTO confidence=medium] 预测与 gold 的聚合结构不同：group by, sum(, max(。"
"20260714T090249Z-4d55cdb8","bird_1505","debit_card_specializing","simple","UNVERIFIED_FINAL","final_sql_rewritten_after_incorrect_observation","UNVERIFIED_FINAL","final_sql_rewritten_after_incorrect_observation","SEMANTIC_REVIEW_REQUIRED","filter_scope_or_expression_mismatch","automatic_sql_structure","expression_or_projection_only","retrieval_complete_mining_abstained_semantic_failure","[]","[]","[]","Among the customers who paid in euro, how many of them have a monthly consumption of over 1000?","SELECT COUNT(DISTINCT T1.CustomerID) FROM customers AS T1 INNER JOIN yearmonth AS T2 ON T1.CustomerID = T2.CustomerID WHERE T1.Currency = 'EUR' AND T2.Consumption > 1000","SELECT COUNT(*) FROM yearmonth AS T1 INNER JOIN customers AS T2 ON T1.CustomerID = T2.CustomerID WHERE T2.Currency = 'EUR' AND T1.Consumption > 1000.00","记录过滤字段、取值、时间范围和作用层级后再生成 SQL。","[AUTO confidence=low] 最终 SQL 已执行成功，但结果与 gold 不同；自动规则未发现更具体结构错误，需复核过滤范围或 gold 噪声。"
"20260714T090249Z-4d55cdb8","bird_1524","debit_card_specializing","simple","UNVERIFIED_FINAL","final_sql_rewritten_after_incorrect_observation","UNVERIFIED_FINAL","final_sql_rewritten_after_incorrect_observation","SCHEMA_LINKING","table_or_join_path_mismatch","automatic_sql_structure","tables, GROUP BY, aggregate","retrieval_complete_mining_abstained_semantic_failure","[]","[]","[]","What's the nationality of the customer who spent 548.4 in 2012/8/24?","SELECT DISTINCT C.Currency FROM transactions_1k AS T INNER JOIN customers AS C ON T.CustomerID = C.CustomerID WHERE (date(T.Date) = '2012-08-24' OR substr(replace(T.Date, '/', '-'), 1, 10) IN ('2012-08-24', '2012-8-24')) AND ABS(T.Amount * T.Price - 548.4) < 0.01","SELECT T2.Country FROM transactions_1k AS T1 INNER JOIN gasstations AS T2 ON T1.GasStationID = T2.GasStationID WHERE T1.Date = '2012-08-24' AND T1.Price  = 548.4","生成 SQL 前记录表、字段来源和 JOIN 路径，并通过 Schema 校验。","[AUTO confidence=medium] 表集合不同：pred=['customers', 'transactions_1k']，gold=['gasstations', 'transactions_1k']；需复核 gold。"
"20260714T090249Z-4d55cdb8","bird_1529","debit_card_specializing","moderate","UNVERIFIED_FINAL","final_sql_rewritten_after_incorrect_observation","UNVERIFIED_FINAL","final_sql_rewritten_after_incorrect_observation","SCHEMA_LINKING","table_or_join_path_mismatch","automatic_sql_structure","expression_or_projection_only","retrieval_complete_mining_abstained_semantic_failure","[]","[]","[]","What is the amount spent by customer ""38508"" at the gas stations? How much had the customer spent in January 2012?","SELECT (SELECT SUM(t.Amount * t.Price) FROM transactions_1k t WHERE t.CustomerID = 38508) AS amount_spent_at_gas_stations, (SELECT SUM(y.Consumption) FROM yearmonth y WHERE y.CustomerID = 38508 AND y.Date = '201201') AS amount_spent_in_january_2012;","SELECT SUM(T1.Price ) , SUM(IIF(T3.Date = '201201', T1.Price, 0)) FROM transactions_1k AS T1 INNER JOIN gasstations AS T2 ON T1.GasStationID = T2.GasStationID INNER JOIN yearmonth AS T3 ON T1.CustomerID = T3.CustomerID WHERE T1.CustomerID = '38508'","生成 SQL 前记录表、字段来源和 JOIN 路径，并通过 Schema 校验。","[AUTO confidence=medium] 表集合不同：pred=['transactions_1k', 'yearmonth']，gold=['gasstations', 'transactions_1k', 'yearmonth']；需复核 gold。"
"20260714T090249Z-4d55cdb8","bird_1531","debit_card_specializing","moderate","AGGREGATION_REASONING","sort_direction_or_order_scope_mismatch","","","AGGREGATION_REASONING","sort_direction_or_order_scope_mismatch","automatic_sql_structure","","retrieval_complete_mining_abstained_semantic_failure","[]","[]","[]","Who is the top spending customer and how much is the average price per single item purchased by this customer? What currency was being used?","SELECT t.CustomerID, SUM(t.Amount * t.Price) * 1.0 / NULLIF(SUM(t.Amount), 0) AS average_price_per_single_item, c.Currency FROM transactions_1k AS t INNER JOIN customers AS c ON t.CustomerID = c.CustomerID GROUP BY t.CustomerID, c.Currency ORDER BY SUM(t.Amount * t.Price) DESC LIMIT 1;","SELECT T2.CustomerID, SUM(T2.Price / T2.Amount), T1.Currency FROM customers AS T1 INNER JOIN transactions_1k AS T2 ON T1.CustomerID = T2.CustomerID WHERE T2.CustomerID = ( SELECT CustomerID FROM yearmonth ORDER BY Consumption DESC LIMIT 1 ) GROUP BY T2.CustomerID, T1.Currency","显式记录排序指标、方向以及排序发生在聚合前还是聚合后。","[AUTO confidence=medium] 排序结构不同：pred=['implicit']，gold=['desc']。"
"20260714T090249Z-4d55cdb8","bird_17","california_schools","simple","UNVERIFIED_FINAL","final_sql_rewritten_after_incorrect_observation","UNVERIFIED_FINAL","final_sql_rewritten_after_incorrect_observation","OUTPUT_CONTRACT","output_column_count_mismatch","automatic_sql_structure","expression_or_projection_only","retrieval_complete_mining_abstained_semantic_failure","[]","[]","[]","Rank schools by their average score in Writing where the score is greater than 499, showing their charter numbers.","SELECT RANK() OVER (ORDER BY sa.AvgScrWrite DESC) AS rank, s.School, s.CharterNum, sa.AvgScrWrite FROM satscores AS sa JOIN schools AS s ON sa.cds = s.CDSCode WHERE sa.AvgScrWrite > 499 AND s.CharterNum IS NOT NULL ORDER BY sa.AvgScrWrite DESC, s.School","SELECT CharterNum, AvgScrWrite, RANK() OVER (ORDER BY AvgScrWrite DESC) AS WritingScoreRank FROM schools AS T1  INNER JOIN satscores AS T2 ON T1.CDSCode = T2.cds WHERE T2.AvgScrWrite > 499 AND CharterNum is not null","生成输出契约并检查列数、顺序和每列含义。","[AUTO confidence=medium] 预测列数=4，gold 列数=3；需复核 gold 合理性。"
"20260714T090249Z-4d55cdb8","bird_173","financial","challenging","UNVERIFIED_FINAL","final_sql_rewritten_after_incorrect_observation","UNVERIFIED_FINAL","final_sql_rewritten_after_incorrect_observation","AGGREGATION_REASONING","aggregation_or_grouping_mismatch","automatic_sql_structure","tables, HAVING, ORDER BY","retrieval_complete_mining_abstained_semantic_failure","[]","[]","[]","How often does account number 3 request an account statement to be released? What was the aim of debiting 3539 in total?","SELECT (SELECT COUNT(*) FROM trans WHERE account_id = 3 AND k_symbol = 'SLUZBY') AS statement_requests, (SELECT GROUP_CONCAT(k_symbol, ', ') FROM (SELECT k_symbol FROM [order] GROUP BY k_symbol HAVING SUM(amount) = 3539)) AS aim_of_debiting_3539","SELECT T1.frequency, T2.k_symbol FROM account AS T1 INNER JOIN (SELECT account_id, k_symbol, SUM(amount) AS total_amount FROM `order` GROUP BY account_id, k_symbol) AS T2 ON T1.account_id = T2.account_id WHERE T1.account_id = 3 AND T2.total_amount = 3539","生成 SQL 前明确统计对象、分组键、聚合函数和聚合后的排序字段。","[AUTO confidence=medium] 预测与 gold 的聚合结构不同：having, count(。"
"20260714T090249Z-4d55cdb8","bird_186","financial","moderate","SCHEMA_LINKING","table_or_join_path_mismatch","","","SCHEMA_LINKING","table_or_join_path_mismatch","automatic_sql_structure","","retrieval_complete_mining_abstained_semantic_failure","[]","[]","[]","What percentage of male clients request for weekly statements to be issued?","SELECT CAST(SUM(CASE WHEN c.gender = 'M' THEN 1 ELSE 0 END) AS REAL) * 100.0 / COUNT(*) FROM client AS c INNER JOIN disp AS d ON c.client_id = d.client_id INNER JOIN account AS a ON d.account_id = a.account_id WHERE a.frequency = 'POPLATEK TYDNE'","SELECT CAST(SUM(T1.gender = 'M') AS REAL) * 100 / COUNT(T1.client_id) FROM client AS T1 INNER JOIN district AS T3 ON T1.district_id = T3.district_id INNER JOIN account AS T2 ON T2.district_id = T3.district_id INNER JOIN disp as T4 on T1.client_id = T4.client_id AND T2.account_id = T4.account_id WHERE T2.frequency = 'POPLATEK TYDNE'","生成 SQL 前记录表、字段来源和 JOIN 路径，并通过 Schema 校验。","[AUTO confidence=medium] 表集合不同：pred=['account', 'client', 'disp']，gold=['account', 'client', 'disp', 'district']；需复核 gold。"
"20260714T090249Z-4d55cdb8","bird_189","financial","moderate","UNVERIFIED_FINAL","final_sql_rewritten_after_incorrect_observation","UNVERIFIED_FINAL","final_sql_rewritten_after_incorrect_observation","AGGREGATION_REASONING","aggregation_or_grouping_mismatch","automatic_sql_structure","tables, ORDER BY","retrieval_complete_mining_abstained_semantic_failure","[]","[]","[]","Name the account numbers of female clients who are oldest and have lowest average salary?","SELECT DISTINCT a.account_id FROM client c JOIN disp d ON c.client_id = d.client_id JOIN account a ON d.account_id = a.account_id JOIN district di ON c.district_id = di.district_id WHERE c.gender = 'F' AND c.birth_date = (SELECT MIN(birth_date) FROM client WHERE gender = 'F') AND di.A11 = (SELECT MIN(A11) FROM district) ORDER BY a.account_id;","SELECT T3.account_id FROM client AS T1 INNER JOIN district AS T2 ON T1.district_id = T2.district_id INNER JOIN account AS T3 ON T2.district_id = T3.district_id INNER JOIN disp AS T4 ON T1.client_id = T4.client_id AND T4.account_id = T3.account_id  WHERE T1.gender = 'F' ORDER BY T1.birth_date ASC, T2.A11 ASC LIMIT 1","生成 SQL 前明确统计对象、分组键、聚合函数和聚合后的排序字段。","[AUTO confidence=medium] 预测与 gold 的聚合结构不同：min(。"
"20260714T090249Z-4d55cdb8","bird_197","toxicology","moderate","AGGREGATION_REASONING","aggregation_or_grouping_mismatch","","","AGGREGATION_REASONING","aggregation_or_grouping_mismatch","automatic_sql_structure","","retrieval_complete_mining_abstained_semantic_failure","[]","[]","[]","Calculate the average number of oxygen atoms in single-bonded molecules.","SELECT AVG(T1.element = 'o') FROM atom AS T1 WHERE T1.molecule_id IN (SELECT T2.molecule_id FROM bond AS T2 WHERE T2.bond_type = '-')","SELECT AVG(oxygen_count) FROM (SELECT T1.molecule_id, COUNT(T1.element) AS oxygen_count FROM atom AS T1 INNER JOIN bond AS T2 ON T1.molecule_id = T2.molecule_id  WHERE T2.bond_type = '-' AND T1.element = 'o'  GROUP BY T1.molecule_id) AS oxygen_counts","生成 SQL 前明确统计对象、分组键、聚合函数和聚合后的排序字段。","[AUTO confidence=medium] 预测与 gold 的聚合结构不同：group by, count(。"
"20260714T090249Z-4d55cdb8","bird_198","toxicology","challenging","UNVERIFIED_FINAL","final_sql_changed_after_unparseable_observation","UNVERIFIED_FINAL","final_sql_changed_after_unparseable_observation","AGGREGATION_REASONING","aggregation_or_grouping_mismatch","automatic_sql_structure","tables, WHERE, aggregate","retrieval_complete_mining_abstained_semantic_failure","[]","[]","[]","On average how many carcinogenic molecules are single bonded?","SELECT CAST((SELECT SUM(b.bond_type = '-') FROM bond AS b INNER JOIN molecule AS m ON m.molecule_id = b.molecule_id WHERE m.label = '+') AS REAL) / NULLIF((SELECT COUNT(a.atom_id) FROM atom AS a INNER JOIN molecule AS m ON m.molecule_id = a.molecule_id WHERE m.label = '+'), 0) AS average_single_bonded","SELECT AVG(single_bond_count) FROM (SELECT T3.molecule_id, COUNT(T1.bond_type) AS single_bond_count FROM bond AS T1  INNER JOIN atom AS T2 ON T1.molecule_id = T2.molecule_id INNER JOIN molecule AS T3 ON T3.molecule_id = T2.molecule_id WHERE T1.bond_type = '-' AND T3.label = '+' GROUP BY T3.molecule_id) AS subquery","生成 SQL 前明确统计对象、分组键、聚合函数和聚合后的排序字段。","[AUTO confidence=medium] 预测与 gold 的聚合结构不同：group by, sum(, avg(。"
"20260714T090249Z-4d55cdb8","bird_207","toxicology","challenging","UNVERIFIED_FINAL","final_sql_rewritten_after_incorrect_observation","UNVERIFIED_FINAL","final_sql_rewritten_after_incorrect_observation","SEMANTIC_REVIEW_REQUIRED","filter_scope_or_expression_mismatch","automatic_sql_structure","expression_or_projection_only","retrieval_complete_mining_abstained_semantic_failure","[]","[]","[]","What elements are in a double type bond?","SELECT element FROM (SELECT A.element AS element FROM atom AS A INNER JOIN connected AS C ON A.atom_id = C.atom_id INNER JOIN bond AS B ON C.bond_id = B.bond_id WHERE B.bond_type = '=' UNION SELECT A.element AS element FROM atom AS A INNER JOIN connected AS C ON A.atom_id = C.atom_id2 INNER JOIN bond AS B ON C.bond_id = B.bond_id WHERE B.bond_type = '=') ORDER BY element","SELECT DISTINCT T1.element FROM atom AS T1 INNER JOIN bond AS T2 ON T1.molecule_id = T2.molecule_id INNER JOIN connected AS T3 ON T1.atom_id = T3.atom_id WHERE T2.bond_type = '='","记录过滤字段、取值、时间范围和作用层级后再生成 SQL。","[AUTO confidence=low] 最终 SQL 已执行成功，但结果与 gold 不同；自动规则未发现更具体结构错误，需复核过滤范围或 gold 噪声。"
"20260714T090249Z-4d55cdb8","bird_215","toxicology","challenging","UNVERIFIED_FINAL","final_without_db_execution","UNVERIFIED_FINAL","final_without_db_execution","OUTPUT_CONTRACT","output_column_count_mismatch","automatic_sql_structure","no_prior_execution","retrieval_complete_mining_abstained_semantic_failure","[]","[]","[]","How many atoms with iodine and with sulfur type elements are there in single bond molecules?","SELECT COUNT(DISTINCT a.atom_id) FROM atom AS a WHERE a.element IN ('i', 's') AND EXISTS (SELECT 1 FROM bond AS b WHERE b.molecule_id = a.molecule_id AND b.bond_type = '-')","SELECT COUNT(DISTINCT CASE WHEN T1.element = 'i' THEN T1.atom_id ELSE NULL END) AS iodine_nums , COUNT(DISTINCT CASE WHEN T1.element = 's' THEN T1.atom_id ELSE NULL END) AS sulfur_nums FROM atom AS T1 INNER JOIN connected AS T2 ON T1.atom_id = T2.atom_id INNER JOIN bond AS T3 ON T2.bond_id = T3.bond_id WHERE T3.bond_type = '-'","生成输出契约并检查列数、顺序和每列含义。","[AUTO confidence=medium] 预测列数=1，gold 列数=2；需复核 gold 合理性。"
"20260714T090249Z-4d55cdb8","bird_218","toxicology","challenging","SEMANTIC_REVIEW_REQUIRED","filter_scope_or_expression_mismatch","","","SEMANTIC_REVIEW_REQUIRED","filter_scope_or_expression_mismatch","automatic_sql_structure","","retrieval_complete_mining_abstained_semantic_failure","[]","[]","[]","What percentage of carcinogenic-type molecules does not contain fluorine?","SELECT CAST(COUNT(*) AS REAL) * 100.0 / (SELECT COUNT(*) FROM molecule WHERE label = '+') AS percentage FROM molecule AS m WHERE m.label = '+' AND NOT EXISTS (SELECT 1 FROM atom AS a WHERE a.molecule_id = m.molecule_id AND a.element = 'f');","SELECT CAST(COUNT(DISTINCT CASE WHEN T1.element <> 'f' THEN T2.molecule_id ELSE NULL END) AS REAL) * 100 / COUNT(DISTINCT T2.molecule_id) FROM atom AS T1 INNER JOIN molecule AS T2 ON T1.molecule_id = T2.molecule_id WHERE T2.label = '+'","记录过滤字段、取值、时间范围和作用层级后再生成 SQL。","[AUTO confidence=low] 最终 SQL 已执行成功，但结果与 gold 不同；自动规则未发现更具体结构错误，需复核过滤范围或 gold 噪声。"
"20260714T090249Z-4d55cdb8","bird_219","toxicology","challenging","AGGREGATION_REASONING","aggregation_or_grouping_mismatch","","","AGGREGATION_REASONING","aggregation_or_grouping_mismatch","automatic_sql_structure","","retrieval_complete_mining_abstained_semantic_failure","[]","[]","[]","What is the percentage of carcinogenic molecules in triple type bonds?","SELECT SUM(bond.bond_type = '#') * 100.0 / COUNT(bond.bond_id) AS percent FROM bond AS bond INNER JOIN molecule AS molecule ON bond.molecule_id = molecule.molecule_id WHERE molecule.label = '+'","SELECT CAST(COUNT(DISTINCT CASE WHEN T2.label = '+' THEN T2.molecule_id ELSE NULL END) AS REAL) * 100 / COUNT(DISTINCT T2.molecule_id) FROM atom AS T1 INNER JOIN molecule AS T2 ON T1.molecule_id = T2.molecule_id INNER JOIN bond AS T3 ON T2.molecule_id = T3.molecule_id WHERE T3.bond_type = '#'","生成 SQL 前明确统计对象、分组键、聚合函数和聚合后的排序字段。","[AUTO confidence=medium] 预测与 gold 的聚合结构不同：sum(。"
"20260714T090249Z-4d55cdb8","bird_228","toxicology","moderate","UNVERIFIED_FINAL","final_sql_rewritten_after_correct_observation","UNVERIFIED_FINAL","final_sql_rewritten_after_correct_observation","AGGREGATION_REASONING","aggregation_or_grouping_mismatch","automatic_sql_structure","expression_or_projection_only","retrieval_complete_mining_abstained_semantic_failure","[]","[]","[]","How much of the hydrogen in molecule TR206 is accounted for? Please provide your answer as a percentage with four decimal places.","SELECT printf('%.4f', 100.0 * SUM(element = 'h') / COUNT(atom_id)) AS percent FROM atom WHERE molecule_id = 'TR206'","SELECT ROUND(CAST(COUNT(CASE WHEN T.element = 'h' THEN T.atom_id ELSE NULL END) AS REAL) * 100 / COUNT(T.atom_id),4) FROM atom AS T WHERE T.molecule_id = 'TR206'","生成 SQL 前明确统计对象、分组键、聚合函数和聚合后的排序字段。","[AUTO confidence=medium] 预测与 gold 的聚合结构不同：sum(。"
"20260714T090249Z-4d55cdb8","bird_231","toxicology","challenging","UNVERIFIED_FINAL","final_sql_rewritten_after_incorrect_observation","UNVERIFIED_FINAL","final_sql_rewritten_after_incorrect_observation","OUTPUT_CONTRACT","output_column_count_mismatch","automatic_sql_structure","expression_or_projection_only","retrieval_complete_mining_abstained_semantic_failure","[]","[]","[]","Which bond type accounted for the majority of the bonds found in molecule TR010 and state whether or not this molecule is carcinogenic?","SELECT q.bond_type, CASE WHEN m.label = '+' THEN 'carcinogenic' ELSE 'not carcinogenic' END AS carcinogenic FROM (SELECT bond_type FROM bond WHERE molecule_id = 'TR010' GROUP BY bond_type ORDER BY COUNT(*) DESC, bond_type LIMIT 1) AS q JOIN molecule AS m ON m.molecule_id = 'TR010';","SELECT T.bond_type FROM ( SELECT T1.bond_type, COUNT(T1.molecule_id) FROM bond AS T1  WHERE T1.molecule_id = 'TR010' GROUP BY T1.bond_type ORDER BY COUNT(T1.molecule_id) DESC LIMIT 1 ) AS T","生成输出契约并检查列数、顺序和每列含义。","[AUTO confidence=medium] 预测列数=2，gold 列数=1；需复核 gold 合理性。"
"20260714T090249Z-4d55cdb8","bird_234","toxicology","moderate","UNVERIFIED_FINAL","final_sql_rewritten_after_incorrect_observation","UNVERIFIED_FINAL","final_sql_rewritten_after_incorrect_observation","SCHEMA_LINKING","table_or_join_path_mismatch","automatic_sql_structure","expression_or_projection_only","retrieval_complete_mining_abstained_semantic_failure","[]","[]","[]","How many bonds which involved atom 12 does molecule TR009 have?","SELECT COUNT(DISTINCT c.bond_id) AS bond_count FROM connected AS c WHERE c.atom_id = 'TR009_12' OR c.atom_id2 = 'TR009_12'","SELECT COUNT(T2.bond_id) FROM bond AS T1 INNER JOIN connected AS T2 ON T1.bond_id = T2.bond_id WHERE T1.molecule_id = 'TR009' AND T2.atom_id = T1.molecule_id || '_1' OR T2.atom_id2 = T1.molecule_id || '_2'","生成 SQL 前记录表、字段来源和 JOIN 路径，并通过 Schema 校验。","[AUTO confidence=medium] 表集合不同：pred=['connected']，gold=['bond', 'connected']；需复核 gold。"
"20260714T090249Z-4d55cdb8","bird_24","california_schools","moderate","UNVERIFIED_FINAL","final_sql_rewritten_after_incorrect_observation","UNVERIFIED_FINAL","final_sql_rewritten_after_incorrect_observation","SCHEMA_LINKING","table_or_join_path_mismatch","automatic_sql_structure","expression_or_projection_only","retrieval_complete_mining_abstained_semantic_failure","[]","[]","[]","Give the names of the schools with the percent eligible for free meals in K-12 is more than 0.1 and test takers whose test score is greater than or equal to 1500?","SELECT DISTINCT s.School FROM schools AS s INNER JOIN frpm AS f ON f.CDSCode = s.CDSCode INNER JOIN satscores AS sa ON sa.cds = s.CDSCode WHERE f.[Free Meal Count (K-12)] / f.[Enrollment (K-12)] > 0.1 AND sa.NumGE1500 > 0","SELECT T2.`School Name` FROM satscores AS T1 INNER JOIN frpm AS T2 ON T1.cds = T2.CDSCode WHERE CAST(T2.`Free Meal Count (K-12)` AS REAL) / T2.`Enrollment (K-12)` > 0.1 AND T1.NumGE1500 > 0","生成 SQL 前记录表、字段来源和 JOIN 路径，并通过 Schema 校验。","[AUTO confidence=medium] 表集合不同：pred=['frpm', 'satscores', 'schools']，gold=['frpm', 'satscores']；需复核 gold。"
"20260714T090249Z-4d55cdb8","bird_247","toxicology","challenging","SEMANTIC_REVIEW_REQUIRED","filter_scope_or_expression_mismatch","","","SEMANTIC_REVIEW_REQUIRED","filter_scope_or_expression_mismatch","automatic_sql_structure","","retrieval_complete_mining_abstained_semantic_failure","[]","[]","[]","List all the elements of atoms that can not bond with any other atoms.","SELECT element FROM atom WHERE atom_id NOT IN (SELECT atom_id FROM connected)","SELECT DISTINCT T.element FROM atom AS T WHERE T.element NOT IN ( SELECT DISTINCT T1.element FROM atom AS T1 INNER JOIN connected AS T2 ON T1.atom_id = T2.atom_id )","记录过滤字段、取值、时间范围和作用层级后再生成 SQL。","[AUTO confidence=low] 最终 SQL 已执行成功，但结果与 gold 不同；自动规则未发现更具体结构错误，需复核过滤范围或 gold 噪声。"
"20260714T090249Z-4d55cdb8","bird_25","california_schools","moderate","UNVERIFIED_FINAL","final_without_db_execution","UNVERIFIED_FINAL","final_without_db_execution","AGGREGATION_REASONING","aggregation_or_grouping_mismatch","automatic_sql_structure","no_prior_execution","retrieval_complete_mining_abstained_semantic_failure","[]","[]","[]","Name schools in Riverside which the average of average math score for SAT is grater than 400, what is the funding type of these schools?","SELECT T1.School, T1.FundingType FROM schools AS T1 INNER JOIN satscores AS T2 ON T1.CDSCode = T2.cds WHERE T1.County = 'Riverside' GROUP BY T1.CDSCode, T1.School, T1.FundingType HAVING AVG(T2.AvgScrMath) > 400 ORDER BY T1.School","SELECT T1.sname, T2.`Charter Funding Type` FROM satscores AS T1 INNER JOIN frpm AS T2 ON T1.cds = T2.CDSCode WHERE T2.`District Name` LIKE 'Riverside%' GROUP BY T1.sname, T2.`Charter Funding Type` HAVING CAST(SUM(T1.AvgScrMath) AS REAL) / COUNT(T1.cds) > 400","生成 SQL 前明确统计对象、分组键、聚合函数和聚合后的排序字段。","[AUTO confidence=medium] 预测与 gold 的聚合结构不同：sum(, avg(, count(。"
"20260714T090249Z-4d55cdb8","bird_28","california_schools","challenging","UNVERIFIED_FINAL","final_sql_rewritten_after_incorrect_observation","UNVERIFIED_FINAL","final_sql_rewritten_after_incorrect_observation","AGGREGATION_REASONING","sort_direction_or_order_scope_mismatch","automatic_sql_structure","expression_or_projection_only","detailed_schema_column_miss_or_compact_index_only","[]","[""schools.school""]","[]","Consider the average difference between K-12 enrollment and 15-17 enrollment of schools that are locally funded, list the names and DOC type of schools which has a difference above this average.","WITH local_funded AS ( SELECT s.School, s.DOCType, f.[Enrollment (K-12)] - f.[Enrollment (Ages 5-17)] AS diff FROM schools AS s JOIN frpm AS f ON f.CDSCode = s.CDSCode WHERE s.FundingType = 'Locally funded' ) SELECT School, DOCType FROM local_funded WHERE diff > (SELECT AVG(diff) FROM local_funded) ORDER BY diff DESC, School","SELECT T2.School, T2.DOC FROM frpm AS T1 INNER JOIN schools AS T2 ON T1.CDSCode = T2.CDSCode WHERE T2.FundingType = 'Locally funded' AND (T1.`Enrollment (K-12)` - T1.`Enrollment (Ages 5-17)`) > (SELECT AVG(T3.`Enrollment (K-12)` - T3.`Enrollment (Ages 5-17)`) FROM frpm AS T3 INNER JOIN schools AS T4 ON T3.CDSCode = T4.CDSCode WHERE T4.FundingType = 'Locally funded')","显式记录排序指标、方向以及排序发生在聚合前还是聚合后。","[AUTO confidence=medium] 排序结构不同：pred=['desc']，gold=['implicit']。"
"20260714T090249Z-4d55cdb8","bird_281","toxicology","challenging","UNVERIFIED_FINAL","final_sql_rewritten_after_incorrect_observation","UNVERIFIED_FINAL","final_sql_rewritten_after_incorrect_observation","OUTPUT_CONTRACT","output_column_count_mismatch","automatic_sql_structure","expression_or_projection_only","retrieval_complete_mining_abstained_semantic_failure","[]","[]","[]","Tally the toxicology element of the 4th atom of each molecule that was carcinogenic.","SELECT T1.element, COUNT(*) AS tally FROM atom AS T1 INNER JOIN molecule AS T2 ON T1.molecule_id = T2.molecule_id WHERE T2.label = '+' AND substr(T1.atom_id, 7, 1) = '4' GROUP BY T1.element ORDER BY tally DESC, T1.element","SELECT DISTINCT T1.element FROM atom AS T1 INNER JOIN molecule AS T2 ON T1.molecule_id = T2.molecule_id WHERE T2.label = '+' AND SUBSTR(T1.atom_id, -1) = '4' AND LENGTH(T1.atom_id) = 7","生成输出契约并检查列数、顺序和每列含义。","[AUTO confidence=medium] 预测列数=2，gold 列数=1；需复核 gold 合理性。"
"20260714T090249Z-4d55cdb8","bird_340","card_games","simple","UNVERIFIED_FINAL","final_sql_rewritten_after_incorrect_observation","UNVERIFIED_FINAL","final_sql_rewritten_after_incorrect_observation","SEMANTIC_REVIEW_REQUIRED","filter_scope_or_expression_mismatch","automatic_sql_structure","LIMIT","retrieval_complete_mining_abstained_semantic_failure","[]","[]","[]","Which are the cards that have incredibly powerful foils.","SELECT T1.name FROM cards AS T1 WHERE T1.cardKingdomFoilId IS NOT NULL AND T1.cardKingdomId IS NOT NULL","SELECT id FROM cards WHERE cardKingdomFoilId IS NOT NULL AND cardKingdomId IS NOT NULL","记录过滤字段、取值、时间范围和作用层级后再生成 SQL。","[AUTO confidence=low] 最终 SQL 已执行成功，但结果与 gold 不同；自动规则未发现更具体结构错误，需复核过滤范围或 gold 噪声。"
"20260714T090249Z-4d55cdb8","bird_341","card_games","simple","UNVERIFIED_FINAL","final_sql_rewritten_after_incorrect_observation","UNVERIFIED_FINAL","final_sql_rewritten_after_incorrect_observation","SEMANTIC_REVIEW_REQUIRED","filter_scope_or_expression_mismatch","automatic_sql_structure","LIMIT","retrieval_complete_mining_abstained_semantic_failure","[]","[]","[]","What are the borderless cards available without powerful foils?","SELECT DISTINCT name FROM cards WHERE borderColor = 'borderless' AND (cardKingdomFoilId IS NULL OR cardKingdomId IS NULL) ORDER BY name","SELECT id FROM cards WHERE borderColor = 'borderless' AND (cardKingdomId IS NULL OR cardKingdomId IS NULL)","记录过滤字段、取值、时间范围和作用层级后再生成 SQL。","[AUTO confidence=low] 最终 SQL 已执行成功，但结果与 gold 不同；自动规则未发现更具体结构错误，需复核过滤范围或 gold 噪声。"
"20260714T090249Z-4d55cdb8","bird_344","card_games","moderate","TOOL_ERROR","unparseable_execution_observation","","","TOOL_ERROR","unparseable_execution_observation","tool_failure","","retrieval_complete_mining_abstained_semantic_failure","[]","[]","[]","List all the mythic rarity print cards banned in gladiator format.","SELECT DISTINCT c.name FROM cards AS c JOIN legalities AS l ON c.uuid = l.uuid WHERE c.rarity = 'mythic' AND l.status = 'Banned' AND l.format = 'gladiator' ORDER BY c.name;","SELECT DISTINCT T1.id FROM cards AS T1 INNER JOIN legalities AS T2 ON T1.uuid = T2.uuid WHERE T2.format = 'gladiator' AND T2.status = 'Banned' AND T1.rarity = 'mythic'","",""
"20260714T090249Z-4d55cdb8","bird_349","card_games","moderate","UNVERIFIED_FINAL","final_sql_rewritten_after_incorrect_observation","UNVERIFIED_FINAL","final_sql_rewritten_after_incorrect_observation","AGGREGATION_REASONING","sort_direction_or_order_scope_mismatch","automatic_sql_structure","HAVING, LIMIT","detailed_schema_column_miss_or_compact_index_only","[]","[""cards.name""]","[]","Name the card and artist with the most ruling information. Also state if the card is a promotional printing.","SELECT T1.name, T1.artist, T1.isPromo FROM cards AS T1 INNER JOIN rulings AS T2 ON T1.uuid = T2.uuid GROUP BY T1.uuid, T1.name, T1.artist, T1.isPromo HAVING COUNT(T2.uuid) = (SELECT MAX(ruling_count) FROM (SELECT COUNT(T3.uuid) AS ruling_count FROM cards AS T4 INNER JOIN rulings AS T3 ON T4.uuid = T3.uuid GROUP BY T4.uuid) AS counts) ORDER BY T1.name ASC;","SELECT T1.name, T1.artist, T1.isPromo FROM cards AS T1 INNER JOIN rulings AS T2 ON T1.uuid = T2.uuid WHERE T1.isPromo = 1 AND T1.artist = (SELECT artist FROM cards WHERE isPromo = 1 GROUP BY artist HAVING COUNT(DISTINCT uuid) = (SELECT MAX(count_uuid) FROM ( SELECT COUNT(DISTINCT uuid) AS count_uuid FROM cards WHERE isPromo = 1 GROUP BY artist ))) LIMIT 1","显式记录排序指标、方向以及排序发生在聚合前还是聚合后。","[AUTO confidence=medium] 排序结构不同：pred=['asc']，gold=['implicit']。"
"20260714T090249Z-4d55cdb8","bird_352","card_games","moderate","UNVERIFIED_FINAL","final_sql_rewritten_after_incorrect_observation","UNVERIFIED_FINAL","final_sql_rewritten_after_incorrect_observation","SCHEMA_LINKING","table_or_join_path_mismatch","automatic_sql_structure","expression_or_projection_only","retrieval_complete_mining_abstained_semantic_failure","[]","[]","[]","Calculate the percentage of the cards availabe in Chinese Simplified.","SELECT CAST(SUM(CASE WHEN language = 'Chinese Simplified' THEN id ELSE 0 END) AS REAL) * 100 / COUNT(id) FROM set_translations;","SELECT CAST(SUM(CASE WHEN T2.language = 'Chinese Simplified' THEN 1 ELSE 0 END) AS REAL) * 100 / COUNT(T1.id) FROM cards AS T1 INNER JOIN foreign_data AS T2 ON T1.uuid = T2.uuid","生成 SQL 前记录表、字段来源和 JOIN 路径，并通过 Schema 校验。","[AUTO confidence=medium] 表集合不同：pred=['set_translations']，gold=['cards', 'foreign_data']；需复核 gold。"
"20260714T090249Z-4d55cdb8","bird_37","california_schools","moderate","SEMANTIC_REVIEW_REQUIRED","filter_scope_or_expression_mismatch","","","SEMANTIC_REVIEW_REQUIRED","filter_scope_or_expression_mismatch","automatic_sql_structure","","detailed_schema_column_miss_or_compact_index_only","[]","[""schools.city"", ""schools.state"", ""schools.street"", ""schools.zip""]","[]","What is the complete address of the school with the lowest excellence rate? Indicate the Street, City, Zip and State.","SELECT T1.Street, T1.City, T1.Zip, T1.State FROM schools AS T1 INNER JOIN satscores AS T2 ON T2.cds = T1.CDSCode WHERE T2.NumTstTakr > 0 AND T2.NumGE1500 IS NOT NULL ORDER BY (1.0 * T2.NumGE1500) / T2.NumTstTakr ASC, T1.CDSCode ASC LIMIT 1","SELECT T2.Street, T2.City, T2.State, T2.Zip FROM satscores AS T1 INNER JOIN schools AS T2 ON T1.cds = T2.CDSCode ORDER BY CAST(T1.NumGE1500 AS REAL) / T1.NumTstTakr ASC LIMIT 1","记录过滤字段、取值、时间范围和作用层级后再生成 SQL。","[AUTO confidence=low] 最终 SQL 已执行成功，但结果与 gold 不同；自动规则未发现更具体结构错误，需复核过滤范围或 gold 噪声。"
"20260714T090249Z-4d55cdb8","bird_371","card_games","challenging","UNVERIFIED_FINAL","final_sql_rewritten_after_incorrect_observation","UNVERIFIED_FINAL","final_sql_rewritten_after_incorrect_observation","AGGREGATION_REASONING","aggregation_or_grouping_mismatch","automatic_sql_structure","expression_or_projection_only","retrieval_complete_mining_abstained_semantic_failure","[]","[]","[]","What is the percentage of cards whose language is French among the Story Spotlight cards?","SELECT 100.0 * COUNT(DISTINCT CASE WHEN fd.language = 'French' THEN c.id END) / COUNT(DISTINCT c.id) AS percentage FROM cards AS c LEFT JOIN foreign_data AS fd ON c.uuid = fd.uuid WHERE c.isStorySpotlight = 1","SELECT CAST(SUM(CASE WHEN T2.language = 'French' THEN 1 ELSE 0 END) AS REAL) * 100 / COUNT(T1.id) FROM cards AS T1 INNER JOIN foreign_data AS T2 ON T1.uuid = T2.uuid WHERE T1.isStorySpotlight = 1","生成 SQL 前明确统计对象、分组键、聚合函数和聚合后的排序字段。","[AUTO confidence=medium] 预测与 gold 的聚合结构不同：sum(。"
"20260714T090249Z-4d55cdb8","bird_402","card_games","moderate","UNVERIFIED_FINAL","final_sql_rewritten_after_incorrect_observation","UNVERIFIED_FINAL","final_sql_rewritten_after_incorrect_observation","OUTPUT_CONTRACT","output_column_count_mismatch","automatic_sql_structure","tables, WHERE, ORDER BY","retrieval_complete_mining_abstained_semantic_failure","[]","[]","[]","What is the percentage of Story Spotlight cards that do not have a text box? List them by their ID.","WITH stats AS (SELECT CAST(SUM(CASE WHEN isStorySpotlight = 1 AND isTextless = 0 THEN 1 ELSE 0 END) AS REAL) * 100.0 / NULLIF(COUNT(id), 0) AS percentage FROM cards) SELECT c.id, stats.percentage FROM cards AS c CROSS JOIN stats WHERE c.isStorySpotlight = 1 AND c.isTextless = 0 ORDER BY c.id;","SELECT CAST(SUM(CASE WHEN isTextless = 0 AND  isStorySpotlight = 1 THEN 1 ELSE 0 END) AS REAL) * 100 / COUNT(id) FROM cards","生成输出契约并检查列数、顺序和每列含义。","[AUTO confidence=medium] 预测列数=2，gold 列数=1；需复核 gold 合理性。"
"20260714T090249Z-4d55cdb8","bird_408","card_games","moderate","SCHEMA_LINKING","table_or_join_path_mismatch","","","SCHEMA_LINKING","table_or_join_path_mismatch","automatic_sql_structure","","retrieval_complete_mining_abstained_semantic_failure","[]","[]","[]","How many unknown power cards contain info about the triggered ability","SELECT COUNT(*) FROM cards WHERE (power IS NULL OR power = '*') AND text LIKE '%triggered ability%';","SELECT Count(DISTINCT T1.id) FROM cards AS T1 INNER JOIN rulings AS T2 ON T1.uuid = T2.uuid WHERE (T1.power IS NULL OR T1.power = '*') AND T2.text LIKE '%triggered ability%'","生成 SQL 前记录表、字段来源和 JOIN 路径，并通过 Schema 校验。","[AUTO confidence=medium] 表集合不同：pred=['cards']，gold=['cards', 'rulings']；需复核 gold。"
"20260714T090249Z-4d55cdb8","bird_465","card_games","moderate","UNVERIFIED_FINAL","final_sql_rewritten_after_incorrect_observation","UNVERIFIED_FINAL","final_sql_rewritten_after_incorrect_observation","AGGREGATION_REASONING","aggregation_or_grouping_mismatch","automatic_sql_structure","tables","retrieval_complete_mining_abstained_semantic_failure","[]","[]","[]","For the set of cards with ""Ancestor's Chosen"" in it, is there a Korean version of it?","SELECT CASE WHEN EXISTS (SELECT 1 FROM cards AS c INNER JOIN foreign_data AS fd ON c.uuid = fd.uuid WHERE c.name = 'Ancestor''s Chosen' AND fd.language = 'Korean') THEN 'Yes' ELSE 'No' END AS has_korean_version;","SELECT IIF(SUM(CASE WHEN T2.language = 'Korean' AND T2.translation IS NOT NULL THEN 1 ELSE 0 END) > 0, 'YES', 'NO') FROM cards AS T1 INNER JOIN set_translations AS T2 ON T2.setCode = T1.setCode WHERE T1.name = 'Ancestor''s Chosen'","生成 SQL 前明确统计对象、分组键、聚合函数和聚合后的排序字段。","[AUTO confidence=medium] 预测与 gold 的聚合结构不同：sum(。"
"20260714T090249Z-4d55cdb8","bird_469","card_games","moderate","UNVERIFIED_FINAL","final_sql_rewritten_after_incorrect_observation","UNVERIFIED_FINAL","final_sql_rewritten_after_incorrect_observation","SEMANTIC_REVIEW_REQUIRED","filter_scope_or_expression_mismatch","automatic_sql_structure","tables, ORDER BY","retrieval_complete_mining_abstained_semantic_failure","[]","[]","[]","Did the set of cards with ""Angel of Mercy"" appear on Magic: The Gathering Online?","SELECT CASE WHEN EXISTS (SELECT 1 FROM cards AS c JOIN sets AS s ON c.setCode = s.code WHERE c.name = 'Angel of Mercy' AND s.mtgoCode IS NOT NULL) THEN 'Yes' ELSE 'No' END AS answer;","SELECT IIF(T2.mtgoCode IS NOT NULL, 'YES', 'NO') FROM cards AS T1 INNER JOIN sets AS T2 ON T2.code = T1.setCode WHERE T1.name = 'Angel of Mercy'","记录过滤字段、取值、时间范围和作用层级后再生成 SQL。","[AUTO confidence=low] 最终 SQL 已执行成功，但结果与 gold 不同；自动规则未发现更具体结构错误，需复核过滤范围或 gold 噪声。"
"20260714T090249Z-4d55cdb8","bird_474","card_games","moderate","UNVERIFIED_FINAL","final_sql_changed_after_unparseable_observation","UNVERIFIED_FINAL","final_sql_changed_after_unparseable_observation","SEMANTIC_REVIEW_REQUIRED","filter_scope_or_expression_mismatch","automatic_sql_structure","expression_or_projection_only","retrieval_complete_mining_abstained_semantic_failure","[]","[]","[]","Among the sets of cards that have an Italian translation, how many of them have a base set number of under 100?","SELECT COUNT(DISTINCT T1.code) FROM sets AS T1 INNER JOIN set_translations AS T2 ON T1.code = T2.setCode WHERE T2.language = 'Italian' AND T2.translation IS NOT NULL AND T1.baseSetSize < 10","SELECT COUNT(T1.id) FROM sets AS T1 INNER JOIN set_translations AS T2 ON T2.setCode = T1.code WHERE T2.translation IS NOT NULL AND T1.baseSetSize < 100 AND T2.language = 'Italian'","记录过滤字段、取值、时间范围和作用层级后再生成 SQL。","[AUTO confidence=low] 最终 SQL 已执行成功，但结果与 gold 不同；自动规则未发现更具体结构错误，需复核过滤范围或 gold 噪声。"
"20260714T090249Z-4d55cdb8","bird_484","card_games","moderate","UNVERIFIED_FINAL","final_sql_rewritten_after_incorrect_observation","UNVERIFIED_FINAL","final_sql_rewritten_after_incorrect_observation","AGGREGATION_REASONING","aggregation_or_grouping_mismatch","automatic_sql_structure","tables, GROUP BY","detailed_schema_column_miss_or_compact_index_only","[]","[""cards.name""]","[]","Please list the Italian names of the cards in the set Coldsnap with the highest converted mana cost.","SELECT DISTINCT fd.name FROM cards AS c JOIN sets AS s ON c.setCode = s.code JOIN foreign_data AS fd ON fd.uuid = c.uuid WHERE s.name = 'Coldsnap' AND fd.language = 'Italian' AND c.convertedManaCost = (SELECT MAX(c2.convertedManaCost) FROM cards AS c2 JOIN sets AS s2 ON c2.setCode = s2.code WHERE s2.name = 'Coldsnap')","SELECT T2.name FROM foreign_data AS T1 INNER JOIN cards AS T2 ON T2.uuid = T1.uuid INNER JOIN sets AS T3 ON T3.code = T2.setCode WHERE T3.name = 'Coldsnap' AND T1.language = 'Italian' ORDER BY T2.convertedManaCost DESC","生成 SQL 前明确统计对象、分组键、聚合函数和聚合后的排序字段。","[AUTO confidence=medium] 预测与 gold 的聚合结构不同：max(。"
"20260714T090249Z-4d55cdb8","bird_486","card_games","moderate","UNVERIFIED_FINAL","final_sql_changed_after_unparseable_observation","UNVERIFIED_FINAL","final_sql_changed_after_unparseable_observation","AGGREGATION_REASONING","aggregation_or_grouping_mismatch","automatic_sql_structure","tables, aggregate","retrieval_complete_mining_abstained_semantic_failure","[]","[]","[]","What is the percentage of the cards with a converted mana cost of 7 in the set Coldsnap?","SELECT CAST(SUM(c.convertedManaCost = 7) AS REAL) * 100.0 / SUM(c.convertedManaCost) FROM cards AS c INNER JOIN sets AS s ON c.setCode = s.code WHERE s.name = 'Coldsnap'","SELECT CAST(SUM(CASE WHEN T1.convertedManaCost = 7 THEN 1 ELSE 0 END) AS REAL) * 100 / COUNT(T1.id) FROM cards AS T1 INNER JOIN sets AS T2 ON T2.code = T1.setCode WHERE T2.name = 'Coldsnap'","生成 SQL 前明确统计对象、分组键、聚合函数和聚合后的排序字段。","[AUTO confidence=medium] 预测与 gold 的聚合结构不同：count(。"
"20260714T090249Z-4d55cdb8","bird_50","california_schools","simple","UNVERIFIED_FINAL","final_sql_rewritten_after_incorrect_observation","UNVERIFIED_FINAL","final_sql_rewritten_after_incorrect_observation","SCHEMA_LINKING","table_or_join_path_mismatch","automatic_sql_structure","tables, LIMIT","detailed_schema_column_miss_or_compact_index_only","[]","[""schools.school""]","[]","What is the postal street address for the school with the 7th highest Math average? Indicate the school's name.","WITH ranked AS (SELECT COALESCE(sc.School, s.sname) AS school_name, sc.MailStreet AS postal_street_address, ROW_NUMBER() OVER (ORDER BY s.AvgScrMath DESC, s.cds ASC) AS rn FROM satscores AS s JOIN schools AS sc ON s.cds = sc.CDSCode WHERE s.AvgScrMath IS NOT NULL) SELECT school_name, postal_street_address FROM ranked WHERE rn = 7;","SELECT T2.MailStreet, T2.School FROM satscores AS T1 INNER JOIN schools AS T2 ON T1.cds = T2.CDSCode ORDER BY T1.AvgScrMath DESC LIMIT 6, 1","生成 SQL 前记录表、字段来源和 JOIN 路径，并通过 Schema 校验。","[AUTO confidence=medium] 表集合不同：pred=['ranked', 'satscores', 'schools']，gold=['satscores', 'schools']；需复核 gold。"
"20260714T090249Z-4d55cdb8","bird_518","card_games","moderate","UNVERIFIED_FINAL","final_sql_rewritten_after_successful_observation","UNVERIFIED_FINAL","final_sql_rewritten_after_successful_observation","AGGREGATION_REASONING","aggregation_or_grouping_mismatch","automatic_sql_structure","tables, LIMIT","retrieval_complete_mining_abstained_semantic_failure","[]","[]","[]","Which of the play format has the highest number of banned status? Indicate the play format and the names of all the card meet the condition.","WITH banned_counts AS ( SELECT format, COUNT(*) AS banned_count FROM legalities WHERE status = 'Banned' GROUP BY format ), max_banned AS ( SELECT MAX(banned_count) AS max_banned_count FROM banned_counts ) SELECT l.format, c.name FROM legalities AS l INNER JOIN cards AS c ON l.uuid = c.uuid WHERE l.status = 'Banned' AND l.format IN ( SELECT format FROM banned_counts WHERE banned_count = (SELECT max_banned_count FROM max_banned) ) ORDER BY l.format, c.name;","WITH MaxBanned AS (SELECT format, COUNT(*) AS count_banned FROM legalities WHERE status = 'Banned' GROUP BY format ORDER BY COUNT(*) DESC LIMIT 1) SELECT T2.format, T1.name FROM cards AS T1 INNER JOIN legalities AS T2 ON T2.uuid = T1.uuid INNER JOIN MaxBanned MB ON MB.format = T2.format WHERE T2.status = 'Banned'","生成 SQL 前明确统计对象、分组键、聚合函数和聚合后的排序字段。","[AUTO confidence=medium] 预测与 gold 的聚合结构不同：max(。"
"20260714T090249Z-4d55cdb8","bird_529","card_games","moderate","UNVERIFIED_FINAL","final_sql_changed_after_unparseable_observation","UNVERIFIED_FINAL","final_sql_changed_after_unparseable_observation","SEMANTIC_REVIEW_REQUIRED","filter_scope_or_expression_mismatch","automatic_sql_structure","tables, WHERE, LIMIT","retrieval_complete_mining_abstained_semantic_failure","[]","[]","[]","Find and list the names of sets which doesn't have Japanese translation but have Korean translation.","SELECT DISTINCT T1.name FROM sets AS T1 INNER JOIN set_translations AS T2 ON T1.code = T2.setCode WHERE T2.language = 'Korean' AND NOT EXISTS (SELECT 1 FROM set_translations AS T3 WHERE T3.setCode = T1.code AND T3.language LIKE '%Japanese%') ORDER BY T1.name","SELECT name FROM sets WHERE code IN ( SELECT setCode FROM set_translations WHERE language = 'Korean' AND language NOT LIKE '%Japanese%' )","记录过滤字段、取值、时间范围和作用层级后再生成 SQL。","[AUTO confidence=low] 最终 SQL 已执行成功，但结果与 gold 不同；自动规则未发现更具体结构错误，需复核过滤范围或 gold 噪声。"
"20260714T090249Z-4d55cdb8","bird_530","card_games","moderate","UNVERIFIED_FINAL","final_sql_rewritten_after_incorrect_observation","UNVERIFIED_FINAL","final_sql_rewritten_after_incorrect_observation","SEMANTIC_REVIEW_REQUIRED","filter_scope_or_expression_mismatch","automatic_sql_structure","ORDER BY, aggregate","detailed_schema_column_miss_or_compact_index_only","[]","[""cards.name""]","[]","List all the frame styles and cards Allen Williams worked on and find any banned cards if there are any.","SELECT DISTINCT c.frameVersion, c.name, b.status FROM cards AS c LEFT JOIN (SELECT DISTINCT uuid, status FROM legalities WHERE status = 'Banned') AS b ON c.uuid = b.uuid WHERE c.artist = 'Allen Williams' ORDER BY c.frameVersion, c.name;","SELECT DISTINCT T1.frameVersion, T1.name , IIF(T2.status = 'Banned', T1.name, 'NO') FROM cards AS T1 INNER JOIN legalities AS T2 ON T1.uuid = T2.uuid WHERE T1.artist = 'Allen Williams'","记录过滤字段、取值、时间范围和作用层级后再生成 SQL。","[AUTO confidence=low] 最终 SQL 已执行成功，但结果与 gold 不同；自动规则未发现更具体结构错误，需复核过滤范围或 gold 噪声。"
"20260714T090249Z-4d55cdb8","bird_533","codebase_community","simple","SEMANTIC_REVIEW_REQUIRED","filter_scope_or_expression_mismatch","","","SEMANTIC_REVIEW_REQUIRED","filter_scope_or_expression_mismatch","automatic_sql_structure","","retrieval_complete_mining_abstained_semantic_failure","[]","[]","[]","How many users last accessed the website after 2014/9/1?","SELECT COUNT(*) FROM users WHERE LastAccessDate > '2014-09-01'","SELECT COUNT(Id) FROM users WHERE date(LastAccessDate) > '2014-09-01'","记录过滤字段、取值、时间范围和作用层级后再生成 SQL。","[AUTO confidence=low] 最终 SQL 已执行成功，但结果与 gold 不同；自动规则未发现更具体结构错误，需复核过滤范围或 gold 噪声。"
"20260714T090249Z-4d55cdb8","bird_584","codebase_community","moderate","UNVERIFIED_FINAL","final_sql_rewritten_after_incorrect_observation","UNVERIFIED_FINAL","final_sql_rewritten_after_incorrect_observation","SCHEMA_LINKING","table_or_join_path_mismatch","automatic_sql_structure","tables, ORDER BY","retrieval_complete_mining_abstained_semantic_failure","[]","[]","[]","Write all the comments left by users who edited the post titled 'Why square the difference instead of taking the absolute value in standard deviation?'","SELECT c.Text FROM comments AS c WHERE EXISTS (SELECT 1 FROM postHistory AS ph INNER JOIN posts AS p ON ph.PostId = p.Id WHERE p.Title = 'Why square the difference instead of taking the absolute value in standard deviation?' AND ph.PostHistoryTypeId IN (4,5,6,7,8,9) AND ph.UserId = c.UserId) ORDER BY c.Id;","SELECT T2.Comment FROM posts AS T1 INNER JOIN postHistory AS T2 ON T1.Id = T2.PostId WHERE T1.Title = 'Why square the difference instead of taking the absolute value in standard deviation?'","生成 SQL 前记录表、字段来源和 JOIN 路径，并通过 Schema 校验。","[AUTO confidence=medium] 表集合不同：pred=['comments', 'posthistory', 'posts']，gold=['posthistory', 'posts']；需复核 gold。"
"20260714T090249Z-4d55cdb8","bird_586","codebase_community","challenging","UNVERIFIED_FINAL","final_sql_rewritten_after_incorrect_observation","UNVERIFIED_FINAL","final_sql_rewritten_after_incorrect_observation","OUTPUT_CONTRACT","output_column_count_mismatch","automatic_sql_structure","ORDER BY, LIMIT","retrieval_complete_mining_abstained_semantic_failure","[]","[]","[]","Which user added a bounty amount of 50 to the post title mentioning variance?","SELECT DISTINCT u.DisplayName FROM votes AS v JOIN posts AS p ON v.PostId = p.Id JOIN users AS u ON v.UserId = u.Id WHERE v.BountyAmount = 50 AND LOWER(p.Title) LIKE '%variance%'","SELECT T3.DisplayName, T1.Title FROM posts AS T1 INNER JOIN votes AS T2 ON T1.Id = T2.PostId INNER JOIN users AS T3 ON T3.Id = T2.UserId WHERE T2.BountyAmount = 50 AND T1.Title LIKE '%variance%'","生成输出契约并检查列数、顺序和每列含义。","[AUTO confidence=medium] 预测列数=1，gold 列数=2；需复核 gold 合理性。"
"20260714T090249Z-4d55cdb8","bird_587","codebase_community","moderate","UNVERIFIED_FINAL","final_sql_rewritten_after_incorrect_observation","UNVERIFIED_FINAL","final_sql_rewritten_after_incorrect_observation","AGGREGATION_REASONING","aggregation_or_grouping_mismatch","automatic_sql_structure","tables","retrieval_complete_mining_abstained_semantic_failure","[]","[]","[]","Calculate the average view count of each post tagged as 'humor' and list the title and the comment of each post.","SELECT (SELECT AVG(ViewCount) FROM posts WHERE Tags LIKE '%<humor>%') AS avg_view_count, p.Title, c.Text AS comment FROM posts p LEFT JOIN comments c ON c.PostId = p.Id WHERE p.Tags LIKE '%<humor>%'","SELECT AVG(T2.ViewCount), T2.Title, T1.Text FROM comments AS T1 INNER JOIN posts AS T2 ON T2.Id = T1.PostId  WHERE T2.Tags = '<humor>' GROUP BY T2.Title, T1.Text ","生成 SQL 前明确统计对象、分组键、聚合函数和聚合后的排序字段。","[AUTO confidence=medium] 预测与 gold 的聚合结构不同：group by。"
"20260714T090249Z-4d55cdb8","bird_595","codebase_community","moderate","UNVERIFIED_FINAL","final_sql_rewritten_after_incorrect_observation","UNVERIFIED_FINAL","final_sql_rewritten_after_incorrect_observation","SEMANTIC_REVIEW_REQUIRED","filter_scope_or_expression_mismatch","automatic_sql_structure","tables","retrieval_complete_mining_abstained_semantic_failure","[]","[]","[]","Which user have only one post history per post and having at least 1000 views?","SELECT p.OwnerUserId AS UserId FROM posts AS p JOIN users AS u ON u.Id = p.OwnerUserId LEFT JOIN postHistory AS ph ON ph.PostId = p.Id WHERE u.Views >= 1000 GROUP BY p.OwnerUserId HAVING COUNT(ph.Id) = COUNT(DISTINCT p.Id)","SELECT T2.UserId FROM users AS T1 INNER JOIN postHistory AS T2 ON T1.Id = T2.UserId INNER JOIN posts AS T3 ON T2.PostId = T3.Id WHERE T3.ViewCount >= 1000 GROUP BY T2.UserId HAVING COUNT(DISTINCT T2.PostHistoryTypeId) = 1","记录过滤字段、取值、时间范围和作用层级后再生成 SQL。","[AUTO confidence=low] 最终 SQL 已执行成功，但结果与 gold 不同；自动规则未发现更具体结构错误，需复核过滤范围或 gold 噪声。"
"20260714T090249Z-4d55cdb8","bird_604","codebase_community","moderate","UNVERIFIED_FINAL","final_sql_rewritten_after_incorrect_observation","UNVERIFIED_FINAL","final_sql_rewritten_after_incorrect_observation","AGGREGATION_REASONING","aggregation_or_grouping_mismatch","automatic_sql_structure","expression_or_projection_only","retrieval_complete_mining_abstained_semantic_failure","[]","[]","[]","What is the average of the up votes and the average user age for users creating more than 10 posts?","SELECT CAST(SUM(T1.UpVotes) AS REAL) / COUNT(T1.Id), CAST(SUM(T1.Age) AS REAL) / COUNT(T1.Id) FROM users AS T1 INNER JOIN ( SELECT T2.OwnerUserId AS UserId FROM posts AS T2 WHERE T2.OwnerUserId IS NOT NULL GROUP BY T2.OwnerUserId HAVING COUNT(T2.OwnerUserId) > 10 ) AS T3 ON T1.Id = T3.UserId","SELECT AVG(T1.UpVotes), AVG(T1.Age) FROM users AS T1 INNER JOIN ( SELECT OwnerUserId, COUNT(*) AS post_count FROM posts GROUP BY OwnerUserId HAVING post_count > 10) AS T2 ON T1.Id = T2.OwnerUserId","生成 SQL 前明确统计对象、分组键、聚合函数和聚合后的排序字段。","[AUTO confidence=medium] 预测与 gold 的聚合结构不同：sum(, avg(。"
"20260714T090249Z-4d55cdb8","bird_637","codebase_community","moderate","UNVERIFIED_FINAL","final_sql_rewritten_after_incorrect_observation","UNVERIFIED_FINAL","final_sql_rewritten_after_incorrect_observation","SCHEMA_LINKING","table_or_join_path_mismatch","automatic_sql_structure","expression_or_projection_only","retrieval_complete_mining_abstained_semantic_failure","[]","[]","[]","State all the tags used by Mark Meckes in his posts that doesn't have comments.","WITH RECURSIVE split(tag, rest) AS (SELECT substr(p.Tags, 2, instr(p.Tags, '>') - 2) AS tag, substr(p.Tags, instr(p.Tags, '>') + 1) AS rest FROM posts AS p JOIN users AS u ON p.OwnerUserId = u.Id WHERE u.DisplayName = 'Mark Meckes' AND p.CommentCount = 0 AND p.Tags IS NOT NULL AND p.Tags <> '' UNION ALL SELECT substr(rest, 2, instr(rest, '>') - 2), substr(rest, instr(rest, '>') + 1) FROM split WHERE rest IS NOT NULL AND rest <> '') SELECT DISTINCT tag AS TagName FROM split WHERE tag <> '' ORDER BY TagName;","SELECT T3.Tags FROM users AS T1 INNER JOIN postHistory AS T2 ON T1.Id = T2.UserId INNER JOIN posts AS T3 ON T3.Id = T2.PostId WHERE T1.DisplayName = 'Mark Meckes' AND T3.CommentCount = 0","生成 SQL 前记录表、字段来源和 JOIN 路径，并通过 Schema 校验。","[AUTO confidence=medium] 表集合不同：pred=['posts', 'split', 'users']，gold=['posthistory', 'posts', 'users']；需复核 gold。"
"20260714T090249Z-4d55cdb8","bird_639","codebase_community","challenging","UNVERIFIED_FINAL","final_sql_rewritten_after_incorrect_observation","UNVERIFIED_FINAL","final_sql_rewritten_after_incorrect_observation","AGGREGATION_REASONING","aggregation_or_grouping_mismatch","automatic_sql_structure","expression_or_projection_only","retrieval_complete_mining_abstained_semantic_failure","[]","[]","[]","Based on posts posted by Community, calculate the percentage of posts that use the R language.","SELECT CAST(COUNT(CASE WHEN LOWER(p.Tags) LIKE '%<r>%' THEN 1 END) AS REAL) / NULLIF(COUNT(p.Id), 0) AS percentage FROM posts AS p INNER JOIN users AS u ON p.OwnerUserId = u.Id WHERE u.DisplayName = 'Community';","SELECT CAST(SUM(IIF(T3.TagName = 'r', 1, 0)) AS REAL) * 100 / COUNT(T1.Id) FROM users AS T1 INNER JOIN postHistory AS T2 ON T1.Id = T2.UserId INNER JOIN tags AS T3 ON T3.ExcerptPostId = T2.PostId WHERE T1.DisplayName = 'Community'","生成 SQL 前明确统计对象、分组键、聚合函数和聚合后的排序字段。","[AUTO confidence=medium] 预测与 gold 的聚合结构不同：sum(。"
"20260714T090249Z-4d55cdb8","bird_640","codebase_community","moderate","UNVERIFIED_FINAL","final_sql_rewritten_after_incorrect_observation","UNVERIFIED_FINAL","final_sql_rewritten_after_incorrect_observation","SCHEMA_LINKING","table_or_join_path_mismatch","automatic_sql_structure","tables","retrieval_complete_mining_abstained_semantic_failure","[]","[]","[]","Calculate the difference in view count from post posted by Mornington and view count from posts posted by Amos.","SELECT SUM(CASE WHEN COALESCE(u.DisplayName, p.OwnerDisplayName) = 'Mornington' THEN COALESCE(p.ViewCount, 0) ELSE 0 END) - SUM(CASE WHEN COALESCE(u.DisplayName, p.OwnerDisplayName) = 'Amos' THEN COALESCE(p.ViewCount, 0) ELSE 0 END) FROM posts p LEFT JOIN users u ON p.OwnerUserId = u.Id","SELECT SUM(IIF(T1.DisplayName = 'Mornington', T3.ViewCount, 0)) - SUM(IIF(T1.DisplayName = 'Amos', T3.ViewCount, 0)) AS diff FROM users AS T1 INNER JOIN postHistory AS T2 ON T1.Id = T2.UserId INNER JOIN posts AS T3 ON T3.Id = T2.PostId","生成 SQL 前记录表、字段来源和 JOIN 路径，并通过 Schema 校验。","[AUTO confidence=medium] 表集合不同：pred=['posts', 'users']，gold=['posthistory', 'posts', 'users']；需复核 gold。"
"20260714T090249Z-4d55cdb8","bird_671","codebase_community","simple","UNVERIFIED_FINAL","final_without_db_execution","UNVERIFIED_FINAL","final_without_db_execution","AGGREGATION_REASONING","aggregation_or_grouping_mismatch","automatic_sql_structure","no_prior_execution","retrieval_complete_mining_abstained_semantic_failure","[]","[]","[]","What is the display name of the user who acquired the first Autobiographer badge?","SELECT u.DisplayName FROM badges b JOIN users u ON b.UserId = u.Id WHERE b.Name = 'Autobiographer' AND b.Date = (SELECT MIN(Date) FROM badges WHERE Name = 'Autobiographer')","SELECT T1.DisplayName FROM users AS T1 INNER JOIN badges AS T2 ON T1.Id = T2.UserId WHERE T2.`Name` = 'Autobiographer' ORDER BY T2.Date LIMIT 1","生成 SQL 前明确统计对象、分组键、聚合函数和聚合后的排序字段。","[AUTO confidence=medium] 预测与 gold 的聚合结构不同：min(。"
"20260714T090249Z-4d55cdb8","bird_672","codebase_community","moderate","UNVERIFIED_FINAL","final_sql_rewritten_after_incorrect_observation","UNVERIFIED_FINAL","final_sql_rewritten_after_incorrect_observation","SEMANTIC_REVIEW_REQUIRED","filter_scope_or_expression_mismatch","automatic_sql_structure","expression_or_projection_only","retrieval_complete_mining_abstained_semantic_failure","[]","[]","[]","Among the users located in United Kingdom, how many users whose post have a total favorite amount of 4 or more?","SELECT COUNT(DISTINCT u.Id) FROM users AS u INNER JOIN posts AS p ON u.Id = p.OwnerUserId WHERE u.Location = 'United Kingdom' AND p.FavoriteCount >= 4;","SELECT COUNT(T1.Id) FROM users AS T1 INNER JOIN posts AS T2 ON T1.Id = T2.OwnerUserId WHERE T1.Location = 'United Kingdom' AND T2.FavoriteCount >= 4","记录过滤字段、取值、时间范围和作用层级后再生成 SQL。","[AUTO confidence=low] 最终 SQL 已执行成功，但结果与 gold 不同；自动规则未发现更具体结构错误，需复核过滤范围或 gold 噪声。"
"20260714T090249Z-4d55cdb8","bird_682","codebase_community","moderate","UNVERIFIED_FINAL","final_sql_rewritten_after_incorrect_observation","UNVERIFIED_FINAL","final_sql_rewritten_after_incorrect_observation","AGGREGATION_REASONING","aggregation_or_grouping_mismatch","automatic_sql_structure","tables, WHERE, ORDER BY, LIMIT, aggregate","retrieval_complete_mining_abstained_semantic_failure","[]","[]","[]","Which is the most valuable post in 2010? Please give its id and the owner's display name.","SELECT p.Id, COALESCE(u.DisplayName, p.OwnerDisplayName) AS DisplayName FROM posts AS p LEFT JOIN users AS u ON p.OwnerUserId = u.Id WHERE strftime('%Y', p.CreaionDate) = '2010' AND p.FavoriteCount = (SELECT MAX(FavoriteCount) FROM posts WHERE strftime('%Y', CreaionDate) = '2010') ORDER BY p.Id LIMIT 1","SELECT T2.OwnerUserId, T1.DisplayName FROM users AS T1 INNER JOIN posts AS T2 ON T1.Id = T2.OwnerUserId WHERE STRFTIME('%Y', T1.CreationDate) = '2010' ORDER BY T2.FavoriteCount DESC LIMIT 1","生成 SQL 前明确统计对象、分组键、聚合函数和聚合后的排序字段。","[AUTO confidence=medium] 预测与 gold 的聚合结构不同：max(。"
"20260714T090249Z-4d55cdb8","bird_685","codebase_community","moderate","UNVERIFIED_FINAL","final_sql_rewritten_after_incorrect_observation","UNVERIFIED_FINAL","final_sql_rewritten_after_incorrect_observation","AGGREGATION_REASONING","sort_direction_or_order_scope_mismatch","automatic_sql_structure","tables","retrieval_complete_mining_abstained_semantic_failure","[]","[]","[]","Identify the total views on the post 'Computer Game Datasets'. Name the user who posted it last time.","SELECT p.ViewCount, u.DisplayName FROM postHistory AS ph INNER JOIN posts AS p ON p.Id = ph.PostId INNER JOIN users AS u ON u.Id = ph.UserId WHERE ph.Text = 'Computer Game Datasets' ORDER BY ph.CreationDate DESC, ph.Id DESC LIMIT 1","SELECT T2.ViewCount, T3.DisplayName FROM postHistory AS T1 INNER JOIN posts AS T2 ON T1.PostId = T2.Id INNER JOIN users AS T3 ON T2.LastEditorUserId = T3.Id WHERE T1.Text = 'Computer Game Datasets'","显式记录排序指标、方向以及排序发生在聚合前还是聚合后。","[AUTO confidence=medium] 排序结构不同：pred=['desc']，gold=['implicit']。"
"20260714T090249Z-4d55cdb8","bird_694","codebase_community","moderate","UNVERIFIED_FINAL","final_sql_rewritten_after_incorrect_observation","UNVERIFIED_FINAL","final_sql_rewritten_after_incorrect_observation","SEMANTIC_REVIEW_REQUIRED","filter_scope_or_expression_mismatch","automatic_sql_structure","tables, ORDER BY","retrieval_complete_mining_abstained_semantic_failure","[]","[]","[]","Provide the text of the latest 10 comments to the post with the title 'Analysing wind data with R' and the display name of the user who left it.","SELECT C.Text, COALESCE(U.DisplayName, C.UserDisplayName) AS DisplayName FROM comments AS C INNER JOIN posts AS P ON C.PostId = P.Id LEFT JOIN users AS U ON C.UserId = U.Id WHERE P.Title = 'Analysing wind data with R' ORDER BY C.CreationDate DESC, C.Id DESC LIMIT 10","SELECT T3.Text, T1.DisplayName FROM users AS T1 INNER JOIN posts AS T2 ON T1.Id = T2.OwnerUserId INNER JOIN comments AS T3 ON T2.Id = T3.PostId WHERE T2.Title = 'Analysing wind data with R' ORDER BY T1.CreationDate DESC LIMIT 10","记录过滤字段、取值、时间范围和作用层级后再生成 SQL。","[AUTO confidence=low] 最终 SQL 已执行成功，但结果与 gold 不同；自动规则未发现更具体结构错误，需复核过滤范围或 gold 噪声。"
"20260714T090249Z-4d55cdb8","bird_710","codebase_community","simple","SEMANTIC_REVIEW_REQUIRED","filter_scope_or_expression_mismatch","","","SEMANTIC_REVIEW_REQUIRED","filter_scope_or_expression_mismatch","automatic_sql_structure","","retrieval_complete_mining_abstained_semantic_failure","[]","[]","[]","In posts with 1 comment, how many of the comments have 0 score?","SELECT COUNT(*) FROM posts AS p INNER JOIN comments AS c ON p.Id = c.PostId WHERE p.CommentCount = 1 AND c.Score = 0","SELECT COUNT(T1.id) FROM comments AS T1 INNER JOIN posts AS T2 ON T1.PostId = T2.Id WHERE T2.CommentCount = 1 AND T2.Score = 0","记录过滤字段、取值、时间范围和作用层级后再生成 SQL。","[AUTO confidence=low] 最终 SQL 已执行成功，但结果与 gold 不同；自动规则未发现更具体结构错误，需复核过滤范围或 gold 噪声。"
"20260714T090249Z-4d55cdb8","bird_72","california_schools","moderate","UNVERIFIED_FINAL","final_sql_rewritten_after_incorrect_observation","UNVERIFIED_FINAL","final_sql_rewritten_after_incorrect_observation","AGGREGATION_REASONING","aggregation_or_grouping_mismatch","automatic_sql_structure","tables, LIMIT, aggregate","detailed_schema_column_miss_or_compact_index_only","[]","[""schools.city""]","[]","How many students from the ages of 5 to 17 are enrolled at the State Special School school in Fremont for the 2014-2015 academic year?","SELECT SUM(T2.[Enrollment (Ages 5-17)]) FROM schools AS T1 INNER JOIN frpm AS T2 ON T2.CDSCode = T1.CDSCode WHERE T1.EdOpsCode = 'SSS' AND T1.City = 'Fremont' AND T2.[Academic Year] = '2014-2015'","SELECT T1.`Enrollment (Ages 5-17)` FROM frpm AS T1 INNER JOIN schools AS T2 ON T1.CDSCode = T2.CDSCode WHERE T2.EdOpsCode = 'SSS' AND T2.City = 'Fremont' AND T1.`Academic Year` BETWEEN 2014 AND 2015","生成 SQL 前明确统计对象、分组键、聚合函数和聚合后的排序字段。","[AUTO confidence=medium] 预测与 gold 的聚合结构不同：sum(。"
"20260714T090249Z-4d55cdb8","bird_728","superhero","moderate","OUTPUT_CONTRACT","output_column_count_mismatch","","","OUTPUT_CONTRACT","output_column_count_mismatch","automatic_sql_structure","","retrieval_complete_mining_abstained_semantic_failure","[]","[]","[]","Rank superheroes from Marvel Comics by their eye color popularity, starting with the most common color.","SELECT colour.colour, COUNT(superhero.id) AS popularity FROM superhero INNER JOIN publisher ON superhero.publisher_id = publisher.id INNER JOIN colour ON superhero.eye_colour_id = colour.id WHERE publisher.publisher_name = 'Marvel Comics' GROUP BY colour.colour ORDER BY COUNT(superhero.id) DESC","SELECT colour.colour AS EyeColor, COUNT(superhero.id) AS Count, RANK() OVER (ORDER BY COUNT(superhero.id) DESC) AS PopularityRank FROM superhero INNER JOIN colour ON superhero.eye_colour_id = colour.id INNER JOIN publisher ON superhero.publisher_id = publisher.id WHERE publisher.publisher_name = 'Marvel Comics' GROUP BY colour.colour","生成输出契约并检查列数、顺序和每列含义。","[AUTO confidence=medium] 预测列数=2，gold 列数=3；需复核 gold 合理性。"
"20260714T090249Z-4d55cdb8","bird_751","superhero","moderate","SEMANTIC_REVIEW_REQUIRED","filter_scope_or_expression_mismatch","","","SEMANTIC_REVIEW_REQUIRED","filter_scope_or_expression_mismatch","automatic_sql_structure","","retrieval_complete_mining_abstained_semantic_failure","[]","[]","[]","List down at least five superpowers of male superheroes.","SELECT DISTINCT T1.power_name FROM superpower AS T1 INNER JOIN hero_power AS T2 ON T1.id = T2.power_id INNER JOIN superhero AS T3 ON T2.hero_id = T3.id INNER JOIN gender AS T4 ON T3.gender_id = T4.id WHERE T4.gender = 'Male' ORDER BY T1.power_name LIMIT 5","SELECT T3.power_name FROM superhero AS T1 INNER JOIN hero_power AS T2 ON T1.id = T2.hero_id INNER JOIN superpower AS T3 ON T3.id = T2.power_id INNER JOIN gender AS T4 ON T4.id = T1.gender_id WHERE T4.gender = 'Male' LIMIT 5","记录过滤字段、取值、时间范围和作用层级后再生成 SQL。","[AUTO confidence=low] 最终 SQL 已执行成功，但结果与 gold 不同；自动规则未发现更具体结构错误，需复核过滤范围或 gold 噪声。"
"20260714T090249Z-4d55cdb8","bird_83","california_schools","challenging","UNVERIFIED_FINAL","final_sql_changed_after_unparseable_observation","UNVERIFIED_FINAL","final_sql_changed_after_unparseable_observation","OUTPUT_CONTRACT","output_column_count_mismatch","automatic_sql_structure","tables, GROUP BY, ORDER BY","detailed_schema_column_miss_or_compact_index_only","[]","[""schools.city""]","[]","Of the schools that offers a magnet program serving a grade span of Kindergarten to 8th grade, how many offers Multiple Provision Types? List the number of cities that offers a Kindergarten to 8th grade span and indicate how many schools are there serving such grade span for each city.","WITH city_counts AS (SELECT TRIM(s.City) AS City, COUNT(*) AS schools_serving_k8 FROM schools s WHERE s.GSserved = 'K-8' AND s.City IS NOT NULL AND TRIM(s.City) <> '' GROUP BY TRIM(s.City)), magnet_multi AS (SELECT COUNT(*) AS cnt FROM schools s JOIN frpm f ON s.CDSCode = f.CDSCode WHERE s.GSserved = 'K-8' AND s.Magnet = 1 AND f.[NSLP Provision Status] = 'Multiple Provision Types') SELECT cc.City, cc.schools_serving_k8, (SELECT COUNT(*) FROM city_counts) AS num_cities_offering_k8, (SELECT cnt FROM magnet_multi) AS magnet_k8_multiple_provision_types FROM city_counts cc ORDER BY cc.City;","SELECT T2.City, COUNT(T2.CDSCode) FROM frpm AS T1 INNER JOIN schools AS T2 ON T1.CDSCode = T2.CDSCode WHERE T2.Magnet = 1 AND T2.GSoffered = 'K-8' AND T1.`NSLP Provision Status` = 'Multiple Provision Types' GROUP BY T2.City","生成输出契约并检查列数、顺序和每列含义。","[AUTO confidence=medium] 预测列数=4，gold 列数=2；需复核 gold 合理性。"
"20260714T090249Z-4d55cdb8","bird_847","formula_1","simple","UNVERIFIED_FINAL","final_sql_rewritten_after_incorrect_observation","UNVERIFIED_FINAL","final_sql_rewritten_after_incorrect_observation","AGGREGATION_REASONING","aggregation_or_grouping_mismatch","automatic_sql_structure","ORDER BY, aggregate","retrieval_complete_mining_abstained_semantic_failure","[]","[]","[]","What is the surname of the driver with the best lap time in race number 19 in the second qualifying period?","SELECT d.surname FROM qualifying AS q INNER JOIN drivers AS d ON q.driverId = d.driverId WHERE q.raceId = 19 AND q.q2 = (SELECT MIN(q2) FROM qualifying WHERE raceId = 19 AND q2 IS NOT NULL) LIMIT 1","SELECT T2.surname FROM qualifying AS T1 INNER JOIN drivers AS T2 ON T2.driverId = T1.driverId WHERE T1.raceId = 19 ORDER BY T1.q2 ASC LIMIT 1","生成 SQL 前明确统计对象、分组键、聚合函数和聚合后的排序字段。","[AUTO confidence=medium] 预测与 gold 的聚合结构不同：min(。"
"20260714T090249Z-4d55cdb8","bird_85","california_schools","moderate","UNVERIFIED_FINAL","final_sql_rewritten_after_incorrect_observation","UNVERIFIED_FINAL","final_sql_rewritten_after_incorrect_observation","SEMANTIC_REVIEW_REQUIRED","filter_scope_or_expression_mismatch","automatic_sql_structure","tables, aggregate","retrieval_complete_mining_abstained_semantic_failure","[]","[]","[]","What is the Percent (%) Eligible Free (K-12) in the school administered by an administrator whose first name is Alusine. List the district code of the school.","SELECT frpm.`District Code`, frpm.`Free Meal Count (K-12)` / frpm.`Enrollment (K-12)` * 100.0 FROM frpm JOIN schools ON frpm.CDSCode = schools.CDSCode WHERE schools.AdmFName1 = 'Alusine' OR schools.AdmFName2 = 'Alusine' OR schools.AdmFName3 = 'Alusine';","SELECT T1.`Free Meal Count (K-12)` * 100 / T1.`Enrollment (K-12)`, T1.`District Code` FROM frpm AS T1 INNER JOIN schools AS T2 ON T1.CDSCode = T2.CDSCode WHERE T2.AdmFName1 = 'Alusine'","记录过滤字段、取值、时间范围和作用层级后再生成 SQL。","[AUTO confidence=low] 最终 SQL 已执行成功，但结果与 gold 不同；自动规则未发现更具体结构错误，需复核过滤范围或 gold 噪声。"
"20260714T090249Z-4d55cdb8","bird_865","formula_1","moderate","UNVERIFIED_FINAL","final_sql_rewritten_after_incorrect_observation","UNVERIFIED_FINAL","final_sql_rewritten_after_incorrect_observation","OUTPUT_CONTRACT","output_column_count_mismatch","automatic_sql_structure","expression_or_projection_only","retrieval_complete_mining_abstained_semantic_failure","[]","[]","[]","For all the drivers who finished the game in race No. 592, who is the oldest?","SELECT d.forename || ' ' || d.surname AS name FROM results r JOIN drivers d ON r.driverId = d.driverId WHERE r.raceId = 592 AND r.time IS NOT NULL ORDER BY d.dob ASC LIMIT 1;","SELECT T1.forename, T1.surname FROM drivers AS T1 INNER JOIN results AS T2 ON T2.driverId = T1.driverId WHERE T2.raceId = 592 AND T2.time IS NOT NULL AND T1.dob IS NOT NULL ORDER BY T1.dob ASC LIMIT 1","生成输出契约并检查列数、顺序和每列含义。","[AUTO confidence=medium] 预测列数=1，gold 列数=2；需复核 gold 合理性。"
"20260714T090249Z-4d55cdb8","bird_87","california_schools","challenging","UNVERIFIED_FINAL","final_sql_rewritten_after_incorrect_observation","UNVERIFIED_FINAL","final_sql_rewritten_after_incorrect_observation","OUTPUT_CONTRACT","output_column_count_mismatch","automatic_sql_structure","ORDER BY, LIMIT","detailed_schema_column_miss_or_compact_index_only","[]","[""schools.admemail1"", ""schools.admemail2"", ""schools.city"", ""schools.county"", ""schools.opendate""]","[]","What are the valid e-mail addresses of the administrator of the school located in the San Bernardino county, City of San Bernardino City Unified that opened between 1/1/2009 to 12/31/2010 whose school types are public Intermediate/Middle Schools and Unified Schools?","SELECT DISTINCT email FROM (SELECT AdmEmail1 AS email FROM schools WHERE County LIKE 'San Bernardino%' AND District LIKE '%San Bernardino City Unified%' AND SOC = '62' AND DOC = '54' AND OpenDate BETWEEN '2009-01-01' AND '2010-12-31' UNION SELECT AdmEmail2 AS email FROM schools WHERE County LIKE 'San Bernardino%' AND District LIKE '%San Bernardino City Unified%' AND SOC = '62' AND DOC = '54' AND OpenDate BETWEEN '2009-01-01' AND '2010-12-31' UNION SELECT AdmEmail3 AS email FROM schools WHERE County LIKE 'San Bernardino%' AND District LIKE '%San Bernardino City Unified%' AND SOC = '62' AND DOC = '54' AND OpenDate BETWEEN '2009-01-01' AND '2010-12-31') AS emails WHERE email IS NOT NULL AND TRIM(email) <> '' AND TRIM(email) LIKE '%@%.%' AND TRIM(email) NOT LIKE '% %' ORDER BY email","SELECT T2.AdmEmail1, T2.AdmEmail2 FROM frpm AS T1 INNER JOIN schools AS T2 ON T1.CDSCode = T2.CDSCode WHERE T2.County = 'San Bernardino' AND T2.City = 'San Bernardino' AND T2.DOC = 54 AND strftime('%Y', T2.OpenDate) BETWEEN '2009' AND '2010' AND T2.SOC = 62","生成输出契约并检查列数、顺序和每列含义。","[AUTO confidence=medium] 预测列数=1，gold 列数=2；需复核 gold 合理性。"
"20260714T090249Z-4d55cdb8","bird_879","formula_1","moderate","UNVERIFIED_FINAL","final_without_db_execution","UNVERIFIED_FINAL","final_without_db_execution","AGGREGATION_REASONING","aggregation_or_grouping_mismatch","automatic_sql_structure","no_prior_execution","retrieval_complete_mining_abstained_semantic_failure","[]","[]","[]","For the driver who set the fastest lap speed, what is his nationality?","SELECT d.nationality FROM results AS r JOIN drivers AS d ON d.driverId = r.driverId WHERE CAST(r.fastestLapSpeed AS REAL) = (SELECT MAX(CAST(fastestLapSpeed AS REAL)) FROM results WHERE fastestLapSpeed IS NOT NULL) LIMIT 1","SELECT T1.nationality FROM drivers AS T1 INNER JOIN results AS T2 ON T2.driverId = T1.driverId ORDER BY T2.fastestLapSpeed DESC LIMIT 1","生成 SQL 前明确统计对象、分组键、聚合函数和聚合后的排序字段。","[AUTO confidence=medium] 预测与 gold 的聚合结构不同：max(。"
"20260714T090249Z-4d55cdb8","bird_896","formula_1","challenging","UNVERIFIED_FINAL","final_sql_rewritten_after_incorrect_observation","UNVERIFIED_FINAL","final_sql_rewritten_after_incorrect_observation","AGGREGATION_REASONING","aggregation_or_grouping_mismatch","automatic_sql_structure","expression_or_projection_only","retrieval_complete_mining_abstained_semantic_failure","[]","[]","[]","Calculate the percentage whereby Hamilton was not at the 1st track of the the f1 circuit since 2010.","SELECT CAST(SUM(CASE WHEN r.position > 1 THEN 1 ELSE 0 END) AS REAL) * 100.0 / COUNT(*) AS percentage FROM results r JOIN drivers d ON r.driverId = d.driverId JOIN races ra ON r.raceId = ra.raceId WHERE d.surname = 'Hamilton' AND ra.year >= 2010","SELECT CAST(COUNT(CASE WHEN T2.position <> 1 THEN T2.position END) AS REAL) * 100 / COUNT(T2.driverStandingsId) FROM races AS T1 INNER JOIN driverStandings AS T2 ON T2.raceId = T1.raceId INNER JOIN drivers AS T3 ON T3.driverId = T2.driverId WHERE T3.surname = 'Hamilton' AND T1.year >= 2010","生成 SQL 前明确统计对象、分组键、聚合函数和聚合后的排序字段。","[AUTO confidence=medium] 预测与 gold 的聚合结构不同：sum(。"
"20260714T090249Z-4d55cdb8","bird_897","formula_1","moderate","UNVERIFIED_FINAL","final_sql_rewritten_after_incorrect_observation","UNVERIFIED_FINAL","final_sql_rewritten_after_incorrect_observation","OUTPUT_CONTRACT","output_column_count_mismatch","automatic_sql_structure","expression_or_projection_only","retrieval_complete_mining_abstained_semantic_failure","[]","[]","[]","Name the driver with the most winning. Mention his nationality and what is his maximum point scores.","SELECT d.forename || ' ' || d.surname AS full_name, d.nationality, MAX(ds.points) AS max_point_scores FROM driverStandings AS ds INNER JOIN drivers AS d ON ds.driverId = d.driverId GROUP BY d.driverId, d.forename, d.surname, d.nationality ORDER BY MAX(ds.wins) DESC, MAX(ds.points) DESC LIMIT 1","SELECT T1.forename, T1.surname, T1.nationality, MAX(T2.points) FROM drivers AS T1 INNER JOIN driverStandings AS T2 ON T2.driverId = T1.driverId WHERE T2.wins >= 1 GROUP BY T1.forename, T1.surname, T1.nationality ORDER BY COUNT(T2.wins) DESC LIMIT 1","生成输出契约并检查列数、顺序和每列含义。","[AUTO confidence=medium] 预测列数=3，gold 列数=4；需复核 gold 合理性。"
"20260714T090249Z-4d55cdb8","bird_902","formula_1","simple","UNVERIFIED_FINAL","final_sql_rewritten_after_incorrect_observation","UNVERIFIED_FINAL","final_sql_rewritten_after_incorrect_observation","SCHEMA_LINKING","table_or_join_path_mismatch","automatic_sql_structure","tables, ORDER BY","retrieval_complete_mining_abstained_semantic_failure","[]","[]","[]","Which race was Alex Yoong in when he was in track number less than 20?","SELECT DISTINCT r.name FROM drivers AS d INNER JOIN results AS res ON d.driverId = res.driverId INNER JOIN races AS r ON res.raceId = r.raceId WHERE d.forename = 'Alex' AND d.surname = 'Yoong' AND res.position < 20 ORDER BY r.year, r.round","SELECT T1.name FROM races AS T1 INNER JOIN driverStandings AS T2 ON T2.raceId = T1.raceId INNER JOIN drivers AS T3 ON T3.driverId = T2.driverId WHERE T3.forename = 'Alex' AND T3.surname = 'Yoong' AND T2.position < 20","生成 SQL 前记录表、字段来源和 JOIN 路径，并通过 Schema 校验。","[AUTO confidence=medium] 表集合不同：pred=['drivers', 'races', 'results']，gold=['drivers', 'driverstandings', 'races']；需复核 gold。"
"20260714T090249Z-4d55cdb8","bird_906","formula_1","moderate","UNVERIFIED_FINAL","final_sql_rewritten_after_incorrect_observation","UNVERIFIED_FINAL","final_sql_rewritten_after_incorrect_observation","AGGREGATION_REASONING","aggregation_or_grouping_mismatch","automatic_sql_structure","aggregate","retrieval_complete_mining_abstained_semantic_failure","[]","[]","[]","Which was Lewis Hamilton first race? What was his points recorded for his first race event?","SELECT r.name, res.points FROM results AS res JOIN races AS r ON res.raceId = r.raceId JOIN drivers AS d ON res.driverId = d.driverId WHERE d.forename = 'Lewis' AND d.surname = 'Hamilton' AND r.year = (SELECT MIN(r2.year) FROM results AS res2 JOIN races AS r2 ON res2.raceId = r2.raceId JOIN drivers AS d2 ON res2.driverId = d2.driverId WHERE d2.forename = 'Lewis' AND d2.surname = 'Hamilton') ORDER BY r.round LIMIT 1","SELECT T1.name, T2.points FROM races AS T1 INNER JOIN driverStandings AS T2 ON T2.raceId = T1.raceId INNER JOIN drivers AS T3 ON T3.driverId = T2.driverId WHERE T3.forename = 'Lewis' AND T3.surname = 'Hamilton' ORDER BY T1.year ASC LIMIT 1","生成 SQL 前明确统计对象、分组键、聚合函数和聚合后的排序字段。","[AUTO confidence=medium] 预测与 gold 的聚合结构不同：min(。"
"20260714T090249Z-4d55cdb8","bird_928","formula_1","moderate","UNVERIFIED_FINAL","final_sql_rewritten_after_incorrect_observation","UNVERIFIED_FINAL","final_sql_rewritten_after_incorrect_observation","OUTPUT_CONTRACT","output_column_count_mismatch","automatic_sql_structure","LIMIT","retrieval_complete_mining_abstained_semantic_failure","[]","[]","[]","Which driver ranked the first in the Canadian Grand Prix in 2007? Please give his reference name.","SELECT DISTINCT d.driverRef FROM races r JOIN results res ON r.raceId = res.raceId JOIN drivers d ON res.driverId = d.driverId WHERE r.name = 'Canadian Grand Prix' AND r.year = 2007 AND res.position = 1 LIMIT 1","SELECT T3.forename, T3.surname, T3.driverRef FROM races AS T1 INNER JOIN results AS T2 ON T2.raceId = T1.raceId INNER JOIN drivers AS T3 ON T3.driverId = T2.driverId WHERE T1.name = 'Canadian Grand Prix' AND T2.rank = 1 AND T1.year = 2007","生成输出契约并检查列数、顺序和每列含义。","[AUTO confidence=medium] 预测列数=1，gold 列数=3；需复核 gold 合理性。"
"20260714T090249Z-4d55cdb8","bird_930","formula_1","simple","UNVERIFIED_FINAL","final_sql_rewritten_after_incorrect_observation","UNVERIFIED_FINAL","final_sql_rewritten_after_incorrect_observation","AGGREGATION_REASONING","aggregation_or_grouping_mismatch","automatic_sql_structure","tables","retrieval_complete_mining_abstained_semantic_failure","[]","[]","[]","In which Formula_1 race did Lewis Hamilton rank the highest?","SELECT DISTINCT r.name FROM results AS res INNER JOIN drivers AS d ON res.driverId = d.driverId INNER JOIN races AS r ON res.raceId = r.raceId WHERE d.forename = 'Lewis' AND d.surname = 'Hamilton' AND res.rank = (SELECT MIN(res2.rank) FROM results AS res2 INNER JOIN drivers AS d2 ON res2.driverId = d2.driverId WHERE d2.forename = 'Lewis' AND d2.surname = 'Hamilton' AND res2.rank IS NOT NULL)","SELECT name FROM races WHERE raceId IN ( SELECT raceId FROM results WHERE rank = 1 AND driverId = ( SELECT driverId FROM drivers WHERE forename = 'Lewis' AND surname = 'Hamilton' ) )","生成 SQL 前明确统计对象、分组键、聚合函数和聚合后的排序字段。","[AUTO confidence=medium] 预测与 gold 的聚合结构不同：min(。"
"20260714T090249Z-4d55cdb8","bird_937","formula_1","simple","UNVERIFIED_FINAL","final_sql_rewritten_after_incorrect_observation","UNVERIFIED_FINAL","final_sql_rewritten_after_incorrect_observation","SEMANTIC_REVIEW_REQUIRED","filter_scope_or_expression_mismatch","automatic_sql_structure","tables, ORDER BY","detailed_schema_column_miss_or_compact_index_only","[]","[""results.rank""]","[]","What's the finish time for the driver who ranked second in 2008's AustChineseralian Grand Prix?","SELECT results.time FROM results JOIN races ON results.raceId = races.raceId WHERE races.year = 2008 AND races.name = 'Chinese Grand Prix' AND results.position = 2","SELECT T1.time FROM results AS T1 INNER JOIN races AS T2 on T1.raceId = T2.raceId WHERE T1.rank = 2 AND T2.name = 'Chinese Grand Prix' AND T2.year = 2008","记录过滤字段、取值、时间范围和作用层级后再生成 SQL。","[AUTO confidence=low] 最终 SQL 已执行成功，但结果与 gold 不同；自动规则未发现更具体结构错误，需复核过滤范围或 gold 噪声。"
"20260714T090249Z-4d55cdb8","bird_94","financial","challenging","UNVERIFIED_FINAL","final_sql_rewritten_after_incorrect_observation","UNVERIFIED_FINAL","final_sql_rewritten_after_incorrect_observation","AGGREGATION_REASONING","sort_direction_or_order_scope_mismatch","automatic_sql_structure","LIMIT","retrieval_complete_mining_abstained_semantic_failure","[]","[]","[]","List out the account numbers of female clients who are oldest and has lowest average salary, calculate the gap between this lowest average salary with the highest average salary?","SELECT DISTINCT d.account_id AS account_number, (SELECT MAX(A11) - MIN(A11) FROM district) AS gap FROM client AS c JOIN disp AS d ON c.client_id = d.client_id WHERE c.gender = 'F' AND c.birth_date = (SELECT MIN(birth_date) FROM client WHERE gender = 'F') ORDER BY account_number;","SELECT T1.account_id , ( SELECT MAX(A11) - MIN(A11) FROM district ) FROM account AS T1 INNER JOIN district AS T2 ON T1.district_id = T2.district_id INNER JOIN disp AS T3 ON T1.account_id = T3.account_id INNER JOIN client AS T4 ON T3.client_id = T4.client_id WHERE T2.district_id = ( SELECT district_id FROM client WHERE gender = 'F' ORDER BY birth_date ASC LIMIT 1 ) ORDER BY T2.A11 DESC LIMIT 1","显式记录排序指标、方向以及排序发生在聚合前还是聚合后。","[AUTO confidence=medium] 排序结构不同：pred=['implicit']，gold=['asc', 'desc']。"
"20260714T090249Z-4d55cdb8","bird_944","formula_1","challenging","UNVERIFIED_FINAL","final_sql_rewritten_after_incorrect_observation","UNVERIFIED_FINAL","final_sql_rewritten_after_incorrect_observation","AGGREGATION_REASONING","aggregation_or_grouping_mismatch","automatic_sql_structure","tables, LIMIT","retrieval_complete_mining_abstained_semantic_failure","[]","[]","[]","How much faster in percentage is the champion than the driver who finished the race last in the 2008 Australian Grand Prix?","SELECT 100.0 * (l.last_ms - c.champion_ms) / l.last_ms FROM (SELECT milliseconds AS champion_ms FROM results WHERE raceId = (SELECT raceId FROM races WHERE year = 2008 AND name LIKE '%Australian Grand Prix%' LIMIT 1) AND time IS NOT NULL AND milliseconds IS NOT NULL ORDER BY positionOrder ASC LIMIT 1) c CROSS JOIN (SELECT milliseconds AS last_ms FROM results WHERE raceId = (SELECT raceId FROM races WHERE year = 2008 AND name LIKE '%Australian Grand Prix%' LIMIT 1) AND time IS NOT NULL AND milliseconds IS NOT NULL ORDER BY positionOrder DESC LIMIT 1) l","WITH time_in_seconds AS ( SELECT T1.positionOrder, CASE WHEN T1.positionOrder = 1 THEN (CAST(SUBSTR(T1.time, 1, 1) AS REAL) * 3600) + (CAST(SUBSTR(T1.time, 3, 2) AS REAL) * 60) + CAST(SUBSTR(T1.time, 6) AS REAL) ELSE CAST(SUBSTR(T1.time, 2) AS REAL) END AS time_seconds FROM results AS T1 INNER JOIN races AS T2 ON T1.raceId = T2.raceId WHERE T2.name = 'Australian Grand Prix' AND T1.time IS NOT NULL AND T2.year = 2008 ), champion_time AS ( SELECT time_seconds FROM time_in_seconds WHERE positionOrder = 1), last_driver_incremental AS ( SELECT time_seconds FROM time_in_seconds WHERE positionOrder = (SELECT MAX(positionOrder) FROM time_in_seconds) ) SELECT (CAST((SELECT time_seconds FROM last_driver_incremental) AS REAL) * 100) / (SELECT time_seconds + (SELECT time_seconds FROM last_driver_incremental) FROM champion_time)","生成 SQL 前明确统计对象、分组键、聚合函数和聚合后的排序字段。","[AUTO confidence=medium] 预测与 gold 的聚合结构不同：max(。"
"20260714T090249Z-4d55cdb8","bird_95","financial","moderate","UNVERIFIED_FINAL","final_sql_rewritten_after_incorrect_observation","UNVERIFIED_FINAL","final_sql_rewritten_after_incorrect_observation","AGGREGATION_REASONING","aggregation_or_grouping_mismatch","automatic_sql_structure","tables, WHERE, LIMIT, aggregate","retrieval_complete_mining_abstained_semantic_failure","[]","[]","[]","List out the account numbers of clients who are youngest and have highest average salary?","SELECT DISTINCT dp.account_id FROM client AS c JOIN district AS d ON c.district_id = d.district_id JOIN disp AS dp ON c.client_id = dp.client_id WHERE c.birth_date = (SELECT MAX(birth_date) FROM client) AND d.A11 = (SELECT MAX(A11) FROM district) ORDER BY dp.account_id;","SELECT T1.account_id  FROM account AS T1 INNER JOIN disp AS T2 ON T1.account_id = T2.account_id INNER JOIN client AS T3 ON T2.client_id = T3.client_id INNER JOIN district AS T4 on T4.district_id = T1.district_id WHERE T2.client_id = ( SELECT client_id FROM client ORDER BY birth_date DESC LIMIT 1) GROUP BY T4.A11, T1.account_id","生成 SQL 前明确统计对象、分组键、聚合函数和聚合后的排序字段。","[AUTO confidence=medium] 预测与 gold 的聚合结构不同：group by, max(。"
"20260714T090249Z-4d55cdb8","bird_951","formula_1","simple","UNVERIFIED_FINAL","final_sql_rewritten_after_incorrect_observation","UNVERIFIED_FINAL","final_sql_rewritten_after_incorrect_observation","AGGREGATION_REASONING","aggregation_or_grouping_mismatch","automatic_sql_structure","ORDER BY","retrieval_complete_mining_abstained_semantic_failure","[]","[]","[]","How many Japanese constructors have 0 points in 2 races?","SELECT COUNT(*) FROM (SELECT c.constructorId FROM constructors AS c INNER JOIN constructorResults AS cr ON c.constructorId = cr.constructorId WHERE c.nationality = 'Japanese' GROUP BY c.constructorId HAVING COUNT(cr.raceId) = 2 AND SUM(cr.points) = 0) AS X","SELECT COUNT(T1.raceId) FROM constructorStandings AS T1 INNER JOIN constructors AS T2 on T1.constructorId = T2.constructorId WHERE T1.points = 0 AND T2.nationality = 'Japanese' GROUP BY T1.constructorId HAVING COUNT(raceId) = 2","生成 SQL 前明确统计对象、分组键、聚合函数和聚合后的排序字段。","[AUTO confidence=medium] 预测与 gold 的聚合结构不同：sum(。"
"20260714T090249Z-4d55cdb8","bird_955","formula_1","challenging","UNVERIFIED_FINAL","final_sql_rewritten_after_incorrect_observation","UNVERIFIED_FINAL","final_sql_rewritten_after_incorrect_observation","AGGREGATION_REASONING","aggregation_or_grouping_mismatch","automatic_sql_structure","tables","retrieval_complete_mining_abstained_semantic_failure","[]","[]","[]","What is the average time in seconds of champion for each year, before year 1975?","WITH champion_times AS (SELECT r.year AS year, res.time AS time_str FROM results AS res JOIN races AS r ON res.raceId = r.raceId WHERE r.year < 1975 AND res.positionOrder = 1 AND res.time IS NOT NULL AND res.time NOT LIKE '+%' AND res.time LIKE '%:%:%'), seconds AS (SELECT year, CAST(substr(time_str, 1, instr(time_str, ':') - 1) AS REAL) * 3600 + CAST(substr(substr(time_str, instr(time_str, ':') + 1), 1, instr(substr(time_str, instr(time_str, ':') + 1), ':') - 1) AS REAL) * 60 + CAST(substr(substr(time_str, instr(time_str, ':') + 1), instr(substr(time_str, instr(time_str, ':') + 1), ':') + 1) AS REAL) AS total_seconds FROM champion_times) SELECT year, AVG(total_seconds) AS average_time_seconds FROM seconds GROUP BY year ORDER BY year","WITH time_in_seconds AS ( SELECT T2.year, T2.raceId, T1.positionOrder, CASE WHEN T1.positionOrder = 1 THEN (CAST(SUBSTR(T1.time, 1, 1) AS REAL) * 3600) + (CAST(SUBSTR(T1.time, 3, 2) AS REAL) * 60) + CAST(SUBSTR(T1.time, 6,2) AS REAL )   + CAST(SUBSTR(T1.time, 9) AS REAL)/1000 ELSE 0 END AS time_seconds FROM results AS T1 INNER JOIN races AS T2 ON T1.raceId = T2.raceId WHERE T1.time IS NOT NULL ), champion_time AS ( SELECT year, raceId, time_seconds FROM time_in_seconds WHERE positionOrder = 1 ) SELECT year, AVG(time_seconds) FROM champion_time WHERE year < 1975 GROUP BY year HAVING AVG(time_seconds) IS NOT NULL","生成 SQL 前明确统计对象、分组键、聚合函数和聚合后的排序字段。","[AUTO confidence=medium] 预测与 gold 的聚合结构不同：having。"
"20260714T090249Z-4d55cdb8","bird_959","formula_1","simple","UNVERIFIED_FINAL","final_sql_rewritten_after_incorrect_observation","UNVERIFIED_FINAL","final_sql_rewritten_after_incorrect_observation","AGGREGATION_REASONING","aggregation_or_grouping_mismatch","automatic_sql_structure","expression_or_projection_only","retrieval_complete_mining_abstained_semantic_failure","[]","[]","[""driverstandings""]","What is the fastest lap number of the champion in 2009?","SELECT r.fastestLap FROM results r JOIN races ra ON r.raceId = ra.raceId WHERE ra.year = 2009 AND r.driverId = (SELECT ds.driverId FROM driverStandings ds JOIN races rr ON ds.raceId = rr.raceId WHERE rr.year = 2009 AND rr.round = (SELECT MAX(round) FROM races WHERE year = 2009) AND ds.position = 1 LIMIT 1) AND r.fastestLap IS NOT NULL AND r.fastestLapTime IS NOT NULL ORDER BY CAST(substr(r.fastestLapTime, 1, instr(r.fastestLapTime, ':') - 1) AS INTEGER) * 60 + CAST(substr(r.fastestLapTime, instr(r.fastestLapTime, ':') + 1) AS REAL) ASC, r.fastestLap ASC LIMIT 1","SELECT T1.fastestLap FROM results AS T1 INNER JOIN races AS T2 on T1.raceId = T2.raceId WHERE T2.year = 2009 AND T1.time LIKE '_:%:__.___'","生成 SQL 前明确统计对象、分组键、聚合函数和聚合后的排序字段。","[AUTO confidence=medium] 预测与 gold 的聚合结构不同：max(。"
"20260714T090249Z-4d55cdb8","bird_963","formula_1","moderate","UNVERIFIED_FINAL","final_sql_rewritten_after_incorrect_observation","UNVERIFIED_FINAL","final_sql_rewritten_after_incorrect_observation","SEMANTIC_REVIEW_REQUIRED","filter_scope_or_expression_mismatch","automatic_sql_structure","expression_or_projection_only","retrieval_complete_mining_abstained_semantic_failure","[]","[]","[]","How many French drivers who obtain the laptime less than 02:00.00?","SELECT COUNT(DISTINCT T1.driverId) FROM drivers AS T1 INNER JOIN lapTimes AS T2 ON T1.driverId = T2.driverId WHERE T1.nationality = 'French' AND T2.milliseconds < 120000","SELECT COUNT(T1.driverId) FROM drivers AS T1 INNER JOIN lapTimes AS T2 on T1.driverId = T2.driverId WHERE T1.nationality = 'French' AND (CAST(SUBSTR(T2.time, 1, 2) AS INTEGER) * 60 + CAST(SUBSTR(T2.time, 4, 2) AS INTEGER) + CAST(SUBSTR(T2.time, 7, 2) AS REAL) / 1000) < 120","记录过滤字段、取值、时间范围和作用层级后再生成 SQL。","[AUTO confidence=low] 最终 SQL 已执行成功，但结果与 gold 不同；自动规则未发现更具体结构错误，需复核过滤范围或 gold 噪声。"
"20260714T090249Z-4d55cdb8","bird_967","formula_1","simple","UNVERIFIED_FINAL","final_sql_rewritten_after_incorrect_observation","UNVERIFIED_FINAL","final_sql_rewritten_after_incorrect_observation","OUTPUT_CONTRACT","output_column_count_mismatch","automatic_sql_structure","tables, aggregate","retrieval_complete_mining_abstained_semantic_failure","[]","[]","[]","State code numbers of top 3 yougest drivers. How many Netherlandic drivers among them?","WITH top3 AS (SELECT code, nationality FROM drivers ORDER BY CAST(STRFTIME('%Y', dob) AS INTEGER) DESC, dob DESC, driverId ASC LIMIT 3) SELECT GROUP_CONCAT(code, ', ') AS code_numbers, SUM(CASE WHEN nationality IN ('Dutch', 'Netherlandic') THEN 1 ELSE 0 END) AS netherlandic_drivers FROM top3;","SELECT COUNT(*) FROM ( SELECT T1.nationality FROM drivers AS T1 ORDER BY JULIANDAY(T1.dob) DESC LIMIT 3) AS T3 WHERE T3.nationality = 'Dutch'","生成输出契约并检查列数、顺序和每列含义。","[AUTO confidence=medium] 预测列数=2，gold 列数=1；需复核 gold 合理性。"
