run_id,id,db_id,difficulty,step_index,event_sequence,turn,action_type,sql,tables,projection_count,sql_delta_from_previous,observation_state,result_matches_gold,transition_type,is_first_nonmatching_execution,retrieval_diagnostic,semantic_error_class,semantic_subcategory,state_payload
20260714T090249Z-4d55cdb8,bird_1472,debit_card_specializing,moderate,1,4,2,FINAL,"SELECT y.CustomerID FROM yearmonth AS y JOIN customers AS c ON y.CustomerID = c.CustomerID WHERE c.Segment = 'LAM' AND y.Date BETWEEN '201201' AND '201212' ORDER BY y.Consumption ASC, y.CustomerID ASC LIMIT 1","[""customers"", ""yearmonth""]",1,initial_sql,benchmark_nonmatching_final,false,final_without_execution,false,retrieval_complete_mining_abstained_semantic_failure,AGGREGATION_REASONING,aggregation_or_grouping_mismatch,
20260714T090249Z-4d55cdb8,bird_1481,debit_card_specializing,challenging,1,3,2,db.execute,"WITH annual AS (
  SELECT
    c.Segment,
    ym.CustomerID,
    SUM(ym.Consumption) AS annual_consumption
  FROM yearmonth AS ym
  JOIN customers AS c
    ON ym.CustomerID = c.CustomerID
  WHERE c.Currency = 'CZK'
    AND c.Segment IN ('SME', 'LAM', 'KAM')
    AND ym.Date BETWEEN '201301' AND '201312'
  GROUP BY c.Segment, ym.CustomerID
),
segment_min AS (
  SELECT
    Segment,
    MIN(annual_consumption) AS min_annual_consumption
  FROM annual
  GROUP BY Segment
),
segment_avg AS (
  SELECT
    a.Segment,
    AVG(a.annual_consumption) AS annual_avg_consumption
  FROM annual AS a
  JOIN segment_min AS m
    ON a.Segment = m.Segment
   AND a.annual_consumption = m.min_annual_consumption
  GROUP BY a.Segment
)
SELECT
  (SELECT annual_avg_consumption FROM segment_avg WHERE Segment = 'SME')
  - (SELECT annual_avg_consumption FROM segment_avg WHERE Segment = 'LAM') AS difference_sme_lam,
  (SELECT annual_avg_consumption FROM segment_avg WHERE Segment = 'LAM')
  - (SELECT annual_avg_consumption FROM segment_avg WHERE Segment = 'KAM') AS difference_lam_kam,
  (SELECT annual_avg_consumption FROM segment_avg WHERE Segment = 'KAM')
  - (SELECT annual_avg_consumption FROM segment_avg WHERE Segment = 'SME') AS difference_kam_sme;","[""annual"", ""customers"", ""segment_avg"", ""segment_min"", ""yearmonth""]",,initial_sql,nonmatching,false,initial_execution_nonmatching,true,retrieval_complete_mining_abstained_semantic_failure,AGGREGATION_REASONING,aggregation_or_grouping_mismatch,
20260714T090249Z-4d55cdb8,bird_1481,debit_card_specializing,challenging,2,4,2,FINAL,"WITH annual AS (SELECT c.Segment, ym.CustomerID, SUM(ym.Consumption) AS annual_consumption FROM yearmonth AS ym JOIN customers AS c ON ym.CustomerID = c.CustomerID WHERE c.Currency = 'CZK' AND c.Segment IN ('SME', 'LAM', 'KAM') AND ym.Date BETWEEN '201301' AND '201312' GROUP BY c.Segment, ym.CustomerID), segment_min AS (SELECT Segment, MIN(annual_consumption) AS min_annual_consumption FROM annual GROUP BY Segment), segment_avg AS (SELECT a.Segment, AVG(a.annual_consumption) AS annual_avg_consumption FROM annual AS a JOIN segment_min AS m ON a.Segment = m.Segment AND a.annual_consumption = m.min_annual_consumption GROUP BY a.Segment) SELECT (SELECT annual_avg_consumption FROM segment_avg WHERE Segment = 'SME') - (SELECT annual_avg_consumption FROM segment_avg WHERE Segment = 'LAM') AS difference_sme_lam, (SELECT annual_avg_consumption FROM segment_avg WHERE Segment = 'LAM') - (SELECT annual_avg_consumption FROM segment_avg WHERE Segment = 'KAM') AS difference_lam_kam, (SELECT annual_avg_consumption FROM segment_avg WHERE Segment = 'KAM') - (SELECT annual_avg_consumption FROM segment_avg WHERE Segment = 'SME') AS difference_kam_sme;","[""annual"", ""customers"", ""segment_avg"", ""segment_min"", ""yearmonth""]",,expression_or_projection,benchmark_nonmatching_final,false,unverified_rewrite_after_nonmatching_execution,false,retrieval_complete_mining_abstained_semantic_failure,AGGREGATION_REASONING,aggregation_or_grouping_mismatch,
20260714T090249Z-4d55cdb8,bird_1482,debit_card_specializing,challenging,1,3,2,db.execute,"SELECT c.Segment,
       SUM(CASE WHEN substr(y.Date,1,4)='2012' THEN y.Consumption ELSE 0 END) AS cons_2012,
       SUM(CASE WHEN substr(y.Date,1,4)='2013' THEN y.Consumption ELSE 0 END) AS cons_2013
FROM yearmonth y
JOIN customers c ON y.CustomerID = c.CustomerID
WHERE c.Currency = 'EUR'
  AND c.Segment IN ('SME','LAM','KAM')
  AND substr(y.Date,1,4) IN ('2012','2013')
GROUP BY c.Segment
ORDER BY c.Segment;","[""customers"", ""yearmonth""]",3,initial_sql,nonmatching,false,initial_execution_nonmatching,true,retrieval_complete_mining_abstained_semantic_failure,OUTPUT_CONTRACT,output_column_count_mismatch,
20260714T090249Z-4d55cdb8,bird_1482,debit_card_specializing,challenging,2,4,3,FINAL,"WITH segment_totals AS (SELECT c.Segment, SUM(CASE WHEN substr(y.Date, 1, 4) = '2012' THEN y.Consumption ELSE 0 END) AS cons_2012, SUM(CASE WHEN substr(y.Date, 1, 4) = '2013' THEN y.Consumption ELSE 0 END) AS cons_2013 FROM yearmonth y JOIN customers c ON y.CustomerID = c.CustomerID WHERE c.Currency = 'EUR' AND c.Segment IN ('SME', 'LAM', 'KAM') AND substr(y.Date, 1, 4) IN ('2012', '2013') GROUP BY c.Segment), pct AS (SELECT Segment, (cons_2013 - cons_2012) * 100.0 / NULLIF(cons_2013, 0) AS pct_increase FROM segment_totals), max_seg AS (SELECT Segment, 1 AS ord FROM pct ORDER BY pct_increase DESC LIMIT 1), min_seg AS (SELECT Segment, 2 AS ord FROM pct ORDER BY pct_increase ASC LIMIT 1), combined AS (SELECT Segment, ord FROM max_seg UNION ALL SELECT Segment, ord FROM min_seg) SELECT Segment FROM combined ORDER BY ord;","[""combined"", ""customers"", ""max_seg"", ""min_seg"", ""pct"", ""segment_totals"", ""yearmonth""]",1,"tables_or_join,projection_count,limit",benchmark_nonmatching_final,false,unverified_rewrite_after_nonmatching_execution,false,retrieval_complete_mining_abstained_semantic_failure,OUTPUT_CONTRACT,output_column_count_mismatch,
20260714T090249Z-4d55cdb8,bird_1498,debit_card_specializing,simple,1,1,1,db.execute,"SELECT MAX(Consumption) AS HighestMonthlyConsumption FROM yearmonth WHERE substr(Date,1,4) = '2012';","[""yearmonth""]",1,initial_sql,nonmatching,false,initial_execution_nonmatching,true,retrieval_complete_mining_abstained_semantic_failure,AGGREGATION_REASONING,aggregation_or_grouping_mismatch,
20260714T090249Z-4d55cdb8,bird_1498,debit_card_specializing,simple,2,2,1,FINAL,"SELECT MAX(Consumption) AS HighestMonthlyConsumption FROM yearmonth WHERE substr(Date,1,4) = '2012'","[""yearmonth""]",1,unchanged,benchmark_nonmatching_final,false,final_same_as_last_execution,false,retrieval_complete_mining_abstained_semantic_failure,AGGREGATION_REASONING,aggregation_or_grouping_mismatch,
20260714T090249Z-4d55cdb8,bird_1505,debit_card_specializing,simple,1,1,1,db.execute,SELECT COUNT(DISTINCT c.CustomerID) AS cnt FROM customers AS c INNER JOIN yearmonth AS y ON c.CustomerID = y.CustomerID WHERE c.Currency = 'EUR' AND y.Consumption > 1000,"[""customers"", ""yearmonth""]",1,initial_sql,nonmatching,false,initial_execution_nonmatching,true,retrieval_complete_mining_abstained_semantic_failure,SEMANTIC_REVIEW_REQUIRED,filter_scope_or_expression_mismatch,
20260714T090249Z-4d55cdb8,bird_1505,debit_card_specializing,simple,2,2,2,FINAL,SELECT COUNT(DISTINCT T1.CustomerID) FROM customers AS T1 INNER JOIN yearmonth AS T2 ON T1.CustomerID = T2.CustomerID WHERE T1.Currency = 'EUR' AND T2.Consumption > 1000,"[""customers"", ""yearmonth""]",1,expression_or_projection,benchmark_nonmatching_final,false,unverified_rewrite_after_nonmatching_execution,false,retrieval_complete_mining_abstained_semantic_failure,SEMANTIC_REVIEW_REQUIRED,filter_scope_or_expression_mismatch,
20260714T090249Z-4d55cdb8,bird_1524,debit_card_specializing,simple,1,1,1,db.execute,PRAGMA table_info(transactions_1k),[],,initial_sql,nonmatching,false,initial_execution_nonmatching,true,retrieval_complete_mining_abstained_semantic_failure,SCHEMA_LINKING,table_or_join_path_mismatch,
20260714T090249Z-4d55cdb8,bird_1524,debit_card_specializing,simple,2,2,1,db.execute,PRAGMA table_info(transactions_1k),[],,unchanged,nonmatching,false,remained_nonmatching,false,retrieval_complete_mining_abstained_semantic_failure,SCHEMA_LINKING,table_or_join_path_mismatch,
20260714T090249Z-4d55cdb8,bird_1524,debit_card_specializing,simple,3,5,3,db.execute,"SELECT T1.TransactionID, T1.CustomerID, T1.Amount, T1.Price, ROUND(T1.Amount * T1.Price, 1) AS total
FROM transactions_1k AS T1
WHERE T1.Date = '2012-08-24'
  AND ROUND(T1.Amount * T1.Price, 1) = 548.4","[""transactions_1k""]",5,"tables_or_join,projection_count,where",empty_nonmatching,false,remained_nonmatching,false,retrieval_complete_mining_abstained_semantic_failure,SCHEMA_LINKING,table_or_join_path_mismatch,
20260714T090249Z-4d55cdb8,bird_1524,debit_card_specializing,simple,4,8,5,db.execute,"SELECT CustomerID, ROUND(SUM(Amount * Price), 1) AS spent
FROM transactions_1k
WHERE Date = '2012-08-24'
GROUP BY CustomerID
HAVING ROUND(SUM(Amount * Price), 1) = 548.4","[""transactions_1k""]",2,"projection_count,group_by,having,aggregate",empty_nonmatching,false,remained_nonmatching,false,retrieval_complete_mining_abstained_semantic_failure,SCHEMA_LINKING,table_or_join_path_mismatch,
20260714T090249Z-4d55cdb8,bird_1524,debit_card_specializing,simple,5,9,6,db.execute,"SELECT TransactionID, Date, Time, CustomerID, GasStationID, ProductID, Amount, Price, Amount * Price AS total
FROM transactions_1k
WHERE Date = '2012-08-24'
ORDER BY ABS((Amount * Price) - 548.4) ASC, TransactionID
LIMIT 20","[""transactions_1k""]",9,"projection_count,group_by,having,order_by,limit,aggregate",nonmatching,false,remained_nonmatching,false,retrieval_complete_mining_abstained_semantic_failure,SCHEMA_LINKING,table_or_join_path_mismatch,
20260714T090249Z-4d55cdb8,bird_1524,debit_card_specializing,simple,6,10,7,db.execute,"SELECT Date, COUNT(*) AS n, MIN(Amount * Price) AS min_total, MAX(Amount * Price) AS max_total
FROM transactions_1k
WHERE Date = '2012-08-24'
GROUP BY Date","[""transactions_1k""]",4,"projection_count,group_by,order_by,limit,aggregate",nonmatching,false,remained_nonmatching,false,retrieval_complete_mining_abstained_semantic_failure,SCHEMA_LINKING,table_or_join_path_mismatch,
20260714T090249Z-4d55cdb8,bird_1524,debit_card_specializing,simple,7,11,8,FINAL,"SELECT DISTINCT C.Currency FROM transactions_1k AS T INNER JOIN customers AS C ON T.CustomerID = C.CustomerID WHERE (date(T.Date) = '2012-08-24' OR substr(replace(T.Date, '/', '-'), 1, 10) IN ('2012-08-24', '2012-8-24')) AND ABS(T.Amount * T.Price - 548.4) < 0.01","[""customers"", ""transactions_1k""]",1,"tables_or_join,projection_count,group_by,aggregate,distinct",benchmark_nonmatching_final,false,unverified_rewrite_after_nonmatching_execution,false,retrieval_complete_mining_abstained_semantic_failure,SCHEMA_LINKING,table_or_join_path_mismatch,
20260714T090249Z-4d55cdb8,bird_1529,debit_card_specializing,moderate,1,1,1,db.execute,"SELECT
  SUM(t.Amount) AS amount_spent_at_gas_stations,
  (SELECT SUM(y.Consumption)
   FROM yearmonth y
   WHERE y.CustomerID = 38508
     AND y.Date = '201201') AS amount_spent_in_january_2012
FROM transactions_1k t
WHERE t.CustomerID = 38508","[""transactions_1k"", ""yearmonth""]",2,initial_sql,nonmatching,false,initial_execution_nonmatching,true,retrieval_complete_mining_abstained_semantic_failure,SCHEMA_LINKING,table_or_join_path_mismatch,
20260714T090249Z-4d55cdb8,bird_1529,debit_card_specializing,moderate,2,2,2,FINAL,"SELECT (SELECT SUM(t.Amount * t.Price) FROM transactions_1k t WHERE t.CustomerID = 38508) AS amount_spent_at_gas_stations, (SELECT SUM(y.Consumption) FROM yearmonth y WHERE y.CustomerID = 38508 AND y.Date = '201201') AS amount_spent_in_january_2012;","[""transactions_1k"", ""yearmonth""]",,projection_count,benchmark_nonmatching_final,false,unverified_rewrite_after_nonmatching_execution,false,retrieval_complete_mining_abstained_semantic_failure,SCHEMA_LINKING,table_or_join_path_mismatch,
20260714T090249Z-4d55cdb8,bird_1531,debit_card_specializing,moderate,1,1,1,db.execute,"SELECT
  t.CustomerID,
  SUM(t.Amount * t.Price) * 1.0 / SUM(t.Amount) AS average_price_per_single_item,
  c.Currency
FROM transactions_1k AS t
INNER JOIN customers AS c
  ON t.CustomerID = c.CustomerID
GROUP BY t.CustomerID, c.Currency
ORDER BY SUM(t.Amount * t.Price) DESC
LIMIT 1;","[""customers"", ""transactions_1k""]",3,initial_sql,nonmatching,false,initial_execution_nonmatching,true,retrieval_complete_mining_abstained_semantic_failure,AGGREGATION_REASONING,sort_direction_or_order_scope_mismatch,
20260714T090249Z-4d55cdb8,bird_1531,debit_card_specializing,moderate,2,2,2,db.execute,"SELECT t.CustomerID, SUM(t.Amount * t.Price) * 1.0 / NULLIF(SUM(t.Amount), 0) AS average_price_per_single_item, c.Currency
FROM transactions_1k AS t
INNER JOIN customers AS c ON t.CustomerID = c.CustomerID
GROUP BY t.CustomerID, c.Currency
ORDER BY SUM(t.Amount * t.Price) DESC
LIMIT 1;","[""customers"", ""transactions_1k""]",3,expression_or_projection,nonmatching,false,remained_nonmatching,false,retrieval_complete_mining_abstained_semantic_failure,AGGREGATION_REASONING,sort_direction_or_order_scope_mismatch,
20260714T090249Z-4d55cdb8,bird_1531,debit_card_specializing,moderate,3,3,3,db.execute,"SELECT t.CustomerID,
       SUM(t.Amount * t.Price) AS total_spending,
       SUM(t.Amount * t.Price) * 1.0 / NULLIF(SUM(t.Amount), 0) AS average_price_per_single_item,
       c.Currency
FROM transactions_1k AS t
JOIN customers AS c ON t.CustomerID = c.CustomerID
GROUP BY t.CustomerID, c.Currency
ORDER BY total_spending DESC
LIMIT 5;","[""customers"", ""transactions_1k""]",4,projection_count,nonmatching,false,remained_nonmatching,false,retrieval_complete_mining_abstained_semantic_failure,AGGREGATION_REASONING,sort_direction_or_order_scope_mismatch,
20260714T090249Z-4d55cdb8,bird_1531,debit_card_specializing,moderate,4,4,2,FINAL,"SELECT t.CustomerID, SUM(t.Amount * t.Price) * 1.0 / NULLIF(SUM(t.Amount), 0) AS average_price_per_single_item, c.Currency FROM transactions_1k AS t INNER JOIN customers AS c ON t.CustomerID = c.CustomerID GROUP BY t.CustomerID, c.Currency ORDER BY SUM(t.Amount * t.Price) DESC LIMIT 1;","[""customers"", ""transactions_1k""]",3,projection_count,benchmark_nonmatching_final,false,unverified_rewrite_after_nonmatching_execution,false,retrieval_complete_mining_abstained_semantic_failure,AGGREGATION_REASONING,sort_direction_or_order_scope_mismatch,
20260714T090249Z-4d55cdb8,bird_1322,student_club,moderate,1,1,1,db.execute,SELECT COUNT(*) FROM (SELECT e.event_id FROM event e JOIN attendance a ON a.link_to_event = e.event_id WHERE e.type = 'Meeting' GROUP BY e.event_id HAVING COUNT(a.link_to_event) > 10) t;,"[""attendance"", ""event""]",1,initial_sql,nonmatching,false,initial_execution_nonmatching,true,retrieval_complete_mining_abstained_semantic_failure,SEMANTIC_REVIEW_REQUIRED,filter_scope_or_expression_mismatch,
20260714T090249Z-4d55cdb8,bird_1322,student_club,moderate,2,2,2,FINAL,SELECT COUNT(*) FROM event WHERE type = 'Meeting' AND event_id IN (SELECT link_to_event FROM attendance GROUP BY link_to_event HAVING COUNT(*) > 10);,"[""attendance"", ""event""]",1,expression_or_projection,benchmark_nonmatching_final,false,unverified_rewrite_after_nonmatching_execution,false,retrieval_complete_mining_abstained_semantic_failure,SEMANTIC_REVIEW_REQUIRED,filter_scope_or_expression_mismatch,
20260714T090249Z-4d55cdb8,bird_1338,student_club,moderate,1,1,1,db.execute,"SELECT e.expense_description, e.approved, e.expense_date, b.budget_id, b.link_to_event FROM expense e JOIN budget b ON e.link_to_budget = b.budget_id JOIN event ev ON b.link_to_event = ev.event_id WHERE ev.event_name = 'October Meeting' AND ev.event_date = '2019-10-08'","[""budget"", ""event"", ""expense""]",5,initial_sql,empty_nonmatching,false,initial_execution_nonmatching,true,retrieval_complete_mining_abstained_semantic_failure,OUTPUT_CONTRACT,output_column_count_mismatch,
20260714T090249Z-4d55cdb8,bird_1338,student_club,moderate,2,4,3,db.execute,"SELECT event_id, event_name, event_date, type, status FROM event WHERE event_date LIKE '2019-10-08%' OR date(event_date) = '2019-10-08'","[""event""]",5,tables_or_join,nonmatching,false,remained_nonmatching,false,retrieval_complete_mining_abstained_semantic_failure,OUTPUT_CONTRACT,output_column_count_mismatch,
20260714T090249Z-4d55cdb8,bird_1338,student_club,moderate,3,5,4,FINAL,"SELECT e.expense_description, CASE WHEN LOWER(e.approved) = 'true' THEN 'True' ELSE 'False' END AS approved FROM expense e JOIN budget b ON e.link_to_budget = b.budget_id JOIN event ev ON b.link_to_event = ev.event_id WHERE ev.event_name LIKE '%October Meeting%' AND date(ev.event_date) = '2019-10-08' ORDER BY e.expense_description","[""budget"", ""event"", ""expense""]",2,"tables_or_join,projection_count,order_by",benchmark_nonmatching_final,false,unverified_rewrite_after_nonmatching_execution,false,retrieval_complete_mining_abstained_semantic_failure,OUTPUT_CONTRACT,output_column_count_mismatch,
20260714T090249Z-4d55cdb8,bird_1387,student_club,moderate,1,1,1,db.execute,"SELECT event_id, event_name FROM event WHERE event_name = 'Yearly Kickoff'","[""event""]",2,initial_sql,nonmatching,false,initial_execution_nonmatching,true,retrieval_complete_mining_abstained_semantic_failure,OUTPUT_CONTRACT,output_column_count_mismatch,
20260714T090249Z-4d55cdb8,bird_1387,student_club,moderate,2,2,2,FINAL,SELECT DISTINCT T4.first_name || ' ' || T4.last_name FROM event AS T1 INNER JOIN budget AS T2 ON T1.event_id = T2.link_to_event INNER JOIN expense AS T3 ON T2.budget_id = T3.link_to_budget INNER JOIN member AS T4 ON T3.link_to_member = T4.member_id WHERE T1.event_name = 'Yearly Kickoff',"[""budget"", ""event"", ""expense"", ""member""]",1,"tables_or_join,projection_count,distinct",benchmark_nonmatching_final,false,unverified_rewrite_after_nonmatching_execution,false,retrieval_complete_mining_abstained_semantic_failure,OUTPUT_CONTRACT,output_column_count_mismatch,
20260714T090249Z-4d55cdb8,bird_1399,student_club,moderate,1,9,3,db.execute,SELECT CASE WHEN EXISTS ( SELECT 1 FROM attendance AS A INNER JOIN member AS M ON A.link_to_member = M.member_id INNER JOIN event AS E ON A.link_to_event = E.event_id WHERE M.first_name = 'Maya' AND M.last_name = 'Mclean' AND E.event_name = 'Women''s Soccer' ) THEN 'Yes' ELSE 'No' END,"[""attendance"", ""event"", ""member""]",,initial_sql,nonmatching,false,initial_execution_nonmatching,true,retrieval_complete_mining_abstained_semantic_failure,OUTPUT_CONTRACT,yes_no_vs_row_output_mismatch,
20260714T090249Z-4d55cdb8,bird_1399,student_club,moderate,2,10,4,db.execute,SELECT COUNT(*) AS cnt FROM attendance AS A INNER JOIN member AS M ON A.link_to_member = M.member_id INNER JOIN event AS E ON A.link_to_event = E.event_id WHERE M.first_name = 'Maya' AND M.last_name = 'Mclean' AND E.event_name = 'Women''s Soccer',"[""attendance"", ""event"", ""member""]",1,"projection_count,aggregate",nonmatching,false,remained_nonmatching,false,retrieval_complete_mining_abstained_semantic_failure,OUTPUT_CONTRACT,yes_no_vs_row_output_mismatch,
20260714T090249Z-4d55cdb8,bird_1399,student_club,moderate,3,11,3,FINAL,SELECT CASE WHEN EXISTS ( SELECT 1 FROM attendance AS A INNER JOIN member AS M ON A.link_to_member = M.member_id INNER JOIN event AS E ON A.link_to_event = E.event_id WHERE M.first_name = 'Maya' AND M.last_name = 'Mclean' AND E.event_name = 'Women''s Soccer' ) THEN 'Yes' ELSE 'No' END,"[""attendance"", ""event"", ""member""]",,"projection_count,aggregate",benchmark_nonmatching_final,false,unverified_rewrite_after_nonmatching_execution,false,retrieval_complete_mining_abstained_semantic_failure,OUTPUT_CONTRACT,yes_no_vs_row_output_mismatch,
20260714T090249Z-4d55cdb8,bird_1427,student_club,moderate,1,1,1,db.execute,SELECT DISTINCT budget.category FROM budget INNER JOIN event ON budget.link_to_event = event.event_id WHERE event.location = 'MU 215' AND event.type = 'Guest Speaker' AND budget.spent = 0,"[""budget"", ""event""]",1,initial_sql,nonmatching,false,initial_execution_nonmatching,true,retrieval_complete_mining_abstained_semantic_failure,OUTPUT_CONTRACT,output_column_count_mismatch,
20260714T090249Z-4d55cdb8,bird_1427,student_club,moderate,2,4,3,FINAL,SELECT DISTINCT budget.category FROM budget INNER JOIN event ON budget.link_to_event = event.event_id WHERE event.location = 'MU 215' AND event.type = 'Guest Speaker' AND budget.spent = 0 ORDER BY budget.category,"[""budget"", ""event""]",1,order_by,benchmark_nonmatching_final,false,unverified_rewrite_after_nonmatching_execution,false,retrieval_complete_mining_abstained_semantic_failure,OUTPUT_CONTRACT,output_column_count_mismatch,
20260714T090249Z-4d55cdb8,bird_1166,thrombosis_prediction,simple,1,1,1,db.execute,"SELECT P.ID, P.Birthday, E.Symptoms, E.Diagnosis, E.`Examination Date` FROM Patient P INNER JOIN Examination E ON P.ID = E.ID WHERE E.Symptoms IS NOT NULL ORDER BY P.Birthday DESC, E.`Examination Date` DESC LIMIT 10","[""examination"", ""patient""]",5,initial_sql,nonmatching,false,initial_execution_nonmatching,true,retrieval_complete_mining_abstained_semantic_failure,SEMANTIC_REVIEW_REQUIRED,filter_scope_or_expression_mismatch,
20260714T090249Z-4d55cdb8,bird_1166,thrombosis_prediction,simple,2,2,2,FINAL,"SELECT E.Symptoms, E.Diagnosis FROM Examination AS E INNER JOIN Patient AS P ON E.ID = P.ID WHERE E.Symptoms IS NOT NULL ORDER BY P.Birthday DESC LIMIT 1","[""examination"", ""patient""]",2,projection_count,benchmark_nonmatching_final,false,unverified_rewrite_after_nonmatching_execution,false,retrieval_complete_mining_abstained_semantic_failure,SEMANTIC_REVIEW_REQUIRED,filter_scope_or_expression_mismatch,
20260714T090249Z-4d55cdb8,bird_1168,thrombosis_prediction,challenging,1,3,2,db.execute,"SELECT P.ID, P.Birthday, P.`First Date`, L.Date AS LabDate FROM Patient AS P LEFT JOIN Laboratory AS L ON P.ID = L.ID WHERE P.Diagnosis = 'SJS' ORDER BY P.Birthday ASC, L.Date ASC LIMIT 10","[""laboratory"", ""patient""]",4,initial_sql,nonmatching,false,initial_execution_nonmatching,true,retrieval_complete_mining_abstained_semantic_failure,OUTPUT_CONTRACT,output_column_count_mismatch,
20260714T090249Z-4d55cdb8,bird_1168,thrombosis_prediction,challenging,2,4,3,db.execute,"SELECT P.ID, P.Birthday, P.`First Date`, L.Date AS LabDate
FROM Patient AS P
LEFT JOIN Laboratory AS L ON P.ID = L.ID
WHERE P.Diagnosis = 'SJS'
ORDER BY P.Birthday ASC, L.Date ASC
LIMIT 20","[""laboratory"", ""patient""]",4,expression_or_projection,nonmatching,false,remained_nonmatching,false,retrieval_complete_mining_abstained_semantic_failure,OUTPUT_CONTRACT,output_column_count_mismatch,
20260714T090249Z-4d55cdb8,bird_1168,thrombosis_prediction,challenging,3,5,4,db.execute,"SELECT P.ID, P.Birthday, P.`First Date`, L.Date AS LabDate
FROM Patient AS P
LEFT JOIN Laboratory AS L ON P.ID = L.ID
WHERE P.Diagnosis = 'SJS'
ORDER BY P.Birthday ASC, L.Date ASC
LIMIT 20","[""laboratory"", ""patient""]",4,unchanged,nonmatching,false,remained_nonmatching,false,retrieval_complete_mining_abstained_semantic_failure,OUTPUT_CONTRACT,output_column_count_mismatch,
20260714T090249Z-4d55cdb8,bird_1168,thrombosis_prediction,challenging,4,6,5,FINAL,"SELECT L.Date, CAST(strftime('%Y', P.`First Date`) AS INTEGER) - CAST(strftime('%Y', P.Birthday) AS INTEGER) AS age FROM Patient AS P INNER JOIN Laboratory AS L ON P.ID = L.ID WHERE P.Diagnosis = 'SJS' AND P.Birthday IS NOT NULL AND P.`First Date` IS NOT NULL ORDER BY P.Birthday ASC, L.Date ASC LIMIT 1","[""laboratory"", ""patient""]",2,projection_count,benchmark_nonmatching_final,false,unverified_rewrite_after_nonmatching_execution,false,retrieval_complete_mining_abstained_semantic_failure,OUTPUT_CONTRACT,output_column_count_mismatch,
20260714T090249Z-4d55cdb8,bird_1175,thrombosis_prediction,moderate,1,6,2,db.execute,"SELECT ID, Date, HGB FROM Laboratory WHERE HGB IS NOT NULL ORDER BY HGB DESC, Date DESC, ID LIMIT 10","[""laboratory""]",3,initial_sql,nonmatching,false,initial_execution_nonmatching,true,retrieval_complete_mining_abstained_semantic_failure,AGGREGATION_REASONING,aggregation_or_grouping_mismatch,
20260714T090249Z-4d55cdb8,bird_1175,thrombosis_prediction,moderate,2,7,2,db.execute,"SELECT ID, Date, HGB FROM Laboratory WHERE HGB IS NOT NULL ORDER BY HGB DESC, Date DESC, ID LIMIT 10","[""laboratory""]",3,unchanged,nonmatching,false,remained_nonmatching,false,retrieval_complete_mining_abstained_semantic_failure,AGGREGATION_REASONING,aggregation_or_grouping_mismatch,
20260714T090249Z-4d55cdb8,bird_1175,thrombosis_prediction,moderate,3,8,3,FINAL,"SELECT CAST(strftime('%Y', E.[Examination Date]) AS INTEGER) - CAST(strftime('%Y', P.Birthday) AS INTEGER) AS age, E.Diagnosis FROM Laboratory AS L INNER JOIN Patient AS P ON P.ID = L.ID INNER JOIN Examination AS E ON E.ID = P.ID WHERE L.HGB = (SELECT MAX(HGB) FROM Laboratory) LIMIT 1","[""examination"", ""laboratory"", ""patient""]",2,"tables_or_join,projection_count,order_by,aggregate",benchmark_nonmatching_final,false,unverified_rewrite_after_nonmatching_execution,false,retrieval_complete_mining_abstained_semantic_failure,AGGREGATION_REASONING,aggregation_or_grouping_mismatch,
20260714T090249Z-4d55cdb8,bird_1179,thrombosis_prediction,moderate,1,1,1,db.execute,"SELECT P.ID, P.SEX, P.Diagnosis, P.Description,
       E.""Examination Date"", E.""aCL IgM""
FROM Patient AS P
LEFT JOIN Examination AS E
  ON P.ID = E.ID
WHERE P.Diagnosis = 'SLE'
  AND P.Description = '1994-02-19'
  AND E.""Examination Date"" = '1993/11/12'","[""examination"", ""patient""]",6,initial_sql,empty_nonmatching,false,initial_execution_nonmatching,true,retrieval_complete_mining_abstained_semantic_failure,OUTPUT_CONTRACT,output_column_count_mismatch,
20260714T090249Z-4d55cdb8,bird_1179,thrombosis_prediction,moderate,2,8,5,db.execute,"SELECT E.""aCL IgM""
FROM Patient AS P
INNER JOIN Examination AS E
  ON P.ID = E.ID
WHERE P.Diagnosis = 'SLE'
  AND P.Description = '1994-02-19'
  AND E.""Examination Date"" = '1993-11-12'","[""examination"", ""patient""]",1,projection_count,nonmatching,false,remained_nonmatching,false,retrieval_complete_mining_abstained_semantic_failure,OUTPUT_CONTRACT,output_column_count_mismatch,
20260714T090249Z-4d55cdb8,bird_1179,thrombosis_prediction,moderate,3,9,6,FINAL,"SELECT E.""aCL IgM"" FROM Patient AS P INNER JOIN Examination AS E ON P.ID = E.ID WHERE lower(TRIM(P.Diagnosis)) = 'sle' AND REPLACE(TRIM(P.Description), '/', '-') = '1994-02-19' AND REPLACE(TRIM(E.""Examination Date""), '/', '-') = '1993-11-12' LIMIT 1;","[""examination"", ""patient""]",1,limit,benchmark_nonmatching_final,false,unverified_rewrite_after_nonmatching_execution,false,retrieval_complete_mining_abstained_semantic_failure,OUTPUT_CONTRACT,output_column_count_mismatch,
20260714T090249Z-4d55cdb8,bird_1205,thrombosis_prediction,moderate,1,1,1,db.execute,"SELECT P.ID, P.SEX, L.Date, L.UA FROM Patient AS P LEFT JOIN Laboratory AS L ON P.ID = L.ID WHERE P.ID = 57266","[""laboratory"", ""patient""]",4,initial_sql,nonmatching,false,initial_execution_nonmatching,true,retrieval_complete_mining_abstained_semantic_failure,OUTPUT_CONTRACT,yes_no_vs_row_output_mismatch,
20260714T090249Z-4d55cdb8,bird_1205,thrombosis_prediction,moderate,2,2,2,FINAL,SELECT CASE WHEN EXISTS (SELECT 1 FROM Patient AS P INNER JOIN Laboratory AS L ON P.ID = L.ID WHERE P.ID = 57266 AND L.UA IS NOT NULL AND ((P.SEX = 'M' AND L.UA > 8.0) OR (P.SEX = 'F' AND L.UA > 6.5))) THEN 'Yes' ELSE 'No' END AS answer,"[""laboratory"", ""patient""]",,projection_count,benchmark_nonmatching_final,false,unverified_rewrite_after_nonmatching_execution,false,retrieval_complete_mining_abstained_semantic_failure,OUTPUT_CONTRACT,yes_no_vs_row_output_mismatch,
20260714T090249Z-4d55cdb8,bird_1225,thrombosis_prediction,moderate,1,3,2,FINAL,"SELECT P.SEX, GROUP_CONCAT(DISTINCT P.ID) AS IDs FROM Laboratory AS L INNER JOIN Patient AS P ON L.ID = P.ID WHERE L.""T-BIL"" >= 2.0 GROUP BY P.SEX ORDER BY P.SEX","[""laboratory"", ""patient""]",2,initial_sql,benchmark_nonmatching_final,false,final_without_execution,false,retrieval_complete_mining_abstained_semantic_failure,SEMANTIC_REVIEW_REQUIRED,filter_scope_or_expression_mismatch,
20260714T090249Z-4d55cdb8,bird_1235,thrombosis_prediction,moderate,1,1,1,db.execute,"SELECT DISTINCT T1.ID, CAST(strftime('%Y','now') AS INTEGER) - CAST(strftime('%Y', T1.Birthday) AS INTEGER) AS age, T1.Diagnosis FROM Patient AS T1 INNER JOIN Laboratory AS T2 ON T1.ID = T2.ID WHERE T2.RBC < 3.5 ORDER BY T1.ID","[""laboratory"", ""patient""]",3,initial_sql,nonmatching,false,initial_execution_nonmatching,true,retrieval_complete_mining_abstained_semantic_failure,SEMANTIC_REVIEW_REQUIRED,filter_scope_or_expression_mismatch,
20260714T090249Z-4d55cdb8,bird_1235,thrombosis_prediction,moderate,2,2,2,FINAL,"SELECT DISTINCT T1.ID, CAST(strftime('%Y', CURRENT_TIMESTAMP) AS INTEGER) - CAST(strftime('%Y', T1.Birthday) AS INTEGER) AS age, T1.Diagnosis FROM Patient AS T1 INNER JOIN Laboratory AS T2 ON T1.ID = T2.ID WHERE T2.RBC < 3.5 ORDER BY T1.ID","[""laboratory"", ""patient""]",3,expression_or_projection,benchmark_nonmatching_final,false,unverified_rewrite_after_nonmatching_execution,false,retrieval_complete_mining_abstained_semantic_failure,SEMANTIC_REVIEW_REQUIRED,filter_scope_or_expression_mismatch,
20260714T090249Z-4d55cdb8,bird_1239,thrombosis_prediction,challenging,1,1,1,db.execute,"SELECT P.ID,
       CAST(strftime('%Y','now') AS INTEGER) - CAST(strftime('%Y', P.Birthday) AS INTEGER) AS age
FROM Patient AS P
INNER JOIN Laboratory AS L
  ON P.ID = L.ID
WHERE L.HCT >= 52
GROUP BY P.ID, P.Birthday
HAVING COUNT(L.ID) > 2","[""laboratory"", ""patient""]",2,initial_sql,nonmatching,false,initial_execution_nonmatching,true,retrieval_complete_mining_abstained_semantic_failure,SEMANTIC_REVIEW_REQUIRED,filter_scope_or_expression_mismatch,
20260714T090249Z-4d55cdb8,bird_1239,thrombosis_prediction,challenging,2,2,1,FINAL,"SELECT P.ID, CAST(strftime('%Y','now') AS INTEGER) - CAST(strftime('%Y', P.Birthday) AS INTEGER) AS age FROM Patient AS P INNER JOIN Laboratory AS L ON P.ID = L.ID WHERE L.HCT >= 52 GROUP BY P.ID, P.Birthday HAVING COUNT(L.ID) > 2","[""laboratory"", ""patient""]",2,unchanged,benchmark_nonmatching_final,false,final_same_as_last_execution,false,retrieval_complete_mining_abstained_semantic_failure,SEMANTIC_REVIEW_REQUIRED,filter_scope_or_expression_mismatch,
20260714T090249Z-4d55cdb8,bird_1241,thrombosis_prediction,challenging,1,1,1,db.execute,"SELECT
  COUNT(DISTINCT CASE WHEN PLT < 100 THEN ID END) AS ""LOWER THAN NORMAL RANGE"",
  COUNT(DISTINCT CASE WHEN PLT > 400 THEN ID END) AS ""HIGHER THAN NORMAL RANGE"",
  COUNT(DISTINCT CASE WHEN PLT < 100 THEN ID END) - COUNT(DISTINCT CASE WHEN PLT > 400 THEN ID END) AS ""CALCULATION""
FROM Laboratory
WHERE PLT <= 100 OR PLT >= 400;","[""laboratory""]",3,initial_sql,nonmatching,false,initial_execution_nonmatching,true,retrieval_complete_mining_abstained_semantic_failure,OUTPUT_CONTRACT,output_column_count_mismatch,
20260714T090249Z-4d55cdb8,bird_1241,thrombosis_prediction,challenging,2,2,2,FINAL,"WITH patient_flags AS (SELECT ID, MAX(CASE WHEN PLT < 100 THEN 1 ELSE 0 END) AS lower_flag, MAX(CASE WHEN PLT > 400 THEN 1 ELSE 0 END) AS higher_flag FROM Laboratory WHERE PLT <= 100 OR PLT >= 400 GROUP BY ID) SELECT COALESCE(SUM(lower_flag), 0) AS lower_than_normal_range, COALESCE(SUM(higher_flag), 0) AS higher_than_normal_range, COALESCE(SUM(lower_flag), 0) - COALESCE(SUM(higher_flag), 0) AS calculation FROM patient_flags;","[""laboratory"", ""patient_flags""]",3,"tables_or_join,group_by,distinct",benchmark_nonmatching_final,false,unverified_rewrite_after_nonmatching_execution,false,retrieval_complete_mining_abstained_semantic_failure,OUTPUT_CONTRACT,output_column_count_mismatch,
20260714T090249Z-4d55cdb8,bird_1242,thrombosis_prediction,challenging,1,3,2,db.execute,"SELECT DISTINCT T1.ID FROM Patient AS T1 INNER JOIN Laboratory AS T2 ON T1.ID = T2.ID WHERE strftime('%Y', T2.Date) = '1984' AND CAST(strftime('%Y', current_timestamp) AS INTEGER) - CAST(strftime('%Y', T1.Birthday) AS INTEGER) < 50 AND T2.PLT BETWEEN 100 AND 400 ORDER BY T1.ID","[""laboratory"", ""patient""]",1,initial_sql,nonmatching,false,initial_execution_nonmatching,true,retrieval_complete_mining_abstained_semantic_failure,SEMANTIC_REVIEW_REQUIRED,filter_scope_or_expression_mismatch,
20260714T090249Z-4d55cdb8,bird_1242,thrombosis_prediction,challenging,2,4,2,FINAL,"SELECT DISTINCT T1.ID FROM Patient AS T1 INNER JOIN Laboratory AS T2 ON T1.ID = T2.ID WHERE strftime('%Y', T2.Date) = '1984' AND CAST(strftime('%Y', current_timestamp) AS INTEGER) - CAST(strftime('%Y', T1.Birthday) AS INTEGER) < 50 AND T2.PLT BETWEEN 100 AND 400 ORDER BY T1.ID","[""laboratory"", ""patient""]",1,unchanged,benchmark_nonmatching_final,false,final_same_as_last_execution,false,retrieval_complete_mining_abstained_semantic_failure,SEMANTIC_REVIEW_REQUIRED,filter_scope_or_expression_mismatch,
20260714T090249Z-4d55cdb8,bird_1243,thrombosis_prediction,challenging,1,3,1,FINAL,"SELECT CAST(SUM(CASE WHEN L.PT >= 14 AND P.SEX = 'F' THEN 1 ELSE 0 END) AS REAL) * 100.0 / SUM(CASE WHEN L.PT >= 14 THEN 1 ELSE 0 END) FROM Patient AS P INNER JOIN Laboratory AS L ON P.ID = L.ID WHERE CAST(strftime('%Y', CURRENT_TIMESTAMP) AS INTEGER) - CAST(strftime('%Y', P.Birthday) AS INTEGER) > 55","[""laboratory"", ""patient""]",1,initial_sql,benchmark_nonmatching_final,false,final_without_execution,false,retrieval_complete_mining_abstained_semantic_failure,TOOL_ERROR,unparseable_execution_observation,
20260714T090249Z-4d55cdb8,bird_1247,thrombosis_prediction,challenging,1,1,1,db.execute,SELECT COUNT(DISTINCT P.ID) AS cnt FROM Laboratory AS L INNER JOIN Patient AS P ON L.ID = P.ID WHERE P.SEX = 'M' AND L.WBC > 3.5 AND L.WBC < 9.0 AND (L.FG <= 150 OR L.FG >= 450),"[""laboratory"", ""patient""]",1,initial_sql,nonmatching,false,initial_execution_nonmatching,true,retrieval_complete_mining_abstained_semantic_failure,SEMANTIC_REVIEW_REQUIRED,filter_scope_or_expression_mismatch,
20260714T090249Z-4d55cdb8,bird_1247,thrombosis_prediction,challenging,2,2,2,FINAL,SELECT COUNT(DISTINCT P.ID) FROM Laboratory AS L INNER JOIN Patient AS P ON L.ID = P.ID WHERE P.SEX = 'M' AND L.WBC > 3.5 AND L.WBC < 9.0 AND (L.FG <= 150 OR L.FG >= 450),"[""laboratory"", ""patient""]",1,expression_or_projection,benchmark_nonmatching_final,false,unverified_rewrite_after_nonmatching_execution,false,retrieval_complete_mining_abstained_semantic_failure,SEMANTIC_REVIEW_REQUIRED,filter_scope_or_expression_mismatch,
20260714T090249Z-4d55cdb8,bird_1251,thrombosis_prediction,simple,1,1,1,db.execute,SELECT COUNT(DISTINCT ID) AS cnt FROM Laboratory WHERE IGG >= 2000,"[""laboratory""]",1,initial_sql,nonmatching,false,initial_execution_nonmatching,true,retrieval_complete_mining_abstained_semantic_failure,SCHEMA_LINKING,table_or_join_path_mismatch,
20260714T090249Z-4d55cdb8,bird_1251,thrombosis_prediction,simple,2,2,2,FINAL,SELECT COUNT(DISTINCT ID) FROM Laboratory WHERE IGG >= 2000,"[""laboratory""]",1,expression_or_projection,benchmark_nonmatching_final,false,unverified_rewrite_after_nonmatching_execution,false,retrieval_complete_mining_abstained_semantic_failure,SCHEMA_LINKING,table_or_join_path_mismatch,
20260714T090249Z-4d55cdb8,bird_1252,thrombosis_prediction,moderate,1,1,1,db.execute,SELECT COUNT(DISTINCT L.ID) FROM Laboratory AS L INNER JOIN Examination AS E ON L.ID = E.ID WHERE L.IGG > 900 AND L.IGG < 2000 AND E.Symptoms IS NOT NULL,"[""examination"", ""laboratory""]",1,initial_sql,nonmatching,false,initial_execution_nonmatching,true,retrieval_complete_mining_abstained_semantic_failure,SCHEMA_LINKING,table_or_join_path_mismatch,
20260714T090249Z-4d55cdb8,bird_1252,thrombosis_prediction,moderate,2,2,1,FINAL,SELECT COUNT(DISTINCT L.ID) FROM Laboratory AS L INNER JOIN Examination AS E ON L.ID = E.ID WHERE L.IGG > 900 AND L.IGG < 2000 AND E.Symptoms IS NOT NULL,"[""examination"", ""laboratory""]",1,unchanged,benchmark_nonmatching_final,false,final_same_as_last_execution,false,retrieval_complete_mining_abstained_semantic_failure,SCHEMA_LINKING,table_or_join_path_mismatch,
20260714T090249Z-4d55cdb8,bird_1254,thrombosis_prediction,moderate,1,1,1,db.execute,"SELECT COUNT(DISTINCT Patient.ID)
FROM Patient
INNER JOIN Laboratory ON Patient.ID = Laboratory.ID
WHERE Laboratory.IGA > 80
  AND Laboratory.IGA < 500
  AND CAST(strftime('%Y', Patient.""First Date"") AS INTEGER) >= 1990","[""laboratory"", ""patient""]",1,initial_sql,nonmatching,false,initial_execution_nonmatching,true,retrieval_complete_mining_abstained_semantic_failure,SEMANTIC_REVIEW_REQUIRED,filter_scope_or_expression_mismatch,
20260714T090249Z-4d55cdb8,bird_1254,thrombosis_prediction,moderate,2,2,2,FINAL,"SELECT COUNT(DISTINCT p.ID) FROM Patient p INNER JOIN Laboratory l ON p.ID = l.ID WHERE l.IGA > 80 AND l.IGA < 500 AND CAST(strftime('%Y', p.""First Date"") AS INTEGER) >= 1990","[""laboratory"", ""patient""]",1,expression_or_projection,benchmark_nonmatching_final,false,unverified_rewrite_after_nonmatching_execution,false,retrieval_complete_mining_abstained_semantic_failure,SEMANTIC_REVIEW_REQUIRED,filter_scope_or_expression_mismatch,
20260714T090249Z-4d55cdb8,bird_1265,thrombosis_prediction,moderate,1,1,1,db.execute,"SELECT COUNT(DISTINCT p.ID) AS patient_count FROM Patient AS p INNER JOIN Laboratory AS l ON l.ID = p.ID WHERE p.Admission = '+' AND l.RNP IN ('-', '+-')","[""laboratory"", ""patient""]",1,initial_sql,nonmatching,false,initial_execution_nonmatching,true,retrieval_complete_mining_abstained_semantic_failure,SEMANTIC_REVIEW_REQUIRED,filter_scope_or_expression_mismatch,
20260714T090249Z-4d55cdb8,bird_1265,thrombosis_prediction,moderate,2,2,2,FINAL,"SELECT COUNT(DISTINCT p.ID) FROM Patient AS p INNER JOIN Laboratory AS l ON l.ID = p.ID WHERE p.Admission = '+' AND l.RNP IN ('-', '+-')","[""laboratory"", ""patient""]",1,expression_or_projection,benchmark_nonmatching_final,false,unverified_rewrite_after_nonmatching_execution,false,retrieval_complete_mining_abstained_semantic_failure,SEMANTIC_REVIEW_REQUIRED,filter_scope_or_expression_mismatch,
20260714T090249Z-4d55cdb8,bird_1267,thrombosis_prediction,moderate,1,3,2,db.execute,"SELECT COUNT(DISTINCT L.ID) AS count_patients
FROM Laboratory AS L
JOIN Examination AS E ON L.ID = E.ID
WHERE L.SM IN ('negative', '0')
  AND E.Thrombosis = 0;","[""examination"", ""laboratory""]",1,initial_sql,nonmatching,false,initial_execution_nonmatching,true,retrieval_complete_mining_abstained_semantic_failure,SEMANTIC_REVIEW_REQUIRED,filter_scope_or_expression_mismatch,
20260714T090249Z-4d55cdb8,bird_1267,thrombosis_prediction,moderate,2,4,3,FINAL,"SELECT COUNT(DISTINCT L.ID) FROM Laboratory AS L INNER JOIN Examination AS E ON L.ID = E.ID WHERE L.SM IN ('negative', '0') AND E.Thrombosis = 0","[""examination"", ""laboratory""]",1,expression_or_projection,benchmark_nonmatching_final,false,unverified_rewrite_after_nonmatching_execution,false,retrieval_complete_mining_abstained_semantic_failure,SEMANTIC_REVIEW_REQUIRED,filter_scope_or_expression_mismatch,
20260714T090249Z-4d55cdb8,bird_1029,european_football_2,moderate,1,1,1,db.execute,"SELECT t.team_long_name, MAX(ta.buildUpPlaySpeed) AS buildUpPlaySpeed
FROM Team_Attributes ta
JOIN Team t ON ta.team_api_id = t.team_api_id
GROUP BY ta.team_api_id, t.team_long_name
ORDER BY buildUpPlaySpeed DESC
LIMIT 4;","[""team"", ""team_attributes""]",2,initial_sql,nonmatching,false,initial_execution_nonmatching,true,retrieval_complete_mining_abstained_semantic_failure,OUTPUT_CONTRACT,output_column_count_mismatch,
20260714T090249Z-4d55cdb8,bird_1029,european_football_2,moderate,2,2,2,FINAL,"SELECT t.team_long_name, MAX(ta.buildUpPlaySpeed) AS buildUpPlaySpeed FROM Team_Attributes ta JOIN Team t ON ta.team_api_id = t.team_api_id GROUP BY t.team_api_id, t.team_long_name ORDER BY buildUpPlaySpeed DESC LIMIT 4;","[""team"", ""team_attributes""]",2,expression_or_projection,benchmark_nonmatching_final,false,unverified_rewrite_after_nonmatching_execution,false,retrieval_complete_mining_abstained_semantic_failure,OUTPUT_CONTRACT,output_column_count_mismatch,
20260714T090249Z-4d55cdb8,bird_1031,european_football_2,challenging,1,5,2,FINAL,"SELECT (CAST(strftime('%Y', 'now') AS INTEGER) - CAST(strftime('%Y', T2.birthday) AS INTEGER) - (strftime('%m-%d', 'now') < strftime('%m-%d', T2.birthday))) AS age FROM Player_Attributes AS T1 INNER JOIN Player AS T2 ON T1.player_api_id = T2.player_api_id WHERE T1.sprint_speed >= 97 AND CAST(strftime('%Y', T1.date) AS INTEGER) BETWEEN 2013 AND 2015 GROUP BY T2.player_api_id, T2.birthday","[""player"", ""player_attributes""]",1,initial_sql,benchmark_nonmatching_final,false,final_without_execution,false,retrieval_complete_mining_abstained_semantic_failure,AGGREGATION_REASONING,aggregation_or_grouping_mismatch,
20260714T090249Z-4d55cdb8,bird_1058,european_football_2,challenging,1,1,1,db.execute,"SELECT height, COUNT(*) AS cnt
FROM Player
GROUP BY height
ORDER BY height DESC
LIMIT 5;","[""player""]",2,initial_sql,nonmatching,false,initial_execution_nonmatching,true,retrieval_complete_mining_abstained_semantic_failure,AGGREGATION_REASONING,aggregation_or_grouping_mismatch,
20260714T090249Z-4d55cdb8,bird_1058,european_football_2,challenging,2,2,2,db.execute,"SELECT P.player_name
FROM Player AS P
INNER JOIN Player_Attributes AS A
  ON P.player_api_id = A.player_api_id
WHERE P.height IN ((SELECT MAX(height) FROM Player), (SELECT MIN(height) FROM Player))
GROUP BY P.player_api_id, P.player_name
ORDER BY AVG(A.finishing) DESC, P.player_name ASC
LIMIT 1;","[""player"", ""player_attributes""]",1,"tables_or_join,projection_count,where",nonmatching,false,remained_nonmatching,false,retrieval_complete_mining_abstained_semantic_failure,AGGREGATION_REASONING,aggregation_or_grouping_mismatch,
20260714T090249Z-4d55cdb8,bird_1058,european_football_2,challenging,3,3,2,FINAL,"SELECT P.player_name FROM Player AS P INNER JOIN Player_Attributes AS A ON P.player_api_id = A.player_api_id WHERE P.height IN ((SELECT MAX(height) FROM Player), (SELECT MIN(height) FROM Player)) GROUP BY P.player_api_id, P.player_name ORDER BY AVG(A.finishing) DESC, P.player_name ASC LIMIT 1","[""player"", ""player_attributes""]",1,unchanged,benchmark_nonmatching_final,false,final_same_as_last_execution,false,retrieval_complete_mining_abstained_semantic_failure,AGGREGATION_REASONING,aggregation_or_grouping_mismatch,
20260714T090249Z-4d55cdb8,bird_1092,european_football_2,simple,1,1,1,db.execute,"SELECT League.name FROM League JOIN Match ON League.id = Match.league_id WHERE Match.season = '2008/2009' GROUP BY League.id, League.name ORDER BY COUNT(*) DESC LIMIT 1;","[""league"", ""match""]",1,initial_sql,nonmatching,false,initial_execution_nonmatching,true,detailed_schema_column_miss_or_compact_index_only,AGGREGATION_REASONING,aggregation_or_grouping_mismatch,
20260714T090249Z-4d55cdb8,bird_1092,european_football_2,simple,2,2,2,FINAL,"SELECT League.name FROM League JOIN `Match` ON League.id = `Match`.league_id WHERE `Match`.season = '2008/2009' GROUP BY League.id, League.name ORDER BY COUNT(*) DESC LIMIT 1","[""league"", ""match""]",1,expression_or_projection,benchmark_nonmatching_final,false,unverified_rewrite_after_nonmatching_execution,false,detailed_schema_column_miss_or_compact_index_only,AGGREGATION_REASONING,aggregation_or_grouping_mismatch,
20260714T090249Z-4d55cdb8,bird_1094,european_football_2,challenging,1,3,2,db.execute,"SELECT p.player_name, p.player_api_id, pa.id, pa.date, pa.overall_rating
FROM Player p
JOIN Player_Attributes pa ON p.player_api_id = pa.player_api_id
WHERE p.player_name IN ('Ariel Borysiuk', 'Paulin Puel')
ORDER BY p.player_name, pa.date DESC, pa.id DESC;","[""player"", ""player_attributes""]",5,initial_sql,nonmatching,false,initial_execution_nonmatching,true,retrieval_complete_mining_abstained_semantic_failure,AGGREGATION_REASONING,aggregation_or_grouping_mismatch,
20260714T090249Z-4d55cdb8,bird_1094,european_football_2,challenging,2,4,3,FINAL,"SELECT (((SELECT pa.overall_rating FROM Player AS p JOIN Player_Attributes AS pa ON p.player_api_id = pa.player_api_id WHERE p.player_name = 'Ariel Borysiuk' ORDER BY pa.date DESC, pa.id DESC LIMIT 1) - (SELECT pa.overall_rating FROM Player AS p JOIN Player_Attributes AS pa ON p.player_api_id = pa.player_api_id WHERE p.player_name = 'Paulin Puel' ORDER BY pa.date DESC, pa.id DESC LIMIT 1)) * 100.0 / (SELECT pa.overall_rating FROM Player AS p JOIN Player_Attributes AS pa ON p.player_api_id = pa.player_api_id WHERE p.player_name = 'Paulin Puel' ORDER BY pa.date DESC, pa.id DESC LIMIT 1)) AS percentage_higher;","[""player"", ""player_attributes""]",,"projection_count,limit",benchmark_nonmatching_final,false,unverified_rewrite_after_nonmatching_execution,false,retrieval_complete_mining_abstained_semantic_failure,AGGREGATION_REASONING,aggregation_or_grouping_mismatch,
20260714T090249Z-4d55cdb8,bird_1107,european_football_2,moderate,1,1,1,db.execute,"SELECT pa.date
FROM Player_Attributes AS pa
JOIN Player AS p
  ON pa.player_api_id = p.player_api_id
WHERE p.player_name = 'Kevin Constant'
  AND pa.crossing = (
    SELECT MAX(pa2.crossing)
    FROM Player_Attributes AS pa2
    JOIN Player AS p2
      ON pa2.player_api_id = p2.player_api_id
    WHERE p2.player_name = 'Kevin Constant'
  )
ORDER BY pa.date ASC
LIMIT 1;","[""player"", ""player_attributes""]",1,initial_sql,nonmatching,false,initial_execution_nonmatching,true,detailed_schema_column_miss_or_compact_index_only,AGGREGATION_REASONING,aggregation_or_grouping_mismatch,
20260714T090249Z-4d55cdb8,bird_1107,european_football_2,moderate,2,2,1,FINAL,SELECT pa.date FROM Player_Attributes AS pa JOIN Player AS p ON pa.player_api_id = p.player_api_id WHERE p.player_name = 'Kevin Constant' AND pa.crossing = (SELECT MAX(pa2.crossing) FROM Player_Attributes AS pa2 JOIN Player AS p2 ON pa2.player_api_id = p2.player_api_id WHERE p2.player_name = 'Kevin Constant') ORDER BY pa.date ASC LIMIT 1;,"[""player"", ""player_attributes""]",1,expression_or_projection,benchmark_nonmatching_final,false,unverified_rewrite_after_nonmatching_execution,false,detailed_schema_column_miss_or_compact_index_only,AGGREGATION_REASONING,aggregation_or_grouping_mismatch,
20260714T090249Z-4d55cdb8,bird_1135,european_football_2,moderate,1,7,2,FINAL,SELECT DISTINCT player_api_id FROM Player_Attributes WHERE preferred_foot = 'right' AND potential = (SELECT MIN(potential) FROM Player_Attributes) ORDER BY player_api_id LIMIT 4;,"[""player_attributes""]",1,initial_sql,benchmark_nonmatching_final,false,final_without_execution,false,retrieval_complete_mining_abstained_semantic_failure,AGGREGATION_REASONING,aggregation_or_grouping_mismatch,
20260714T090249Z-4d55cdb8,bird_1144,european_football_2,simple,1,1,1,db.execute,"SELECT MAX(weight) AS max_weight
FROM Player","[""player""]",1,initial_sql,nonmatching,false,initial_execution_nonmatching,true,retrieval_complete_mining_abstained_semantic_failure,OUTPUT_CONTRACT,output_column_count_mismatch,
20260714T090249Z-4d55cdb8,bird_1144,european_football_2,simple,2,2,2,db.execute,"SELECT p.player_api_id, p.player_name, p.weight, pa.finishing, pa.curve, pa.date
FROM Player AS p
JOIN Player_Attributes AS pa
  ON p.player_api_id = pa.player_api_id
WHERE p.weight = (SELECT MAX(weight) FROM Player)
ORDER BY pa.date DESC
LIMIT 10","[""player"", ""player_attributes""]",6,"tables_or_join,projection_count,where,order_by,limit",nonmatching,false,remained_nonmatching,false,retrieval_complete_mining_abstained_semantic_failure,OUTPUT_CONTRACT,output_column_count_mismatch,
20260714T090249Z-4d55cdb8,bird_1144,european_football_2,simple,3,3,3,FINAL,"SELECT pa.finishing, pa.curve FROM Player AS p INNER JOIN Player_Attributes AS pa ON p.player_api_id = pa.player_api_id WHERE p.weight = (SELECT MAX(weight) FROM Player) ORDER BY pa.date DESC LIMIT 1","[""player"", ""player_attributes""]",2,projection_count,benchmark_nonmatching_final,false,unverified_rewrite_after_nonmatching_execution,false,retrieval_complete_mining_abstained_semantic_failure,OUTPUT_CONTRACT,output_column_count_mismatch,
20260714T090249Z-4d55cdb8,bird_847,formula_1,simple,1,2,2,db.execute,"SELECT d.surname
FROM qualifying AS q
JOIN drivers AS d
  ON q.driverId = d.driverId
WHERE q.raceId = 19
  AND q.q2 IS NOT NULL
ORDER BY
  CAST(substr(q.q2, 1, instr(q.q2, ':') - 1) AS INTEGER) * 60000 +
  CAST(substr(q.q2, instr(q.q2, ':') + 1, instr(q.q2, '.') - instr(q.q2, ':') - 1) AS INTEGER) * 1000 +
  CAST(substr(q.q2, instr(q.q2, '.') + 1) AS INTEGER) ASC
LIMIT 1;","[""drivers"", ""qualifying""]",1,initial_sql,nonmatching,false,initial_execution_nonmatching,true,retrieval_complete_mining_abstained_semantic_failure,AGGREGATION_REASONING,aggregation_or_grouping_mismatch,
20260714T090249Z-4d55cdb8,bird_847,formula_1,simple,2,3,3,FINAL,SELECT d.surname FROM qualifying AS q INNER JOIN drivers AS d ON q.driverId = d.driverId WHERE q.raceId = 19 AND q.q2 = (SELECT MIN(q2) FROM qualifying WHERE raceId = 19 AND q2 IS NOT NULL) LIMIT 1,"[""drivers"", ""qualifying""]",1,"order_by,aggregate",benchmark_nonmatching_final,false,unverified_rewrite_after_nonmatching_execution,false,retrieval_complete_mining_abstained_semantic_failure,AGGREGATION_REASONING,aggregation_or_grouping_mismatch,
20260714T090249Z-4d55cdb8,bird_865,formula_1,moderate,1,1,1,db.execute,"SELECT d.forename, d.surname, d.dob FROM results r JOIN drivers d ON r.driverId = d.driverId WHERE r.raceId = 592 AND r.time IS NOT NULL ORDER BY d.dob ASC LIMIT 5;","[""drivers"", ""results""]",3,initial_sql,nonmatching,false,initial_execution_nonmatching,true,retrieval_complete_mining_abstained_semantic_failure,OUTPUT_CONTRACT,output_column_count_mismatch,
20260714T090249Z-4d55cdb8,bird_865,formula_1,moderate,2,2,2,FINAL,SELECT d.forename || ' ' || d.surname AS name FROM results r JOIN drivers d ON r.driverId = d.driverId WHERE r.raceId = 592 AND r.time IS NOT NULL ORDER BY d.dob ASC LIMIT 1;,"[""drivers"", ""results""]",1,projection_count,benchmark_nonmatching_final,false,unverified_rewrite_after_nonmatching_execution,false,retrieval_complete_mining_abstained_semantic_failure,OUTPUT_CONTRACT,output_column_count_mismatch,
20260714T090249Z-4d55cdb8,bird_879,formula_1,moderate,1,1,2,FINAL,SELECT d.nationality FROM results AS r JOIN drivers AS d ON d.driverId = r.driverId WHERE CAST(r.fastestLapSpeed AS REAL) = (SELECT MAX(CAST(fastestLapSpeed AS REAL)) FROM results WHERE fastestLapSpeed IS NOT NULL) LIMIT 1,"[""drivers"", ""results""]",1,initial_sql,benchmark_nonmatching_final,false,final_without_execution,false,retrieval_complete_mining_abstained_semantic_failure,AGGREGATION_REASONING,aggregation_or_grouping_mismatch,
20260714T090249Z-4d55cdb8,bird_896,formula_1,challenging,1,1,1,db.execute,SELECT CAST(SUM(CASE WHEN r.position > 1 THEN 1 ELSE 0 END) AS REAL) * 100.0 / COUNT(r.raceId) AS percentage FROM results r JOIN drivers d ON r.driverId = d.driverId JOIN races ra ON r.raceId = ra.raceId WHERE d.surname = 'Hamilton' AND ra.year >= 2010,"[""drivers"", ""races"", ""results""]",1,initial_sql,nonmatching,false,initial_execution_nonmatching,true,retrieval_complete_mining_abstained_semantic_failure,AGGREGATION_REASONING,aggregation_or_grouping_mismatch,
20260714T090249Z-4d55cdb8,bird_896,formula_1,challenging,2,2,2,FINAL,SELECT CAST(SUM(CASE WHEN r.position > 1 THEN 1 ELSE 0 END) AS REAL) * 100.0 / COUNT(*) AS percentage FROM results r JOIN drivers d ON r.driverId = d.driverId JOIN races ra ON r.raceId = ra.raceId WHERE d.surname = 'Hamilton' AND ra.year >= 2010,"[""drivers"", ""races"", ""results""]",1,expression_or_projection,benchmark_nonmatching_final,false,unverified_rewrite_after_nonmatching_execution,false,retrieval_complete_mining_abstained_semantic_failure,AGGREGATION_REASONING,aggregation_or_grouping_mismatch,
20260714T090249Z-4d55cdb8,bird_897,formula_1,moderate,1,1,1,db.execute,"SELECT d.forename, d.surname, d.nationality, MAX(ds.points) AS max_points, MAX(ds.wins) AS max_wins
FROM driverStandings AS ds
JOIN drivers AS d ON ds.driverId = d.driverId
GROUP BY ds.driverId
ORDER BY MAX(ds.wins) DESC, MAX(ds.points) DESC
LIMIT 5","[""drivers"", ""driverstandings""]",5,initial_sql,nonmatching,false,initial_execution_nonmatching,true,retrieval_complete_mining_abstained_semantic_failure,OUTPUT_CONTRACT,output_column_count_mismatch,
20260714T090249Z-4d55cdb8,bird_897,formula_1,moderate,2,2,3,db.execute,"SELECT d.forename, d.surname, d.nationality,
       COUNT(ds.wins) AS win_count,
       MAX(ds.points) AS max_points
FROM driverStandings AS ds
JOIN drivers AS d ON ds.driverId = d.driverId
GROUP BY d.driverId
ORDER BY win_count DESC, max_points DESC
LIMIT 10;","[""drivers"", ""driverstandings""]",5,expression_or_projection,nonmatching,false,remained_nonmatching,false,retrieval_complete_mining_abstained_semantic_failure,OUTPUT_CONTRACT,output_column_count_mismatch,
20260714T090249Z-4d55cdb8,bird_897,formula_1,moderate,3,3,4,FINAL,"SELECT d.forename || ' ' || d.surname AS full_name, d.nationality, MAX(ds.points) AS max_point_scores FROM driverStandings AS ds INNER JOIN drivers AS d ON ds.driverId = d.driverId GROUP BY d.driverId, d.forename, d.surname, d.nationality ORDER BY MAX(ds.wins) DESC, MAX(ds.points) DESC LIMIT 1","[""drivers"", ""driverstandings""]",3,projection_count,benchmark_nonmatching_final,false,unverified_rewrite_after_nonmatching_execution,false,retrieval_complete_mining_abstained_semantic_failure,OUTPUT_CONTRACT,output_column_count_mismatch,
20260714T090249Z-4d55cdb8,bird_902,formula_1,simple,1,1,1,db.execute,"SELECT driverId, forename, surname FROM drivers WHERE forename = 'Alex' AND surname = 'Yoong'","[""drivers""]",3,initial_sql,nonmatching,false,initial_execution_nonmatching,true,retrieval_complete_mining_abstained_semantic_failure,SCHEMA_LINKING,table_or_join_path_mismatch,
20260714T090249Z-4d55cdb8,bird_902,formula_1,simple,2,2,2,db.execute,"SELECT driverId, forename, surname FROM drivers WHERE forename = 'Alex' AND surname = 'Yoong'","[""drivers""]",3,unchanged,nonmatching,false,remained_nonmatching,false,retrieval_complete_mining_abstained_semantic_failure,SCHEMA_LINKING,table_or_join_path_mismatch,
20260714T090249Z-4d55cdb8,bird_902,formula_1,simple,3,3,3,FINAL,"SELECT DISTINCT r.name FROM drivers AS d INNER JOIN results AS res ON d.driverId = res.driverId INNER JOIN races AS r ON res.raceId = r.raceId WHERE d.forename = 'Alex' AND d.surname = 'Yoong' AND res.position < 20 ORDER BY r.year, r.round","[""drivers"", ""races"", ""results""]",1,"tables_or_join,projection_count,order_by,distinct",benchmark_nonmatching_final,false,unverified_rewrite_after_nonmatching_execution,false,retrieval_complete_mining_abstained_semantic_failure,SCHEMA_LINKING,table_or_join_path_mismatch,
20260714T090249Z-4d55cdb8,bird_906,formula_1,moderate,1,1,1,db.execute,"SELECT r.year, r.name, res.points, r.round, r.date FROM results res JOIN races r ON res.raceId = r.raceId JOIN drivers d ON res.driverId = d.driverId WHERE d.forename = 'Lewis' AND d.surname = 'Hamilton' ORDER BY r.year, r.round LIMIT 10;","[""drivers"", ""races"", ""results""]",5,initial_sql,nonmatching,false,initial_execution_nonmatching,true,retrieval_complete_mining_abstained_semantic_failure,AGGREGATION_REASONING,aggregation_or_grouping_mismatch,
20260714T090249Z-4d55cdb8,bird_906,formula_1,moderate,2,2,2,FINAL,"SELECT r.name, res.points FROM results AS res JOIN races AS r ON res.raceId = r.raceId JOIN drivers AS d ON res.driverId = d.driverId WHERE d.forename = 'Lewis' AND d.surname = 'Hamilton' AND r.year = (SELECT MIN(r2.year) FROM results AS res2 JOIN races AS r2 ON res2.raceId = r2.raceId JOIN drivers AS d2 ON res2.driverId = d2.driverId WHERE d2.forename = 'Lewis' AND d2.surname = 'Hamilton') ORDER BY r.round LIMIT 1","[""drivers"", ""races"", ""results""]",2,"projection_count,aggregate",benchmark_nonmatching_final,false,unverified_rewrite_after_nonmatching_execution,false,retrieval_complete_mining_abstained_semantic_failure,AGGREGATION_REASONING,aggregation_or_grouping_mismatch,
20260714T090249Z-4d55cdb8,bird_928,formula_1,moderate,1,1,1,db.execute,SELECT d.driverRef FROM races r JOIN results res ON r.raceId = res.raceId JOIN drivers d ON res.driverId = d.driverId WHERE r.name = 'Canadian Grand Prix' AND r.year = 2007 AND res.position = 1,"[""drivers"", ""races"", ""results""]",1,initial_sql,nonmatching,false,initial_execution_nonmatching,true,retrieval_complete_mining_abstained_semantic_failure,OUTPUT_CONTRACT,output_column_count_mismatch,
20260714T090249Z-4d55cdb8,bird_928,formula_1,moderate,2,2,2,FINAL,SELECT DISTINCT d.driverRef FROM races r JOIN results res ON r.raceId = res.raceId JOIN drivers d ON res.driverId = d.driverId WHERE r.name = 'Canadian Grand Prix' AND r.year = 2007 AND res.position = 1 LIMIT 1,"[""drivers"", ""races"", ""results""]",1,"limit,distinct",benchmark_nonmatching_final,false,unverified_rewrite_after_nonmatching_execution,false,retrieval_complete_mining_abstained_semantic_failure,OUTPUT_CONTRACT,output_column_count_mismatch,
20260714T090249Z-4d55cdb8,bird_930,formula_1,simple,1,1,1,db.execute,"SELECT r.name
FROM results AS res
INNER JOIN drivers AS d ON res.driverId = d.driverId
INNER JOIN races AS r ON res.raceId = r.raceId
WHERE d.forename = 'Lewis'
  AND d.surname = 'Hamilton'
  AND res.rank = (
    SELECT MIN(res2.rank)
    FROM results AS res2
    INNER JOIN drivers AS d2 ON res2.driverId = d2.driverId
    WHERE d2.forename = 'Lewis'
      AND d2.surname = 'Hamilton'
  );","[""drivers"", ""races"", ""results""]",1,initial_sql,nonmatching,false,initial_execution_nonmatching,true,retrieval_complete_mining_abstained_semantic_failure,AGGREGATION_REASONING,aggregation_or_grouping_mismatch,
20260714T090249Z-4d55cdb8,bird_930,formula_1,simple,2,2,2,db.execute,"SELECT MIN(res.rank) AS min_rank,
       COUNT(*) AS rows_count
FROM results AS res
INNER JOIN drivers AS d ON res.driverId = d.driverId
WHERE d.forename = 'Lewis'
  AND d.surname = 'Hamilton'
  AND res.rank IS NOT NULL;","[""drivers"", ""results""]",2,"tables_or_join,projection_count",nonmatching,false,remained_nonmatching,false,retrieval_complete_mining_abstained_semantic_failure,AGGREGATION_REASONING,aggregation_or_grouping_mismatch,
20260714T090249Z-4d55cdb8,bird_930,formula_1,simple,3,3,3,FINAL,SELECT DISTINCT r.name FROM results AS res INNER JOIN drivers AS d ON res.driverId = d.driverId INNER JOIN races AS r ON res.raceId = r.raceId WHERE d.forename = 'Lewis' AND d.surname = 'Hamilton' AND res.rank = (SELECT MIN(res2.rank) FROM results AS res2 INNER JOIN drivers AS d2 ON res2.driverId = d2.driverId WHERE d2.forename = 'Lewis' AND d2.surname = 'Hamilton' AND res2.rank IS NOT NULL),"[""drivers"", ""races"", ""results""]",1,"tables_or_join,projection_count,distinct",benchmark_nonmatching_final,false,unverified_rewrite_after_nonmatching_execution,false,retrieval_complete_mining_abstained_semantic_failure,AGGREGATION_REASONING,aggregation_or_grouping_mismatch,
20260714T090249Z-4d55cdb8,bird_937,formula_1,simple,1,1,1,db.execute,"SELECT raceId, name FROM races WHERE year = 2008 AND name IN ('Australian Grand Prix', 'Chinese Grand Prix')","[""races""]",2,initial_sql,nonmatching,false,initial_execution_nonmatching,true,detailed_schema_column_miss_or_compact_index_only,SEMANTIC_REVIEW_REQUIRED,filter_scope_or_expression_mismatch,
20260714T090249Z-4d55cdb8,bird_937,formula_1,simple,2,2,2,db.execute,"SELECT raceId, year, name FROM races WHERE year = 2008 AND name LIKE '%Grand Prix%' ORDER BY name","[""races""]",3,"projection_count,order_by",nonmatching,false,remained_nonmatching,false,detailed_schema_column_miss_or_compact_index_only,SEMANTIC_REVIEW_REQUIRED,filter_scope_or_expression_mismatch,
20260714T090249Z-4d55cdb8,bird_937,formula_1,simple,3,3,3,FINAL,SELECT results.time FROM results JOIN races ON results.raceId = races.raceId WHERE races.year = 2008 AND races.name = 'Chinese Grand Prix' AND results.position = 2,"[""races"", ""results""]",1,"tables_or_join,projection_count,order_by",benchmark_nonmatching_final,false,unverified_rewrite_after_nonmatching_execution,false,detailed_schema_column_miss_or_compact_index_only,SEMANTIC_REVIEW_REQUIRED,filter_scope_or_expression_mismatch,
20260714T090249Z-4d55cdb8,bird_944,formula_1,challenging,1,1,1,db.execute,"SELECT r.name, res.positionOrder, res.time, res.milliseconds, d.forename, d.surname
FROM results res
JOIN races r ON res.raceId = r.raceId
JOIN drivers d ON res.driverId = d.driverId
WHERE r.year = 2008 AND r.name = 'Australian Grand Prix' AND res.time IS NOT NULL
ORDER BY res.positionOrder ASC, res.resultId ASC","[""drivers"", ""races"", ""results""]",6,initial_sql,empty_nonmatching,false,initial_execution_nonmatching,true,retrieval_complete_mining_abstained_semantic_failure,AGGREGATION_REASONING,aggregation_or_grouping_mismatch,
20260714T090249Z-4d55cdb8,bird_944,formula_1,challenging,2,2,2,db.execute,"SELECT raceId, year, name, date
FROM races
WHERE year = 2008 AND name LIKE '%Australian%'","[""races""]",4,"tables_or_join,projection_count,order_by",empty_nonmatching,false,remained_nonmatching,false,retrieval_complete_mining_abstained_semantic_failure,AGGREGATION_REASONING,aggregation_or_grouping_mismatch,
20260714T090249Z-4d55cdb8,bird_944,formula_1,challenging,3,3,3,db.execute,"SELECT raceId, year, name, date
FROM races
WHERE year = 2008
ORDER BY raceId","[""races""]",4,order_by,nonmatching,false,remained_nonmatching,false,retrieval_complete_mining_abstained_semantic_failure,AGGREGATION_REASONING,aggregation_or_grouping_mismatch,
20260714T090249Z-4d55cdb8,bird_944,formula_1,challenging,4,4,4,db.execute,"SELECT raceId, year, name, date
FROM races
WHERE year = 2008
ORDER BY raceId","[""races""]",4,unchanged,nonmatching,false,remained_nonmatching,false,retrieval_complete_mining_abstained_semantic_failure,AGGREGATION_REASONING,aggregation_or_grouping_mismatch,
20260714T090249Z-4d55cdb8,bird_944,formula_1,challenging,5,5,5,db.execute,"SELECT raceId, year, name, date
FROM races
WHERE year = 2008
ORDER BY raceId","[""races""]",4,unchanged,nonmatching,false,remained_nonmatching,false,retrieval_complete_mining_abstained_semantic_failure,AGGREGATION_REASONING,aggregation_or_grouping_mismatch,
20260714T090249Z-4d55cdb8,bird_944,formula_1,challenging,6,6,6,FINAL,SELECT 100.0 * (l.last_ms - c.champion_ms) / l.last_ms FROM (SELECT milliseconds AS champion_ms FROM results WHERE raceId = (SELECT raceId FROM races WHERE year = 2008 AND name LIKE '%Australian Grand Prix%' LIMIT 1) AND time IS NOT NULL AND milliseconds IS NOT NULL ORDER BY positionOrder ASC LIMIT 1) c CROSS JOIN (SELECT milliseconds AS last_ms FROM results WHERE raceId = (SELECT raceId FROM races WHERE year = 2008 AND name LIKE '%Australian Grand Prix%' LIMIT 1) AND time IS NOT NULL AND milliseconds IS NOT NULL ORDER BY positionOrder DESC LIMIT 1) l,"[""races"", ""results""]",1,"tables_or_join,projection_count,limit",benchmark_nonmatching_final,false,unverified_rewrite_after_nonmatching_execution,false,retrieval_complete_mining_abstained_semantic_failure,AGGREGATION_REASONING,aggregation_or_grouping_mismatch,
20260714T090249Z-4d55cdb8,bird_951,formula_1,simple,1,1,1,db.execute,"SELECT c.constructorId, c.name, COUNT(cr.raceId) AS races, SUM(cr.points) AS total_points, MIN(cr.points) AS min_points, MAX(cr.points) AS max_points FROM constructors c JOIN constructorResults cr ON c.constructorId = cr.constructorId WHERE c.nationality = 'Japanese' GROUP BY c.constructorId HAVING COUNT(cr.raceId) = 2 ORDER BY c.constructorId","[""constructorresults"", ""constructors""]",6,initial_sql,nonmatching,false,initial_execution_nonmatching,true,retrieval_complete_mining_abstained_semantic_failure,AGGREGATION_REASONING,aggregation_or_grouping_mismatch,
20260714T090249Z-4d55cdb8,bird_951,formula_1,simple,2,2,2,FINAL,SELECT COUNT(*) FROM (SELECT c.constructorId FROM constructors AS c INNER JOIN constructorResults AS cr ON c.constructorId = cr.constructorId WHERE c.nationality = 'Japanese' GROUP BY c.constructorId HAVING COUNT(cr.raceId) = 2 AND SUM(cr.points) = 0) AS X,"[""constructorresults"", ""constructors""]",1,"projection_count,order_by",benchmark_nonmatching_final,false,unverified_rewrite_after_nonmatching_execution,false,retrieval_complete_mining_abstained_semantic_failure,AGGREGATION_REASONING,aggregation_or_grouping_mismatch,
20260714T090249Z-4d55cdb8,bird_955,formula_1,challenging,1,3,2,db.execute,"WITH champion_times AS (
  SELECT
    r.year AS year,
    CAST(substr(res.time, 1, instr(res.time, ':') - 1) AS REAL) * 3600
    + CAST(substr(substr(res.time, instr(res.time, ':') + 1), 1, instr(substr(res.time, instr(res.time, ':') + 1), ':') - 1) AS REAL) * 60
    + CAST(substr(substr(res.time, instr(res.time, ':') + 1), instr(substr(res.time, instr(res.time, ':') + 1), ':') + 1) AS REAL) AS total_seconds
  FROM results AS res
  JOIN races AS r
    ON res.raceId = r.raceId
  WHERE r.year < 1975
    AND res.positionOrder = 1
    AND res.time IS NOT NULL
    AND res.time NOT LIKE '+%'
)
SELECT
  year,
  AVG(total_seconds) AS average_time_seconds
FROM champion_times
GROUP BY year
ORDER BY year;","[""champion_times"", ""races"", ""results""]",2,initial_sql,nonmatching,false,initial_execution_nonmatching,true,retrieval_complete_mining_abstained_semantic_failure,AGGREGATION_REASONING,aggregation_or_grouping_mismatch,
20260714T090249Z-4d55cdb8,bird_955,formula_1,challenging,2,4,3,db.execute,"WITH winner_times AS (
  SELECT
    r.year AS year,
    CAST(substr(res.time, 1, instr(res.time, ':') - 1) AS REAL) * 3600
      + CAST(substr(substr(res.time, instr(res.time, ':') + 1), 1, instr(substr(res.time, instr(res.time, ':') + 1), ':') - 1) AS REAL) * 60
      + CAST(substr(substr(res.time, instr(res.time, ':') + 1), instr(substr(res.time, instr(res.time, ':') + 1), ':') + 1) AS REAL) AS total_seconds
  FROM results AS res
  JOIN races AS r
    ON res.raceId = r.raceId
  WHERE r.year < 1975
    AND res.positionOrder = 1
    AND res.time IS NOT NULL
    AND res.time NOT LIKE '+%'
)
SELECT
  year,
  AVG(total_seconds) AS average_time_seconds
FROM winner_times
GROUP BY year
ORDER BY year;","[""races"", ""results"", ""winner_times""]",2,tables_or_join,nonmatching,false,remained_nonmatching,false,retrieval_complete_mining_abstained_semantic_failure,AGGREGATION_REASONING,aggregation_or_grouping_mismatch,
20260714T090249Z-4d55cdb8,bird_955,formula_1,challenging,3,5,4,FINAL,"WITH champion_times AS (SELECT r.year AS year, res.time AS time_str FROM results AS res JOIN races AS r ON res.raceId = r.raceId WHERE r.year < 1975 AND res.positionOrder = 1 AND res.time IS NOT NULL AND res.time NOT LIKE '+%' AND res.time LIKE '%:%:%'), seconds AS (SELECT year, CAST(substr(time_str, 1, instr(time_str, ':') - 1) AS REAL) * 3600 + CAST(substr(substr(time_str, instr(time_str, ':') + 1), 1, instr(substr(time_str, instr(time_str, ':') + 1), ':') - 1) AS REAL) * 60 + CAST(substr(substr(time_str, instr(time_str, ':') + 1), instr(substr(time_str, instr(time_str, ':') + 1), ':') + 1) AS REAL) AS total_seconds FROM champion_times) SELECT year, AVG(total_seconds) AS average_time_seconds FROM seconds GROUP BY year ORDER BY year","[""champion_times"", ""races"", ""results"", ""seconds""]",2,tables_or_join,benchmark_nonmatching_final,false,unverified_rewrite_after_nonmatching_execution,false,retrieval_complete_mining_abstained_semantic_failure,AGGREGATION_REASONING,aggregation_or_grouping_mismatch,
20260714T090249Z-4d55cdb8,bird_959,formula_1,simple,1,1,1,db.execute,PRAGMA table_info(driverStandings),[],,initial_sql,nonmatching,false,initial_execution_nonmatching,true,retrieval_complete_mining_abstained_semantic_failure,AGGREGATION_REASONING,aggregation_or_grouping_mismatch,
20260714T090249Z-4d55cdb8,bird_959,formula_1,simple,2,2,1,db.execute,PRAGMA table_info(driverStandings),[],,unchanged,nonmatching,false,remained_nonmatching,false,retrieval_complete_mining_abstained_semantic_failure,AGGREGATION_REASONING,aggregation_or_grouping_mismatch,
20260714T090249Z-4d55cdb8,bird_959,formula_1,simple,3,3,2,db.execute,"SELECT ds.driverId, d.forename, d.surname, ds.points, ds.position, r.raceId, r.round, r.name FROM driverStandings ds JOIN races r ON ds.raceId = r.raceId JOIN drivers d ON ds.driverId = d.driverId WHERE r.year = 2009 AND r.round = (SELECT MAX(round) FROM races WHERE year = 2009) ORDER BY ds.position LIMIT 5","[""drivers"", ""driverstandings"", ""races""]",8,"tables_or_join,projection_count,where,order_by,limit,aggregate",nonmatching,false,remained_nonmatching,false,retrieval_complete_mining_abstained_semantic_failure,AGGREGATION_REASONING,aggregation_or_grouping_mismatch,
20260714T090249Z-4d55cdb8,bird_959,formula_1,simple,4,4,3,db.execute,"SELECT r.fastestLap FROM results r JOIN races ra ON r.raceId = ra.raceId WHERE ra.year = 2009 AND r.driverId = (SELECT ds.driverId FROM driverStandings ds JOIN races rr ON ds.raceId = rr.raceId WHERE rr.year = 2009 AND rr.round = (SELECT MAX(round) FROM races WHERE year = 2009) AND ds.position = 1 LIMIT 1) AND r.fastestLap IS NOT NULL AND r.fastestLapTime IS NOT NULL ORDER BY CAST(substr(r.fastestLapTime, 1, instr(r.fastestLapTime, ':') - 1) AS INTEGER) * 3600 + CAST(substr(r.fastestLapTime, instr(r.fastestLapTime, ':') + 1, instr(substr(r.fastestLapTime, instr(r.fastestLapTime, ':') + 1), ':') - 1) AS INTEGER) * 60 + CAST(substr(substr(r.fastestLapTime, instr(r.fastestLapTime, ':') + 1), instr(substr(r.fastestLapTime, instr(r.fastestLapTime, ':') + 1), ':') + 1) AS REAL) ASC LIMIT 1","[""driverstandings"", ""races"", ""results""]",1,"tables_or_join,projection_count",nonmatching,false,remained_nonmatching,false,retrieval_complete_mining_abstained_semantic_failure,AGGREGATION_REASONING,aggregation_or_grouping_mismatch,
20260714T090249Z-4d55cdb8,bird_959,formula_1,simple,5,5,4,FINAL,"SELECT r.fastestLap FROM results r JOIN races ra ON r.raceId = ra.raceId WHERE ra.year = 2009 AND r.driverId = (SELECT ds.driverId FROM driverStandings ds JOIN races rr ON ds.raceId = rr.raceId WHERE rr.year = 2009 AND rr.round = (SELECT MAX(round) FROM races WHERE year = 2009) AND ds.position = 1 LIMIT 1) AND r.fastestLap IS NOT NULL AND r.fastestLapTime IS NOT NULL ORDER BY CAST(substr(r.fastestLapTime, 1, instr(r.fastestLapTime, ':') - 1) AS INTEGER) * 60 + CAST(substr(r.fastestLapTime, instr(r.fastestLapTime, ':') + 1) AS REAL) ASC, r.fastestLap ASC LIMIT 1","[""driverstandings"", ""races"", ""results""]",1,expression_or_projection,benchmark_nonmatching_final,false,unverified_rewrite_after_nonmatching_execution,false,retrieval_complete_mining_abstained_semantic_failure,AGGREGATION_REASONING,aggregation_or_grouping_mismatch,
20260714T090249Z-4d55cdb8,bird_963,formula_1,moderate,1,4,2,db.execute,"SELECT COUNT(DISTINCT T1.driverId) AS count
FROM drivers AS T1
INNER JOIN lapTimes AS T2 ON T1.driverId = T2.driverId
WHERE T1.nationality = 'French'
  AND T2.milliseconds < 120000","[""drivers"", ""laptimes""]",1,initial_sql,nonmatching,false,initial_execution_nonmatching,true,retrieval_complete_mining_abstained_semantic_failure,SEMANTIC_REVIEW_REQUIRED,filter_scope_or_expression_mismatch,
20260714T090249Z-4d55cdb8,bird_963,formula_1,moderate,2,5,4,FINAL,SELECT COUNT(DISTINCT T1.driverId) FROM drivers AS T1 INNER JOIN lapTimes AS T2 ON T1.driverId = T2.driverId WHERE T1.nationality = 'French' AND T2.milliseconds < 120000,"[""drivers"", ""laptimes""]",1,expression_or_projection,benchmark_nonmatching_final,false,unverified_rewrite_after_nonmatching_execution,false,retrieval_complete_mining_abstained_semantic_failure,SEMANTIC_REVIEW_REQUIRED,filter_scope_or_expression_mismatch,
20260714T090249Z-4d55cdb8,bird_967,formula_1,simple,1,3,2,db.execute,"SELECT driverId, code, number, forename, surname, dob, nationality FROM drivers ORDER BY CAST(STRFTIME('%Y', dob) AS INTEGER) DESC, dob DESC LIMIT 10","[""drivers""]",7,initial_sql,nonmatching,false,initial_execution_nonmatching,true,retrieval_complete_mining_abstained_semantic_failure,OUTPUT_CONTRACT,output_column_count_mismatch,
20260714T090249Z-4d55cdb8,bird_967,formula_1,simple,2,4,3,FINAL,"WITH top3 AS (SELECT code, nationality FROM drivers ORDER BY CAST(STRFTIME('%Y', dob) AS INTEGER) DESC, dob DESC, driverId ASC LIMIT 3) SELECT GROUP_CONCAT(code, ', ') AS code_numbers, SUM(CASE WHEN nationality IN ('Dutch', 'Netherlandic') THEN 1 ELSE 0 END) AS netherlandic_drivers FROM top3;","[""drivers"", ""top3""]",2,"tables_or_join,projection_count,aggregate",benchmark_nonmatching_final,false,unverified_rewrite_after_nonmatching_execution,false,retrieval_complete_mining_abstained_semantic_failure,OUTPUT_CONTRACT,output_column_count_mismatch,
20260714T090249Z-4d55cdb8,bird_1011,formula_1,challenging,1,1,1,db.execute,"SELECT d.forename, d.surname, MIN(lt.milliseconds) AS min_ms
FROM lapTimes lt
JOIN drivers d ON d.driverId = lt.driverId
GROUP BY d.driverId
ORDER BY min_ms ASC
LIMIT 10;","[""drivers"", ""laptimes""]",3,initial_sql,nonmatching,false,initial_execution_nonmatching,true,retrieval_complete_mining_abstained_semantic_failure,OUTPUT_CONTRACT,output_column_count_mismatch,
20260714T090249Z-4d55cdb8,bird_1011,formula_1,challenging,2,2,2,FINAL,"SELECT d.forename || ' ' || d.surname AS full_name FROM lapTimes AS lt INNER JOIN drivers AS d ON lt.driverId = d.driverId GROUP BY d.driverId, d.forename, d.surname ORDER BY MIN(lt.milliseconds) ASC, full_name ASC LIMIT 20;","[""drivers"", ""laptimes""]",1,projection_count,benchmark_nonmatching_final,false,unverified_rewrite_after_nonmatching_execution,false,retrieval_complete_mining_abstained_semantic_failure,OUTPUT_CONTRACT,output_column_count_mismatch,
20260714T090249Z-4d55cdb8,bird_1014,formula_1,challenging,1,3,2,FINAL,"SELECT T1.name, (SELECT T3.time FROM races AS T2 INNER JOIN lapTimes AS T3 ON T2.raceId = T3.raceId WHERE T2.circuitId = T1.circuitId ORDER BY T3.milliseconds ASC, T3.time ASC LIMIT 1) AS time FROM circuits AS T1 WHERE T1.country = 'Italy' ORDER BY T1.name","[""circuits"", ""laptimes"", ""races""]",2,initial_sql,benchmark_nonmatching_final,false,final_without_execution,false,detailed_schema_table_miss,OUTPUT_CONTRACT,output_column_count_mismatch,
20260714T090249Z-4d55cdb8,bird_728,superhero,moderate,1,3,2,db.execute,"SELECT colour.colour, COUNT(superhero.id) AS popularity FROM superhero INNER JOIN publisher ON superhero.publisher_id = publisher.id INNER JOIN colour ON superhero.eye_colour_id = colour.id WHERE publisher.publisher_name = 'Marvel Comics' GROUP BY colour.colour ORDER BY COUNT(superhero.id) DESC","[""colour"", ""publisher"", ""superhero""]",2,initial_sql,nonmatching,false,initial_execution_nonmatching,true,retrieval_complete_mining_abstained_semantic_failure,OUTPUT_CONTRACT,output_column_count_mismatch,
20260714T090249Z-4d55cdb8,bird_728,superhero,moderate,2,4,2,FINAL,"SELECT colour.colour, COUNT(superhero.id) AS popularity FROM superhero INNER JOIN publisher ON superhero.publisher_id = publisher.id INNER JOIN colour ON superhero.eye_colour_id = colour.id WHERE publisher.publisher_name = 'Marvel Comics' GROUP BY colour.colour ORDER BY COUNT(superhero.id) DESC","[""colour"", ""publisher"", ""superhero""]",2,unchanged,benchmark_nonmatching_final,false,final_same_as_last_execution,false,retrieval_complete_mining_abstained_semantic_failure,OUTPUT_CONTRACT,output_column_count_mismatch,
20260714T090249Z-4d55cdb8,bird_751,superhero,moderate,1,1,1,db.execute,"SELECT DISTINCT T1.power_name
FROM superpower AS T1
INNER JOIN hero_power AS T2 ON T1.id = T2.power_id
INNER JOIN superhero AS T3 ON T2.hero_id = T3.id
INNER JOIN gender AS T4 ON T3.gender_id = T4.id
WHERE T4.gender = 'Male'
ORDER BY T1.power_name
LIMIT 5","[""gender"", ""hero_power"", ""superhero"", ""superpower""]",1,initial_sql,nonmatching,false,initial_execution_nonmatching,true,retrieval_complete_mining_abstained_semantic_failure,SEMANTIC_REVIEW_REQUIRED,filter_scope_or_expression_mismatch,
20260714T090249Z-4d55cdb8,bird_751,superhero,moderate,2,2,1,FINAL,SELECT DISTINCT T1.power_name FROM superpower AS T1 INNER JOIN hero_power AS T2 ON T1.id = T2.power_id INNER JOIN superhero AS T3 ON T2.hero_id = T3.id INNER JOIN gender AS T4 ON T3.gender_id = T4.id WHERE T4.gender = 'Male' ORDER BY T1.power_name LIMIT 5,"[""gender"", ""hero_power"", ""superhero"", ""superpower""]",1,unchanged,benchmark_nonmatching_final,false,final_same_as_last_execution,false,retrieval_complete_mining_abstained_semantic_failure,SEMANTIC_REVIEW_REQUIRED,filter_scope_or_expression_mismatch,
20260714T090249Z-4d55cdb8,bird_533,codebase_community,simple,1,1,1,db.execute,SELECT COUNT(*) FROM users WHERE LastAccessDate > '2014-09-01',"[""users""]",1,initial_sql,nonmatching,false,initial_execution_nonmatching,true,retrieval_complete_mining_abstained_semantic_failure,SEMANTIC_REVIEW_REQUIRED,filter_scope_or_expression_mismatch,
20260714T090249Z-4d55cdb8,bird_533,codebase_community,simple,2,2,1,db.execute,SELECT COUNT(*) FROM users WHERE LastAccessDate > '2014-09-01',"[""users""]",1,unchanged,nonmatching,false,remained_nonmatching,false,retrieval_complete_mining_abstained_semantic_failure,SEMANTIC_REVIEW_REQUIRED,filter_scope_or_expression_mismatch,
20260714T090249Z-4d55cdb8,bird_533,codebase_community,simple,3,3,1,FINAL,SELECT COUNT(*) FROM users WHERE LastAccessDate > '2014-09-01',"[""users""]",1,unchanged,benchmark_nonmatching_final,false,final_same_as_last_execution,false,retrieval_complete_mining_abstained_semantic_failure,SEMANTIC_REVIEW_REQUIRED,filter_scope_or_expression_mismatch,
20260714T090249Z-4d55cdb8,bird_584,codebase_community,moderate,1,1,1,db.execute,"SELECT Id, Title FROM posts WHERE Title = 'Why square the difference instead of taking the absolute value in standard deviation?'","[""posts""]",2,initial_sql,nonmatching,false,initial_execution_nonmatching,true,retrieval_complete_mining_abstained_semantic_failure,SCHEMA_LINKING,table_or_join_path_mismatch,
20260714T090249Z-4d55cdb8,bird_584,codebase_community,moderate,2,2,2,db.execute,SELECT Id FROM posts WHERE Title = 'Why square the difference instead of taking the absolute value in standard deviation?',"[""posts""]",1,projection_count,nonmatching,false,remained_nonmatching,false,retrieval_complete_mining_abstained_semantic_failure,SCHEMA_LINKING,table_or_join_path_mismatch,
20260714T090249Z-4d55cdb8,bird_584,codebase_community,moderate,3,3,3,db.execute,"SELECT Id, Title, PostTypeId, OwnerUserId, LastEditorUserId FROM posts WHERE Title LIKE '%Why square the difference instead of taking the absolute value in standard deviation%'","[""posts""]",5,projection_count,nonmatching,false,remained_nonmatching,false,retrieval_complete_mining_abstained_semantic_failure,SCHEMA_LINKING,table_or_join_path_mismatch,
20260714T090249Z-4d55cdb8,bird_584,codebase_community,moderate,4,4,4,FINAL,"SELECT c.Text FROM comments AS c WHERE EXISTS (SELECT 1 FROM postHistory AS ph INNER JOIN posts AS p ON ph.PostId = p.Id WHERE p.Title = 'Why square the difference instead of taking the absolute value in standard deviation?' AND ph.PostHistoryTypeId IN (4,5,6,7,8,9) AND ph.UserId = c.UserId) ORDER BY c.Id;","[""comments"", ""posthistory"", ""posts""]",1,"tables_or_join,projection_count,order_by",benchmark_nonmatching_final,false,unverified_rewrite_after_nonmatching_execution,false,retrieval_complete_mining_abstained_semantic_failure,SCHEMA_LINKING,table_or_join_path_mismatch,
20260714T090249Z-4d55cdb8,bird_586,codebase_community,challenging,1,1,1,db.execute,"SELECT p.Title, v.BountyAmount, u.DisplayName, v.UserId, v.PostId, v.Id FROM votes v JOIN posts p ON v.PostId = p.Id LEFT JOIN users u ON v.UserId = u.Id WHERE v.BountyAmount = 50 AND p.Title LIKE '%variance%' ORDER BY v.Id LIMIT 20;","[""posts"", ""users"", ""votes""]",6,initial_sql,nonmatching,false,initial_execution_nonmatching,true,retrieval_complete_mining_abstained_semantic_failure,OUTPUT_CONTRACT,output_column_count_mismatch,
20260714T090249Z-4d55cdb8,bird_586,codebase_community,challenging,2,2,2,db.execute,"SELECT u.DisplayName, p.Title, v.BountyAmount, v.Id, v.PostId, v.UserId FROM votes AS v JOIN posts AS p ON v.PostId = p.Id JOIN users AS u ON v.UserId = u.Id WHERE v.BountyAmount = 50 AND p.Title LIKE '%variance%' ORDER BY v.Id;","[""posts"", ""users"", ""votes""]",6,limit,nonmatching,false,remained_nonmatching,false,retrieval_complete_mining_abstained_semantic_failure,OUTPUT_CONTRACT,output_column_count_mismatch,
20260714T090249Z-4d55cdb8,bird_586,codebase_community,challenging,3,3,3,db.execute,"SELECT p.Id, p.Title, v.BountyAmount, u.DisplayName, v.Id AS VoteId, v.UserId FROM posts AS p LEFT JOIN votes AS v ON v.PostId = p.Id LEFT JOIN users AS u ON u.Id = v.UserId WHERE LOWER(p.Title) LIKE '%variance%' AND v.BountyAmount IS NOT NULL ORDER BY p.Id, v.BountyAmount, v.Id LIMIT 50;","[""posts"", ""users"", ""votes""]",6,limit,nonmatching,false,remained_nonmatching,false,retrieval_complete_mining_abstained_semantic_failure,OUTPUT_CONTRACT,output_column_count_mismatch,
20260714T090249Z-4d55cdb8,bird_586,codebase_community,challenging,4,4,4,FINAL,SELECT DISTINCT u.DisplayName FROM votes AS v JOIN posts AS p ON v.PostId = p.Id JOIN users AS u ON v.UserId = u.Id WHERE v.BountyAmount = 50 AND LOWER(p.Title) LIKE '%variance%',"[""posts"", ""users"", ""votes""]",1,"projection_count,order_by,limit,distinct",benchmark_nonmatching_final,false,unverified_rewrite_after_nonmatching_execution,false,retrieval_complete_mining_abstained_semantic_failure,OUTPUT_CONTRACT,output_column_count_mismatch,
20260714T090249Z-4d55cdb8,bird_587,codebase_community,moderate,1,3,2,db.execute,"WITH humor_posts AS (SELECT Id, Title, ViewCount FROM posts WHERE Tags LIKE '%<humor>%') SELECT (SELECT AVG(ViewCount) FROM humor_posts) AS avg_view_count, hp.Title, c.Text AS comment FROM humor_posts hp JOIN comments c ON c.PostId = hp.Id;","[""comments"", ""humor_posts"", ""posts""]",3,initial_sql,nonmatching,false,initial_execution_nonmatching,true,retrieval_complete_mining_abstained_semantic_failure,AGGREGATION_REASONING,aggregation_or_grouping_mismatch,
20260714T090249Z-4d55cdb8,bird_587,codebase_community,moderate,2,4,3,FINAL,"SELECT (SELECT AVG(ViewCount) FROM posts WHERE Tags LIKE '%<humor>%') AS avg_view_count, p.Title, c.Text AS comment FROM posts p LEFT JOIN comments c ON c.PostId = p.Id WHERE p.Tags LIKE '%<humor>%'","[""comments"", ""posts""]",3,tables_or_join,benchmark_nonmatching_final,false,unverified_rewrite_after_nonmatching_execution,false,retrieval_complete_mining_abstained_semantic_failure,AGGREGATION_REASONING,aggregation_or_grouping_mismatch,
20260714T090249Z-4d55cdb8,bird_595,codebase_community,moderate,1,1,1,db.execute,"SELECT ph.UserId
FROM postHistory AS ph
JOIN users AS u ON u.Id = ph.UserId
WHERE u.Views >= 1000
GROUP BY ph.UserId
HAVING COUNT(*) = COUNT(DISTINCT ph.PostId)","[""posthistory"", ""users""]",1,initial_sql,empty_nonmatching,false,initial_execution_nonmatching,true,retrieval_complete_mining_abstained_semantic_failure,SEMANTIC_REVIEW_REQUIRED,filter_scope_or_expression_mismatch,
20260714T090249Z-4d55cdb8,bird_595,codebase_community,moderate,2,2,2,db.execute,"SELECT ph.UserId,
       COUNT(*) AS cnt,
       COUNT(DISTINCT ph.PostId) AS distinct_posts
FROM postHistory AS ph
JOIN users AS u ON u.Id = ph.UserId
WHERE u.Views >= 1000
GROUP BY ph.UserId
ORDER BY (COUNT(*) - COUNT(DISTINCT ph.PostId)) ASC, cnt DESC
LIMIT 20","[""posthistory"", ""users""]",3,"projection_count,having,order_by,limit",nonmatching,false,remained_nonmatching,false,retrieval_complete_mining_abstained_semantic_failure,SEMANTIC_REVIEW_REQUIRED,filter_scope_or_expression_mismatch,
20260714T090249Z-4d55cdb8,bird_595,codebase_community,moderate,3,3,3,db.execute,"SELECT COUNT(*)
FROM (
  SELECT ph.UserId
  FROM postHistory AS ph
  JOIN users AS u ON u.Id = ph.UserId
  WHERE u.Views >= 1000
  GROUP BY ph.UserId
  HAVING COUNT(*) = COUNT(DISTINCT ph.PostId)
)","[""posthistory"", ""users""]",1,"projection_count,having,order_by,limit",nonmatching,false,remained_nonmatching,false,retrieval_complete_mining_abstained_semantic_failure,SEMANTIC_REVIEW_REQUIRED,filter_scope_or_expression_mismatch,
20260714T090249Z-4d55cdb8,bird_595,codebase_community,moderate,4,4,4,FINAL,SELECT p.OwnerUserId AS UserId FROM posts AS p JOIN users AS u ON u.Id = p.OwnerUserId LEFT JOIN postHistory AS ph ON ph.PostId = p.Id WHERE u.Views >= 1000 GROUP BY p.OwnerUserId HAVING COUNT(ph.Id) = COUNT(DISTINCT p.Id),"[""posthistory"", ""posts"", ""users""]",1,tables_or_join,benchmark_nonmatching_final,false,unverified_rewrite_after_nonmatching_execution,false,retrieval_complete_mining_abstained_semantic_failure,SEMANTIC_REVIEW_REQUIRED,filter_scope_or_expression_mismatch,
20260714T090249Z-4d55cdb8,bird_604,codebase_community,moderate,1,1,1,db.execute,"SELECT CAST(SUM(T1.UpVotes) AS REAL) / COUNT(T1.Id), CAST(SUM(T1.Age) AS REAL) / COUNT(T1.Id)
FROM users AS T1
INNER JOIN (
  SELECT T2.OwnerUserId
  FROM posts AS T2
  WHERE T2.OwnerUserId IS NOT NULL
  GROUP BY T2.OwnerUserId
  HAVING COUNT(T2.OwnerUserId) > 10
) AS T3 ON T1.Id = T3.OwnerUserId","[""posts"", ""users""]",2,initial_sql,nonmatching,false,initial_execution_nonmatching,true,retrieval_complete_mining_abstained_semantic_failure,AGGREGATION_REASONING,aggregation_or_grouping_mismatch,
20260714T090249Z-4d55cdb8,bird_604,codebase_community,moderate,2,2,2,FINAL,"SELECT CAST(SUM(T1.UpVotes) AS REAL) / COUNT(T1.Id), CAST(SUM(T1.Age) AS REAL) / COUNT(T1.Id) FROM users AS T1 INNER JOIN ( SELECT T2.OwnerUserId AS UserId FROM posts AS T2 WHERE T2.OwnerUserId IS NOT NULL GROUP BY T2.OwnerUserId HAVING COUNT(T2.OwnerUserId) > 10 ) AS T3 ON T1.Id = T3.UserId","[""posts"", ""users""]",2,expression_or_projection,benchmark_nonmatching_final,false,unverified_rewrite_after_nonmatching_execution,false,retrieval_complete_mining_abstained_semantic_failure,AGGREGATION_REASONING,aggregation_or_grouping_mismatch,
20260714T090249Z-4d55cdb8,bird_637,codebase_community,moderate,1,1,1,db.execute,SELECT Id FROM users WHERE DisplayName = 'Mark Meckes',"[""users""]",1,initial_sql,nonmatching,false,initial_execution_nonmatching,true,retrieval_complete_mining_abstained_semantic_failure,SCHEMA_LINKING,table_or_join_path_mismatch,
20260714T090249Z-4d55cdb8,bird_637,codebase_community,moderate,2,2,2,db.execute,"WITH RECURSIVE split(post_id, tag, rest) AS (
  SELECT
    p.Id,
    substr(p.Tags, 2, instr(substr(p.Tags, 2), '>') - 1) AS tag,
    substr(p.Tags, instr(substr(p.Tags, 2), '>') + 2) AS rest
  FROM posts AS p
  JOIN users AS u ON p.OwnerUserId = u.Id
  WHERE u.DisplayName = 'Mark Meckes'
    AND p.CommentCount = 0
    AND p.Tags IS NOT NULL

  UNION ALL

  SELECT
    post_id,
    substr(rest, 2, instr(substr(rest, 2), '>') - 1),
    substr(rest, instr(substr(rest, 2), '>') + 2)
  FROM split
  WHERE rest IS NOT NULL
    AND rest <> ''
)
SELECT DISTINCT tag AS TagName
FROM split
WHERE tag <> ''
ORDER BY TagName;","[""posts"", ""split"", ""users""]",1,"tables_or_join,order_by,distinct",nonmatching,false,remained_nonmatching,false,retrieval_complete_mining_abstained_semantic_failure,SCHEMA_LINKING,table_or_join_path_mismatch,
20260714T090249Z-4d55cdb8,bird_637,codebase_community,moderate,3,3,3,db.execute,"WITH RECURSIVE split(tag, rest) AS (
  SELECT
    substr(p.Tags, 2, instr(substr(p.Tags, 2), '>') - 1) AS tag,
    substr(p.Tags, instr(substr(p.Tags, 2), '>') + 2) AS rest
  FROM posts AS p
  JOIN users AS u ON p.OwnerUserId = u.Id
  WHERE u.DisplayName = 'Mark Meckes'
    AND p.CommentCount = 0
    AND p.Tags IS NOT NULL

  UNION ALL

  SELECT
    substr(rest, 2, instr(substr(rest, 2), '>') - 1),
    substr(rest, instr(substr(rest, 2), '>') + 2)
  FROM split
  WHERE rest IS NOT NULL
    AND rest <> ''
)
SELECT DISTINCT tag AS TagName
FROM split
WHERE tag <> ''
ORDER BY TagName;","[""posts"", ""split"", ""users""]",1,expression_or_projection,nonmatching,false,remained_nonmatching,false,retrieval_complete_mining_abstained_semantic_failure,SCHEMA_LINKING,table_or_join_path_mismatch,
20260714T090249Z-4d55cdb8,bird_637,codebase_community,moderate,4,4,4,FINAL,"WITH RECURSIVE split(tag, rest) AS (SELECT substr(p.Tags, 2, instr(p.Tags, '>') - 2) AS tag, substr(p.Tags, instr(p.Tags, '>') + 1) AS rest FROM posts AS p JOIN users AS u ON p.OwnerUserId = u.Id WHERE u.DisplayName = 'Mark Meckes' AND p.CommentCount = 0 AND p.Tags IS NOT NULL AND p.Tags <> '' UNION ALL SELECT substr(rest, 2, instr(rest, '>') - 2), substr(rest, instr(rest, '>') + 1) FROM split WHERE rest IS NOT NULL AND rest <> '') SELECT DISTINCT tag AS TagName FROM split WHERE tag <> '' ORDER BY TagName;","[""posts"", ""split"", ""users""]",1,expression_or_projection,benchmark_nonmatching_final,false,unverified_rewrite_after_nonmatching_execution,false,retrieval_complete_mining_abstained_semantic_failure,SCHEMA_LINKING,table_or_join_path_mismatch,
20260714T090249Z-4d55cdb8,bird_639,codebase_community,challenging,1,3,2,db.execute,"SELECT CAST(SUM(CASE WHEN LOWER(p.Tags) LIKE '%<r>%' THEN 1 ELSE 0 END) AS REAL) / COUNT(*) AS percentage
FROM posts AS p
INNER JOIN users AS u ON p.OwnerUserId = u.Id
WHERE u.DisplayName = 'Community';","[""posts"", ""users""]",1,initial_sql,nonmatching,false,initial_execution_nonmatching,true,retrieval_complete_mining_abstained_semantic_failure,AGGREGATION_REASONING,aggregation_or_grouping_mismatch,
20260714T090249Z-4d55cdb8,bird_639,codebase_community,challenging,2,4,3,FINAL,"SELECT CAST(COUNT(CASE WHEN LOWER(p.Tags) LIKE '%<r>%' THEN 1 END) AS REAL) / NULLIF(COUNT(p.Id), 0) AS percentage FROM posts AS p INNER JOIN users AS u ON p.OwnerUserId = u.Id WHERE u.DisplayName = 'Community';","[""posts"", ""users""]",1,expression_or_projection,benchmark_nonmatching_final,false,unverified_rewrite_after_nonmatching_execution,false,retrieval_complete_mining_abstained_semantic_failure,AGGREGATION_REASONING,aggregation_or_grouping_mismatch,
20260714T090249Z-4d55cdb8,bird_640,codebase_community,moderate,1,1,1,db.execute,"SELECT SUM(IIF(OwnerDisplayName = 'Mornington', ViewCount, 0)) - SUM(IIF(OwnerDisplayName = 'Amos', ViewCount, 0)) FROM posts;","[""posts""]",1,initial_sql,nonmatching,false,initial_execution_nonmatching,true,retrieval_complete_mining_abstained_semantic_failure,SCHEMA_LINKING,table_or_join_path_mismatch,
20260714T090249Z-4d55cdb8,bird_640,codebase_community,moderate,2,2,2,FINAL,"SELECT SUM(CASE WHEN COALESCE(u.DisplayName, p.OwnerDisplayName) = 'Mornington' THEN COALESCE(p.ViewCount, 0) ELSE 0 END) - SUM(CASE WHEN COALESCE(u.DisplayName, p.OwnerDisplayName) = 'Amos' THEN COALESCE(p.ViewCount, 0) ELSE 0 END) FROM posts p LEFT JOIN users u ON p.OwnerUserId = u.Id","[""posts"", ""users""]",1,tables_or_join,benchmark_nonmatching_final,false,unverified_rewrite_after_nonmatching_execution,false,retrieval_complete_mining_abstained_semantic_failure,SCHEMA_LINKING,table_or_join_path_mismatch,
20260714T090249Z-4d55cdb8,bird_671,codebase_community,simple,1,1,1,FINAL,SELECT u.DisplayName FROM badges b JOIN users u ON b.UserId = u.Id WHERE b.Name = 'Autobiographer' AND b.Date = (SELECT MIN(Date) FROM badges WHERE Name = 'Autobiographer'),"[""badges"", ""users""]",1,initial_sql,benchmark_nonmatching_final,false,final_without_execution,false,retrieval_complete_mining_abstained_semantic_failure,AGGREGATION_REASONING,aggregation_or_grouping_mismatch,
20260714T090249Z-4d55cdb8,bird_672,codebase_community,moderate,1,1,1,db.execute,SELECT COUNT(DISTINCT u.Id) AS cnt FROM users AS u INNER JOIN posts AS p ON u.Id = p.OwnerUserId WHERE u.Location = 'United Kingdom' AND p.FavoriteCount >= 4;,"[""posts"", ""users""]",1,initial_sql,nonmatching,false,initial_execution_nonmatching,true,retrieval_complete_mining_abstained_semantic_failure,SEMANTIC_REVIEW_REQUIRED,filter_scope_or_expression_mismatch,
20260714T090249Z-4d55cdb8,bird_672,codebase_community,moderate,2,2,2,db.execute,SELECT COUNT(DISTINCT u.Id) AS cnt FROM users AS u INNER JOIN posts AS p ON u.Id = p.OwnerUserId WHERE u.Location = 'United Kingdom' AND p.FavoriteCount >= 4;,"[""posts"", ""users""]",1,unchanged,nonmatching,false,remained_nonmatching,false,retrieval_complete_mining_abstained_semantic_failure,SEMANTIC_REVIEW_REQUIRED,filter_scope_or_expression_mismatch,
20260714T090249Z-4d55cdb8,bird_672,codebase_community,moderate,3,3,3,FINAL,SELECT COUNT(DISTINCT u.Id) FROM users AS u INNER JOIN posts AS p ON u.Id = p.OwnerUserId WHERE u.Location = 'United Kingdom' AND p.FavoriteCount >= 4;,"[""posts"", ""users""]",1,expression_or_projection,benchmark_nonmatching_final,false,unverified_rewrite_after_nonmatching_execution,false,retrieval_complete_mining_abstained_semantic_failure,SEMANTIC_REVIEW_REQUIRED,filter_scope_or_expression_mismatch,
20260714T090249Z-4d55cdb8,bird_682,codebase_community,moderate,1,1,1,db.execute,PRAGMA table_info(posts),[],,initial_sql,nonmatching,false,initial_execution_nonmatching,true,retrieval_complete_mining_abstained_semantic_failure,AGGREGATION_REASONING,aggregation_or_grouping_mismatch,
20260714T090249Z-4d55cdb8,bird_682,codebase_community,moderate,2,2,1,db.execute,PRAGMA table_info(posts),[],,unchanged,nonmatching,false,remained_nonmatching,false,retrieval_complete_mining_abstained_semantic_failure,AGGREGATION_REASONING,aggregation_or_grouping_mismatch,
20260714T090249Z-4d55cdb8,bird_682,codebase_community,moderate,3,3,4,FINAL,"SELECT p.Id, COALESCE(u.DisplayName, p.OwnerDisplayName) AS DisplayName FROM posts AS p LEFT JOIN users AS u ON p.OwnerUserId = u.Id WHERE strftime('%Y', p.CreaionDate) = '2010' AND p.FavoriteCount = (SELECT MAX(FavoriteCount) FROM posts WHERE strftime('%Y', CreaionDate) = '2010') ORDER BY p.Id LIMIT 1","[""posts"", ""users""]",2,"tables_or_join,projection_count,where,order_by,limit,aggregate",benchmark_nonmatching_final,false,unverified_rewrite_after_nonmatching_execution,false,retrieval_complete_mining_abstained_semantic_failure,AGGREGATION_REASONING,aggregation_or_grouping_mismatch,
20260714T090249Z-4d55cdb8,bird_685,codebase_community,moderate,1,1,1,db.execute,"SELECT ph.PostId, ph.UserId, ph.UserDisplayName, ph.Text, ph.PostHistoryTypeId, ph.CreationDate FROM postHistory AS ph WHERE ph.Text = 'Computer Game Datasets' ORDER BY ph.CreationDate DESC LIMIT 10;","[""posthistory""]",6,initial_sql,nonmatching,false,initial_execution_nonmatching,true,retrieval_complete_mining_abstained_semantic_failure,AGGREGATION_REASONING,sort_direction_or_order_scope_mismatch,
20260714T090249Z-4d55cdb8,bird_685,codebase_community,moderate,2,2,2,db.execute,SELECT COUNT(*) FROM postHistory WHERE Text = 'Computer Game Datasets';,"[""posthistory""]",1,"projection_count,order_by,limit,aggregate",nonmatching,false,remained_nonmatching,false,retrieval_complete_mining_abstained_semantic_failure,AGGREGATION_REASONING,sort_direction_or_order_scope_mismatch,
20260714T090249Z-4d55cdb8,bird_685,codebase_community,moderate,3,3,3,db.execute,"SELECT ph.PostId, ph.UserId, ph.UserDisplayName, ph.PostHistoryTypeId, ph.CreationDate, p.ViewCount, p.Title FROM postHistory ph JOIN posts p ON p.Id = ph.PostId WHERE ph.Text = 'Computer Game Datasets' ORDER BY ph.CreationDate DESC LIMIT 20;","[""posthistory"", ""posts""]",7,"tables_or_join,projection_count,order_by,limit,aggregate",nonmatching,false,remained_nonmatching,false,retrieval_complete_mining_abstained_semantic_failure,AGGREGATION_REASONING,sort_direction_or_order_scope_mismatch,
20260714T090249Z-4d55cdb8,bird_685,codebase_community,moderate,4,4,4,FINAL,"SELECT p.ViewCount, u.DisplayName FROM postHistory AS ph INNER JOIN posts AS p ON p.Id = ph.PostId INNER JOIN users AS u ON u.Id = ph.UserId WHERE ph.Text = 'Computer Game Datasets' ORDER BY ph.CreationDate DESC, ph.Id DESC LIMIT 1","[""posthistory"", ""posts"", ""users""]",2,"tables_or_join,projection_count",benchmark_nonmatching_final,false,unverified_rewrite_after_nonmatching_execution,false,retrieval_complete_mining_abstained_semantic_failure,AGGREGATION_REASONING,sort_direction_or_order_scope_mismatch,
20260714T090249Z-4d55cdb8,bird_694,codebase_community,moderate,1,1,1,db.execute,"SELECT Id, Title FROM posts WHERE Title = 'Analysing wind data with R' LIMIT 5;","[""posts""]",2,initial_sql,nonmatching,false,initial_execution_nonmatching,true,retrieval_complete_mining_abstained_semantic_failure,SEMANTIC_REVIEW_REQUIRED,filter_scope_or_expression_mismatch,
20260714T090249Z-4d55cdb8,bird_694,codebase_community,moderate,2,2,2,FINAL,"SELECT C.Text, COALESCE(U.DisplayName, C.UserDisplayName) AS DisplayName FROM comments AS C INNER JOIN posts AS P ON C.PostId = P.Id LEFT JOIN users AS U ON C.UserId = U.Id WHERE P.Title = 'Analysing wind data with R' ORDER BY C.CreationDate DESC, C.Id DESC LIMIT 10","[""comments"", ""posts"", ""users""]",2,"tables_or_join,order_by",benchmark_nonmatching_final,false,unverified_rewrite_after_nonmatching_execution,false,retrieval_complete_mining_abstained_semantic_failure,SEMANTIC_REVIEW_REQUIRED,filter_scope_or_expression_mismatch,
20260714T090249Z-4d55cdb8,bird_710,codebase_community,simple,1,1,1,db.execute,SELECT COUNT(*) FROM posts AS p INNER JOIN comments AS c ON p.Id = c.PostId WHERE p.CommentCount = 1 AND c.Score = 0,"[""comments"", ""posts""]",1,initial_sql,nonmatching,false,initial_execution_nonmatching,true,retrieval_complete_mining_abstained_semantic_failure,SEMANTIC_REVIEW_REQUIRED,filter_scope_or_expression_mismatch,
20260714T090249Z-4d55cdb8,bird_710,codebase_community,simple,2,2,1,FINAL,SELECT COUNT(*) FROM posts AS p INNER JOIN comments AS c ON p.Id = c.PostId WHERE p.CommentCount = 1 AND c.Score = 0,"[""comments"", ""posts""]",1,unchanged,benchmark_nonmatching_final,false,final_same_as_last_execution,false,retrieval_complete_mining_abstained_semantic_failure,SEMANTIC_REVIEW_REQUIRED,filter_scope_or_expression_mismatch,
20260714T090249Z-4d55cdb8,bird_340,card_games,simple,1,1,1,db.execute,SELECT name FROM cards WHERE cardKingdomFoilId IS NOT NULL AND cardKingdomId IS NOT NULL LIMIT 5,"[""cards""]",1,initial_sql,nonmatching,false,initial_execution_nonmatching,true,retrieval_complete_mining_abstained_semantic_failure,SEMANTIC_REVIEW_REQUIRED,filter_scope_or_expression_mismatch,
20260714T090249Z-4d55cdb8,bird_340,card_games,simple,2,2,1,db.execute,SELECT name FROM cards WHERE cardKingdomFoilId IS NOT NULL AND cardKingdomId IS NOT NULL LIMIT 5,"[""cards""]",1,unchanged,nonmatching,false,remained_nonmatching,false,retrieval_complete_mining_abstained_semantic_failure,SEMANTIC_REVIEW_REQUIRED,filter_scope_or_expression_mismatch,
20260714T090249Z-4d55cdb8,bird_340,card_games,simple,3,3,2,FINAL,SELECT T1.name FROM cards AS T1 WHERE T1.cardKingdomFoilId IS NOT NULL AND T1.cardKingdomId IS NOT NULL,"[""cards""]",1,limit,benchmark_nonmatching_final,false,unverified_rewrite_after_nonmatching_execution,false,retrieval_complete_mining_abstained_semantic_failure,SEMANTIC_REVIEW_REQUIRED,filter_scope_or_expression_mismatch,
20260714T090249Z-4d55cdb8,bird_341,card_games,simple,1,1,1,db.execute,SELECT name FROM cards WHERE borderColor = 'borderless' AND NOT (cardKingdomFoilId IS NOT NULL AND cardKingdomId IS NOT NULL) ORDER BY name LIMIT 10,"[""cards""]",1,initial_sql,nonmatching,false,initial_execution_nonmatching,true,retrieval_complete_mining_abstained_semantic_failure,SEMANTIC_REVIEW_REQUIRED,filter_scope_or_expression_mismatch,
20260714T090249Z-4d55cdb8,bird_341,card_games,simple,2,2,2,FINAL,SELECT DISTINCT name FROM cards WHERE borderColor = 'borderless' AND (cardKingdomFoilId IS NULL OR cardKingdomId IS NULL) ORDER BY name,"[""cards""]",1,"limit,distinct",benchmark_nonmatching_final,false,unverified_rewrite_after_nonmatching_execution,false,retrieval_complete_mining_abstained_semantic_failure,SEMANTIC_REVIEW_REQUIRED,filter_scope_or_expression_mismatch,
20260714T090249Z-4d55cdb8,bird_344,card_games,moderate,1,2,1,FINAL,SELECT DISTINCT c.name FROM cards AS c JOIN legalities AS l ON c.uuid = l.uuid WHERE c.rarity = 'mythic' AND l.status = 'Banned' AND l.format = 'gladiator' ORDER BY c.name;,"[""cards"", ""legalities""]",1,initial_sql,benchmark_nonmatching_final,false,final_without_execution,false,retrieval_complete_mining_abstained_semantic_failure,TOOL_ERROR,unparseable_execution_observation,
20260714T090249Z-4d55cdb8,bird_349,card_games,moderate,1,1,1,db.execute,"SELECT c.name, c.artist, c.isPromo, COUNT(r.uuid) AS ruling_count FROM cards AS c INNER JOIN rulings AS r ON c.uuid = r.uuid GROUP BY c.uuid ORDER BY ruling_count DESC, c.name ASC LIMIT 1;","[""cards"", ""rulings""]",4,initial_sql,nonmatching,false,initial_execution_nonmatching,true,detailed_schema_column_miss_or_compact_index_only,AGGREGATION_REASONING,sort_direction_or_order_scope_mismatch,
20260714T090249Z-4d55cdb8,bird_349,card_games,moderate,2,2,2,FINAL,"SELECT T1.name, T1.artist, T1.isPromo FROM cards AS T1 INNER JOIN rulings AS T2 ON T1.uuid = T2.uuid GROUP BY T1.uuid, T1.name, T1.artist, T1.isPromo HAVING COUNT(T2.uuid) = (SELECT MAX(ruling_count) FROM (SELECT COUNT(T3.uuid) AS ruling_count FROM cards AS T4 INNER JOIN rulings AS T3 ON T4.uuid = T3.uuid GROUP BY T4.uuid) AS counts) ORDER BY T1.name ASC;","[""cards"", ""rulings""]",3,"projection_count,having,limit",benchmark_nonmatching_final,false,unverified_rewrite_after_nonmatching_execution,false,detailed_schema_column_miss_or_compact_index_only,AGGREGATION_REASONING,sort_direction_or_order_scope_mismatch,
20260714T090249Z-4d55cdb8,bird_352,card_games,moderate,1,1,1,db.execute,SELECT CAST(COUNT(CASE WHEN language = 'Chinese Simplified' THEN id ELSE NULL END) AS REAL) * 100 / COUNT(id) FROM set_translations;,"[""set_translations""]",1,initial_sql,nonmatching,false,initial_execution_nonmatching,true,retrieval_complete_mining_abstained_semantic_failure,SCHEMA_LINKING,table_or_join_path_mismatch,
20260714T090249Z-4d55cdb8,bird_352,card_games,moderate,2,2,2,FINAL,SELECT CAST(SUM(CASE WHEN language = 'Chinese Simplified' THEN id ELSE 0 END) AS REAL) * 100 / COUNT(id) FROM set_translations;,"[""set_translations""]",1,expression_or_projection,benchmark_nonmatching_final,false,unverified_rewrite_after_nonmatching_execution,false,retrieval_complete_mining_abstained_semantic_failure,SCHEMA_LINKING,table_or_join_path_mismatch,
20260714T090249Z-4d55cdb8,bird_371,card_games,challenging,1,1,1,db.execute,SELECT (SELECT COUNT(DISTINCT c.id) FROM cards AS c INNER JOIN foreign_data AS fd ON c.uuid = fd.uuid WHERE c.isStorySpotlight = 1 AND fd.language = 'French') * 100.0 / (SELECT COUNT(DISTINCT id) FROM cards WHERE isStorySpotlight = 1) AS percentage;,"[""cards"", ""foreign_data""]",,initial_sql,nonmatching,false,initial_execution_nonmatching,true,retrieval_complete_mining_abstained_semantic_failure,AGGREGATION_REASONING,aggregation_or_grouping_mismatch,
20260714T090249Z-4d55cdb8,bird_371,card_games,challenging,2,2,3,FINAL,SELECT 100.0 * COUNT(DISTINCT CASE WHEN fd.language = 'French' THEN c.id END) / COUNT(DISTINCT c.id) AS percentage FROM cards AS c LEFT JOIN foreign_data AS fd ON c.uuid = fd.uuid WHERE c.isStorySpotlight = 1,"[""cards"", ""foreign_data""]",1,projection_count,benchmark_nonmatching_final,false,unverified_rewrite_after_nonmatching_execution,false,retrieval_complete_mining_abstained_semantic_failure,AGGREGATION_REASONING,aggregation_or_grouping_mismatch,
20260714T090249Z-4d55cdb8,bird_402,card_games,moderate,1,1,1,db.execute,"SELECT COUNT(*) AS total_cards, SUM(CASE WHEN isStorySpotlight = 1 THEN 1 ELSE 0 END) AS story_spotlight, SUM(CASE WHEN isStorySpotlight = 1 AND isTextless = 0 THEN 1 ELSE 0 END) AS qualifying FROM cards;","[""cards""]",3,initial_sql,nonmatching,false,initial_execution_nonmatching,true,retrieval_complete_mining_abstained_semantic_failure,OUTPUT_CONTRACT,output_column_count_mismatch,
20260714T090249Z-4d55cdb8,bird_402,card_games,moderate,2,2,2,FINAL,"WITH stats AS (SELECT CAST(SUM(CASE WHEN isStorySpotlight = 1 AND isTextless = 0 THEN 1 ELSE 0 END) AS REAL) * 100.0 / NULLIF(COUNT(id), 0) AS percentage FROM cards) SELECT c.id, stats.percentage FROM cards AS c CROSS JOIN stats WHERE c.isStorySpotlight = 1 AND c.isTextless = 0 ORDER BY c.id;","[""cards"", ""stats""]",2,"tables_or_join,projection_count,where,order_by",benchmark_nonmatching_final,false,unverified_rewrite_after_nonmatching_execution,false,retrieval_complete_mining_abstained_semantic_failure,OUTPUT_CONTRACT,output_column_count_mismatch,
20260714T090249Z-4d55cdb8,bird_408,card_games,moderate,1,1,1,db.execute,SELECT COUNT(*) FROM cards WHERE (power IS NULL OR power = '*') AND text LIKE '%triggered ability%';,"[""cards""]",1,initial_sql,nonmatching,false,initial_execution_nonmatching,true,retrieval_complete_mining_abstained_semantic_failure,SCHEMA_LINKING,table_or_join_path_mismatch,
20260714T090249Z-4d55cdb8,bird_408,card_games,moderate,2,2,1,FINAL,SELECT COUNT(*) FROM cards WHERE (power IS NULL OR power = '*') AND text LIKE '%triggered ability%';,"[""cards""]",1,unchanged,benchmark_nonmatching_final,false,final_same_as_last_execution,false,retrieval_complete_mining_abstained_semantic_failure,SCHEMA_LINKING,table_or_join_path_mismatch,
20260714T090249Z-4d55cdb8,bird_465,card_games,moderate,1,2,2,db.execute,"SELECT fd.language, fd.name FROM cards AS c INNER JOIN foreign_data AS fd ON c.uuid = fd.uuid WHERE c.name = 'Ancestor''s Chosen' AND fd.language = 'Korean';","[""cards"", ""foreign_data""]",2,initial_sql,empty_nonmatching,false,initial_execution_nonmatching,true,retrieval_complete_mining_abstained_semantic_failure,AGGREGATION_REASONING,aggregation_or_grouping_mismatch,
20260714T090249Z-4d55cdb8,bird_465,card_games,moderate,2,4,4,db.execute,SELECT DISTINCT language FROM foreign_data WHERE language LIKE '%Korean%' OR language LIKE '%korean%';,"[""foreign_data""]",1,"tables_or_join,projection_count,distinct",nonmatching,false,remained_nonmatching,false,retrieval_complete_mining_abstained_semantic_failure,AGGREGATION_REASONING,aggregation_or_grouping_mismatch,
20260714T090249Z-4d55cdb8,bird_465,card_games,moderate,3,5,5,FINAL,SELECT CASE WHEN EXISTS (SELECT 1 FROM cards AS c INNER JOIN foreign_data AS fd ON c.uuid = fd.uuid WHERE c.name = 'Ancestor''s Chosen' AND fd.language = 'Korean') THEN 'Yes' ELSE 'No' END AS has_korean_version;,"[""cards"", ""foreign_data""]",,"tables_or_join,projection_count,distinct",benchmark_nonmatching_final,false,unverified_rewrite_after_nonmatching_execution,false,retrieval_complete_mining_abstained_semantic_failure,AGGREGATION_REASONING,aggregation_or_grouping_mismatch,
20260714T090249Z-4d55cdb8,bird_469,card_games,moderate,1,1,1,db.execute,"SELECT c.name, c.setCode, s.mtgoCode
FROM cards AS c
JOIN sets AS s ON c.setCode = s.code
WHERE c.name = 'Angel of Mercy'","[""cards"", ""sets""]",3,initial_sql,nonmatching,false,initial_execution_nonmatching,true,retrieval_complete_mining_abstained_semantic_failure,SEMANTIC_REVIEW_REQUIRED,filter_scope_or_expression_mismatch,
20260714T090249Z-4d55cdb8,bird_469,card_games,moderate,2,2,2,db.execute,"SELECT c.name, c.setCode, s.name, s.mtgoCode
FROM cards AS c
JOIN sets AS s ON c.setCode = s.code
WHERE c.name = 'Angel of Mercy'
ORDER BY c.setCode","[""cards"", ""sets""]",4,"projection_count,order_by",nonmatching,false,remained_nonmatching,false,retrieval_complete_mining_abstained_semantic_failure,SEMANTIC_REVIEW_REQUIRED,filter_scope_or_expression_mismatch,
20260714T090249Z-4d55cdb8,bird_469,card_games,moderate,3,3,3,db.execute,SELECT DISTINCT setCode FROM cards WHERE name = 'Angel of Mercy' ORDER BY setCode,"[""cards""]",1,"tables_or_join,projection_count,distinct",nonmatching,false,remained_nonmatching,false,retrieval_complete_mining_abstained_semantic_failure,SEMANTIC_REVIEW_REQUIRED,filter_scope_or_expression_mismatch,
20260714T090249Z-4d55cdb8,bird_469,card_games,moderate,4,4,4,FINAL,SELECT CASE WHEN EXISTS (SELECT 1 FROM cards AS c JOIN sets AS s ON c.setCode = s.code WHERE c.name = 'Angel of Mercy' AND s.mtgoCode IS NOT NULL) THEN 'Yes' ELSE 'No' END AS answer;,"[""cards"", ""sets""]",,"tables_or_join,projection_count,order_by,distinct",benchmark_nonmatching_final,false,unverified_rewrite_after_nonmatching_execution,false,retrieval_complete_mining_abstained_semantic_failure,SEMANTIC_REVIEW_REQUIRED,filter_scope_or_expression_mismatch,
20260714T090249Z-4d55cdb8,bird_474,card_games,moderate,1,3,2,FINAL,SELECT COUNT(DISTINCT T1.code) FROM sets AS T1 INNER JOIN set_translations AS T2 ON T1.code = T2.setCode WHERE T2.language = 'Italian' AND T2.translation IS NOT NULL AND T1.baseSetSize < 10,"[""set_translations"", ""sets""]",1,initial_sql,benchmark_nonmatching_final,false,final_without_execution,false,retrieval_complete_mining_abstained_semantic_failure,SEMANTIC_REVIEW_REQUIRED,filter_scope_or_expression_mismatch,
20260714T090249Z-4d55cdb8,bird_484,card_games,moderate,1,1,1,db.execute,"SELECT s.code, s.name, MAX(c.convertedManaCost) AS max_cmc
FROM sets AS s
JOIN cards AS c ON c.setCode = s.code
WHERE s.name = 'Coldsnap'
GROUP BY s.code, s.name","[""cards"", ""sets""]",3,initial_sql,nonmatching,false,initial_execution_nonmatching,true,detailed_schema_column_miss_or_compact_index_only,AGGREGATION_REASONING,aggregation_or_grouping_mismatch,
20260714T090249Z-4d55cdb8,bird_484,card_games,moderate,2,2,3,FINAL,SELECT DISTINCT fd.name FROM cards AS c JOIN sets AS s ON c.setCode = s.code JOIN foreign_data AS fd ON fd.uuid = c.uuid WHERE s.name = 'Coldsnap' AND fd.language = 'Italian' AND c.convertedManaCost = (SELECT MAX(c2.convertedManaCost) FROM cards AS c2 JOIN sets AS s2 ON c2.setCode = s2.code WHERE s2.name = 'Coldsnap'),"[""cards"", ""foreign_data"", ""sets""]",1,"tables_or_join,projection_count,group_by,distinct",benchmark_nonmatching_final,false,unverified_rewrite_after_nonmatching_execution,false,detailed_schema_column_miss_or_compact_index_only,AGGREGATION_REASONING,aggregation_or_grouping_mismatch,
20260714T090249Z-4d55cdb8,bird_486,card_games,moderate,1,3,2,FINAL,SELECT CAST(SUM(c.convertedManaCost = 7) AS REAL) * 100.0 / SUM(c.convertedManaCost) FROM cards AS c INNER JOIN sets AS s ON c.setCode = s.code WHERE s.name = 'Coldsnap',"[""cards"", ""sets""]",1,initial_sql,benchmark_nonmatching_final,false,final_without_execution,false,retrieval_complete_mining_abstained_semantic_failure,AGGREGATION_REASONING,aggregation_or_grouping_mismatch,
20260714T090249Z-4d55cdb8,bird_518,card_games,moderate,1,1,1,db.execute,"SELECT l.format, c.name
FROM legalities AS l
INNER JOIN cards AS c ON l.uuid = c.uuid
WHERE l.status = 'Banned'
  AND l.format IN (
    SELECT format
    FROM legalities
    WHERE status = 'Banned'
    GROUP BY format
    HAVING COUNT(*) = (
      SELECT MAX(banned_count)
      FROM (
        SELECT COUNT(*) AS banned_count
        FROM legalities
        WHERE status = 'Banned'
        GROUP BY format
      )
    )
  )
ORDER BY l.format, c.name;","[""cards"", ""legalities""]",2,initial_sql,nonmatching,false,initial_execution_nonmatching,true,retrieval_complete_mining_abstained_semantic_failure,AGGREGATION_REASONING,aggregation_or_grouping_mismatch,
20260714T090249Z-4d55cdb8,bird_518,card_games,moderate,2,2,2,db.execute,"SELECT format, COUNT(*) AS banned_count
FROM legalities
WHERE status = 'Banned'
GROUP BY format
ORDER BY banned_count DESC, format
LIMIT 20;","[""legalities""]",2,"tables_or_join,having,limit",nonmatching,false,remained_nonmatching,false,retrieval_complete_mining_abstained_semantic_failure,AGGREGATION_REASONING,aggregation_or_grouping_mismatch,
20260714T090249Z-4d55cdb8,bird_518,card_games,moderate,3,3,3,FINAL,"WITH banned_counts AS ( SELECT format, COUNT(*) AS banned_count FROM legalities WHERE status = 'Banned' GROUP BY format ), max_banned AS ( SELECT MAX(banned_count) AS max_banned_count FROM banned_counts ) SELECT l.format, c.name FROM legalities AS l INNER JOIN cards AS c ON l.uuid = c.uuid WHERE l.status = 'Banned' AND l.format IN ( SELECT format FROM banned_counts WHERE banned_count = (SELECT max_banned_count FROM max_banned) ) ORDER BY l.format, c.name;","[""banned_counts"", ""cards"", ""legalities"", ""max_banned""]",2,"tables_or_join,limit",benchmark_nonmatching_final,false,unverified_rewrite_after_nonmatching_execution,false,retrieval_complete_mining_abstained_semantic_failure,AGGREGATION_REASONING,aggregation_or_grouping_mismatch,
20260714T090249Z-4d55cdb8,bird_529,card_games,moderate,1,3,2,FINAL,SELECT DISTINCT T1.name FROM sets AS T1 INNER JOIN set_translations AS T2 ON T1.code = T2.setCode WHERE T2.language = 'Korean' AND NOT EXISTS (SELECT 1 FROM set_translations AS T3 WHERE T3.setCode = T1.code AND T3.language LIKE '%Japanese%') ORDER BY T1.name,"[""set_translations"", ""sets""]",1,initial_sql,benchmark_nonmatching_final,false,final_without_execution,false,retrieval_complete_mining_abstained_semantic_failure,SEMANTIC_REVIEW_REQUIRED,filter_scope_or_expression_mismatch,
20260714T090249Z-4d55cdb8,bird_530,card_games,moderate,1,1,1,db.execute,"SELECT COUNT(*) AS total_cards, SUM(CASE WHEN l.status = 'Banned' THEN 1 ELSE 0 END) AS banned_rows FROM cards AS c LEFT JOIN legalities AS l ON c.uuid = l.uuid WHERE c.artist = 'Allen Williams';","[""cards"", ""legalities""]",2,initial_sql,nonmatching,false,initial_execution_nonmatching,true,detailed_schema_column_miss_or_compact_index_only,SEMANTIC_REVIEW_REQUIRED,filter_scope_or_expression_mismatch,
20260714T090249Z-4d55cdb8,bird_530,card_games,moderate,2,2,2,db.execute,"SELECT COUNT(*) AS total_cards, SUM(CASE WHEN l.status = 'Banned' THEN 1 ELSE 0 END) AS banned_rows FROM cards AS c LEFT JOIN legalities AS l ON c.uuid = l.uuid WHERE c.artist = 'Allen Williams';","[""cards"", ""legalities""]",2,unchanged,nonmatching,false,remained_nonmatching,false,detailed_schema_column_miss_or_compact_index_only,SEMANTIC_REVIEW_REQUIRED,filter_scope_or_expression_mismatch,
20260714T090249Z-4d55cdb8,bird_530,card_games,moderate,3,3,3,db.execute,"SELECT COUNT(*) AS total_cards, SUM(CASE WHEN EXISTS (SELECT 1 FROM legalities l WHERE l.uuid = c.uuid AND l.status = 'Banned') THEN 1 ELSE 0 END) AS banned_cards FROM cards c WHERE c.artist = 'Allen Williams';","[""cards"", ""legalities""]",2,expression_or_projection,nonmatching,false,remained_nonmatching,false,detailed_schema_column_miss_or_compact_index_only,SEMANTIC_REVIEW_REQUIRED,filter_scope_or_expression_mismatch,
20260714T090249Z-4d55cdb8,bird_530,card_games,moderate,4,4,4,FINAL,"SELECT DISTINCT c.frameVersion, c.name, b.status FROM cards AS c LEFT JOIN (SELECT DISTINCT uuid, status FROM legalities WHERE status = 'Banned') AS b ON c.uuid = b.uuid WHERE c.artist = 'Allen Williams' ORDER BY c.frameVersion, c.name;","[""cards"", ""legalities""]",3,"projection_count,order_by,aggregate,distinct",benchmark_nonmatching_final,false,unverified_rewrite_after_nonmatching_execution,false,detailed_schema_column_miss_or_compact_index_only,SEMANTIC_REVIEW_REQUIRED,filter_scope_or_expression_mismatch,
20260714T090249Z-4d55cdb8,bird_197,toxicology,moderate,1,1,1,db.execute,SELECT AVG(atom.element = 'o') FROM bond INNER JOIN atom ON bond.molecule_id = atom.molecule_id WHERE bond.bond_type = '-',"[""atom"", ""bond""]",1,initial_sql,nonmatching,false,initial_execution_nonmatching,true,retrieval_complete_mining_abstained_semantic_failure,AGGREGATION_REASONING,aggregation_or_grouping_mismatch,
20260714T090249Z-4d55cdb8,bird_197,toxicology,moderate,2,2,2,db.execute,SELECT AVG(T1.element = 'o') FROM atom AS T1 WHERE T1.molecule_id IN (SELECT T2.molecule_id FROM bond AS T2 WHERE T2.bond_type = '-'),"[""atom"", ""bond""]",1,expression_or_projection,nonmatching,false,remained_nonmatching,false,retrieval_complete_mining_abstained_semantic_failure,AGGREGATION_REASONING,aggregation_or_grouping_mismatch,
20260714T090249Z-4d55cdb8,bird_197,toxicology,moderate,3,3,2,FINAL,SELECT AVG(T1.element = 'o') FROM atom AS T1 WHERE T1.molecule_id IN (SELECT T2.molecule_id FROM bond AS T2 WHERE T2.bond_type = '-'),"[""atom"", ""bond""]",1,unchanged,benchmark_nonmatching_final,false,final_same_as_last_execution,false,retrieval_complete_mining_abstained_semantic_failure,AGGREGATION_REASONING,aggregation_or_grouping_mismatch,
20260714T090249Z-4d55cdb8,bird_198,toxicology,challenging,1,4,2,FINAL,"SELECT CAST((SELECT SUM(b.bond_type = '-') FROM bond AS b INNER JOIN molecule AS m ON m.molecule_id = b.molecule_id WHERE m.label = '+') AS REAL) / NULLIF((SELECT COUNT(a.atom_id) FROM atom AS a INNER JOIN molecule AS m ON m.molecule_id = a.molecule_id WHERE m.label = '+'), 0) AS average_single_bonded","[""atom"", ""bond"", ""molecule""]",,initial_sql,benchmark_nonmatching_final,false,final_without_execution,false,retrieval_complete_mining_abstained_semantic_failure,AGGREGATION_REASONING,aggregation_or_grouping_mismatch,
20260714T090249Z-4d55cdb8,bird_207,toxicology,challenging,1,3,2,db.execute,"SELECT DISTINCT element
FROM (
  SELECT A.element AS element
  FROM atom AS A
  INNER JOIN connected AS C ON A.atom_id = C.atom_id
  INNER JOIN bond AS B ON C.bond_id = B.bond_id
  WHERE B.bond_type = '='
  UNION
  SELECT A2.element AS element
  FROM atom AS A2
  INNER JOIN connected AS C2 ON A2.atom_id = C2.atom_id2
  INNER JOIN bond AS B2 ON C2.bond_id = B2.bond_id
  WHERE B2.bond_type = '='
)
ORDER BY element","[""atom"", ""bond"", ""connected""]",1,initial_sql,nonmatching,false,initial_execution_nonmatching,true,retrieval_complete_mining_abstained_semantic_failure,SEMANTIC_REVIEW_REQUIRED,filter_scope_or_expression_mismatch,
20260714T090249Z-4d55cdb8,bird_207,toxicology,challenging,2,4,3,FINAL,SELECT element FROM (SELECT A.element AS element FROM atom AS A INNER JOIN connected AS C ON A.atom_id = C.atom_id INNER JOIN bond AS B ON C.bond_id = B.bond_id WHERE B.bond_type = '=' UNION SELECT A.element AS element FROM atom AS A INNER JOIN connected AS C ON A.atom_id = C.atom_id2 INNER JOIN bond AS B ON C.bond_id = B.bond_id WHERE B.bond_type = '=') ORDER BY element,"[""atom"", ""bond"", ""connected""]",1,distinct,benchmark_nonmatching_final,false,unverified_rewrite_after_nonmatching_execution,false,retrieval_complete_mining_abstained_semantic_failure,SEMANTIC_REVIEW_REQUIRED,filter_scope_or_expression_mismatch,
20260714T090249Z-4d55cdb8,bird_215,toxicology,challenging,1,3,2,FINAL,"SELECT COUNT(DISTINCT a.atom_id) FROM atom AS a WHERE a.element IN ('i', 's') AND EXISTS (SELECT 1 FROM bond AS b WHERE b.molecule_id = a.molecule_id AND b.bond_type = '-')","[""atom"", ""bond""]",1,initial_sql,benchmark_nonmatching_final,false,final_without_execution,false,retrieval_complete_mining_abstained_semantic_failure,OUTPUT_CONTRACT,output_column_count_mismatch,
20260714T090249Z-4d55cdb8,bird_218,toxicology,challenging,1,1,1,db.execute,"SELECT CAST(COUNT(*) AS REAL) * 100.0 / (
  SELECT COUNT(*)
  FROM molecule
  WHERE label = '+'
) AS percentage
FROM molecule AS m
WHERE m.label = '+'
  AND NOT EXISTS (
    SELECT 1
    FROM atom AS a
    WHERE a.molecule_id = m.molecule_id
      AND a.element = 'f'
  );","[""atom"", ""molecule""]",1,initial_sql,nonmatching,false,initial_execution_nonmatching,true,retrieval_complete_mining_abstained_semantic_failure,SEMANTIC_REVIEW_REQUIRED,filter_scope_or_expression_mismatch,
20260714T090249Z-4d55cdb8,bird_218,toxicology,challenging,2,2,1,FINAL,SELECT CAST(COUNT(*) AS REAL) * 100.0 / (SELECT COUNT(*) FROM molecule WHERE label = '+') AS percentage FROM molecule AS m WHERE m.label = '+' AND NOT EXISTS (SELECT 1 FROM atom AS a WHERE a.molecule_id = m.molecule_id AND a.element = 'f');,"[""atom"", ""molecule""]",1,expression_or_projection,benchmark_nonmatching_final,false,unverified_rewrite_after_nonmatching_execution,false,retrieval_complete_mining_abstained_semantic_failure,SEMANTIC_REVIEW_REQUIRED,filter_scope_or_expression_mismatch,
20260714T090249Z-4d55cdb8,bird_219,toxicology,challenging,1,1,1,db.execute,SELECT SUM(bond.bond_type = '#') * 100.0 / COUNT(bond.bond_id) AS percent FROM bond AS bond INNER JOIN molecule AS molecule ON bond.molecule_id = molecule.molecule_id WHERE molecule.label = '+',"[""bond"", ""molecule""]",1,initial_sql,nonmatching,false,initial_execution_nonmatching,true,retrieval_complete_mining_abstained_semantic_failure,AGGREGATION_REASONING,aggregation_or_grouping_mismatch,
20260714T090249Z-4d55cdb8,bird_219,toxicology,challenging,2,2,1,FINAL,SELECT SUM(bond.bond_type = '#') * 100.0 / COUNT(bond.bond_id) AS percent FROM bond AS bond INNER JOIN molecule AS molecule ON bond.molecule_id = molecule.molecule_id WHERE molecule.label = '+',"[""bond"", ""molecule""]",1,unchanged,benchmark_nonmatching_final,false,final_same_as_last_execution,false,retrieval_complete_mining_abstained_semantic_failure,AGGREGATION_REASONING,aggregation_or_grouping_mismatch,
20260714T090249Z-4d55cdb8,bird_228,toxicology,moderate,1,1,1,db.execute,"SELECT ROUND(100.0 * SUM(element = 'h') / COUNT(atom_id), 4) AS percent FROM atom WHERE molecule_id = 'TR206'","[""atom""]",1,initial_sql,matches_gold,true,initial_execution_correct,false,retrieval_complete_mining_abstained_semantic_failure,AGGREGATION_REASONING,aggregation_or_grouping_mismatch,
20260714T090249Z-4d55cdb8,bird_228,toxicology,moderate,2,2,2,FINAL,"SELECT printf('%.4f', 100.0 * SUM(element = 'h') / COUNT(atom_id)) AS percent FROM atom WHERE molecule_id = 'TR206'","[""atom""]",1,expression_or_projection,benchmark_nonmatching_final,false,harmful_unverified_rewrite_after_correct_execution,false,retrieval_complete_mining_abstained_semantic_failure,AGGREGATION_REASONING,aggregation_or_grouping_mismatch,
20260714T090249Z-4d55cdb8,bird_231,toxicology,challenging,1,1,1,db.execute,"SELECT b.bond_type, m.label FROM bond AS b JOIN molecule AS m ON b.molecule_id = m.molecule_id WHERE b.molecule_id = 'TR010' GROUP BY b.bond_type, m.label ORDER BY COUNT(*) DESC, b.bond_type LIMIT 1;","[""bond"", ""molecule""]",2,initial_sql,nonmatching,false,initial_execution_nonmatching,true,retrieval_complete_mining_abstained_semantic_failure,OUTPUT_CONTRACT,output_column_count_mismatch,
20260714T090249Z-4d55cdb8,bird_231,toxicology,challenging,2,2,2,FINAL,"SELECT q.bond_type, CASE WHEN m.label = '+' THEN 'carcinogenic' ELSE 'not carcinogenic' END AS carcinogenic FROM (SELECT bond_type FROM bond WHERE molecule_id = 'TR010' GROUP BY bond_type ORDER BY COUNT(*) DESC, bond_type LIMIT 1) AS q JOIN molecule AS m ON m.molecule_id = 'TR010';","[""bond"", ""molecule""]",2,expression_or_projection,benchmark_nonmatching_final,false,unverified_rewrite_after_nonmatching_execution,false,retrieval_complete_mining_abstained_semantic_failure,OUTPUT_CONTRACT,output_column_count_mismatch,
20260714T090249Z-4d55cdb8,bird_234,toxicology,moderate,1,1,1,db.execute,SELECT COUNT(DISTINCT c.bond_id) AS bond_count FROM connected AS c WHERE (c.atom_id = 'TR009_12' OR c.atom_id2 = 'TR009_12'),"[""connected""]",1,initial_sql,nonmatching,false,initial_execution_nonmatching,true,retrieval_complete_mining_abstained_semantic_failure,SCHEMA_LINKING,table_or_join_path_mismatch,
20260714T090249Z-4d55cdb8,bird_234,toxicology,moderate,2,2,2,FINAL,SELECT COUNT(DISTINCT c.bond_id) AS bond_count FROM connected AS c WHERE c.atom_id = 'TR009_12' OR c.atom_id2 = 'TR009_12',"[""connected""]",1,expression_or_projection,benchmark_nonmatching_final,false,unverified_rewrite_after_nonmatching_execution,false,retrieval_complete_mining_abstained_semantic_failure,SCHEMA_LINKING,table_or_join_path_mismatch,
20260714T090249Z-4d55cdb8,bird_247,toxicology,challenging,1,3,2,db.execute,SELECT element FROM atom WHERE atom_id NOT IN (SELECT atom_id FROM connected),"[""atom"", ""connected""]",1,initial_sql,nonmatching,false,initial_execution_nonmatching,true,retrieval_complete_mining_abstained_semantic_failure,SEMANTIC_REVIEW_REQUIRED,filter_scope_or_expression_mismatch,
20260714T090249Z-4d55cdb8,bird_247,toxicology,challenging,2,4,2,db.execute,SELECT element FROM atom WHERE atom_id NOT IN (SELECT atom_id FROM connected),"[""atom"", ""connected""]",1,unchanged,nonmatching,false,remained_nonmatching,false,retrieval_complete_mining_abstained_semantic_failure,SEMANTIC_REVIEW_REQUIRED,filter_scope_or_expression_mismatch,
20260714T090249Z-4d55cdb8,bird_247,toxicology,challenging,3,5,2,FINAL,SELECT element FROM atom WHERE atom_id NOT IN (SELECT atom_id FROM connected),"[""atom"", ""connected""]",1,unchanged,benchmark_nonmatching_final,false,final_same_as_last_execution,false,retrieval_complete_mining_abstained_semantic_failure,SEMANTIC_REVIEW_REQUIRED,filter_scope_or_expression_mismatch,
20260714T090249Z-4d55cdb8,bird_281,toxicology,challenging,1,1,1,db.execute,"SELECT atom.element, COUNT(*) AS tally FROM atom INNER JOIN molecule ON atom.molecule_id = molecule.molecule_id WHERE molecule.label = '+' AND substr(atom.atom_id, 7, 1) = '4' GROUP BY atom.element ORDER BY tally DESC, atom.element","[""atom"", ""molecule""]",2,initial_sql,nonmatching,false,initial_execution_nonmatching,true,retrieval_complete_mining_abstained_semantic_failure,OUTPUT_CONTRACT,output_column_count_mismatch,
20260714T090249Z-4d55cdb8,bird_281,toxicology,challenging,2,2,2,FINAL,"SELECT T1.element, COUNT(*) AS tally FROM atom AS T1 INNER JOIN molecule AS T2 ON T1.molecule_id = T2.molecule_id WHERE T2.label = '+' AND substr(T1.atom_id, 7, 1) = '4' GROUP BY T1.element ORDER BY tally DESC, T1.element","[""atom"", ""molecule""]",2,expression_or_projection,benchmark_nonmatching_final,false,unverified_rewrite_after_nonmatching_execution,false,retrieval_complete_mining_abstained_semantic_failure,OUTPUT_CONTRACT,output_column_count_mismatch,
20260714T090249Z-4d55cdb8,bird_17,california_schools,simple,1,1,1,db.execute,"SELECT
  ROW_NUMBER() OVER (ORDER BY sa.AvgScrWrite DESC, s.School) AS rank,
  s.School,
  s.CharterNum,
  sa.AvgScrWrite
FROM satscores AS sa
JOIN schools AS s
  ON sa.cds = s.CDSCode
WHERE sa.AvgScrWrite > 499
  AND s.CharterNum IS NOT NULL
ORDER BY sa.AvgScrWrite DESC, s.School","[""satscores"", ""schools""]",4,initial_sql,nonmatching,false,initial_execution_nonmatching,true,retrieval_complete_mining_abstained_semantic_failure,OUTPUT_CONTRACT,output_column_count_mismatch,
20260714T090249Z-4d55cdb8,bird_17,california_schools,simple,2,2,1,db.execute,"SELECT
  ROW_NUMBER() OVER (ORDER BY sa.AvgScrWrite DESC, s.School) AS rank,
  s.School,
  s.CharterNum,
  sa.AvgScrWrite
FROM satscores AS sa
JOIN schools AS s
  ON sa.cds = s.CDSCode
WHERE sa.AvgScrWrite > 499
  AND s.CharterNum IS NOT NULL
ORDER BY sa.AvgScrWrite DESC, s.School","[""satscores"", ""schools""]",4,unchanged,nonmatching,false,remained_nonmatching,false,retrieval_complete_mining_abstained_semantic_failure,OUTPUT_CONTRACT,output_column_count_mismatch,
20260714T090249Z-4d55cdb8,bird_17,california_schools,simple,3,3,2,FINAL,"SELECT RANK() OVER (ORDER BY sa.AvgScrWrite DESC) AS rank, s.School, s.CharterNum, sa.AvgScrWrite FROM satscores AS sa JOIN schools AS s ON sa.cds = s.CDSCode WHERE sa.AvgScrWrite > 499 AND s.CharterNum IS NOT NULL ORDER BY sa.AvgScrWrite DESC, s.School","[""satscores"", ""schools""]",4,expression_or_projection,benchmark_nonmatching_final,false,unverified_rewrite_after_nonmatching_execution,false,retrieval_complete_mining_abstained_semantic_failure,OUTPUT_CONTRACT,output_column_count_mismatch,
20260714T090249Z-4d55cdb8,bird_24,california_schools,moderate,1,1,1,db.execute,"SELECT DISTINCT s.School FROM schools AS s INNER JOIN frpm AS f ON f.CDSCode = s.CDSCode INNER JOIN satscores AS sa ON sa.cds = s.CDSCode WHERE f.""Free Meal Count (K-12)"" / f.""Enrollment (K-12)"" > 0.1 AND sa.NumGE1500 > 0","[""frpm"", ""satscores"", ""schools""]",1,initial_sql,nonmatching,false,initial_execution_nonmatching,true,retrieval_complete_mining_abstained_semantic_failure,SCHEMA_LINKING,table_or_join_path_mismatch,
20260714T090249Z-4d55cdb8,bird_24,california_schools,moderate,2,2,2,db.execute,"SELECT DISTINCT s.School FROM schools AS s INNER JOIN frpm AS f ON f.CDSCode = s.CDSCode INNER JOIN satscores AS sa ON sa.cds = s.CDSCode WHERE f.""Free Meal Count (K-12)"" / f.""Enrollment (K-12)"" > 0.1 AND sa.NumGE1500 > 0","[""frpm"", ""satscores"", ""schools""]",1,unchanged,nonmatching,false,remained_nonmatching,false,retrieval_complete_mining_abstained_semantic_failure,SCHEMA_LINKING,table_or_join_path_mismatch,
20260714T090249Z-4d55cdb8,bird_24,california_schools,moderate,3,3,3,db.execute,"SELECT DISTINCT s.School FROM schools AS s INNER JOIN frpm AS f ON f.CDSCode = s.CDSCode INNER JOIN satscores AS sa ON sa.cds = s.CDSCode WHERE f.""Free Meal Count (K-12)"" / f.""Enrollment (K-12)"" > 0.1 AND sa.NumGE1500 > 0","[""frpm"", ""satscores"", ""schools""]",1,unchanged,nonmatching,false,remained_nonmatching,false,retrieval_complete_mining_abstained_semantic_failure,SCHEMA_LINKING,table_or_join_path_mismatch,
20260714T090249Z-4d55cdb8,bird_24,california_schools,moderate,4,4,4,FINAL,SELECT DISTINCT s.School FROM schools AS s INNER JOIN frpm AS f ON f.CDSCode = s.CDSCode INNER JOIN satscores AS sa ON sa.cds = s.CDSCode WHERE f.[Free Meal Count (K-12)] / f.[Enrollment (K-12)] > 0.1 AND sa.NumGE1500 > 0,"[""frpm"", ""satscores"", ""schools""]",1,expression_or_projection,benchmark_nonmatching_final,false,unverified_rewrite_after_nonmatching_execution,false,retrieval_complete_mining_abstained_semantic_failure,SCHEMA_LINKING,table_or_join_path_mismatch,
20260714T090249Z-4d55cdb8,bird_25,california_schools,moderate,1,3,2,FINAL,"SELECT T1.School, T1.FundingType FROM schools AS T1 INNER JOIN satscores AS T2 ON T1.CDSCode = T2.cds WHERE T1.County = 'Riverside' GROUP BY T1.CDSCode, T1.School, T1.FundingType HAVING AVG(T2.AvgScrMath) > 400 ORDER BY T1.School","[""satscores"", ""schools""]",2,initial_sql,benchmark_nonmatching_final,false,final_without_execution,false,retrieval_complete_mining_abstained_semantic_failure,AGGREGATION_REASONING,aggregation_or_grouping_mismatch,
20260714T090249Z-4d55cdb8,bird_28,california_schools,challenging,1,6,2,db.execute,"WITH local_funded AS (
  SELECT
    s.School,
    s.DOCType,
    f.""Enrollment (K-12)"" - f.""Enrollment (Ages 5-17)"" AS diff
  FROM schools AS s
  JOIN frpm AS f
    ON f.CDSCode = s.CDSCode
  WHERE s.FundingType = 'Locally funded'
)
SELECT School, DOCType
FROM local_funded
WHERE diff > (SELECT AVG(diff) FROM local_funded)
ORDER BY diff DESC, School;","[""frpm"", ""local_funded"", ""schools""]",2,initial_sql,nonmatching,false,initial_execution_nonmatching,true,detailed_schema_column_miss_or_compact_index_only,AGGREGATION_REASONING,sort_direction_or_order_scope_mismatch,
20260714T090249Z-4d55cdb8,bird_28,california_schools,challenging,2,7,3,FINAL,"WITH local_funded AS ( SELECT s.School, s.DOCType, f.[Enrollment (K-12)] - f.[Enrollment (Ages 5-17)] AS diff FROM schools AS s JOIN frpm AS f ON f.CDSCode = s.CDSCode WHERE s.FundingType = 'Locally funded' ) SELECT School, DOCType FROM local_funded WHERE diff > (SELECT AVG(diff) FROM local_funded) ORDER BY diff DESC, School","[""frpm"", ""local_funded"", ""schools""]",2,expression_or_projection,benchmark_nonmatching_final,false,unverified_rewrite_after_nonmatching_execution,false,detailed_schema_column_miss_or_compact_index_only,AGGREGATION_REASONING,sort_direction_or_order_scope_mismatch,
20260714T090249Z-4d55cdb8,bird_37,california_schools,moderate,1,3,2,db.execute,"SELECT T1.Street, T1.City, T1.Zip, T1.State FROM schools AS T1 INNER JOIN satscores AS T2 ON T2.cds = T1.CDSCode WHERE T2.NumTstTakr > 0 AND T2.NumGE1500 IS NOT NULL ORDER BY (1.0 * T2.NumGE1500) / T2.NumTstTakr ASC, T1.CDSCode ASC LIMIT 1","[""satscores"", ""schools""]",4,initial_sql,nonmatching,false,initial_execution_nonmatching,true,detailed_schema_column_miss_or_compact_index_only,SEMANTIC_REVIEW_REQUIRED,filter_scope_or_expression_mismatch,
20260714T090249Z-4d55cdb8,bird_37,california_schools,moderate,2,4,2,FINAL,"SELECT T1.Street, T1.City, T1.Zip, T1.State FROM schools AS T1 INNER JOIN satscores AS T2 ON T2.cds = T1.CDSCode WHERE T2.NumTstTakr > 0 AND T2.NumGE1500 IS NOT NULL ORDER BY (1.0 * T2.NumGE1500) / T2.NumTstTakr ASC, T1.CDSCode ASC LIMIT 1","[""satscores"", ""schools""]",4,unchanged,benchmark_nonmatching_final,false,final_same_as_last_execution,false,detailed_schema_column_miss_or_compact_index_only,SEMANTIC_REVIEW_REQUIRED,filter_scope_or_expression_mismatch,
20260714T090249Z-4d55cdb8,bird_50,california_schools,simple,1,1,1,db.execute,"SELECT s.sname, sc.School, sc.MailStreet, s.AvgScrMath FROM satscores AS s JOIN schools AS sc ON s.cds = sc.CDSCode WHERE s.AvgScrMath IS NOT NULL ORDER BY s.AvgScrMath DESC, s.sname ASC LIMIT 10;","[""satscores"", ""schools""]",4,initial_sql,nonmatching,false,initial_execution_nonmatching,true,detailed_schema_column_miss_or_compact_index_only,SCHEMA_LINKING,table_or_join_path_mismatch,
20260714T090249Z-4d55cdb8,bird_50,california_schools,simple,2,2,2,FINAL,"WITH ranked AS (SELECT COALESCE(sc.School, s.sname) AS school_name, sc.MailStreet AS postal_street_address, ROW_NUMBER() OVER (ORDER BY s.AvgScrMath DESC, s.cds ASC) AS rn FROM satscores AS s JOIN schools AS sc ON s.cds = sc.CDSCode WHERE s.AvgScrMath IS NOT NULL) SELECT school_name, postal_street_address FROM ranked WHERE rn = 7;","[""ranked"", ""satscores"", ""schools""]",2,"tables_or_join,projection_count,limit",benchmark_nonmatching_final,false,unverified_rewrite_after_nonmatching_execution,false,detailed_schema_column_miss_or_compact_index_only,SCHEMA_LINKING,table_or_join_path_mismatch,
20260714T090249Z-4d55cdb8,bird_72,california_schools,moderate,1,1,1,db.execute,"SELECT CDSCode, School, District, City, EdOpsCode
FROM schools
WHERE City = 'Fremont'
LIMIT 20","[""schools""]",5,initial_sql,nonmatching,false,initial_execution_nonmatching,true,detailed_schema_column_miss_or_compact_index_only,AGGREGATION_REASONING,aggregation_or_grouping_mismatch,
20260714T090249Z-4d55cdb8,bird_72,california_schools,moderate,2,2,2,FINAL,SELECT SUM(T2.[Enrollment (Ages 5-17)]) FROM schools AS T1 INNER JOIN frpm AS T2 ON T2.CDSCode = T1.CDSCode WHERE T1.EdOpsCode = 'SSS' AND T1.City = 'Fremont' AND T2.[Academic Year] = '2014-2015',"[""frpm"", ""schools""]",1,"tables_or_join,projection_count,limit,aggregate",benchmark_nonmatching_final,false,unverified_rewrite_after_nonmatching_execution,false,detailed_schema_column_miss_or_compact_index_only,AGGREGATION_REASONING,aggregation_or_grouping_mismatch,
20260714T090249Z-4d55cdb8,bird_83,california_schools,challenging,1,5,3,FINAL,"WITH city_counts AS (SELECT TRIM(s.City) AS City, COUNT(*) AS schools_serving_k8 FROM schools s WHERE s.GSserved = 'K-8' AND s.City IS NOT NULL AND TRIM(s.City) <> '' GROUP BY TRIM(s.City)), magnet_multi AS (SELECT COUNT(*) AS cnt FROM schools s JOIN frpm f ON s.CDSCode = f.CDSCode WHERE s.GSserved = 'K-8' AND s.Magnet = 1 AND f.[NSLP Provision Status] = 'Multiple Provision Types') SELECT cc.City, cc.schools_serving_k8, (SELECT COUNT(*) FROM city_counts) AS num_cities_offering_k8, (SELECT cnt FROM magnet_multi) AS magnet_k8_multiple_provision_types FROM city_counts cc ORDER BY cc.City;","[""city_counts"", ""frpm"", ""magnet_multi"", ""schools""]",4,initial_sql,benchmark_nonmatching_final,false,final_without_execution,false,detailed_schema_column_miss_or_compact_index_only,OUTPUT_CONTRACT,output_column_count_mismatch,
20260714T090249Z-4d55cdb8,bird_85,california_schools,moderate,1,1,1,db.execute,"SELECT CDSCode, AdmFName1, School, District FROM schools WHERE AdmFName1 = 'Alusine'","[""schools""]",4,initial_sql,nonmatching,false,initial_execution_nonmatching,true,retrieval_complete_mining_abstained_semantic_failure,SEMANTIC_REVIEW_REQUIRED,filter_scope_or_expression_mismatch,
20260714T090249Z-4d55cdb8,bird_85,california_schools,moderate,2,2,2,FINAL,"SELECT frpm.`District Code`, frpm.`Free Meal Count (K-12)` / frpm.`Enrollment (K-12)` * 100.0 FROM frpm JOIN schools ON frpm.CDSCode = schools.CDSCode WHERE schools.AdmFName1 = 'Alusine' OR schools.AdmFName2 = 'Alusine' OR schools.AdmFName3 = 'Alusine';","[""frpm"", ""schools""]",2,"tables_or_join,projection_count,aggregate",benchmark_nonmatching_final,false,unverified_rewrite_after_nonmatching_execution,false,retrieval_complete_mining_abstained_semantic_failure,SEMANTIC_REVIEW_REQUIRED,filter_scope_or_expression_mismatch,
20260714T090249Z-4d55cdb8,bird_87,california_schools,challenging,1,13,3,db.execute,"SELECT DISTINCT AdmEmail1
FROM schools
WHERE County = 'San Bernardino'
  AND City = 'San Bernardino'
  AND District = 'San Bernardino City Unified'
  AND SOC = '62'
  AND DOC = '54'
  AND OpenDate BETWEEN '2009-01-01' AND '2010-12-31'
  AND AdmEmail1 IS NOT NULL
  AND TRIM(AdmEmail1) LIKE '%@%.%'
  AND TRIM(AdmEmail1) NOT LIKE '% %'
ORDER BY AdmEmail1","[""schools""]",1,initial_sql,nonmatching,false,initial_execution_nonmatching,true,detailed_schema_column_miss_or_compact_index_only,OUTPUT_CONTRACT,output_column_count_mismatch,
20260714T090249Z-4d55cdb8,bird_87,california_schools,challenging,2,14,4,db.execute,"SELECT DISTINCT AdmEmail1
FROM schools
WHERE County = 'San Bernardino'
  AND City = 'San Bernardino'
  AND District = 'San Bernardino City Unified'
  AND SOC = '62'
  AND DOC = '54'
  AND OpenDate BETWEEN '2009-01-01' AND '2010-12-31'
  AND AdmEmail1 IS NOT NULL
  AND TRIM(AdmEmail1) <> ''
  AND TRIM(AdmEmail1) LIKE '%@%.%'
  AND TRIM(AdmEmail1) NOT LIKE '% %'
ORDER BY AdmEmail1","[""schools""]",1,expression_or_projection,nonmatching,false,remained_nonmatching,false,detailed_schema_column_miss_or_compact_index_only,OUTPUT_CONTRACT,output_column_count_mismatch,
20260714T090249Z-4d55cdb8,bird_87,california_schools,challenging,3,15,5,db.execute,"SELECT County, City, District, SOC, DOC, OpenDate, AdmEmail1, AdmEmail2, AdmEmail3, School, MailCity
FROM schools
WHERE County LIKE 'San Bernardino%'
  AND District LIKE '%San Bernardino City Unified%'
  AND SOC = '62'
  AND DOC = '54'
LIMIT 20","[""schools""]",11,"projection_count,order_by,limit,distinct",nonmatching,false,remained_nonmatching,false,detailed_schema_column_miss_or_compact_index_only,OUTPUT_CONTRACT,output_column_count_mismatch,
20260714T090249Z-4d55cdb8,bird_87,california_schools,challenging,4,16,6,FINAL,SELECT DISTINCT email FROM (SELECT AdmEmail1 AS email FROM schools WHERE County LIKE 'San Bernardino%' AND District LIKE '%San Bernardino City Unified%' AND SOC = '62' AND DOC = '54' AND OpenDate BETWEEN '2009-01-01' AND '2010-12-31' UNION SELECT AdmEmail2 AS email FROM schools WHERE County LIKE 'San Bernardino%' AND District LIKE '%San Bernardino City Unified%' AND SOC = '62' AND DOC = '54' AND OpenDate BETWEEN '2009-01-01' AND '2010-12-31' UNION SELECT AdmEmail3 AS email FROM schools WHERE County LIKE 'San Bernardino%' AND District LIKE '%San Bernardino City Unified%' AND SOC = '62' AND DOC = '54' AND OpenDate BETWEEN '2009-01-01' AND '2010-12-31') AS emails WHERE email IS NOT NULL AND TRIM(email) <> '' AND TRIM(email) LIKE '%@%.%' AND TRIM(email) NOT LIKE '% %' ORDER BY email,"[""schools""]",1,"projection_count,order_by,limit,distinct",benchmark_nonmatching_final,false,unverified_rewrite_after_nonmatching_execution,false,detailed_schema_column_miss_or_compact_index_only,OUTPUT_CONTRACT,output_column_count_mismatch,
20260714T090249Z-4d55cdb8,bird_94,financial,challenging,1,1,1,db.execute,"SELECT MIN(birth_date), MAX(birth_date) FROM client;","[""client""]",2,initial_sql,nonmatching,false,initial_execution_nonmatching,true,retrieval_complete_mining_abstained_semantic_failure,AGGREGATION_REASONING,sort_direction_or_order_scope_mismatch,
20260714T090249Z-4d55cdb8,bird_94,financial,challenging,2,2,1,db.execute,"SELECT MIN(birth_date), MAX(birth_date) FROM client;","[""client""]",2,unchanged,nonmatching,false,remained_nonmatching,false,retrieval_complete_mining_abstained_semantic_failure,AGGREGATION_REASONING,sort_direction_or_order_scope_mismatch,
20260714T090249Z-4d55cdb8,bird_94,financial,challenging,3,3,2,db.execute,"SELECT DISTINCT d.account_id AS account_number, (SELECT MAX(A11) - MIN(A11) FROM district) AS gap FROM client AS c JOIN disp AS d ON c.client_id = d.client_id JOIN district AS di ON c.district_id = di.district_id WHERE c.gender = 'F' AND c.birth_date = (SELECT MIN(birth_date) FROM client WHERE gender = 'F') AND di.A11 = (SELECT MIN(A11) FROM district);","[""client"", ""disp"", ""district""]",2,"tables_or_join,where,distinct",empty_nonmatching,false,remained_nonmatching,false,retrieval_complete_mining_abstained_semantic_failure,AGGREGATION_REASONING,sort_direction_or_order_scope_mismatch,
20260714T090249Z-4d55cdb8,bird_94,financial,challenging,4,4,3,db.execute,"SELECT c.client_id, c.birth_date, c.district_id, di.A11, d.account_id FROM client AS c JOIN disp AS d ON c.client_id = d.client_id JOIN district AS di ON c.district_id = di.district_id WHERE c.gender = 'F' AND c.birth_date = (SELECT MIN(birth_date) FROM client WHERE gender = 'F') ORDER BY d.account_id LIMIT 20;","[""client"", ""disp"", ""district""]",5,"projection_count,order_by,limit,distinct",nonmatching,false,remained_nonmatching,false,retrieval_complete_mining_abstained_semantic_failure,AGGREGATION_REASONING,sort_direction_or_order_scope_mismatch,
20260714T090249Z-4d55cdb8,bird_94,financial,challenging,5,5,4,FINAL,"SELECT DISTINCT d.account_id AS account_number, (SELECT MAX(A11) - MIN(A11) FROM district) AS gap FROM client AS c JOIN disp AS d ON c.client_id = d.client_id WHERE c.gender = 'F' AND c.birth_date = (SELECT MIN(birth_date) FROM client WHERE gender = 'F') ORDER BY account_number;","[""client"", ""disp"", ""district""]",2,"projection_count,limit,distinct",benchmark_nonmatching_final,false,unverified_rewrite_after_nonmatching_execution,false,retrieval_complete_mining_abstained_semantic_failure,AGGREGATION_REASONING,sort_direction_or_order_scope_mismatch,
20260714T090249Z-4d55cdb8,bird_95,financial,moderate,1,1,1,db.execute,"SELECT MAX(birth_date), MIN(birth_date) FROM client;","[""client""]",2,initial_sql,nonmatching,false,initial_execution_nonmatching,true,retrieval_complete_mining_abstained_semantic_failure,AGGREGATION_REASONING,aggregation_or_grouping_mismatch,
20260714T090249Z-4d55cdb8,bird_95,financial,moderate,2,2,1,db.execute,"SELECT MAX(birth_date), MIN(birth_date) FROM client;","[""client""]",2,unchanged,nonmatching,false,remained_nonmatching,false,retrieval_complete_mining_abstained_semantic_failure,AGGREGATION_REASONING,aggregation_or_grouping_mismatch,
20260714T090249Z-4d55cdb8,bird_95,financial,moderate,3,3,2,db.execute,"SELECT DISTINCT a.account_id
FROM client AS c
JOIN district AS d ON c.district_id = d.district_id
JOIN disp AS dp ON c.client_id = dp.client_id
JOIN account AS a ON dp.account_id = a.account_id
WHERE c.birth_date = (SELECT MAX(birth_date) FROM client)
  AND d.A11 = (SELECT MAX(A11) FROM district)
ORDER BY a.account_id;","[""account"", ""client"", ""disp"", ""district""]",1,"tables_or_join,projection_count,where,order_by,distinct",empty_nonmatching,false,remained_nonmatching,false,retrieval_complete_mining_abstained_semantic_failure,AGGREGATION_REASONING,aggregation_or_grouping_mismatch,
20260714T090249Z-4d55cdb8,bird_95,financial,moderate,4,4,3,db.execute,"SELECT client_id, district_id, birth_date FROM client ORDER BY birth_date DESC LIMIT 10;","[""client""]",3,"tables_or_join,projection_count,where,limit,aggregate,distinct",nonmatching,false,remained_nonmatching,false,retrieval_complete_mining_abstained_semantic_failure,AGGREGATION_REASONING,aggregation_or_grouping_mismatch,
20260714T090249Z-4d55cdb8,bird_95,financial,moderate,5,5,3,db.execute,"SELECT client_id, district_id, birth_date FROM client ORDER BY birth_date DESC LIMIT 10;","[""client""]",3,unchanged,nonmatching,false,remained_nonmatching,false,retrieval_complete_mining_abstained_semantic_failure,AGGREGATION_REASONING,aggregation_or_grouping_mismatch,
20260714T090249Z-4d55cdb8,bird_95,financial,moderate,6,6,4,db.execute,"SELECT c.client_id, c.district_id, c.birth_date, d.A11
FROM client AS c
JOIN district AS d ON c.district_id = d.district_id
ORDER BY c.birth_date DESC
LIMIT 10;","[""client"", ""district""]",4,"tables_or_join,projection_count",nonmatching,false,remained_nonmatching,false,retrieval_complete_mining_abstained_semantic_failure,AGGREGATION_REASONING,aggregation_or_grouping_mismatch,
20260714T090249Z-4d55cdb8,bird_95,financial,moderate,7,7,5,FINAL,SELECT DISTINCT dp.account_id FROM client AS c JOIN district AS d ON c.district_id = d.district_id JOIN disp AS dp ON c.client_id = dp.client_id WHERE c.birth_date = (SELECT MAX(birth_date) FROM client) AND d.A11 = (SELECT MAX(A11) FROM district) ORDER BY dp.account_id;,"[""client"", ""disp"", ""district""]",1,"tables_or_join,projection_count,where,limit,aggregate,distinct",benchmark_nonmatching_final,false,unverified_rewrite_after_nonmatching_execution,false,retrieval_complete_mining_abstained_semantic_failure,AGGREGATION_REASONING,aggregation_or_grouping_mismatch,
20260714T090249Z-4d55cdb8,bird_115,financial,challenging,1,3,2,FINAL,SELECT 100.0 * SUM(CASE WHEN gender = 'M' THEN 1 ELSE 0 END) / COUNT(*) AS percentage_of_male_clients FROM client WHERE district_id = (SELECT district_id FROM district WHERE A3 = 'south Bohemia' ORDER BY CAST(A4 AS INTEGER) DESC LIMIT 1),"[""client"", ""district""]",1,initial_sql,benchmark_nonmatching_final,false,final_without_execution,false,retrieval_complete_mining_abstained_semantic_failure,AGGREGATION_REASONING,aggregation_or_grouping_mismatch,
20260714T090249Z-4d55cdb8,bird_118,financial,moderate,1,1,1,db.execute,SELECT CAST(SUM(CASE WHEN status = 'C' THEN amount ELSE 0 END) AS REAL) * 100.0 / SUM(amount) FROM loan WHERE amount < 100000,"[""loan""]",1,initial_sql,nonmatching,false,initial_execution_nonmatching,true,retrieval_complete_mining_abstained_semantic_failure,AGGREGATION_REASONING,aggregation_or_grouping_mismatch,
20260714T090249Z-4d55cdb8,bird_118,financial,moderate,2,2,2,FINAL,SELECT CAST(SUM(CASE WHEN status = 'C' THEN amount ELSE 0 END) AS REAL) * 100.0 / SUM(amount) AS percentage FROM loan WHERE amount < 100000,"[""loan""]",1,expression_or_projection,benchmark_nonmatching_final,false,unverified_rewrite_after_nonmatching_execution,false,retrieval_complete_mining_abstained_semantic_failure,AGGREGATION_REASONING,aggregation_or_grouping_mismatch,
20260714T090249Z-4d55cdb8,bird_125,financial,challenging,1,1,1,db.execute,"SELECT DISTINCT district.A2 AS district, district.A3 AS state, ((district.A13 - district.A12) * 100.0 / district.A12) AS unemployment_rate_increment FROM loan JOIN account ON loan.account_id = account.account_id JOIN district ON account.district_id = district.district_id WHERE loan.status = 'D' ORDER BY district.A2, district.A3;","[""account"", ""district"", ""loan""]",3,initial_sql,nonmatching,false,initial_execution_nonmatching,true,retrieval_complete_mining_abstained_semantic_failure,OUTPUT_CONTRACT,output_column_count_mismatch,
20260714T090249Z-4d55cdb8,bird_125,financial,challenging,2,2,1,FINAL,"SELECT DISTINCT district.A2 AS district, district.A3 AS state, ((district.A13 - district.A12) * 100.0 / district.A12) AS unemployment_rate_increment FROM loan JOIN account ON loan.account_id = account.account_id JOIN district ON account.district_id = district.district_id WHERE loan.status = 'D' ORDER BY district.A2, district.A3","[""account"", ""district"", ""loan""]",3,unchanged,benchmark_nonmatching_final,false,final_same_as_last_execution,false,retrieval_complete_mining_abstained_semantic_failure,OUTPUT_CONTRACT,output_column_count_mismatch,
20260714T090249Z-4d55cdb8,bird_129,financial,moderate,1,1,1,db.execute,"SELECT district.A2, SUM(trans.amount) AS total_withdrawal FROM trans INNER JOIN account ON trans.account_id = account.account_id INNER JOIN district ON account.district_id = district.district_id WHERE trans.type = 'VYDAJ' AND trans.date LIKE '1996-01%' GROUP BY district.A2 ORDER BY total_withdrawal DESC LIMIT 10","[""account"", ""district"", ""trans""]",2,initial_sql,nonmatching,false,initial_execution_nonmatching,true,retrieval_complete_mining_abstained_semantic_failure,OUTPUT_CONTRACT,output_column_count_mismatch,
20260714T090249Z-4d55cdb8,bird_129,financial,moderate,2,2,2,FINAL,"SELECT d.A2, SUM(t.amount) AS total_withdrawal FROM trans AS t INNER JOIN account AS a ON t.account_id = a.account_id INNER JOIN district AS d ON a.district_id = d.district_id WHERE t.type = 'VYDAJ' AND t.date LIKE '1996-01%' GROUP BY d.A2 ORDER BY total_withdrawal DESC LIMIT 10","[""account"", ""district"", ""trans""]",2,expression_or_projection,benchmark_nonmatching_final,false,unverified_rewrite_after_nonmatching_execution,false,retrieval_complete_mining_abstained_semantic_failure,OUTPUT_CONTRACT,output_column_count_mismatch,
20260714T090249Z-4d55cdb8,bird_145,financial,moderate,1,1,1,db.execute,"SELECT DISTINCT d.client_id
FROM trans AS t
JOIN disp AS d
  ON t.account_id = d.account_id
WHERE d.type = 'OWNER'
  AND t.operation = 'VYBER KARTOU'
  AND t.date >= '1998-01-01'
  AND t.date < '1999-01-01'
  AND t.amount < (
    SELECT AVG(t2.amount)
    FROM trans AS t2
    WHERE t2.operation = 'VYBER KARTOU'
      AND t2.date >= '1998-01-01'
      AND t2.date < '1999-01-01'
  );","[""disp"", ""trans""]",1,initial_sql,nonmatching,false,initial_execution_nonmatching,true,retrieval_complete_mining_abstained_semantic_failure,SCHEMA_LINKING,table_or_join_path_mismatch,
20260714T090249Z-4d55cdb8,bird_145,financial,moderate,2,2,1,FINAL,SELECT DISTINCT d.client_id FROM trans AS t JOIN disp AS d ON t.account_id = d.account_id WHERE d.type = 'OWNER' AND t.operation = 'VYBER KARTOU' AND t.date >= '1998-01-01' AND t.date < '1999-01-01' AND t.amount < (SELECT AVG(t2.amount) FROM trans AS t2 WHERE t2.operation = 'VYBER KARTOU' AND t2.date >= '1998-01-01' AND t2.date < '1999-01-01'),"[""disp"", ""trans""]",1,expression_or_projection,benchmark_nonmatching_final,false,unverified_rewrite_after_nonmatching_execution,false,retrieval_complete_mining_abstained_semantic_failure,SCHEMA_LINKING,table_or_join_path_mismatch,
20260714T090249Z-4d55cdb8,bird_173,financial,challenging,1,1,1,db.execute,"SELECT k_symbol, COUNT(*) AS cnt, SUM(amount) AS total_amount FROM trans WHERE account_id = 3 GROUP BY k_symbol ORDER BY cnt DESC","[""trans""]",3,initial_sql,nonmatching,false,initial_execution_nonmatching,true,retrieval_complete_mining_abstained_semantic_failure,AGGREGATION_REASONING,aggregation_or_grouping_mismatch,
20260714T090249Z-4d55cdb8,bird_173,financial,challenging,2,2,2,FINAL,"SELECT (SELECT COUNT(*) FROM trans WHERE account_id = 3 AND k_symbol = 'SLUZBY') AS statement_requests, (SELECT GROUP_CONCAT(k_symbol, ', ') FROM (SELECT k_symbol FROM [order] GROUP BY k_symbol HAVING SUM(amount) = 3539)) AS aim_of_debiting_3539","[""order"", ""trans""]",,"tables_or_join,projection_count,having,order_by",benchmark_nonmatching_final,false,unverified_rewrite_after_nonmatching_execution,false,retrieval_complete_mining_abstained_semantic_failure,AGGREGATION_REASONING,aggregation_or_grouping_mismatch,
20260714T090249Z-4d55cdb8,bird_186,financial,moderate,1,1,1,db.execute,SELECT CAST(SUM(CASE WHEN c.gender = 'M' THEN 1 ELSE 0 END) AS REAL) * 100.0 / COUNT(*) FROM client AS c INNER JOIN disp AS d ON c.client_id = d.client_id INNER JOIN account AS a ON d.account_id = a.account_id WHERE a.frequency = 'POPLATEK TYDNE',"[""account"", ""client"", ""disp""]",1,initial_sql,nonmatching,false,initial_execution_nonmatching,true,retrieval_complete_mining_abstained_semantic_failure,SCHEMA_LINKING,table_or_join_path_mismatch,
20260714T090249Z-4d55cdb8,bird_186,financial,moderate,2,2,1,FINAL,SELECT CAST(SUM(CASE WHEN c.gender = 'M' THEN 1 ELSE 0 END) AS REAL) * 100.0 / COUNT(*) FROM client AS c INNER JOIN disp AS d ON c.client_id = d.client_id INNER JOIN account AS a ON d.account_id = a.account_id WHERE a.frequency = 'POPLATEK TYDNE',"[""account"", ""client"", ""disp""]",1,unchanged,benchmark_nonmatching_final,false,final_same_as_last_execution,false,retrieval_complete_mining_abstained_semantic_failure,SCHEMA_LINKING,table_or_join_path_mismatch,
20260714T090249Z-4d55cdb8,bird_189,financial,moderate,1,1,1,db.execute,SELECT MIN(birth_date) AS oldest_female_birth_date FROM client WHERE gender='F';,"[""client""]",1,initial_sql,nonmatching,false,initial_execution_nonmatching,true,retrieval_complete_mining_abstained_semantic_failure,AGGREGATION_REASONING,aggregation_or_grouping_mismatch,
20260714T090249Z-4d55cdb8,bird_189,financial,moderate,2,2,3,FINAL,SELECT DISTINCT a.account_id FROM client c JOIN disp d ON c.client_id = d.client_id JOIN account a ON d.account_id = a.account_id JOIN district di ON c.district_id = di.district_id WHERE c.gender = 'F' AND c.birth_date = (SELECT MIN(birth_date) FROM client WHERE gender = 'F') AND di.A11 = (SELECT MIN(A11) FROM district) ORDER BY a.account_id;,"[""account"", ""client"", ""disp"", ""district""]",1,"tables_or_join,order_by,distinct",benchmark_nonmatching_final,false,unverified_rewrite_after_nonmatching_execution,false,retrieval_complete_mining_abstained_semantic_failure,AGGREGATION_REASONING,aggregation_or_grouping_mismatch,
