"run_id","id","db_id","difficulty","failure_attribution","failure_subcategory","primary_trace_class","primary_trace_subcategory","control_flow_class","control_flow_subcategory","semantic_error_class","semantic_subcategory","wrong_turn","sql_change_type","fix_idea","semantic_fix_idea","notes","semantic_notes","retrieval_diagnostic","schema_selected_tables","gold_detail_table_misses","gold_detail_column_name_misses","execution_count","earliest_problem_stage","earliest_problem_turn","terminal_transition","ever_executed_gold_matching_result","query_plan_initial_valid","query_plan_invalid_initial_count","query_plan_revision_count","query_plan_invalid_revision_count","query_plan_adherence_pass_count","query_plan_adherence_fail_count","question","predicted_sql","gold_sql"
"20260714T210045Z-11af1da6","bird_1480","debit_card_specializing","moderate","SEMANTIC_REVIEW_REQUIRED","filter_scope_or_expression_mismatch","UNVERIFIED_FINAL","final_sql_rewritten_after_incorrect_observation","UNVERIFIED_FINAL","final_sql_rewritten_after_incorrect_observation","SEMANTIC_REVIEW_REQUIRED","filter_scope_or_expression_mismatch","2","expression_or_projection_only","成功 observation 后若为了语义改写 SQL，先执行改写版本；记录改写的是投影、过滤、聚合还是排序。","记录过滤字段、取值、时间范围和作用层级后再生成 SQL。","[AUTO confidence=high] 最终 SQL 与最近执行 SQL 不同；最近 observation=successful rows; last execution differs from gold；结构改写=expression_or_projection_only。","[AUTO confidence=low] 最终 SQL 已执行成功，但结果与 gold 不同；自动规则未发现更具体结构错误，需复核过滤范围或 gold 噪声。","retrieval_complete_mining_abstained_semantic_failure","[""yearmonth"", ""transactions_1k"", ""customers"", ""gasstations"", ""products""]","[]","[]","2","first_nonmatching_execution","1","unverified_rewrite_after_nonmatching_execution","false","true","0","0","0","2","0","What was the gas consumption peak month for SME customers in 2013?","SELECT ym.Date FROM yearmonth AS ym INNER JOIN customers AS c ON ym.CustomerID = c.CustomerID WHERE c.Segment = 'SME' AND ym.Date BETWEEN '201301' AND '201312' GROUP BY ym.Date ORDER BY SUM(ym.Consumption) DESC LIMIT 1;","SELECT SUBSTR(T2.Date, 5, 2) FROM customers AS T1 INNER JOIN yearmonth AS T2 ON T1.CustomerID = T2.CustomerID WHERE SUBSTR(T2.Date, 1, 4) = '2013' AND T1.Segment = 'SME' GROUP BY SUBSTR(T2.Date, 5, 2) ORDER BY SUM(T2.Consumption) DESC LIMIT 1"
"20260714T210045Z-11af1da6","bird_1481","debit_card_specializing","challenging","OUTPUT_CONTRACT","output_column_count_mismatch","OUTPUT_CONTRACT","output_column_count_mismatch","","","OUTPUT_CONTRACT","output_column_count_mismatch","3","","生成输出契约并检查列数、顺序和每列含义。","生成输出契约并检查列数、顺序和每列含义。","[AUTO confidence=medium] 预测列数=2，gold 列数=3；需复核 gold 合理性。","[AUTO confidence=medium] 预测列数=2，gold 列数=3；需复核 gold 合理性。","retrieval_complete_mining_abstained_semantic_failure","[""customers"", ""transactions_1k"", ""yearmonth"", ""gasstations"", ""products""]","[]","[]","3","first_nonmatching_execution","1","unverified_rewrite_after_nonmatching_execution","false","true","0","1","1","2","1","What is the difference in the annual average consumption of the customers with the least amount of consumption paid in CZK for 2013 between SME and LAM, LAM and KAM, and KAM and SME?","WITH annual_totals AS (SELECT c.Segment, c.CustomerID, SUM(y.Consumption) AS annual_consumption FROM customers AS c INNER JOIN yearmonth AS y ON y.CustomerID = c.CustomerID WHERE c.Currency = 'CZK' AND c.Segment IN ('SME', 'LAM', 'KAM') AND y.Date BETWEEN '201301' AND '201312' GROUP BY c.Segment, c.CustomerID), segment_min AS (SELECT Segment, MIN(annual_consumption) AS min_consumption FROM annual_totals GROUP BY Segment), segment_avg AS (SELECT a.Segment, AVG(a.annual_consumption) AS avg_consumption FROM annual_totals AS a INNER JOIN segment_min AS m ON m.Segment = a.Segment AND m.min_consumption = a.annual_consumption GROUP BY a.Segment), results AS (SELECT 1 AS ord, 'SME-LAM' AS pair, (SELECT avg_consumption FROM segment_avg WHERE Segment = 'SME') - (SELECT avg_consumption FROM segment_avg WHERE Segment = 'LAM') AS diff UNION ALL SELECT 2 AS ord, 'LAM-KAM' AS pair, (SELECT avg_consumption FROM segment_avg WHERE Segment = 'LAM') - (SELECT avg_consumption FROM segment_avg WHERE Segment = 'KAM') AS diff UNION ALL SELECT 3 AS ord, 'KAM-SME' AS pair, (SELECT avg_consumption FROM segment_avg WHERE Segment = 'KAM') - (SELECT avg_consumption FROM segment_avg WHERE Segment = 'SME') AS diff) SELECT pair, diff FROM results ORDER BY ord;","SELECT CAST(SUM(IIF(T1.Segment = 'SME', T2.Consumption, 0)) AS REAL) / COUNT(T1.CustomerID) - CAST(SUM(IIF(T1.Segment = 'LAM', T2.Consumption, 0)) AS REAL) / COUNT(T1.CustomerID) , CAST(SUM(IIF(T1.Segment = 'LAM', T2.Consumption, 0)) AS REAL) / COUNT(T1.CustomerID) - CAST(SUM(IIF(T1.Segment = 'KAM', T2.Consumption, 0)) AS REAL) / COUNT(T1.CustomerID) , CAST(SUM(IIF(T1.Segment = 'KAM', T2.Consumption, 0)) AS REAL) / COUNT(T1.CustomerID) - CAST(SUM(IIF(T1.Segment = 'SME', T2.Consumption, 0)) AS REAL) / COUNT(T1.CustomerID) FROM customers AS T1 INNER JOIN yearmonth AS T2 ON T1.CustomerID = T2.CustomerID WHERE T1.Currency = 'CZK' AND T2.Consumption = ( SELECT MIN(Consumption) FROM yearmonth ) AND T2.Date BETWEEN 201301 AND 201312"
"20260714T210045Z-11af1da6","bird_1482","debit_card_specializing","challenging","AGGREGATION_REASONING","aggregation_or_grouping_mismatch","UNVERIFIED_FINAL","final_sql_rewritten_after_incorrect_observation","UNVERIFIED_FINAL","final_sql_rewritten_after_incorrect_observation","AGGREGATION_REASONING","aggregation_or_grouping_mismatch","2","ORDER BY","成功 observation 后若为了语义改写 SQL，先执行改写版本；记录改写的是投影、过滤、聚合还是排序。","生成 SQL 前明确统计对象、分组键、聚合函数和聚合后的排序字段。","[AUTO confidence=high] 最终 SQL 与最近执行 SQL 不同；最近 observation=successful rows; last execution differs from gold；结构改写=ORDER BY。","[AUTO confidence=medium] 预测与 gold 的聚合结构不同：group by, min(, max(。","retrieval_complete_mining_abstained_semantic_failure","[""customers"", ""yearmonth"", ""gasstations"", ""transactions_1k"", ""products""]","[]","[]","1","first_nonmatching_execution","1","unverified_rewrite_after_nonmatching_execution","false","true","0","0","0","0","1","Which of the three segments鈥擲ME, LAM and KAM鈥攈as the biggest and lowest percentage increases in consumption paid in EUR between 2012 and 2013?","WITH seg_year AS (SELECT c.Segment, substr(y.Date,1,4) AS yr, SUM(y.Consumption) AS consumption FROM yearmonth y JOIN customers c ON y.CustomerID = c.CustomerID WHERE c.Currency = 'EUR' AND c.Segment IN ('SME','LAM','KAM') AND substr(y.Date,1,4) IN ('2012','2013') GROUP BY c.Segment, substr(y.Date,1,4)), seg_pivot AS (SELECT Segment, SUM(CASE WHEN yr='2012' THEN consumption ELSE 0 END) AS consumption_2012, SUM(CASE WHEN yr='2013' THEN consumption ELSE 0 END) AS consumption_2013 FROM seg_year GROUP BY Segment), calc AS (SELECT Segment, ((consumption_2013 - consumption_2012) / NULLIF(consumption_2013,0)) * 100.0 AS pct_increase FROM seg_pivot) SELECT 'biggest' AS extreme_type, Segment, pct_increase FROM calc WHERE pct_increase = (SELECT MAX(pct_increase) FROM calc) UNION ALL SELECT 'lowest' AS extreme_type, Segment, pct_increase FROM calc WHERE pct_increase = (SELECT MIN(pct_increase) FROM calc);","SELECT CAST((SUM(IIF(T1.Segment = 'SME' AND T2.Date LIKE '2013%', T2.Consumption, 0)) - SUM(IIF(T1.Segment = 'SME' AND T2.Date LIKE '2012%', T2.Consumption, 0))) AS FLOAT) * 100 / SUM(IIF(T1.Segment = 'SME' AND T2.Date LIKE '2012%', T2.Consumption, 0)), CAST(SUM(IIF(T1.Segment = 'LAM' AND T2.Date LIKE '2013%', T2.Consumption, 0)) - SUM(IIF(T1.Segment = 'LAM' AND T2.Date LIKE '2012%', T2.Consumption, 0)) AS FLOAT) * 100 / SUM(IIF(T1.Segment = 'LAM' AND T2.Date LIKE '2012%', T2.Consumption, 0)) , CAST(SUM(IIF(T1.Segment = 'KAM' AND T2.Date LIKE '2013%', T2.Consumption, 0)) - SUM(IIF(T1.Segment = 'KAM' AND T2.Date LIKE '2012%', T2.Consumption, 0)) AS FLOAT) * 100 / SUM(IIF(T1.Segment = 'KAM' AND T2.Date LIKE '2012%', T2.Consumption, 0)) FROM customers AS T1 INNER JOIN yearmonth AS T2 ON T1.CustomerID = T2.CustomerID"
"20260714T210045Z-11af1da6","bird_1498","debit_card_specializing","simple","AGGREGATION_REASONING","aggregation_or_grouping_mismatch","AGGREGATION_REASONING","aggregation_or_grouping_mismatch","","","AGGREGATION_REASONING","aggregation_or_grouping_mismatch","1","","生成 SQL 前明确统计对象、分组键、聚合函数和聚合后的排序字段。","生成 SQL 前明确统计对象、分组键、聚合函数和聚合后的排序字段。","[AUTO confidence=medium] 预测与 gold 的聚合结构不同：group by, sum(, max(。","[AUTO confidence=medium] 预测与 gold 的聚合结构不同：group by, sum(, max(。","retrieval_complete_mining_abstained_semantic_failure","[""yearmonth"", ""gasstations"", ""transactions_1k"", ""customers"", ""products""]","[]","[]","1","first_nonmatching_execution","1","final_same_as_last_execution","false","true","0","0","0","1","0","What is the highest monthly consumption in the year 2012?","SELECT MAX(Consumption) AS highest_monthly_consumption FROM yearmonth WHERE Date LIKE '2012%';","SELECT SUM(Consumption) FROM yearmonth WHERE SUBSTR(Date, 1, 4) = '2012' GROUP BY SUBSTR(Date, 5, 2) ORDER BY SUM(Consumption) DESC LIMIT 1"
"20260714T210045Z-11af1da6","bird_1500","debit_card_specializing","simple","RUNNER_OR_API","missing_final_sql","RUNNER_OR_API","missing_final_sql","","","","","8","","没有有效 FINAL SQL 时自动重试并记录解析错误。","","[AUTO confidence=high] 结果文件中的 predicted_sql 为空。","","retrieval_complete_mining_abstained_semantic_failure","[""products"", ""transactions_1k"", ""yearmonth"", ""gasstations"", ""customers""]","[]","[]","0","direct_final_without_execution","8","final_without_execution","false","true","0","0","7","0","0","Please list the product description of the products consumed in September, 2013.","","SELECT T3.Description FROM transactions_1k AS T1 INNER JOIN yearmonth AS T2 ON T1.CustomerID = T2.CustomerID INNER JOIN products AS T3 ON T1.ProductID = T3.ProductID WHERE T2.Date = '201309'"
"20260714T210045Z-11af1da6","bird_1505","debit_card_specializing","simple","SEMANTIC_REVIEW_REQUIRED","filter_scope_or_expression_mismatch","SEMANTIC_REVIEW_REQUIRED","filter_scope_or_expression_mismatch","","","SEMANTIC_REVIEW_REQUIRED","filter_scope_or_expression_mismatch","1","","记录过滤字段、取值、时间范围和作用层级后再生成 SQL。","记录过滤字段、取值、时间范围和作用层级后再生成 SQL。","[AUTO confidence=low] 最终 SQL 已执行成功，但结果与 gold 不同；自动规则未发现更具体结构错误，需复核过滤范围或 gold 噪声。","[AUTO confidence=low] 最终 SQL 已执行成功，但结果与 gold 不同；自动规则未发现更具体结构错误，需复核过滤范围或 gold 噪声。","retrieval_complete_mining_abstained_semantic_failure","[""customers"", ""yearmonth"", ""transactions_1k"", ""gasstations""]","[]","[]","1","first_nonmatching_execution","1","final_same_as_last_execution","false","true","0","0","0","1","0","Among the customers who paid in euro, how many of them have a monthly consumption of over 1000?","SELECT COUNT(DISTINCT c.CustomerID) FROM customers AS c INNER JOIN yearmonth AS y ON c.CustomerID = y.CustomerID WHERE c.Currency = 'EUR' AND y.Consumption > 1000","SELECT COUNT(*) FROM yearmonth AS T1 INNER JOIN customers AS T2 ON T1.CustomerID = T2.CustomerID WHERE T2.Currency = 'EUR' AND T1.Consumption > 1000.00"
"20260714T210045Z-11af1da6","bird_1524","debit_card_specializing","simple","SCHEMA_LINKING","table_or_join_path_mismatch","UNVERIFIED_FINAL","final_sql_rewritten_after_incorrect_observation","UNVERIFIED_FINAL","final_sql_rewritten_after_incorrect_observation","SCHEMA_LINKING","table_or_join_path_mismatch","2","tables, WHERE","成功 observation 后若为了语义改写 SQL，先执行改写版本；记录改写的是投影、过滤、聚合还是排序。","生成 SQL 前记录表、字段来源和 JOIN 路径，并通过 Schema 校验。","[AUTO confidence=high] 最终 SQL 与最近执行 SQL 不同；最近 observation=successful rows; last execution differs from gold；结构改写=tables, WHERE。","[AUTO confidence=medium] 表集合不同：pred=['customers', 'transactions_1k']，gold=['gasstations', 'transactions_1k']；需复核 gold。","retrieval_complete_mining_abstained_semantic_failure","[""transactions_1k"", ""customers"", ""yearmonth"", ""gasstations""]","[]","[]","2","first_nonmatching_execution","1","unverified_rewrite_after_nonmatching_execution","false","true","0","0","0","0","2","What's the nationality of the customer who spent 548.4 in 2012/8/24?","SELECT DISTINCT C.Currency AS nationality FROM transactions_1k AS T INNER JOIN customers AS C ON T.CustomerID = C.CustomerID WHERE T.Date = '2012-08-24' AND ROUND(T.Amount * T.Price, 1) = 548.4","SELECT T2.Country FROM transactions_1k AS T1 INNER JOIN gasstations AS T2 ON T1.GasStationID = T2.GasStationID WHERE T1.Date = '2012-08-24' AND T1.Price  = 548.4"
"20260714T210045Z-11af1da6","bird_1526","debit_card_specializing","challenging","SCHEMA_LINKING","table_or_join_path_mismatch","SCHEMA_LINKING","table_or_join_path_mismatch","","","SCHEMA_LINKING","table_or_join_path_mismatch","4","","生成 SQL 前记录表、字段来源和 JOIN 路径，并通过 Schema 校验。","生成 SQL 前记录表、字段来源和 JOIN 路径，并通过 Schema 校验。","[AUTO confidence=medium] 表集合不同：pred=['transactions_1k', 'yearmonth']，gold=['gasstations', 'transactions_1k', 'yearmonth']；需复核 gold。","[AUTO confidence=medium] 表集合不同：pred=['transactions_1k', 'yearmonth']，gold=['gasstations', 'transactions_1k', 'yearmonth']；需复核 gold。","retrieval_complete_mining_abstained_semantic_failure","[""transactions_1k"", ""yearmonth"", ""customers"", ""gasstations""]","[]","[]","5","first_nonmatching_execution","1","unverified_rewrite_after_nonmatching_execution","false","true","0","3","0","0","5","For the customer who paid 634.8 in 2012/8/25, what was the consumption decrease rate from Year 2012 to 2013?","SELECT (SUM(CASE WHEN SUBSTR(ym.Date, 1, 4) = '2012' THEN ym.Consumption ELSE 0 END) - SUM(CASE WHEN SUBSTR(ym.Date, 1, 4) = '2013' THEN ym.Consumption ELSE 0 END)) * 1.0 / NULLIF(SUM(CASE WHEN SUBSTR(ym.Date, 1, 4) = '2012' THEN ym.Consumption ELSE 0 END), 0) AS decrease_rate FROM yearmonth AS ym WHERE ym.CustomerID = (SELECT CustomerID FROM transactions_1k WHERE Date = '2012-08-25' AND Price = 634.8 LIMIT 1)","SELECT CAST(SUM(IIF(SUBSTRING(Date, 1, 4) = '2012', Consumption, 0)) - SUM(IIF(SUBSTRING(Date, 1, 4) = '2013', Consumption, 0)) AS FLOAT) / SUM(IIF(SUBSTRING(Date, 1, 4) = '2012', Consumption, 0)) FROM yearmonth WHERE CustomerID = ( SELECT T1.CustomerID FROM transactions_1k AS T1 INNER JOIN gasstations AS T2 ON T1.GasStationID = T2.GasStationID WHERE T1.Date = '2012-08-25' AND T1.Price  = 1513.12 )"
"20260714T210045Z-11af1da6","bird_1529","debit_card_specializing","moderate","SCHEMA_LINKING","table_or_join_path_mismatch","SCHEMA_LINKING","table_or_join_path_mismatch","","","SCHEMA_LINKING","table_or_join_path_mismatch","1","","生成 SQL 前记录表、字段来源和 JOIN 路径，并通过 Schema 校验。","生成 SQL 前记录表、字段来源和 JOIN 路径，并通过 Schema 校验。","[AUTO confidence=medium] 表集合不同：pred=['transactions_1k', 'yearmonth']，gold=['gasstations', 'transactions_1k', 'yearmonth']；需复核 gold。","[AUTO confidence=medium] 表集合不同：pred=['transactions_1k', 'yearmonth']，gold=['gasstations', 'transactions_1k', 'yearmonth']；需复核 gold。","retrieval_complete_mining_abstained_semantic_failure","[""transactions_1k"", ""gasstations"", ""yearmonth"", ""customers"", ""products""]","[]","[]","1","first_nonmatching_execution","1","final_same_as_last_execution","false","true","0","0","0","1","0","What is the amount spent by customer ""38508"" at the gas stations? How much had the customer spent in January 2012?","SELECT (SELECT SUM(t.Amount) FROM transactions_1k t WHERE t.CustomerID = 38508) AS amount_spent_at_gas_stations, (SELECT SUM(y.Consumption) FROM yearmonth y WHERE y.CustomerID = 38508 AND y.Date = '201201') AS amount_spent_in_january_2012","SELECT SUM(T1.Price ) , SUM(IIF(T3.Date = '201201', T1.Price, 0)) FROM transactions_1k AS T1 INNER JOIN gasstations AS T2 ON T1.GasStationID = T2.GasStationID INNER JOIN yearmonth AS T3 ON T1.CustomerID = T3.CustomerID WHERE T1.CustomerID = '38508'"
"20260714T210045Z-11af1da6","bird_1531","debit_card_specializing","moderate","AGGREGATION_REASONING","sort_direction_or_order_scope_mismatch","UNVERIFIED_FINAL","final_sql_rewritten_after_incorrect_observation","UNVERIFIED_FINAL","final_sql_rewritten_after_incorrect_observation","AGGREGATION_REASONING","sort_direction_or_order_scope_mismatch","3","expression_or_projection_only","成功 observation 后若为了语义改写 SQL，先执行改写版本；记录改写的是投影、过滤、聚合还是排序。","显式记录排序指标、方向以及排序发生在聚合前还是聚合后。","[AUTO confidence=high] 最终 SQL 与最近执行 SQL 不同；最近 observation=successful rows; last execution differs from gold；结构改写=expression_or_projection_only。","[AUTO confidence=medium] 排序结构不同：pred=['implicit']，gold=['desc']。","retrieval_complete_mining_abstained_semantic_failure","[""transactions_1k"", ""customers"", ""yearmonth"", ""gasstations""]","[]","[]","1","first_nonmatching_execution","1","unverified_rewrite_after_nonmatching_execution","false","true","0","0","0","1","0","Who is the top spending customer and how much is the average price per single item purchased by this customer? What currency was being used?","SELECT t.CustomerID, SUM(t.Price * t.Amount) / NULLIF(SUM(t.Amount), 0) AS avg_price_per_single_item, c.Currency FROM transactions_1k AS t INNER JOIN customers AS c ON t.CustomerID = c.CustomerID GROUP BY t.CustomerID, c.Currency ORDER BY SUM(t.Price * t.Amount) DESC LIMIT 1","SELECT T2.CustomerID, SUM(T2.Price / T2.Amount), T1.Currency FROM customers AS T1 INNER JOIN transactions_1k AS T2 ON T1.CustomerID = T2.CustomerID WHERE T2.CustomerID = ( SELECT CustomerID FROM yearmonth ORDER BY Consumption DESC LIMIT 1 ) GROUP BY T2.CustomerID, T1.Currency"
"20260714T210045Z-11af1da6","bird_1322","student_club","moderate","SEMANTIC_REVIEW_REQUIRED","filter_scope_or_expression_mismatch","SEMANTIC_REVIEW_REQUIRED","filter_scope_or_expression_mismatch","","","SEMANTIC_REVIEW_REQUIRED","filter_scope_or_expression_mismatch","1","","记录过滤字段、取值、时间范围和作用层级后再生成 SQL。","记录过滤字段、取值、时间范围和作用层级后再生成 SQL。","[AUTO confidence=low] 最终 SQL 已执行成功，但结果与 gold 不同；自动规则未发现更具体结构错误，需复核过滤范围或 gold 噪声。","[AUTO confidence=low] 最终 SQL 已执行成功，但结果与 gold 不同；自动规则未发现更具体结构错误，需复核过滤范围或 gold 噪声。","retrieval_complete_mining_abstained_semantic_failure","[""event"", ""income"", ""budget"", ""expense"", ""attendance"", ""member""]","[]","[]","1","first_nonmatching_execution","1","unverified_rewrite_after_nonmatching_execution","false","true","0","0","0","1","0","Among the events attended by more than 10 members of the Student_Club, how many of them are meetings?","SELECT COUNT(*) AS meeting_event_count FROM (SELECT a.link_to_event FROM attendance AS a JOIN event AS e ON a.link_to_event = e.event_id WHERE e.type = 'Meeting' GROUP BY a.link_to_event HAVING COUNT(a.link_to_event) > 10) AS qualifying_events;","SELECT T1.event_name FROM event AS T1  INNER JOIN attendance AS T2 ON T1.event_id = T2.link_to_event GROUP BY T1.event_id  HAVING COUNT(T2.link_to_event) > 10 EXCEPT SELECT T1.event_name  FROM event AS T1  WHERE T1.type = 'Meeting'"
"20260714T210045Z-11af1da6","bird_1338","student_club","moderate","OUTPUT_CONTRACT","output_column_count_mismatch","OUTPUT_CONTRACT","output_column_count_mismatch","","","OUTPUT_CONTRACT","output_column_count_mismatch","3","","生成输出契约并检查列数、顺序和每列含义。","生成输出契约并检查列数、顺序和每列含义。","[AUTO confidence=medium] 预测列数=3，gold 列数=1；需复核 gold 合理性。","[AUTO confidence=medium] 预测列数=3，gold 列数=1；需复核 gold 合理性。","retrieval_complete_mining_abstained_semantic_failure","[""expense"", ""event"", ""income"", ""attendance"", ""budget"", ""member""]","[]","[]","2","first_nonmatching_execution","3","final_same_as_last_execution","false","true","2","0","0","1","1","Was each expense in October Meeting on October 8, 2019 approved?","SELECT expense.expense_id, expense.expense_description, expense.approved FROM expense JOIN budget ON expense.link_to_budget = budget.budget_id JOIN event ON budget.link_to_event = event.event_id WHERE event.event_name = 'October Meeting' AND date(event.event_date) = '2019-10-08' ORDER BY expense.expense_id","SELECT T3.approved FROM event AS T1 INNER JOIN budget AS T2 ON T1.event_id = T2.link_to_event INNER JOIN expense AS T3 ON T2.budget_id = T3.link_to_budget WHERE T1.event_name = 'October Meeting' AND T1.event_date LIKE '2019-10-08%'"
"20260714T210045Z-11af1da6","bird_1350","student_club","moderate","RUNNER_OR_API","missing_final_sql","RUNNER_OR_API","missing_final_sql","","","","","8","","没有有效 FINAL SQL 时自动重试并记录解析错误。","","[AUTO confidence=high] 结果文件中的 predicted_sql 为空。","","retrieval_complete_mining_abstained_semantic_failure","[""expense"", ""event"", ""income"", ""budget"", ""member"", ""attendance""]","[]","[]","0","direct_final_without_execution","8","final_without_execution","false","true","0","0","7","0","0","What is the status of the event which bought ""Post Cards, Posters"" on 2019/8/20?","","SELECT T1.event_status FROM budget AS T1 INNER JOIN expense AS T2 ON T1.budget_id = T2.link_to_budget WHERE T2.expense_description = 'Post Cards, Posters' AND T2.expense_date = '2019-08-20'"
"20260714T210045Z-11af1da6","bird_1387","student_club","moderate","OUTPUT_CONTRACT","output_column_count_mismatch","UNVERIFIED_FINAL","final_sql_rewritten_after_incorrect_observation","UNVERIFIED_FINAL","final_sql_rewritten_after_incorrect_observation","OUTPUT_CONTRACT","output_column_count_mismatch","3","expression_or_projection_only","成功 observation 后若为了语义改写 SQL，先执行改写版本；记录改写的是投影、过滤、聚合还是排序。","生成输出契约并检查列数、顺序和每列含义。","[AUTO confidence=high] 最终 SQL 与最近执行 SQL 不同；最近 observation=successful rows; last execution differs from gold；结构改写=expression_or_projection_only。","[AUTO confidence=medium] 预测列数=1，gold 列数=2；需复核 gold 合理性。","retrieval_complete_mining_abstained_semantic_failure","[""event"", ""member"", ""budget"", ""income"", ""attendance"", ""expense"", ""major""]","[]","[]","3","first_nonmatching_execution","1","unverified_rewrite_after_nonmatching_execution","false","true","0","1","0","0","3","Which student has been entrusted to manage the budget for the Yearly Kickoff?","SELECT DISTINCT m.first_name || ' ' || m.last_name AS full_name FROM event AS e INNER JOIN budget AS b ON e.event_id = b.link_to_event INNER JOIN expense AS x ON b.budget_id = x.link_to_budget INNER JOIN member AS m ON x.link_to_member = m.member_id WHERE e.event_name = 'Yearly Kickoff' ORDER BY 1","SELECT T4.first_name, T4.last_name FROM event AS T1 INNER JOIN budget AS T2 ON T1.event_id = T2.link_to_event INNER JOIN expense AS T3 ON T2.budget_id = T3.link_to_budget INNER JOIN member AS T4 ON T3.link_to_member = T4.member_id WHERE T1.event_name = 'Yearly Kickoff'"
"20260714T210045Z-11af1da6","bird_1399","student_club","moderate","SEMANTIC_REVIEW_REQUIRED","filter_scope_or_expression_mismatch","SEMANTIC_REVIEW_REQUIRED","filter_scope_or_expression_mismatch","","","SEMANTIC_REVIEW_REQUIRED","filter_scope_or_expression_mismatch","1","","记录过滤字段、取值、时间范围和作用层级后再生成 SQL。","记录过滤字段、取值、时间范围和作用层级后再生成 SQL。","[AUTO confidence=low] 最终 SQL 已执行成功，但结果与 gold 不同；自动规则未发现更具体结构错误，需复核过滤范围或 gold 噪声。","[AUTO confidence=low] 最终 SQL 已执行成功，但结果与 gold 不同；自动规则未发现更具体结构错误，需复核过滤范围或 gold 噪声。","retrieval_complete_mining_abstained_semantic_failure","[""event"", ""member"", ""attendance"", ""budget"", ""expense"", ""income""]","[]","[]","1","first_nonmatching_execution","1","final_same_as_last_execution","false","true","0","0","0","1","0","Did Maya Mclean attend the 'Women's Soccer' event?","SELECT EXISTS(SELECT 1 FROM attendance AS T1 INNER JOIN member AS T2 ON T1.link_to_member = T2.member_id INNER JOIN event AS T3 ON T1.link_to_event = T3.event_id WHERE T2.first_name = 'Maya' AND T2.last_name = 'Mclean' AND T3.event_name = 'Women''s Soccer') AS attended;","SELECT CASE WHEN T3.event_name = 'Women''s Soccer' THEN 'YES' END AS result FROM member AS T1 INNER JOIN attendance AS T2 ON T1.member_id = T2.link_to_member INNER JOIN event AS T3 ON T2.link_to_event = T3.event_id WHERE T1.first_name = 'Maya' AND T1.last_name = 'Mclean'"
"20260714T210045Z-11af1da6","bird_1427","student_club","moderate","OUTPUT_CONTRACT","output_column_count_mismatch","OUTPUT_CONTRACT","output_column_count_mismatch","","","OUTPUT_CONTRACT","output_column_count_mismatch","1","","生成输出契约并检查列数、顺序和每列含义。","生成输出契约并检查列数、顺序和每列含义。","[AUTO confidence=medium] 预测列数=1，gold 列数=2；需复核 gold 合理性。","[AUTO confidence=medium] 预测列数=1，gold 列数=2；需复核 gold 合理性。","retrieval_complete_mining_abstained_semantic_failure","[""event"", ""budget"", ""income"", ""attendance"", ""member"", ""expense""]","[]","[]","1","first_nonmatching_execution","1","final_same_as_last_execution","false","true","0","0","0","1","0","What are the budget category of the events located at MU 215 and a guest speaker type with a 0 budget spent?","SELECT DISTINCT budget.category FROM budget JOIN event ON budget.link_to_event = event.event_id WHERE event.location = 'MU 215' AND event.type = 'Guest Speaker' AND budget.spent = 0 ORDER BY budget.category","SELECT DISTINCT T2.category, T1.type FROM event AS T1 INNER JOIN budget AS T2 ON T1.event_id = T2.link_to_event WHERE T1.location = 'MU 215' AND T2.spent = 0 AND T1.type = 'Guest Speaker'"
"20260714T210045Z-11af1da6","bird_1464","student_club","challenging","OUTPUT_CONTRACT","output_column_count_mismatch","OUTPUT_CONTRACT","output_column_count_mismatch","","","OUTPUT_CONTRACT","output_column_count_mismatch","1","","生成输出契约并检查列数、顺序和每列含义。","生成输出契约并检查列数、顺序和每列含义。","[AUTO confidence=medium] 预测列数=2，gold 列数=3；需复核 gold 合理性。","[AUTO confidence=medium] 预测列数=2，gold 列数=3；需复核 gold 合理性。","retrieval_complete_mining_abstained_semantic_failure","[""income"", ""event"", ""member"", ""expense"", ""attendance"", ""budget"", ""major""]","[]","[]","1","first_nonmatching_execution","1","final_same_as_last_execution","false","true","0","0","0","1","0","Write the full names of students who received funds on the date of 9/9/2019 and include the amount received.","SELECT member.first_name || ' ' || member.last_name AS full_name, income.amount FROM income JOIN member ON income.link_to_member = member.member_id WHERE income.date_received = '2019-09-09'","SELECT DISTINCT T3.first_name, T3.last_name, T4.amount FROM event AS T1 INNER JOIN attendance AS T2 ON T1.event_id = T2.link_to_event INNER JOIN member AS T3 ON T3.member_id = T2.link_to_member INNER JOIN income AS T4 ON T4.link_to_member = T3.member_id WHERE T4.date_received = '2019-09-09'"
"20260714T210045Z-11af1da6","bird_1166","thrombosis_prediction","simple","SEMANTIC_REVIEW_REQUIRED","filter_scope_or_expression_mismatch","UNVERIFIED_FINAL","final_sql_rewritten_after_incorrect_observation","UNVERIFIED_FINAL","final_sql_rewritten_after_incorrect_observation","SEMANTIC_REVIEW_REQUIRED","filter_scope_or_expression_mismatch","2","expression_or_projection_only","成功 observation 后若为了语义改写 SQL，先执行改写版本；记录改写的是投影、过滤、聚合还是排序。","记录过滤字段、取值、时间范围和作用层级后再生成 SQL。","[AUTO confidence=high] 最终 SQL 与最近执行 SQL 不同；最近 observation=successful rows; last execution differs from gold；结构改写=expression_or_projection_only。","[AUTO confidence=low] 最终 SQL 已执行成功，但结果与 gold 不同；自动规则未发现更具体结构错误，需复核过滤范围或 gold 噪声。","retrieval_complete_mining_abstained_semantic_failure","[""Examination"", ""Patient"", ""Laboratory""]","[]","[]","1","first_nonmatching_execution","1","unverified_rewrite_after_nonmatching_execution","false","true","0","0","0","0","1","What are the symptoms observed by the youngest patient to ever did a medical examination? Identify their diagnosis.","SELECT E.Symptoms, E.Diagnosis FROM Patient AS P INNER JOIN Examination AS E ON P.ID = E.ID WHERE E.Symptoms IS NOT NULL ORDER BY P.Birthday DESC, E.`Examination Date` DESC, P.ID LIMIT 1","SELECT T2.Symptoms, T1.Diagnosis FROM Patient AS T1 INNER JOIN Examination AS T2 ON T1.ID = T2.ID WHERE T2.Symptoms IS NOT NULL ORDER BY T1.Birthday DESC LIMIT 1"
"20260714T210045Z-11af1da6","bird_1168","thrombosis_prediction","challenging","OUTPUT_CONTRACT","output_column_count_mismatch","UNVERIFIED_FINAL","final_sql_rewritten_after_incorrect_observation","UNVERIFIED_FINAL","final_sql_rewritten_after_incorrect_observation","OUTPUT_CONTRACT","output_column_count_mismatch","2","tables","成功 observation 后若为了语义改写 SQL，先执行改写版本；记录改写的是投影、过滤、聚合还是排序。","生成输出契约并检查列数、顺序和每列含义。","[AUTO confidence=high] 最终 SQL 与最近执行 SQL 不同；最近 observation=successful rows; last execution differs from gold；结构改写=tables。","[AUTO confidence=medium] 预测列数=2，gold 列数=3；需复核 gold 合理性。","retrieval_complete_mining_abstained_semantic_failure","[""Patient"", ""Examination"", ""Laboratory""]","[]","[]","2","first_nonmatching_execution","1","unverified_rewrite_after_nonmatching_execution","false","true","0","0","0","0","2","The oldest SJS patient's medical laboratory work was completed on what date, and what age was the patient when they initially arrived at the hospital?","SELECT T2.Date, strftime('%Y', T1.[First Date]) - strftime('%Y', T1.Birthday) AS age_when_arrived FROM Patient AS T1 INNER JOIN Laboratory AS T2 ON T1.ID = T2.ID WHERE T1.Diagnosis = 'SJS' ORDER BY strftime('%Y', T1.Birthday) ASC, T2.Date ASC LIMIT 1","SELECT T1.Date, STRFTIME('%Y', T2.`First Date`) - STRFTIME('%Y', T2.Birthday),T2.Birthday FROM Laboratory AS T1 INNER JOIN Patient AS T2 ON T1.ID = T2.ID WHERE T2.Diagnosis = 'SJS' AND T2.Birthday IS NOT NULL ORDER BY T2.Birthday ASC LIMIT 1"
"20260714T210045Z-11af1da6","bird_1175","thrombosis_prediction","moderate","AGGREGATION_REASONING","aggregation_or_grouping_mismatch","UNVERIFIED_FINAL","final_sql_rewritten_after_incorrect_observation","UNVERIFIED_FINAL","final_sql_rewritten_after_incorrect_observation","AGGREGATION_REASONING","aggregation_or_grouping_mismatch","3","tables","成功 observation 后若为了语义改写 SQL，先执行改写版本；记录改写的是投影、过滤、聚合还是排序。","生成 SQL 前明确统计对象、分组键、聚合函数和聚合后的排序字段。","[AUTO confidence=high] 最终 SQL 与最近执行 SQL 不同；最近 observation=successful rows; last execution differs from gold；结构改写=tables。","[AUTO confidence=medium] 预测与 gold 的聚合结构不同：max(。","retrieval_complete_mining_abstained_semantic_failure","[""Laboratory"", ""Patient"", ""Examination""]","[]","[]","4","first_nonmatching_execution","1","unverified_rewrite_after_nonmatching_execution","false","true","0","1","0","1","3","How old was the patient who had the highest hemoglobin count at the time of the examination, and what is the doctor's diagnosis?","SELECT CAST(strftime('%Y', E.[Examination Date]) AS INTEGER) - CAST(strftime('%Y', P.Birthday) AS INTEGER) AS age, E.Diagnosis AS diagnosis FROM Examination AS E JOIN Patient AS P ON E.ID = P.ID JOIN Laboratory AS L ON L.ID = E.ID AND L.Date = E.[Examination Date] WHERE L.HGB = (SELECT MAX(L2.HGB) FROM Examination AS E2 JOIN Laboratory AS L2 ON L2.ID = E2.ID AND L2.Date = E2.[Examination Date]) LIMIT 1","SELECT STRFTIME('%Y', T2.Date) - STRFTIME('%Y', T1.Birthday), T1.Diagnosis FROM Patient AS T1 INNER JOIN Laboratory AS T2 ON T1.ID = T2.ID ORDER BY T2.HGB DESC LIMIT 1"
"20260714T210045Z-11af1da6","bird_1179","thrombosis_prediction","moderate","OUTPUT_CONTRACT","output_column_count_mismatch","OUTPUT_CONTRACT","output_column_count_mismatch","","","OUTPUT_CONTRACT","output_column_count_mismatch","4","","生成输出契约并检查列数、顺序和每列含义。","生成输出契约并检查列数、顺序和每列含义。","[AUTO confidence=medium] 预测列数=1，gold 列数=3；需复核 gold 合理性。","[AUTO confidence=medium] 预测列数=1，gold 列数=3；需复核 gold 合理性。","retrieval_complete_mining_abstained_semantic_failure","[""Examination"", ""Patient"", ""Laboratory""]","[]","[]","2","first_nonmatching_execution","2","final_same_as_last_execution","false","true","1","2","0","2","0","For the patient who was diagnosed with SLE on 1994/2/19, what was his/her anti-Cardiolipin antibody concentration status on 1993/11/12?","SELECT E.""aCL IgM"" FROM Patient AS P INNER JOIN Examination AS E ON P.ID = E.ID WHERE P.Diagnosis = 'SLE' AND P.Description = '1994-02-19' AND E.""Examination Date"" = '1993-11-12'","SELECT `aCL IgA`, `aCL IgG`, `aCL IgM` FROM Examination WHERE ID IN ( SELECT ID FROM Patient WHERE Diagnosis = 'SLE' AND Description = '1994-02-19' ) AND `Examination Date` = '1993-11-12'"
"20260714T210045Z-11af1da6","bird_1205","thrombosis_prediction","moderate","SEMANTIC_REVIEW_REQUIRED","filter_scope_or_expression_mismatch","UNVERIFIED_FINAL","final_sql_rewritten_after_incorrect_observation","UNVERIFIED_FINAL","final_sql_rewritten_after_incorrect_observation","SEMANTIC_REVIEW_REQUIRED","filter_scope_or_expression_mismatch","2","aggregate","成功 observation 后若为了语义改写 SQL，先执行改写版本；记录改写的是投影、过滤、聚合还是排序。","记录过滤字段、取值、时间范围和作用层级后再生成 SQL。","[AUTO confidence=high] 最终 SQL 与最近执行 SQL 不同；最近 observation=successful rows; last execution differs from gold；结构改写=aggregate。","[AUTO confidence=low] 最终 SQL 已执行成功，但结果与 gold 不同；自动规则未发现更具体结构错误，需复核过滤范围或 gold 噪声。","retrieval_complete_mining_abstained_semantic_failure","[""Laboratory"", ""Patient"", ""Examination""]","[]","[]","2","first_nonmatching_execution","1","unverified_rewrite_after_nonmatching_execution","false","true","0","0","0","0","2","Was the patient with the number 57266's uric acid within a normal range?","SELECT EXISTS(SELECT 1 FROM Laboratory AS L INNER JOIN Patient AS P ON L.ID = P.ID WHERE P.ID = 57266 AND ((P.SEX = 'M' AND L.UA > 8.0) OR (P.SEX = 'F' AND L.UA > 6.5))) AS answer","SELECT CASE WHEN (T1.SEX = 'F' AND T2.UA > 6.5) OR (T1.SEX = 'M' AND T2.UA > 8.0) THEN true ELSE false END FROM Patient AS T1 INNER JOIN Laboratory AS T2 ON T1.ID = T2.ID WHERE T1.ID = 57266"
"20260714T210045Z-11af1da6","bird_1225","thrombosis_prediction","moderate","SEMANTIC_REVIEW_REQUIRED","filter_scope_or_expression_mismatch","UNVERIFIED_FINAL","final_sql_rewritten_after_incorrect_observation","UNVERIFIED_FINAL","final_sql_rewritten_after_incorrect_observation","SEMANTIC_REVIEW_REQUIRED","filter_scope_or_expression_mismatch","2","expression_or_projection_only","成功 observation 后若为了语义改写 SQL，先执行改写版本；记录改写的是投影、过滤、聚合还是排序。","记录过滤字段、取值、时间范围和作用层级后再生成 SQL。","[AUTO confidence=high] 最终 SQL 与最近执行 SQL 不同；最近 observation=successful rows; last execution differs from gold；结构改写=expression_or_projection_only。","[AUTO confidence=low] 最终 SQL 已执行成功，但结果与 gold 不同；自动规则未发现更具体结构错误，需复核过滤范围或 gold 噪声。","retrieval_complete_mining_abstained_semantic_failure","[""Laboratory"", ""Patient"", ""Examination""]","[]","[]","1","first_nonmatching_execution","1","unverified_rewrite_after_nonmatching_execution","false","true","0","0","0","1","0","List and group all patients by sex for total bilirubin (T-BIL) level not within the normal range.","SELECT T2.SEX, GROUP_CONCAT(DISTINCT T2.ID) AS patient_id_list FROM Laboratory AS T1 INNER JOIN Patient AS T2 ON T1.ID = T2.ID WHERE T1.""T-BIL"" >= 2.0 GROUP BY T2.SEX ORDER BY T2.SEX","SELECT T1.ID,T1.SEX FROM Patient AS T1 INNER JOIN Laboratory AS T2 ON T1.ID = T2.ID WHERE T2.`T-BIL` >= 2.0 GROUP BY T1.SEX,T1.ID"
"20260714T210045Z-11af1da6","bird_1235","thrombosis_prediction","moderate","SEMANTIC_REVIEW_REQUIRED","filter_scope_or_expression_mismatch","SEMANTIC_REVIEW_REQUIRED","filter_scope_or_expression_mismatch","","","SEMANTIC_REVIEW_REQUIRED","filter_scope_or_expression_mismatch","1","","记录过滤字段、取值、时间范围和作用层级后再生成 SQL。","记录过滤字段、取值、时间范围和作用层级后再生成 SQL。","[AUTO confidence=low] 最终 SQL 已执行成功，但结果与 gold 不同；自动规则未发现更具体结构错误，需复核过滤范围或 gold 噪声。","[AUTO confidence=low] 最终 SQL 已执行成功，但结果与 gold 不同；自动规则未发现更具体结构错误，需复核过滤范围或 gold 噪声。","retrieval_complete_mining_abstained_semantic_failure","[""Laboratory"", ""Patient"", ""Examination""]","[]","[]","1","first_nonmatching_execution","1","final_same_as_last_execution","false","true","0","0","0","0","1","What are the patient's diagnosis for those who has lower red blood blood cell? State their ID and age.","SELECT DISTINCT P.ID, CAST(strftime('%Y', current_timestamp) AS INTEGER) - CAST(strftime('%Y', P.Birthday) AS INTEGER) AS age, P.Diagnosis FROM Laboratory AS L INNER JOIN Patient AS P ON L.ID = P.ID WHERE L.RBC < 3.5 ORDER BY P.ID","SELECT DISTINCT T1.Diagnosis, T1.ID , STRFTIME('%Y', CURRENT_TIMESTAMP) -STRFTIME('%Y', T1.Birthday) FROM Patient AS T1 INNER JOIN Laboratory AS T2 ON T1.ID = T2.ID WHERE T2.RBC < 3.5"
"20260714T210045Z-11af1da6","bird_1239","thrombosis_prediction","challenging","SEMANTIC_REVIEW_REQUIRED","filter_scope_or_expression_mismatch","UNVERIFIED_FINAL","final_sql_rewritten_after_incorrect_observation","UNVERIFIED_FINAL","final_sql_rewritten_after_incorrect_observation","SEMANTIC_REVIEW_REQUIRED","filter_scope_or_expression_mismatch","3","expression_or_projection_only","成功 observation 后若为了语义改写 SQL，先执行改写版本；记录改写的是投影、过滤、聚合还是排序。","记录过滤字段、取值、时间范围和作用层级后再生成 SQL。","[AUTO confidence=high] 最终 SQL 与最近执行 SQL 不同；最近 observation=successful rows; last execution differs from gold；结构改写=expression_or_projection_only。","[AUTO confidence=low] 最终 SQL 已执行成功，但结果与 gold 不同；自动规则未发现更具体结构错误，需复核过滤范围或 gold 噪声。","retrieval_complete_mining_abstained_semantic_failure","[""Laboratory"", ""Examination"", ""Patient""]","[]","[]","1","first_nonmatching_execution","1","unverified_rewrite_after_nonmatching_execution","false","true","0","0","0","1","0","Name the ID and age of patient with two or more laboratory examinations which show their hematoclit level exceeded the normal range.","SELECT T2.ID, CAST(STRFTIME('%Y', CURRENT_TIMESTAMP) AS INTEGER) - CAST(STRFTIME('%Y', T2.Birthday) AS INTEGER) AS age FROM Laboratory AS T1 INNER JOIN Patient AS T2 ON T1.ID = T2.ID WHERE T1.HCT >= 52 GROUP BY T2.ID, T2.Birthday HAVING COUNT(T1.ID) > 2","SELECT DISTINCT T1.ID, STRFTIME('%Y', CURRENT_TIMESTAMP) - STRFTIME('%Y', T1.Birthday) FROM Patient AS T1 INNER JOIN Laboratory AS T2 ON T1.ID = T2.ID WHERE T1.ID IN ( SELECT ID FROM Laboratory WHERE HCT >= 52 GROUP BY ID HAVING COUNT(ID) >= 2 )"
"20260714T210045Z-11af1da6","bird_1241","thrombosis_prediction","challenging","SCHEMA_LINKING","table_or_join_path_mismatch","SCHEMA_LINKING","table_or_join_path_mismatch","","","SCHEMA_LINKING","table_or_join_path_mismatch","1","","生成 SQL 前记录表、字段来源和 JOIN 路径，并通过 Schema 校验。","生成 SQL 前记录表、字段来源和 JOIN 路径，并通过 Schema 校验。","[AUTO confidence=medium] 表集合不同：pred=['laboratory']，gold=['laboratory', 'patient']；需复核 gold。","[AUTO confidence=medium] 表集合不同：pred=['laboratory']，gold=['laboratory', 'patient']；需复核 gold。","retrieval_complete_mining_abstained_semantic_failure","[""Laboratory"", ""Examination"", ""Patient""]","[]","[]","1","first_nonmatching_execution","1","final_same_as_last_execution","false","true","0","0","0","1","0","For patients with abnormal platelet level, state the number of patients with lower than normal range. How is it compare to the number of patients with higher than normal range?","SELECT SUM(PLT < 100) - SUM(PLT > 400) AS calculation FROM Laboratory WHERE PLT <= 100 OR PLT >= 400","SELECT SUM(CASE WHEN T2.PLT <= 100 THEN 1 ELSE 0 END) - SUM(CASE WHEN T2.PLT >= 400 THEN 1 ELSE 0 END) FROM Patient AS T1 INNER JOIN Laboratory AS T2 ON T1.ID = T2.ID"
"20260714T210045Z-11af1da6","bird_1242","thrombosis_prediction","challenging","SEMANTIC_REVIEW_REQUIRED","filter_scope_or_expression_mismatch","UNVERIFIED_FINAL","final_sql_rewritten_after_incorrect_observation","UNVERIFIED_FINAL","final_sql_rewritten_after_incorrect_observation","SEMANTIC_REVIEW_REQUIRED","filter_scope_or_expression_mismatch","2","expression_or_projection_only","成功 observation 后若为了语义改写 SQL，先执行改写版本；记录改写的是投影、过滤、聚合还是排序。","记录过滤字段、取值、时间范围和作用层级后再生成 SQL。","[AUTO confidence=high] 最终 SQL 与最近执行 SQL 不同；最近 observation=successful rows; last execution differs from gold；结构改写=expression_or_projection_only。","[AUTO confidence=low] 最终 SQL 已执行成功，但结果与 gold 不同；自动规则未发现更具体结构错误，需复核过滤范围或 gold 噪声。","retrieval_complete_mining_abstained_semantic_failure","[""Laboratory"", ""Examination"", ""Patient""]","[]","[]","3","first_nonmatching_execution","1","unverified_rewrite_after_nonmatching_execution","false","true","0","0","0","3","0","For laboratory examinations take in 1984, list all patients below 50 years old with normal platelet level.","SELECT DISTINCT P.ID FROM Laboratory AS L INNER JOIN Patient AS P ON L.ID = P.ID WHERE strftime('%Y', L.Date) = '1984' AND (CAST(strftime('%Y', CURRENT_TIMESTAMP) AS INTEGER) - CAST(strftime('%Y', P.Birthday) AS INTEGER)) < 50 AND L.PLT > 100 AND L.PLT < 400 ORDER BY P.ID","SELECT DISTINCT T1.ID FROM Patient AS T1 INNER JOIN Laboratory AS T2 ON T1.ID = T2.ID WHERE T2.PLT BETWEEN 100 AND 400 AND STRFTIME('%Y', T2.Date) - STRFTIME('%Y', T1.Birthday) < 50 AND STRFTIME('%Y', T2.Date) = '1984'"
"20260714T210045Z-11af1da6","bird_1243","thrombosis_prediction","challenging","SEMANTIC_REVIEW_REQUIRED","filter_scope_or_expression_mismatch","SEMANTIC_REVIEW_REQUIRED","filter_scope_or_expression_mismatch","","","SEMANTIC_REVIEW_REQUIRED","filter_scope_or_expression_mismatch","1","","记录过滤字段、取值、时间范围和作用层级后再生成 SQL。","记录过滤字段、取值、时间范围和作用层级后再生成 SQL。","[AUTO confidence=low] 最终 SQL 已执行成功，但结果与 gold 不同；自动规则未发现更具体结构错误，需复核过滤范围或 gold 噪声。","[AUTO confidence=low] 最终 SQL 已执行成功，但结果与 gold 不同；自动规则未发现更具体结构错误，需复核过滤范围或 gold 噪声。","retrieval_complete_mining_abstained_semantic_failure","[""Laboratory"", ""Patient"", ""Examination""]","[]","[]","1","first_nonmatching_execution","1","final_same_as_last_execution","false","true","0","0","0","1","0","For all patients who are older than 55 years old, what is the percentage of female who has abnormal prothrombin time (PT)?","SELECT CAST(SUM(CASE WHEN Patient.SEX = 'F' THEN 1 ELSE 0 END) AS REAL) * 100.0 / COUNT(*) FROM Laboratory INNER JOIN Patient ON Laboratory.ID = Patient.ID WHERE Laboratory.PT >= 14 AND CAST(strftime('%Y', CURRENT_TIMESTAMP) AS INTEGER) - CAST(strftime('%Y', Patient.Birthday) AS INTEGER) > 55","SELECT CAST(SUM(CASE WHEN T2.PT >= 14 AND T1.SEX = 'F' THEN 1 ELSE 0 END) AS REAL) * 100 / COUNT(CASE WHEN T2.PT >= 14 THEN 1 ELSE 0 END) FROM Patient AS T1 INNER JOIN Laboratory AS T2 ON T1.ID = T2.ID WHERE STRFTIME('%Y', CURRENT_TIMESTAMP) - STRFTIME('%Y', T1.Birthday) > 55"
"20260714T210045Z-11af1da6","bird_1247","thrombosis_prediction","challenging","SEMANTIC_REVIEW_REQUIRED","filter_scope_or_expression_mismatch","SEMANTIC_REVIEW_REQUIRED","filter_scope_or_expression_mismatch","","","SEMANTIC_REVIEW_REQUIRED","filter_scope_or_expression_mismatch","1","","记录过滤字段、取值、时间范围和作用层级后再生成 SQL。","记录过滤字段、取值、时间范围和作用层级后再生成 SQL。","[AUTO confidence=low] 最终 SQL 已执行成功，但结果与 gold 不同；自动规则未发现更具体结构错误，需复核过滤范围或 gold 噪声。","[AUTO confidence=low] 最终 SQL 已执行成功，但结果与 gold 不同；自动规则未发现更具体结构错误，需复核过滤范围或 gold 噪声。","retrieval_complete_mining_abstained_semantic_failure","[""Laboratory"", ""Patient"", ""Examination""]","[]","[]","1","first_nonmatching_execution","1","final_same_as_last_execution","false","true","0","0","0","1","0","Among the male patients who have a normal level of white blood cells, how many of them have an abnormal fibrinogen level?","SELECT COUNT(DISTINCT Patient.ID) FROM Patient INNER JOIN Laboratory ON Laboratory.ID = Patient.ID WHERE Patient.SEX = 'M' AND Laboratory.WBC > 3.5 AND Laboratory.WBC < 9.0 AND (Laboratory.FG <= 150 OR Laboratory.FG >= 450)","SELECT COUNT(DISTINCT T1.ID) FROM Patient AS T1 INNER JOIN Laboratory AS T2 ON T1.ID = T2.ID WHERE T2.FG <= 150 OR T2.FG >= 450 AND T2.WBC > 3.5 AND T2.WBC < 9.0 AND T1.SEX = 'M'"
"20260714T210045Z-11af1da6","bird_1251","thrombosis_prediction","simple","SCHEMA_LINKING","table_or_join_path_mismatch","SCHEMA_LINKING","table_or_join_path_mismatch","","","SCHEMA_LINKING","table_or_join_path_mismatch","1","","生成 SQL 前记录表、字段来源和 JOIN 路径，并通过 Schema 校验。","生成 SQL 前记录表、字段来源和 JOIN 路径，并通过 Schema 校验。","[AUTO confidence=medium] 表集合不同：pred=['laboratory']，gold=['examination', 'laboratory', 'patient']；需复核 gold。","[AUTO confidence=medium] 表集合不同：pred=['laboratory']，gold=['examination', 'laboratory', 'patient']；需复核 gold。","retrieval_complete_mining_abstained_semantic_failure","[""Laboratory"", ""Examination"", ""Patient""]","[]","[]","1","first_nonmatching_execution","1","final_same_as_last_execution","false","true","0","0","0","1","0","How many patients with an Ig G higher than normal?","SELECT COUNT(DISTINCT ID) FROM Laboratory WHERE IGG >= 2000","SELECT COUNT(DISTINCT T1.ID) FROM Patient AS T1 INNER JOIN Laboratory AS T2 ON T1.ID = T2.ID INNER JOIN Examination AS T3 ON T3.ID = T2.ID WHERE T2.IGG >= 2000"
"20260714T210045Z-11af1da6","bird_1252","thrombosis_prediction","moderate","SCHEMA_LINKING","table_or_join_path_mismatch","SCHEMA_LINKING","table_or_join_path_mismatch","","","SCHEMA_LINKING","table_or_join_path_mismatch","1","","生成 SQL 前记录表、字段来源和 JOIN 路径，并通过 Schema 校验。","生成 SQL 前记录表、字段来源和 JOIN 路径，并通过 Schema 校验。","[AUTO confidence=medium] 表集合不同：pred=['examination', 'laboratory']，gold=['examination', 'laboratory', 'patient']；需复核 gold。","[AUTO confidence=medium] 表集合不同：pred=['examination', 'laboratory']，gold=['examination', 'laboratory', 'patient']；需复核 gold。","retrieval_complete_mining_abstained_semantic_failure","[""Laboratory"", ""Examination"", ""Patient""]","[]","[]","1","first_nonmatching_execution","1","final_same_as_last_execution","false","true","0","0","0","1","0","Among the patients with a normal Ig G level, how many of them have symptoms?","SELECT COUNT(DISTINCT L.ID) AS patient_count FROM Laboratory AS L INNER JOIN Examination AS E ON L.ID = E.ID WHERE L.IGG > 900 AND L.IGG < 2000 AND E.Symptoms IS NOT NULL","SELECT COUNT(T1.ID) FROM Patient AS T1 INNER JOIN Laboratory AS T2 ON T1.ID = T2.ID INNER JOIN Examination AS T3 ON T3.ID = T2.ID WHERE T2.IGG BETWEEN 900 AND 2000 AND T3.Symptoms IS NOT NULL"
"20260714T210045Z-11af1da6","bird_1254","thrombosis_prediction","moderate","SEMANTIC_REVIEW_REQUIRED","filter_scope_or_expression_mismatch","UNVERIFIED_FINAL","final_sql_rewritten_after_incorrect_observation","UNVERIFIED_FINAL","final_sql_rewritten_after_incorrect_observation","SEMANTIC_REVIEW_REQUIRED","filter_scope_or_expression_mismatch","2","expression_or_projection_only","成功 observation 后若为了语义改写 SQL，先执行改写版本；记录改写的是投影、过滤、聚合还是排序。","记录过滤字段、取值、时间范围和作用层级后再生成 SQL。","[AUTO confidence=high] 最终 SQL 与最近执行 SQL 不同；最近 observation=successful rows; last execution differs from gold；结构改写=expression_or_projection_only。","[AUTO confidence=low] 最终 SQL 已执行成功，但结果与 gold 不同；自动规则未发现更具体结构错误，需复核过滤范围或 gold 噪声。","retrieval_complete_mining_abstained_semantic_failure","[""Laboratory"", ""Patient"", ""Examination""]","[]","[]","2","first_nonmatching_execution","1","unverified_rewrite_after_nonmatching_execution","false","true","0","0","0","2","0","How many patients with a normal Ig A level came to the hospital after 1990/1/1?","SELECT COUNT(DISTINCT P.ID) AS patient_count FROM Patient AS P INNER JOIN Laboratory AS L ON P.ID = L.ID WHERE L.IGA > 80 AND L.IGA < 500 AND CAST(strftime('%Y', P.[First Date]) AS INTEGER) >= 1990","SELECT COUNT(T1.ID) FROM Patient AS T1 INNER JOIN Laboratory AS T2 ON T1.ID = T2.ID WHERE T2.IGA BETWEEN 80 AND 500 AND  strftime('%Y',  T1.`First Date`) > '1990'"
"20260714T210045Z-11af1da6","bird_1265","thrombosis_prediction","moderate","SEMANTIC_REVIEW_REQUIRED","filter_scope_or_expression_mismatch","SEMANTIC_REVIEW_REQUIRED","filter_scope_or_expression_mismatch","","","SEMANTIC_REVIEW_REQUIRED","filter_scope_or_expression_mismatch","2","","记录过滤字段、取值、时间范围和作用层级后再生成 SQL。","记录过滤字段、取值、时间范围和作用层级后再生成 SQL。","[AUTO confidence=low] 最终 SQL 已执行成功，但结果与 gold 不同；自动规则未发现更具体结构错误，需复核过滤范围或 gold 噪声。","[AUTO confidence=low] 最终 SQL 已执行成功，但结果与 gold 不同；自动规则未发现更具体结构错误，需复核过滤范围或 gold 噪声。","retrieval_complete_mining_abstained_semantic_failure","[""Laboratory"", ""Patient"", ""Examination""]","[]","[]","2","first_nonmatching_execution","1","final_same_as_last_execution","false","true","0","1","0","2","0","How many patients have a normal level of anti-ribonuclear protein and have been admitted to the hospital?","SELECT COUNT(DISTINCT T1.ID) FROM Laboratory AS T1 INNER JOIN Patient AS T2 ON T1.ID = T2.ID WHERE T1.RNP IN ('negative', '0') AND T2.Admission = '+'","SELECT COUNT(DISTINCT T1.ID) FROM Patient AS T1 INNER JOIN Laboratory AS T2 ON T1.ID = T2.ID WHERE T2.RNP = 'negative' OR T2.RNP = '0' AND T1.Admission = '+'"
"20260714T210045Z-11af1da6","bird_1267","thrombosis_prediction","moderate","SEMANTIC_REVIEW_REQUIRED","filter_scope_or_expression_mismatch","UNVERIFIED_FINAL","final_sql_rewritten_after_incorrect_observation","UNVERIFIED_FINAL","final_sql_rewritten_after_incorrect_observation","SEMANTIC_REVIEW_REQUIRED","filter_scope_or_expression_mismatch","2","expression_or_projection_only","成功 observation 后若为了语义改写 SQL，先执行改写版本；记录改写的是投影、过滤、聚合还是排序。","记录过滤字段、取值、时间范围和作用层级后再生成 SQL。","[AUTO confidence=high] 最终 SQL 与最近执行 SQL 不同；最近 observation=successful rows; last execution differs from gold；结构改写=expression_or_projection_only。","[AUTO confidence=low] 最终 SQL 已执行成功，但结果与 gold 不同；自动规则未发现更具体结构错误，需复核过滤范围或 gold 噪声。","retrieval_complete_mining_abstained_semantic_failure","[""Laboratory"", ""Examination"", ""Patient""]","[]","[]","1","first_nonmatching_execution","1","unverified_rewrite_after_nonmatching_execution","false","true","0","0","0","1","0","Among the patients with normal anti-SM, how many of them does not have thrombosis?","SELECT COUNT(DISTINCT T1.ID) FROM Laboratory AS T1 INNER JOIN Examination AS T2 ON T1.ID = T2.ID WHERE T1.SM IN ('negative', '0') AND T2.Thrombosis = 0","SELECT COUNT(T1.ID) FROM Examination AS T1 INNER JOIN Laboratory AS T2 ON T1.ID = T2.ID WHERE T2.SM IN ('negative','0') AND T1.Thrombosis = 0"
"20260714T210045Z-11af1da6","bird_1029","european_football_2","moderate","OUTPUT_CONTRACT","output_column_count_mismatch","OUTPUT_CONTRACT","output_column_count_mismatch","","","OUTPUT_CONTRACT","output_column_count_mismatch","1","","生成输出契约并检查列数、顺序和每列含义。","生成输出契约并检查列数、顺序和每列含义。","[AUTO confidence=medium] 预测列数=2，gold 列数=1；需复核 gold 合理性。","[AUTO confidence=medium] 预测列数=2，gold 列数=1；需复核 gold 合理性。","retrieval_complete_mining_abstained_semantic_failure","[""Team_Attributes"", ""Player_Attributes"", ""Match"", ""Team"", ""Player"", ""Country""]","[]","[]","1","first_nonmatching_execution","1","final_same_as_last_execution","false","true","0","0","0","1","0","What are the speed in which attacks are put together of the top 4 teams with the highest build Up Play Speed?","SELECT Team.team_long_name, MAX(Team_Attributes.buildUpPlaySpeed) AS buildUpPlaySpeed FROM Team_Attributes JOIN Team ON Team_Attributes.team_api_id = Team.team_api_id GROUP BY Team.team_api_id, Team.team_long_name ORDER BY MAX(Team_Attributes.buildUpPlaySpeed) DESC, Team.team_long_name ASC LIMIT 4","SELECT t1.buildUpPlaySpeed FROM Team_Attributes AS t1 INNER JOIN Team AS t2 ON t1.team_api_id = t2.team_api_id ORDER BY t1.buildUpPlaySpeed ASC LIMIT 4"
"20260714T210045Z-11af1da6","bird_1031","european_football_2","challenging","SEMANTIC_REVIEW_REQUIRED","filter_scope_or_expression_mismatch","SEMANTIC_REVIEW_REQUIRED","filter_scope_or_expression_mismatch","","","SEMANTIC_REVIEW_REQUIRED","filter_scope_or_expression_mismatch","1","","记录过滤字段、取值、时间范围和作用层级后再生成 SQL。","记录过滤字段、取值、时间范围和作用层级后再生成 SQL。","[AUTO confidence=low] 最终 SQL 已执行成功，但结果与 gold 不同；自动规则未发现更具体结构错误，需复核过滤范围或 gold 噪声。","[AUTO confidence=low] 最终 SQL 已执行成功，但结果与 gold 不同；自动规则未发现更具体结构错误，需复核过滤范围或 gold 噪声。","retrieval_complete_mining_abstained_semantic_failure","[""Player_Attributes"", ""Match"", ""Team_Attributes"", ""Player"", ""Team"", ""Country""]","[]","[]","1","first_nonmatching_execution","1","final_same_as_last_execution","false","true","0","0","0","1","0","At present, calculate for the player's age who have a sprint speed of no less than 97 between 2013 to 2015.","SELECT CAST((julianday('now') - julianday(P.birthday)) / 365.25 AS INTEGER) AS age FROM Player_Attributes AS PA INNER JOIN Player AS P ON PA.player_api_id = P.player_api_id WHERE PA.sprint_speed >= 97 AND CAST(strftime('%Y', PA.date) AS INTEGER) BETWEEN 2013 AND 2015","SELECT DISTINCT DATETIME() - T2.birthday age FROM Player_Attributes AS t1 INNER JOIN Player AS t2 ON t1.player_api_id = t2.player_api_id WHERE STRFTIME('%Y',t1.`date`) >= '2013' AND STRFTIME('%Y',t1.`date`) <= '2015' AND t1.sprint_speed >= 97"
"20260714T210045Z-11af1da6","bird_1058","european_football_2","challenging","AGGREGATION_REASONING","aggregation_or_grouping_mismatch","AGGREGATION_REASONING","aggregation_or_grouping_mismatch","","","AGGREGATION_REASONING","aggregation_or_grouping_mismatch","1","","生成 SQL 前明确统计对象、分组键、聚合函数和聚合后的排序字段。","生成 SQL 前明确统计对象、分组键、聚合函数和聚合后的排序字段。","[AUTO confidence=medium] 预测与 gold 的聚合结构不同：group by。","[AUTO confidence=medium] 预测与 gold 的聚合结构不同：group by。","retrieval_complete_mining_abstained_semantic_failure","[""Player_Attributes"", ""Player"", ""Match"", ""Team_Attributes"", ""Team"", ""Country""]","[]","[]","1","first_nonmatching_execution","1","final_same_as_last_execution","false","true","0","0","0","1","0","Who has the highest average finishing rate between the highest and shortest football player?","WITH extreme_players AS ( SELECT p.player_api_id, p.player_name FROM Player AS p WHERE p.height = (SELECT MAX(height) FROM Player) OR p.height = (SELECT MIN(height) FROM Player) ), player_avg AS ( SELECT ep.player_api_id, ep.player_name, AVG(pa.finishing) AS avg_finishing FROM extreme_players AS ep JOIN Player_Attributes AS pa ON ep.player_api_id = pa.player_api_id GROUP BY ep.player_api_id, ep.player_name ) SELECT player_name FROM player_avg ORDER BY avg_finishing DESC, player_name ASC LIMIT 1;","SELECT A FROM ( SELECT AVG(finishing) result, 'Max' A FROM Player AS T1 INNER JOIN Player_Attributes AS T2 ON T1.player_api_id = T2.player_api_id WHERE T1.height = ( SELECT MAX(height) FROM Player ) UNION SELECT AVG(finishing) result, 'Min' A FROM Player AS T1 INNER JOIN Player_Attributes AS T2 ON T1.player_api_id = T2.player_api_id WHERE T1.height = ( SELECT MIN(height) FROM Player ) ) ORDER BY result DESC LIMIT 1"
"20260714T210045Z-11af1da6","bird_1092","european_football_2","simple","AGGREGATION_REASONING","aggregation_or_grouping_mismatch","UNVERIFIED_FINAL","final_without_db_execution","UNVERIFIED_FINAL","final_without_db_execution","AGGREGATION_REASONING","aggregation_or_grouping_mismatch","3","no_prior_execution","在首次 FINAL 前先执行将要提交的 SQL，并把执行状态写入 trace。","生成 SQL 前明确统计对象、分组键、聚合函数和聚合后的排序字段。","[AUTO confidence=high] 最终 SQL 前没有 db.execute 记录。","[AUTO confidence=medium] 预测与 gold 的聚合结构不同：having, max(。","detailed_schema_column_miss_or_compact_index_only","[""Match"", ""League"", ""Country"", ""Player"", ""Team"", ""Player_Attributes""]","[]","[""match.season""]","0","retrieval_context_risk","0","final_without_execution","false","true","0","0","0","0","0","Give the name of the league had the most matches in the 2008/2009 season?","SELECT League.name FROM Match JOIN League ON Match.league_id = League.id WHERE Match.season = '2008/2009' GROUP BY League.id, League.name ORDER BY COUNT(Match.id) DESC LIMIT 1","SELECT t1.name FROM League AS t1 JOIN Match AS t2 ON t1.id = t2.league_id WHERE t2.season = '2008/2009' GROUP BY t1.name HAVING COUNT(t2.id) = (SELECT MAX(match_count) FROM (SELECT COUNT(t2.id) AS match_count FROM Match AS t2 WHERE t2.season = '2008/2009' GROUP BY t2.league_id))"
"20260714T210045Z-11af1da6","bird_1094","european_football_2","challenging","AGGREGATION_REASONING","aggregation_or_grouping_mismatch","UNVERIFIED_FINAL","final_sql_rewritten_after_incorrect_observation","UNVERIFIED_FINAL","final_sql_rewritten_after_incorrect_observation","AGGREGATION_REASONING","aggregation_or_grouping_mismatch","2","tables, GROUP BY, LIMIT, aggregate","成功 observation 后若为了语义改写 SQL，先执行改写版本；记录改写的是投影、过滤、聚合还是排序。","生成 SQL 前明确统计对象、分组键、聚合函数和聚合后的排序字段。","[AUTO confidence=high] 最终 SQL 与最近执行 SQL 不同；最近 observation=successful rows; last execution differs from gold；结构改写=tables, GROUP BY, LIMIT, aggregate。","[AUTO confidence=medium] 预测与 gold 的聚合结构不同：sum(。","retrieval_complete_mining_abstained_semantic_failure","[""Player_Attributes"", ""Player"", ""Country"", ""League"", ""Match""]","[]","[]","1","first_nonmatching_execution","1","unverified_rewrite_after_nonmatching_execution","false","true","0","0","0","1","0","How much higher in percentage is Ariel Borysiuk's overall rating than that of Paulin Puel?","WITH ariel AS (SELECT pa.overall_rating FROM Player p JOIN Player_Attributes pa ON p.player_api_id = pa.player_api_id WHERE p.player_name = 'Ariel Borysiuk' ORDER BY pa.date DESC LIMIT 1), paulin AS (SELECT pa.overall_rating FROM Player p JOIN Player_Attributes pa ON p.player_api_id = pa.player_api_id WHERE p.player_name = 'Paulin Puel' ORDER BY pa.date DESC LIMIT 1) SELECT ((ariel.overall_rating - paulin.overall_rating) * 100.0 / paulin.overall_rating) AS percentage_higher FROM ariel, paulin;","SELECT (SUM(CASE WHEN t1.player_name = 'Ariel Borysiuk' THEN t2.overall_rating ELSE 0 END) * 1.0 - SUM(CASE WHEN t1.player_name = 'Paulin Puel' THEN t2.overall_rating ELSE 0 END)) * 100 / SUM(CASE WHEN t1.player_name = 'Paulin Puel' THEN t2.overall_rating ELSE 0 END) FROM Player AS t1 INNER JOIN Player_Attributes AS t2 ON t1.player_api_id = t2.player_api_id"
"20260714T210045Z-11af1da6","bird_1107","european_football_2","moderate","AGGREGATION_REASONING","sort_direction_or_order_scope_mismatch","AGGREGATION_REASONING","sort_direction_or_order_scope_mismatch","","","AGGREGATION_REASONING","sort_direction_or_order_scope_mismatch","1","","显式记录排序指标、方向以及排序发生在聚合前还是聚合后。","显式记录排序指标、方向以及排序发生在聚合前还是聚合后。","[AUTO confidence=medium] 排序结构不同：pred=['desc']，gold=['desc', 'desc']。","[AUTO confidence=medium] 排序结构不同：pred=['desc']，gold=['desc', 'desc']。","detailed_schema_column_miss_or_compact_index_only","[""Player_Attributes"", ""Match"", ""Team_Attributes"", ""Player"", ""Team"", ""Country""]","[]","[""player_attributes.date""]","1","retrieval_context_risk","0","final_same_as_last_execution","false","true","0","0","0","1","0","When was the first time did Kevin Constant have his highest crossing score? Give the date.","SELECT PA.date FROM Player AS P INNER JOIN Player_Attributes AS PA ON P.player_api_id = PA.player_api_id WHERE P.player_name = 'Kevin Constant' ORDER BY PA.crossing DESC, PA.date ASC LIMIT 1","SELECT `date` FROM ( SELECT t2.crossing, t2.`date` FROM Player AS t1 INNER JOIN Player_Attributes AS t2 ON t1.player_fifa_api_id = t2.player_fifa_api_id WHERE t1.player_name = 'Kevin Constant' ORDER BY t2.crossing DESC) ORDER BY date DESC LIMIT 1"
"20260714T210045Z-11af1da6","bird_1135","european_football_2","moderate","AGGREGATION_REASONING","aggregation_or_grouping_mismatch","UNVERIFIED_FINAL","final_sql_rewritten_after_incorrect_observation","UNVERIFIED_FINAL","final_sql_rewritten_after_incorrect_observation","AGGREGATION_REASONING","aggregation_or_grouping_mismatch","2","expression_or_projection_only","成功 observation 后若为了语义改写 SQL，先执行改写版本；记录改写的是投影、过滤、聚合还是排序。","生成 SQL 前明确统计对象、分组键、聚合函数和聚合后的排序字段。","[AUTO confidence=high] 最终 SQL 与最近执行 SQL 不同；最近 observation=successful rows; last execution differs from gold；结构改写=expression_or_projection_only。","[AUTO confidence=medium] 预测与 gold 的聚合结构不同：min(。","retrieval_complete_mining_abstained_semantic_failure","[""Player_Attributes"", ""Match"", ""Player"", ""Country""]","[]","[]","1","first_nonmatching_execution","1","unverified_rewrite_after_nonmatching_execution","false","true","0","0","0","1","0","Please provide top four football players' IDs who are among the lowest potential players and prefer to use the right foot when attacking.","SELECT DISTINCT Player_Attributes.player_api_id FROM Player_Attributes WHERE Player_Attributes.potential = (SELECT MIN(potential) FROM Player_Attributes) AND Player_Attributes.preferred_foot = 'right' ORDER BY Player_Attributes.player_api_id ASC LIMIT 4;","SELECT id FROM Player_Attributes WHERE preferred_foot = 'right' ORDER BY potential ASC LIMIT 4"
"20260714T210045Z-11af1da6","bird_1144","european_football_2","simple","OUTPUT_CONTRACT","output_column_count_mismatch","UNVERIFIED_FINAL","final_sql_rewritten_after_incorrect_observation","UNVERIFIED_FINAL","final_sql_rewritten_after_incorrect_observation","OUTPUT_CONTRACT","output_column_count_mismatch","2","tables","成功 observation 后若为了语义改写 SQL，先执行改写版本；记录改写的是投影、过滤、聚合还是排序。","生成输出契约并检查列数、顺序和每列含义。","[AUTO confidence=high] 最终 SQL 与最近执行 SQL 不同；最近 observation=successful rows; last execution differs from gold；结构改写=tables。","[AUTO confidence=medium] 预测列数=2，gold 列数=3；需复核 gold 合理性。","retrieval_complete_mining_abstained_semantic_failure","[""Player_Attributes"", ""Player"", ""Match"", ""Team_Attributes"", ""Team"", ""Country""]","[]","[]","1","first_nonmatching_execution","1","unverified_rewrite_after_nonmatching_execution","false","true","0","0","0","0","1","Please state the finishing rate and curve score of the player who has the heaviest weight.","SELECT PA.finishing, PA.curve FROM Player AS P INNER JOIN Player_Attributes AS PA ON P.player_api_id = PA.player_api_id WHERE P.weight = (SELECT MAX(weight) FROM Player) ORDER BY PA.date DESC LIMIT 1;","SELECT id, finishing, curve FROM Player_Attributes WHERE player_api_id = ( SELECT player_api_id FROM Player ORDER BY weight DESC LIMIT 1 ) LIMIT 1"
"20260714T210045Z-11af1da6","bird_847","formula_1","simple","AGGREGATION_REASONING","aggregation_or_grouping_mismatch","AGGREGATION_REASONING","aggregation_or_grouping_mismatch","","","AGGREGATION_REASONING","aggregation_or_grouping_mismatch","3","","生成 SQL 前明确统计对象、分组键、聚合函数和聚合后的排序字段。","生成 SQL 前明确统计对象、分组键、聚合函数和聚合后的排序字段。","[AUTO confidence=medium] 预测与 gold 的聚合结构不同：min(。","[AUTO confidence=medium] 预测与 gold 的聚合结构不同：min(。","retrieval_complete_mining_abstained_semantic_failure","[""qualifying"", ""results"", ""lapTimes"", ""pitStops"", ""constructors"", ""drivers"", ""races"", ""status""]","[]","[]","1","first_nonmatching_execution","3","unverified_rewrite_after_nonmatching_execution","false","true","2","0","0","0","1","What is the surname of the driver with the best lap time in race number 19 in the second qualifying period?","SELECT d.surname FROM qualifying q JOIN drivers d ON q.driverId = d.driverId WHERE q.raceId = 19 AND q.q2 = (SELECT MIN(q2) FROM qualifying WHERE raceId = 19 AND q2 IS NOT NULL) LIMIT 1","SELECT T2.surname FROM qualifying AS T1 INNER JOIN drivers AS T2 ON T2.driverId = T1.driverId WHERE T1.raceId = 19 ORDER BY T1.q2 ASC LIMIT 1"
"20260714T210045Z-11af1da6","bird_865","formula_1","moderate","OUTPUT_CONTRACT","output_column_count_mismatch","OUTPUT_CONTRACT","output_column_count_mismatch","","","OUTPUT_CONTRACT","output_column_count_mismatch","1","","生成输出契约并检查列数、顺序和每列含义。","生成输出契约并检查列数、顺序和每列含义。","[AUTO confidence=medium] 预测列数=1，gold 列数=2；需复核 gold 合理性。","[AUTO confidence=medium] 预测列数=1，gold 列数=2；需复核 gold 合理性。","retrieval_complete_mining_abstained_semantic_failure","[""drivers"", ""results"", ""driverStandings"", ""lapTimes"", ""pitStops"", ""races""]","[]","[]","1","first_nonmatching_execution","1","final_same_as_last_execution","false","true","0","0","0","1","0","For all the drivers who finished the game in race No. 592, who is the oldest?","SELECT drivers.forename || ' ' || drivers.surname AS name
FROM results
JOIN drivers ON results.driverId = drivers.driverId
WHERE results.raceId = 592
  AND results.time IS NOT NULL
ORDER BY drivers.dob ASC
LIMIT 1;","SELECT T1.forename, T1.surname FROM drivers AS T1 INNER JOIN results AS T2 ON T2.driverId = T1.driverId WHERE T2.raceId = 592 AND T2.time IS NOT NULL AND T1.dob IS NOT NULL ORDER BY T1.dob ASC LIMIT 1"
"20260714T210045Z-11af1da6","bird_879","formula_1","moderate","AGGREGATION_REASONING","aggregation_or_grouping_mismatch","UNVERIFIED_FINAL","final_sql_rewritten_after_incorrect_observation","UNVERIFIED_FINAL","final_sql_rewritten_after_incorrect_observation","AGGREGATION_REASONING","aggregation_or_grouping_mismatch","2","expression_or_projection_only","成功 observation 后若为了语义改写 SQL，先执行改写版本；记录改写的是投影、过滤、聚合还是排序。","生成 SQL 前明确统计对象、分组键、聚合函数和聚合后的排序字段。","[AUTO confidence=high] 最终 SQL 与最近执行 SQL 不同；最近 observation=successful rows; last execution differs from gold；结构改写=expression_or_projection_only。","[AUTO confidence=medium] 预测与 gold 的聚合结构不同：max(。","retrieval_complete_mining_abstained_semantic_failure","[""results"", ""qualifying"", ""drivers"", ""lapTimes"", ""constructors"", ""races"", ""pitStops""]","[]","[]","1","first_nonmatching_execution","1","unverified_rewrite_after_nonmatching_execution","false","true","0","0","0","0","1","For the driver who set the fastest lap speed, what is his nationality?","SELECT d.nationality FROM results AS r INNER JOIN drivers AS d ON d.driverId = r.driverId WHERE CAST(r.fastestLapSpeed AS REAL) = (SELECT MAX(CAST(fastestLapSpeed AS REAL)) FROM results WHERE fastestLapSpeed IS NOT NULL) LIMIT 1","SELECT T1.nationality FROM drivers AS T1 INNER JOIN results AS T2 ON T2.driverId = T1.driverId ORDER BY T2.fastestLapSpeed DESC LIMIT 1"
"20260714T210045Z-11af1da6","bird_896","formula_1","challenging","AGGREGATION_REASONING","aggregation_or_grouping_mismatch","AGGREGATION_REASONING","aggregation_or_grouping_mismatch","","","AGGREGATION_REASONING","aggregation_or_grouping_mismatch","1","","生成 SQL 前明确统计对象、分组键、聚合函数和聚合后的排序字段。","生成 SQL 前明确统计对象、分组键、聚合函数和聚合后的排序字段。","[AUTO confidence=medium] 预测与 gold 的聚合结构不同：sum(。","[AUTO confidence=medium] 预测与 gold 的聚合结构不同：sum(。","retrieval_complete_mining_abstained_semantic_failure","[""results"", ""constructorStandings"", ""driverStandings"", ""qualifying"", ""constructors"", ""drivers"", ""races"", ""status""]","[]","[]","1","first_nonmatching_execution","1","final_same_as_last_execution","false","true","0","0","0","1","0","Calculate the percentage whereby Hamilton was not at the 1st track of the the f1 circuit since 2010.","SELECT CAST(SUM(CASE WHEN results.position > 1 THEN 1 ELSE 0 END) AS REAL) * 100.0 / COUNT(results.raceId) AS percentage FROM results JOIN drivers ON results.driverId = drivers.driverId JOIN races ON results.raceId = races.raceId WHERE drivers.surname = 'Hamilton' AND races.year >= 2010;","SELECT CAST(COUNT(CASE WHEN T2.position <> 1 THEN T2.position END) AS REAL) * 100 / COUNT(T2.driverStandingsId) FROM races AS T1 INNER JOIN driverStandings AS T2 ON T2.raceId = T1.raceId INNER JOIN drivers AS T3 ON T3.driverId = T2.driverId WHERE T3.surname = 'Hamilton' AND T1.year >= 2010"
"20260714T210045Z-11af1da6","bird_897","formula_1","moderate","OUTPUT_CONTRACT","output_column_count_mismatch","OUTPUT_CONTRACT","output_column_count_mismatch","","","OUTPUT_CONTRACT","output_column_count_mismatch","1","","生成输出契约并检查列数、顺序和每列含义。","生成输出契约并检查列数、顺序和每列含义。","[AUTO confidence=medium] 预测列数=3，gold 列数=4；需复核 gold 合理性。","[AUTO confidence=medium] 预测列数=3，gold 列数=4；需复核 gold 合理性。","retrieval_complete_mining_abstained_semantic_failure","[""drivers"", ""constructors"", ""driverStandings"", ""circuits"", ""qualifying"", ""races"", ""constructorResults"", ""results""]","[]","[]","1","first_nonmatching_execution","1","final_same_as_last_execution","false","true","0","0","0","1","0","Name the driver with the most winning. Mention his nationality and what is his maximum point scores.","SELECT d.forename || ' ' || d.surname AS driver_name, d.nationality, MAX(ds.points) AS max_point_scores FROM driverStandings AS ds JOIN drivers AS d ON ds.driverId = d.driverId GROUP BY d.driverId, d.forename, d.surname, d.nationality ORDER BY MAX(ds.wins) DESC, MAX(ds.points) DESC LIMIT 1","SELECT T1.forename, T1.surname, T1.nationality, MAX(T2.points) FROM drivers AS T1 INNER JOIN driverStandings AS T2 ON T2.driverId = T1.driverId WHERE T2.wins >= 1 GROUP BY T1.forename, T1.surname, T1.nationality ORDER BY COUNT(T2.wins) DESC LIMIT 1"
"20260714T210045Z-11af1da6","bird_902","formula_1","simple","SCHEMA_LINKING","table_or_join_path_mismatch","SCHEMA_LINKING","table_or_join_path_mismatch","","","SCHEMA_LINKING","table_or_join_path_mismatch","1","","生成 SQL 前记录表、字段来源和 JOIN 路径，并通过 Schema 校验。","生成 SQL 前记录表、字段来源和 JOIN 路径，并通过 Schema 校验。","[AUTO confidence=medium] 表集合不同：pred=['drivers', 'laptimes', 'races']，gold=['drivers', 'driverstandings', 'races']；需复核 gold。","[AUTO confidence=medium] 表集合不同：pred=['drivers', 'laptimes', 'races']，gold=['drivers', 'driverstandings', 'races']；需复核 gold。","retrieval_complete_mining_abstained_semantic_failure","[""qualifying"", ""drivers"", ""driverStandings"", ""lapTimes"", ""constructors"", ""results"", ""races""]","[]","[]","1","first_nonmatching_execution","1","final_same_as_last_execution","false","true","0","0","0","0","1","Which race was Alex Yoong in when he was in track number less than 20?","SELECT DISTINCT races.name FROM drivers INNER JOIN lapTimes ON drivers.driverId = lapTimes.driverId INNER JOIN races ON lapTimes.raceId = races.raceId WHERE drivers.forename = 'Alex' AND drivers.surname = 'Yoong' AND lapTimes.position < 20 ORDER BY races.name","SELECT T1.name FROM races AS T1 INNER JOIN driverStandings AS T2 ON T2.raceId = T1.raceId INNER JOIN drivers AS T3 ON T3.driverId = T2.driverId WHERE T3.forename = 'Alex' AND T3.surname = 'Yoong' AND T2.position < 20"
"20260714T210045Z-11af1da6","bird_906","formula_1","moderate","AGGREGATION_REASONING","aggregation_or_grouping_mismatch","UNVERIFIED_FINAL","final_sql_rewritten_after_incorrect_observation","UNVERIFIED_FINAL","final_sql_rewritten_after_incorrect_observation","AGGREGATION_REASONING","aggregation_or_grouping_mismatch","2","expression_or_projection_only","成功 observation 后若为了语义改写 SQL，先执行改写版本；记录改写的是投影、过滤、聚合还是排序。","生成 SQL 前明确统计对象、分组键、聚合函数和聚合后的排序字段。","[AUTO confidence=high] 最终 SQL 与最近执行 SQL 不同；最近 observation=successful rows; last execution differs from gold；结构改写=expression_or_projection_only。","[AUTO confidence=medium] 预测与 gold 的聚合结构不同：min(。","retrieval_complete_mining_abstained_semantic_failure","[""drivers"", ""qualifying"", ""driverStandings"", ""races"", ""results"", ""constructors"", ""circuits""]","[]","[]","1","first_nonmatching_execution","1","unverified_rewrite_after_nonmatching_execution","false","true","0","0","0","1","0","Which was Lewis Hamilton first race? What was his points recorded for his first race event?","SELECT races.name AS race_name, results.points AS points
FROM drivers
JOIN results ON drivers.driverId = results.driverId
JOIN races ON results.raceId = races.raceId
WHERE drivers.forename = 'Lewis'
  AND drivers.surname = 'Hamilton'
  AND races.year = (
    SELECT MIN(r2.year)
    FROM results res2
    JOIN races r2 ON res2.raceId = r2.raceId
    JOIN drivers d2 ON res2.driverId = d2.driverId
    WHERE d2.forename = 'Lewis'
      AND d2.surname = 'Hamilton'
  )
ORDER BY races.round ASC
LIMIT 1;","SELECT T1.name, T2.points FROM races AS T1 INNER JOIN driverStandings AS T2 ON T2.raceId = T1.raceId INNER JOIN drivers AS T3 ON T3.driverId = T2.driverId WHERE T3.forename = 'Lewis' AND T3.surname = 'Hamilton' ORDER BY T1.year ASC LIMIT 1"
"20260714T210045Z-11af1da6","bird_928","formula_1","moderate","OUTPUT_CONTRACT","output_column_count_mismatch","OUTPUT_CONTRACT","output_column_count_mismatch","","","OUTPUT_CONTRACT","output_column_count_mismatch","1","","生成输出契约并检查列数、顺序和每列含义。","生成输出契约并检查列数、顺序和每列含义。","[AUTO confidence=medium] 预测列数=1，gold 列数=3；需复核 gold 合理性。","[AUTO confidence=medium] 预测列数=1，gold 列数=3；需复核 gold 合理性。","retrieval_complete_mining_abstained_semantic_failure","[""constructors"", ""qualifying"", ""drivers"", ""races"", ""constructorResults"", ""driverStandings"", ""results"", ""lapTimes""]","[]","[]","1","first_nonmatching_execution","1","final_same_as_last_execution","false","true","0","0","0","1","0","Which driver ranked the first in the Canadian Grand Prix in 2007? Please give his reference name.","SELECT D.driverRef FROM results AS R INNER JOIN races AS Ra ON R.raceId = Ra.raceId INNER JOIN drivers AS D ON R.driverId = D.driverId WHERE Ra.name = 'Canadian Grand Prix' AND Ra.year = 2007 AND R.position = 1 LIMIT 1","SELECT T3.forename, T3.surname, T3.driverRef FROM races AS T1 INNER JOIN results AS T2 ON T2.raceId = T1.raceId INNER JOIN drivers AS T3 ON T3.driverId = T2.driverId WHERE T1.name = 'Canadian Grand Prix' AND T2.rank = 1 AND T1.year = 2007"
"20260714T210045Z-11af1da6","bird_930","formula_1","simple","AGGREGATION_REASONING","aggregation_or_grouping_mismatch","AGGREGATION_REASONING","aggregation_or_grouping_mismatch","","","AGGREGATION_REASONING","aggregation_or_grouping_mismatch","1","","生成 SQL 前明确统计对象、分组键、聚合函数和聚合后的排序字段。","生成 SQL 前明确统计对象、分组键、聚合函数和聚合后的排序字段。","[AUTO confidence=medium] 预测与 gold 的聚合结构不同：min(。","[AUTO confidence=medium] 预测与 gold 的聚合结构不同：min(。","retrieval_complete_mining_abstained_semantic_failure","[""drivers"", ""results"", ""circuits"", ""constructors"", ""driverStandings"", ""races"", ""qualifying"", ""constructorResults""]","[]","[]","1","first_nonmatching_execution","1","unverified_rewrite_after_nonmatching_execution","false","true","0","0","0","1","0","In which Formula_1 race did Lewis Hamilton rank the highest?","SELECT DISTINCT races.name FROM results INNER JOIN drivers ON results.driverId = drivers.driverId INNER JOIN races ON results.raceId = races.raceId WHERE drivers.forename = 'Lewis' AND drivers.surname = 'Hamilton' AND results.rank IS NOT NULL AND results.rank = (SELECT MIN(r2.rank) FROM results AS r2 INNER JOIN drivers AS d2 ON r2.driverId = d2.driverId WHERE d2.forename = 'Lewis' AND d2.surname = 'Hamilton' AND r2.rank IS NOT NULL) ORDER BY races.year ASC, races.name ASC","SELECT name FROM races WHERE raceId IN ( SELECT raceId FROM results WHERE rank = 1 AND driverId = ( SELECT driverId FROM drivers WHERE forename = 'Lewis' AND surname = 'Hamilton' ) )"
"20260714T210045Z-11af1da6","bird_937","formula_1","simple","SEMANTIC_REVIEW_REQUIRED","filter_scope_or_expression_mismatch","SEMANTIC_REVIEW_REQUIRED","filter_scope_or_expression_mismatch","","","SEMANTIC_REVIEW_REQUIRED","filter_scope_or_expression_mismatch","3","","记录过滤字段、取值、时间范围和作用层级后再生成 SQL。","记录过滤字段、取值、时间范围和作用层级后再生成 SQL。","[AUTO confidence=low] 最终 SQL 已执行成功，但结果与 gold 不同；自动规则未发现更具体结构错误，需复核过滤范围或 gold 噪声。","[AUTO confidence=low] 最终 SQL 已执行成功，但结果与 gold 不同；自动规则未发现更具体结构错误，需复核过滤范围或 gold 噪声。","detailed_schema_column_miss_or_compact_index_only","[""qualifying"", ""races"", ""results"", ""lapTimes"", ""constructors"", ""drivers"", ""pitStops"", ""status""]","[]","[""results.rank""]","3","retrieval_context_risk","0","unverified_rewrite_after_nonmatching_execution","false","true","1","0","0","2","1","What's the finish time for the driver who ranked second in 2008's AustChineseralian Grand Prix?","SELECT results.time FROM results JOIN races ON results.raceId = races.raceId WHERE races.year = 2008 AND races.name = 'Chinese Grand Prix' AND results.position = 2","SELECT T1.time FROM results AS T1 INNER JOIN races AS T2 on T1.raceId = T2.raceId WHERE T1.rank = 2 AND T2.name = 'Chinese Grand Prix' AND T2.year = 2008"
"20260714T210045Z-11af1da6","bird_944","formula_1","challenging","AGGREGATION_REASONING","aggregation_or_grouping_mismatch","UNVERIFIED_FINAL","final_sql_changed_after_empty_result","UNVERIFIED_FINAL","final_sql_changed_after_empty_result","AGGREGATION_REASONING","aggregation_or_grouping_mismatch","5","tables, LIMIT","空结果后若修改过滤、JOIN 或日期条件，执行改写后的 SQL 后再决定是否 FINAL。","生成 SQL 前明确统计对象、分组键、聚合函数和聚合后的排序字段。","[AUTO confidence=high] 最终 SQL 与最近执行 SQL 不同；最近 observation=0 rows；结构改写=tables, LIMIT。","[AUTO confidence=medium] 预测与 gold 的聚合结构不同：max(。","retrieval_complete_mining_abstained_semantic_failure","[""results"", ""qualifying"", ""races"", ""driverStandings"", ""constructors"", ""drivers"", ""status"", ""lapTimes""]","[]","[]","3","first_nonmatching_execution","3","unverified_rewrite_after_nonmatching_execution","false","true","1","2","0","1","2","How much faster in percentage is the champion than the driver who finished the race last in the 2008 Australian Grand Prix?","WITH race AS (SELECT ra.raceId FROM races ra JOIN circuits c ON ra.circuitId = c.circuitId WHERE ra.year = 2008 AND (ra.name = 'Australian Grand Prix' OR c.country = 'Australia' OR c.location = 'Melbourne') LIMIT 1), finished AS (SELECT r.positionOrder, r.milliseconds FROM results r JOIN race ON r.raceId = race.raceId WHERE r.time IS NOT NULL), champ AS (SELECT milliseconds AS champ_ms FROM finished ORDER BY positionOrder LIMIT 1), last_finisher AS (SELECT milliseconds AS last_ms FROM finished ORDER BY positionOrder DESC LIMIT 1) SELECT ROUND((last_ms - champ_ms) * 100.0 / last_ms, 2) FROM champ, last_finisher;","WITH time_in_seconds AS ( SELECT T1.positionOrder, CASE WHEN T1.positionOrder = 1 THEN (CAST(SUBSTR(T1.time, 1, 1) AS REAL) * 3600) + (CAST(SUBSTR(T1.time, 3, 2) AS REAL) * 60) + CAST(SUBSTR(T1.time, 6) AS REAL) ELSE CAST(SUBSTR(T1.time, 2) AS REAL) END AS time_seconds FROM results AS T1 INNER JOIN races AS T2 ON T1.raceId = T2.raceId WHERE T2.name = 'Australian Grand Prix' AND T1.time IS NOT NULL AND T2.year = 2008 ), champion_time AS ( SELECT time_seconds FROM time_in_seconds WHERE positionOrder = 1), last_driver_incremental AS ( SELECT time_seconds FROM time_in_seconds WHERE positionOrder = (SELECT MAX(positionOrder) FROM time_in_seconds) ) SELECT (CAST((SELECT time_seconds FROM last_driver_incremental) AS REAL) * 100) / (SELECT time_seconds + (SELECT time_seconds FROM last_driver_incremental) FROM champion_time)"
"20260714T210045Z-11af1da6","bird_951","formula_1","simple","AGGREGATION_REASONING","aggregation_or_grouping_mismatch","UNVERIFIED_FINAL","final_sql_rewritten_after_incorrect_observation","UNVERIFIED_FINAL","final_sql_rewritten_after_incorrect_observation","AGGREGATION_REASONING","aggregation_or_grouping_mismatch","2","expression_or_projection_only","成功 observation 后若为了语义改写 SQL，先执行改写版本；记录改写的是投影、过滤、聚合还是排序。","生成 SQL 前明确统计对象、分组键、聚合函数和聚合后的排序字段。","[AUTO confidence=high] 最终 SQL 与最近执行 SQL 不同；最近 observation=successful rows; last execution differs from gold；结构改写=expression_or_projection_only。","[AUTO confidence=medium] 预测与 gold 的聚合结构不同：sum(。","retrieval_complete_mining_abstained_semantic_failure","[""constructorResults"", ""constructors"", ""constructorStandings"", ""drivers"", ""qualifying"", ""races"", ""results"", ""driverStandings""]","[]","[]","1","first_nonmatching_execution","1","unverified_rewrite_after_nonmatching_execution","false","true","0","0","0","1","0","How many Japanese constructors have 0 points in 2 races?","SELECT COUNT(*) FROM (SELECT cr.constructorId FROM constructorResults cr INNER JOIN constructors c ON cr.constructorId = c.constructorId WHERE c.nationality = 'Japanese' GROUP BY cr.constructorId HAVING COUNT(cr.raceId) = 2 AND SUM(cr.points) = 0) sub","SELECT COUNT(T1.raceId) FROM constructorStandings AS T1 INNER JOIN constructors AS T2 on T1.constructorId = T2.constructorId WHERE T1.points = 0 AND T2.nationality = 'Japanese' GROUP BY T1.constructorId HAVING COUNT(raceId) = 2"
"20260714T210045Z-11af1da6","bird_955","formula_1","challenging","AGGREGATION_REASONING","aggregation_or_grouping_mismatch","AGGREGATION_REASONING","aggregation_or_grouping_mismatch","","","AGGREGATION_REASONING","aggregation_or_grouping_mismatch","1","","生成 SQL 前明确统计对象、分组键、聚合函数和聚合后的排序字段。","生成 SQL 前明确统计对象、分组键、聚合函数和聚合后的排序字段。","[AUTO confidence=medium] 预测与 gold 的聚合结构不同：having。","[AUTO confidence=medium] 预测与 gold 的聚合结构不同：having。","retrieval_complete_mining_abstained_semantic_failure","[""results"", ""qualifying"", ""lapTimes"", ""pitStops"", ""constructors"", ""drivers"", ""races""]","[]","[]","2","first_nonmatching_execution","1","unverified_rewrite_after_nonmatching_execution","false","true","0","1","1","1","1","What is the average time in seconds of champion for each year, before year 1975?","SELECT r.year, AVG(res.milliseconds / 1000.0) AS avg_time_seconds FROM results AS res INNER JOIN races AS r ON res.raceId = r.raceId WHERE res.position = 1 AND res.time IS NOT NULL AND res.milliseconds IS NOT NULL AND r.year < 1975 GROUP BY r.year ORDER BY r.year","WITH time_in_seconds AS ( SELECT T2.year, T2.raceId, T1.positionOrder, CASE WHEN T1.positionOrder = 1 THEN (CAST(SUBSTR(T1.time, 1, 1) AS REAL) * 3600) + (CAST(SUBSTR(T1.time, 3, 2) AS REAL) * 60) + CAST(SUBSTR(T1.time, 6,2) AS REAL )   + CAST(SUBSTR(T1.time, 9) AS REAL)/1000 ELSE 0 END AS time_seconds FROM results AS T1 INNER JOIN races AS T2 ON T1.raceId = T2.raceId WHERE T1.time IS NOT NULL ), champion_time AS ( SELECT year, raceId, time_seconds FROM time_in_seconds WHERE positionOrder = 1 ) SELECT year, AVG(time_seconds) FROM champion_time WHERE year < 1975 GROUP BY year HAVING AVG(time_seconds) IS NOT NULL"
"20260714T210045Z-11af1da6","bird_959","formula_1","simple","AGGREGATION_REASONING","sort_direction_or_order_scope_mismatch","UNVERIFIED_FINAL","final_sql_rewritten_after_incorrect_observation","UNVERIFIED_FINAL","final_sql_rewritten_after_incorrect_observation","AGGREGATION_REASONING","sort_direction_or_order_scope_mismatch","3","tables","成功 observation 后若为了语义改写 SQL，先执行改写版本；记录改写的是投影、过滤、聚合还是排序。","显式记录排序指标、方向以及排序发生在聚合前还是聚合后。","[AUTO confidence=high] 最终 SQL 与最近执行 SQL 不同；最近 observation=successful rows; last execution differs from gold；结构改写=tables。","[AUTO confidence=medium] 排序结构不同：pred=['asc']，gold=['implicit']。","retrieval_complete_mining_abstained_semantic_failure","[""results"", ""qualifying"", ""lapTimes"", ""pitStops"", ""constructors"", ""drivers"", ""races""]","[]","[]","2","first_nonmatching_execution","1","unverified_rewrite_after_nonmatching_execution","false","true","0","0","0","0","2","What is the fastest lap number of the champion in 2009?","SELECT r.fastestLap FROM results r JOIN races ra ON r.raceId = ra.raceId WHERE ra.year = 2009 AND r.driverId = 18 AND r.fastestLap IS NOT NULL ORDER BY r.fastestLapTime ASC LIMIT 1","SELECT T1.fastestLap FROM results AS T1 INNER JOIN races AS T2 on T1.raceId = T2.raceId WHERE T2.year = 2009 AND T1.time LIKE '_:%:__.___'"
"20260714T210045Z-11af1da6","bird_963","formula_1","moderate","SEMANTIC_REVIEW_REQUIRED","filter_scope_or_expression_mismatch","SEMANTIC_REVIEW_REQUIRED","filter_scope_or_expression_mismatch","","","SEMANTIC_REVIEW_REQUIRED","filter_scope_or_expression_mismatch","1","","记录过滤字段、取值、时间范围和作用层级后再生成 SQL。","记录过滤字段、取值、时间范围和作用层级后再生成 SQL。","[AUTO confidence=low] 最终 SQL 已执行成功，但结果与 gold 不同；自动规则未发现更具体结构错误，需复核过滤范围或 gold 噪声。","[AUTO confidence=low] 最终 SQL 已执行成功，但结果与 gold 不同；自动规则未发现更具体结构错误，需复核过滤范围或 gold 噪声。","retrieval_complete_mining_abstained_semantic_failure","[""lapTimes"", ""pitStops"", ""qualifying"", ""results"", ""drivers"", ""constructors"", ""races"", ""status""]","[]","[]","1","first_nonmatching_execution","1","unverified_rewrite_after_nonmatching_execution","false","true","0","0","0","1","0","How many French drivers who obtain the laptime less than 02:00.00?","SELECT COUNT(DISTINCT T1.driverId) AS count FROM drivers AS T1 WHERE T1.nationality = 'French' AND EXISTS (SELECT 1 FROM lapTimes AS T2 WHERE T2.driverId = T1.driverId AND T2.milliseconds < 120000);","SELECT COUNT(T1.driverId) FROM drivers AS T1 INNER JOIN lapTimes AS T2 on T1.driverId = T2.driverId WHERE T1.nationality = 'French' AND (CAST(SUBSTR(T2.time, 1, 2) AS INTEGER) * 60 + CAST(SUBSTR(T2.time, 4, 2) AS INTEGER) + CAST(SUBSTR(T2.time, 7, 2) AS REAL) / 1000) < 120"
"20260714T210045Z-11af1da6","bird_967","formula_1","simple","OUTPUT_CONTRACT","output_column_count_mismatch","UNVERIFIED_FINAL","final_sql_rewritten_after_incorrect_observation","UNVERIFIED_FINAL","final_sql_rewritten_after_incorrect_observation","OUTPUT_CONTRACT","output_column_count_mismatch","3","aggregate","成功 observation 后若为了语义改写 SQL，先执行改写版本；记录改写的是投影、过滤、聚合还是排序。","生成输出契约并检查列数、顺序和每列含义。","[AUTO confidence=high] 最终 SQL 与最近执行 SQL 不同；最近 observation=successful rows; last execution differs from gold；结构改写=aggregate。","[AUTO confidence=medium] 预测列数=2，gold 列数=1；需复核 gold 合理性。","retrieval_complete_mining_abstained_semantic_failure","[""drivers"", ""qualifying"", ""driverStandings"", ""circuits"", ""races"", ""lapTimes"", ""constructors""]","[]","[]","2","first_nonmatching_execution","1","unverified_rewrite_after_nonmatching_execution","false","true","0","0","0","0","2","State code numbers of top 3 yougest drivers. How many Netherlandic drivers among them?","SELECT GROUP_CONCAT(code, ', ') AS code_numbers, SUM(CASE WHEN nationality = 'Dutch' THEN 1 ELSE 0 END) AS netherlandic_drivers_among_top3 FROM (SELECT code, nationality FROM drivers ORDER BY CAST(STRFTIME('%Y', dob) AS INTEGER) DESC, dob DESC, driverId DESC LIMIT 3);","SELECT COUNT(*) FROM ( SELECT T1.nationality FROM drivers AS T1 ORDER BY JULIANDAY(T1.dob) DESC LIMIT 3) AS T3 WHERE T3.nationality = 'Dutch'"
"20260714T210045Z-11af1da6","bird_989","formula_1","moderate","OUTPUT_CONTRACT","output_column_count_mismatch","UNVERIFIED_FINAL","final_sql_rewritten_after_incorrect_observation","UNVERIFIED_FINAL","final_sql_rewritten_after_incorrect_observation","OUTPUT_CONTRACT","output_column_count_mismatch","2","ORDER BY","成功 observation 后若为了语义改写 SQL，先执行改写版本；记录改写的是投影、过滤、聚合还是排序。","生成输出契约并检查列数、顺序和每列含义。","[AUTO confidence=high] 最终 SQL 与最近执行 SQL 不同；最近 observation=successful rows; last execution differs from gold；结构改写=ORDER BY。","[AUTO confidence=medium] 预测列数=3，gold 列数=1；需复核 gold 合理性。","retrieval_complete_mining_abstained_semantic_failure","[""results"", ""qualifying"", ""lapTimes"", ""races"", ""constructors"", ""drivers"", ""status"", ""pitStops""]","[]","[]","1","first_nonmatching_execution","1","unverified_rewrite_after_nonmatching_execution","false","true","0","0","0","1","0","Who is the champion of the Canadian Grand Prix in 2008? Indicate his finish time.","SELECT drivers.forename AS champion_forename, drivers.surname AS champion_surname, results.time AS finish_time FROM results INNER JOIN races ON races.raceId = results.raceId INNER JOIN drivers ON drivers.driverId = results.driverId WHERE races.name = 'Canadian Grand Prix' AND races.year = 2008 AND results.positionOrder = 1 LIMIT 1","SELECT T1.time FROM results AS T1 INNER JOIN races AS T2 ON T1.raceId = T2.raceId WHERE T2.name = 'Canadian Grand Prix' AND T2.year = 2008 AND T1.time LIKE '_:%:__.___'"
"20260714T210045Z-11af1da6","bird_1011","formula_1","challenging","OUTPUT_CONTRACT","output_column_count_mismatch","OUTPUT_CONTRACT","output_column_count_mismatch","","","OUTPUT_CONTRACT","output_column_count_mismatch","1","","生成输出契约并检查列数、顺序和每列含义。","生成输出契约并检查列数、顺序和每列含义。","[AUTO confidence=medium] 预测列数=2，gold 列数=3；需复核 gold 合理性。","[AUTO confidence=medium] 预测列数=2，gold 列数=3；需复核 gold 合理性。","retrieval_complete_mining_abstained_semantic_failure","[""qualifying"", ""results"", ""drivers"", ""lapTimes"", ""constructors"", ""races"", ""status"", ""pitStops""]","[]","[]","1","first_nonmatching_execution","1","final_same_as_last_execution","false","true","0","0","0","1","0","Which top 20 driver created the shortest lap time ever record in a Formula_1 race? Please give them full names.","SELECT d.forename, d.surname FROM lapTimes AS lt INNER JOIN drivers AS d ON lt.driverId = d.driverId GROUP BY d.driverId, d.forename, d.surname ORDER BY MIN(lt.milliseconds) ASC, d.forename ASC, d.surname ASC LIMIT 20;","WITH lap_times_in_seconds AS (SELECT driverId, (CASE WHEN SUBSTR(time, 1, INSTR(time, ':') - 1) <> '' THEN CAST(SUBSTR(time, 1, INSTR(time, ':') - 1) AS REAL) * 60 ELSE 0 END + CASE WHEN SUBSTR(time, INSTR(time, ':') + 1, INSTR(time, '.') - INSTR(time, ':') - 1) <> '' THEN CAST(SUBSTR(time, INSTR(time, ':') + 1, INSTR(time, '.') - INSTR(time, ':') - 1) AS REAL) ELSE 0 END + CASE WHEN SUBSTR(time, INSTR(time, '.') + 1) <> '' THEN CAST(SUBSTR(time, INSTR(time, '.') + 1) AS REAL) / 1000 ELSE 0 END) AS time_in_seconds FROM lapTimes) SELECT T2.forename, T2.surname, T1.driverId FROM (SELECT driverId, MIN(time_in_seconds) AS min_time_in_seconds FROM lap_times_in_seconds GROUP BY driverId) AS T1 INNER JOIN drivers AS T2 ON T1.driverId = T2.driverId ORDER BY T1.min_time_in_seconds ASC LIMIT 20"
"20260714T210045Z-11af1da6","bird_1014","formula_1","challenging","OUTPUT_CONTRACT","output_column_count_mismatch","UNVERIFIED_FINAL","final_sql_rewritten_after_incorrect_observation","UNVERIFIED_FINAL","final_sql_rewritten_after_incorrect_observation","OUTPUT_CONTRACT","output_column_count_mismatch","2","tables","成功 observation 后若为了语义改写 SQL，先执行改写版本；记录改写的是投影、过滤、聚合还是排序。","生成输出契约并检查列数、顺序和每列含义。","[AUTO confidence=high] 最终 SQL 与最近执行 SQL 不同；最近 observation=successful rows; last execution differs from gold；结构改写=tables。","[AUTO confidence=medium] 预测列数=2，gold 列数=1；需复核 gold 合理性。","detailed_schema_table_miss","[""qualifying"", ""results"", ""lapTimes"", ""constructorStandings"", ""constructors"", ""drivers"", ""races"", ""status""]","[""circuits""]","[""circuits.circuitid"", ""circuits.country""]","1","retrieval_context_risk","0","unverified_rewrite_after_nonmatching_execution","false","true","0","0","0","1","0","Please list the lap records for the circuits in Italy.","SELECT name, time FROM (SELECT c.name, lt.time, ROW_NUMBER() OVER (PARTITION BY c.circuitId ORDER BY lt.milliseconds ASC, lt.raceId ASC, lt.driverId ASC) AS rn FROM circuits AS c INNER JOIN races AS r ON c.circuitId = r.circuitId INNER JOIN lapTimes AS lt ON r.raceId = lt.raceId WHERE c.country = 'Italy') AS ranked WHERE rn = 1 ORDER BY name","WITH fastest_lap_times AS (SELECT T1.raceId, T1.FastestLapTime, (CAST(SUBSTR(T1.FastestLapTime, 1, INSTR(T1.FastestLapTime, ':') - 1) AS REAL) * 60) + (CAST(SUBSTR(T1.FastestLapTime, INSTR(T1.FastestLapTime, ':') + 1, INSTR(T1.FastestLapTime, '.') - INSTR(T1.FastestLapTime, ':') - 1) AS REAL)) + (CAST(SUBSTR(T1.FastestLapTime, INSTR(T1.FastestLapTime, '.') + 1) AS REAL) / 1000) as time_in_seconds FROM results AS T1 WHERE T1.FastestLapTime IS NOT NULL ) SELECT T1.FastestLapTime as lap_record FROM results AS T1 INNER JOIN races AS T2 on T1.raceId = T2.raceId INNER JOIN circuits AS T3 on T2.circuitId = T3.circuitId INNER JOIN (SELECT MIN(fastest_lap_times.time_in_seconds) as min_time_in_seconds FROM fastest_lap_times INNER JOIN races AS T2 on fastest_lap_times.raceId = T2.raceId INNER JOIN circuits AS T3 on T2.circuitId = T3.circuitId WHERE T3.country = 'Italy' ) AS T4 ON (CAST(SUBSTR(T1.FastestLapTime, 1, INSTR(T1.FastestLapTime, ':') - 1) AS REAL) * 60) + (CAST(SUBSTR(T1.FastestLapTime, INSTR(T1.FastestLapTime, ':') + 1, INSTR(T1.FastestLapTime, '.') - INSTR(T1.FastestLapTime, ':') - 1) AS REAL)) + (CAST(SUBSTR(T1.FastestLapTime, INSTR(T1.FastestLapTime, '.') + 1) AS REAL) / 1000) = T4.min_time_in_seconds LIMIT 1"
"20260714T210045Z-11af1da6","bird_728","superhero","moderate","OUTPUT_CONTRACT","output_column_count_mismatch","OUTPUT_CONTRACT","output_column_count_mismatch","","","OUTPUT_CONTRACT","output_column_count_mismatch","1","","生成输出契约并检查列数、顺序和每列含义。","生成输出契约并检查列数、顺序和每列含义。","[AUTO confidence=medium] 预测列数=2，gold 列数=3；需复核 gold 合理性。","[AUTO confidence=medium] 预测列数=2，gold 列数=3；需复核 gold 合理性。","retrieval_complete_mining_abstained_semantic_failure","[""superhero"", ""alignment"", ""colour"", ""publisher"", ""race""]","[]","[]","1","first_nonmatching_execution","1","final_same_as_last_execution","false","true","0","0","0","1","0","Rank superheroes from Marvel Comics by their eye color popularity, starting with the most common color.","SELECT c.colour, COUNT(s.id) AS superhero_count FROM superhero AS s INNER JOIN publisher AS p ON s.publisher_id = p.id INNER JOIN colour AS c ON s.eye_colour_id = c.id WHERE p.publisher_name = 'Marvel Comics' GROUP BY c.colour ORDER BY COUNT(s.id) DESC, c.colour ASC","SELECT colour.colour AS EyeColor, COUNT(superhero.id) AS Count, RANK() OVER (ORDER BY COUNT(superhero.id) DESC) AS PopularityRank FROM superhero INNER JOIN colour ON superhero.eye_colour_id = colour.id INNER JOIN publisher ON superhero.publisher_id = publisher.id WHERE publisher.publisher_name = 'Marvel Comics' GROUP BY colour.colour"
"20260714T210045Z-11af1da6","bird_751","superhero","moderate","SEMANTIC_REVIEW_REQUIRED","filter_scope_or_expression_mismatch","SEMANTIC_REVIEW_REQUIRED","filter_scope_or_expression_mismatch","","","SEMANTIC_REVIEW_REQUIRED","filter_scope_or_expression_mismatch","1","","记录过滤字段、取值、时间范围和作用层级后再生成 SQL。","记录过滤字段、取值、时间范围和作用层级后再生成 SQL。","[AUTO confidence=low] 最终 SQL 已执行成功，但结果与 gold 不同；自动规则未发现更具体结构错误，需复核过滤范围或 gold 噪声。","[AUTO confidence=low] 最终 SQL 已执行成功，但结果与 gold 不同；自动规则未发现更具体结构错误，需复核过滤范围或 gold 噪声。","retrieval_complete_mining_abstained_semantic_failure","[""superpower"", ""alignment"", ""attribute"", ""gender"", ""hero_power"", ""superhero"", ""hero_attribute""]","[]","[]","1","first_nonmatching_execution","1","final_same_as_last_execution","false","true","0","0","0","1","0","List down at least five superpowers of male superheroes.","SELECT DISTINCT T3.power_name FROM superhero AS T1 INNER JOIN gender AS T2 ON T1.gender_id = T2.id INNER JOIN hero_power AS T4 ON T4.hero_id = T1.id INNER JOIN superpower AS T3 ON T4.power_id = T3.id WHERE T2.gender = 'Male' ORDER BY T3.power_name LIMIT 5","SELECT T3.power_name FROM superhero AS T1 INNER JOIN hero_power AS T2 ON T1.id = T2.hero_id INNER JOIN superpower AS T3 ON T3.id = T2.power_id INNER JOIN gender AS T4 ON T4.id = T1.gender_id WHERE T4.gender = 'Male' LIMIT 5"
"20260714T210045Z-11af1da6","bird_533","codebase_community","simple","SEMANTIC_REVIEW_REQUIRED","filter_scope_or_expression_mismatch","SEMANTIC_REVIEW_REQUIRED","filter_scope_or_expression_mismatch","","","SEMANTIC_REVIEW_REQUIRED","filter_scope_or_expression_mismatch","1","","记录过滤字段、取值、时间范围和作用层级后再生成 SQL。","记录过滤字段、取值、时间范围和作用层级后再生成 SQL。","[AUTO confidence=low] 最终 SQL 已执行成功，但结果与 gold 不同；自动规则未发现更具体结构错误，需复核过滤范围或 gold 噪声。","[AUTO confidence=low] 最终 SQL 已执行成功，但结果与 gold 不同；自动规则未发现更具体结构错误，需复核过滤范围或 gold 噪声。","retrieval_complete_mining_abstained_semantic_failure","[""users"", ""posts"", ""comments"", ""badges"", ""postHistory"", ""votes""]","[]","[]","1","first_nonmatching_execution","1","final_same_as_last_execution","false","true","0","0","0","1","0","How many users last accessed the website after 2014/9/1?","SELECT COUNT(*) AS count FROM users WHERE LastAccessDate > '2014-09-01'","SELECT COUNT(Id) FROM users WHERE date(LastAccessDate) > '2014-09-01'"
"20260714T210045Z-11af1da6","bird_565","codebase_community","moderate","SEMANTIC_REVIEW_REQUIRED","filter_scope_or_expression_mismatch","SEMANTIC_REVIEW_REQUIRED","filter_scope_or_expression_mismatch","","","SEMANTIC_REVIEW_REQUIRED","filter_scope_or_expression_mismatch","2","","记录过滤字段、取值、时间范围和作用层级后再生成 SQL。","记录过滤字段、取值、时间范围和作用层级后再生成 SQL。","[AUTO confidence=low] 最终 SQL 已执行成功，但结果与 gold 不同；自动规则未发现更具体结构错误，需复核过滤范围或 gold 噪声。","[AUTO confidence=low] 最终 SQL 已执行成功，但结果与 gold 不同；自动规则未发现更具体结构错误，需复核过滤范围或 gold 噪声。","retrieval_complete_mining_abstained_semantic_failure","[""posts"", ""comments"", ""users"", ""postHistory"", ""votes"", ""badges""]","[]","[]","1","first_nonmatching_execution","2","final_same_as_last_execution","false","true","1","0","0","1","0","User No.23853 gave a comment to a post at 9:08:18 on 2013/7/12, was that post well-finished?","SELECT p.ClosedDate IS NOT NULL AS well_finished FROM comments AS c INNER JOIN posts AS p ON c.PostId = p.Id WHERE c.UserId = 23853 AND c.CreationDate = '2013-07-12 09:08:18.0' LIMIT 1","SELECT IIF(T2.ClosedDate IS NULL, 'NOT well-finished', 'well-finished') AS resylt FROM comments AS T1 INNER JOIN posts AS T2 ON T1.PostId = T2.Id WHERE T1.UserId = 23853 AND T1.CreationDate = '2013-07-12 09:08:18.0'"
"20260714T210045Z-11af1da6","bird_584","codebase_community","moderate","SCHEMA_LINKING","table_or_join_path_mismatch","SCHEMA_LINKING","table_or_join_path_mismatch","","","SCHEMA_LINKING","table_or_join_path_mismatch","3","","生成 SQL 前记录表、字段来源和 JOIN 路径，并通过 Schema 校验。","生成 SQL 前记录表、字段来源和 JOIN 路径，并通过 Schema 校验。","[AUTO confidence=medium] 表集合不同：pred=['comments', 'posthistory', 'posts']，gold=['posthistory', 'posts']；需复核 gold。","[AUTO confidence=medium] 表集合不同：pred=['comments', 'posthistory', 'posts']，gold=['posthistory', 'posts']；需复核 gold。","retrieval_complete_mining_abstained_semantic_failure","[""posts"", ""comments"", ""postHistory"", ""users"", ""votes"", ""badges""]","[]","[]","4","first_nonmatching_execution","1","unverified_rewrite_after_nonmatching_execution","false","true","0","2","0","0","4","Write all the comments left by users who edited the post titled 'Why square the difference instead of taking the absolute value in standard deviation?'","SELECT c.Text FROM comments AS c JOIN (SELECT DISTINCT ph.UserId FROM postHistory AS ph JOIN posts AS p ON p.Id = ph.PostId WHERE p.Title = 'Why square the difference instead of taking the absolute value in standard deviation?') AS editor_users ON editor_users.UserId = c.UserId ORDER BY c.Id","SELECT T2.Comment FROM posts AS T1 INNER JOIN postHistory AS T2 ON T1.Id = T2.PostId WHERE T1.Title = 'Why square the difference instead of taking the absolute value in standard deviation?'"
"20260714T210045Z-11af1da6","bird_586","codebase_community","challenging","OUTPUT_CONTRACT","output_column_count_mismatch","UNVERIFIED_FINAL","final_sql_rewritten_after_incorrect_observation","UNVERIFIED_FINAL","final_sql_rewritten_after_incorrect_observation","OUTPUT_CONTRACT","output_column_count_mismatch","2","ORDER BY","成功 observation 后若为了语义改写 SQL，先执行改写版本；记录改写的是投影、过滤、聚合还是排序。","生成输出契约并检查列数、顺序和每列含义。","[AUTO confidence=high] 最终 SQL 与最近执行 SQL 不同；最近 observation=successful rows; last execution differs from gold；结构改写=ORDER BY。","[AUTO confidence=medium] 预测列数=1，gold 列数=2；需复核 gold 合理性。","retrieval_complete_mining_abstained_semantic_failure","[""posts"", ""comments"", ""postHistory"", ""users"", ""votes"", ""badges""]","[]","[]","1","first_nonmatching_execution","1","unverified_rewrite_after_nonmatching_execution","false","true","0","0","0","1","0","Which user added a bounty amount of 50 to the post title mentioning variance?","SELECT DISTINCT users.DisplayName FROM votes INNER JOIN posts ON votes.PostId = posts.Id INNER JOIN users ON votes.UserId = users.Id WHERE votes.BountyAmount = 50 AND posts.Title LIKE '%variance%' ORDER BY users.DisplayName","SELECT T3.DisplayName, T1.Title FROM posts AS T1 INNER JOIN votes AS T2 ON T1.Id = T2.PostId INNER JOIN users AS T3 ON T3.Id = T2.UserId WHERE T2.BountyAmount = 50 AND T1.Title LIKE '%variance%'"
"20260714T210045Z-11af1da6","bird_587","codebase_community","moderate","AGGREGATION_REASONING","aggregation_or_grouping_mismatch","AGGREGATION_REASONING","aggregation_or_grouping_mismatch","","","AGGREGATION_REASONING","aggregation_or_grouping_mismatch","1","","生成 SQL 前明确统计对象、分组键、聚合函数和聚合后的排序字段。","生成 SQL 前明确统计对象、分组键、聚合函数和聚合后的排序字段。","[AUTO confidence=medium] 预测与 gold 的聚合结构不同：group by。","[AUTO confidence=medium] 预测与 gold 的聚合结构不同：group by。","retrieval_complete_mining_abstained_semantic_failure","[""posts"", ""comments"", ""postHistory"", ""tags"", ""users""]","[]","[]","1","first_nonmatching_execution","1","final_same_as_last_execution","false","true","0","0","0","1","0","Calculate the average view count of each post tagged as 'humor' and list the title and the comment of each post.","SELECT (SELECT AVG(ViewCount) FROM posts WHERE Tags LIKE '%<humor>%') AS avg_view_count, p.Title AS title, c.Text AS comment FROM posts AS p JOIN comments AS c ON c.PostId = p.Id WHERE p.Tags LIKE '%<humor>%';","SELECT AVG(T2.ViewCount), T2.Title, T1.Text FROM comments AS T1 INNER JOIN posts AS T2 ON T2.Id = T1.PostId  WHERE T2.Tags = '<humor>' GROUP BY T2.Title, T1.Text "
"20260714T210045Z-11af1da6","bird_595","codebase_community","moderate","SCHEMA_LINKING","table_or_join_path_mismatch","SCHEMA_LINKING","table_or_join_path_mismatch","","","SCHEMA_LINKING","table_or_join_path_mismatch","1","","生成 SQL 前记录表、字段来源和 JOIN 路径，并通过 Schema 校验。","生成 SQL 前记录表、字段来源和 JOIN 路径，并通过 Schema 校验。","[AUTO confidence=medium] 表集合不同：pred=['posthistory', 'posts']，gold=['posthistory', 'posts', 'users']；需复核 gold。","[AUTO confidence=medium] 表集合不同：pred=['posthistory', 'posts']，gold=['posthistory', 'posts', 'users']；需复核 gold。","retrieval_complete_mining_abstained_semantic_failure","[""comments"", ""posts"", ""users"", ""postHistory"", ""votes"", ""badges""]","[]","[]","1","first_nonmatching_execution","1","final_same_as_last_execution","false","true","0","0","0","1","0","Which user have only one post history per post and having at least 1000 views?","SELECT ph.UserId FROM postHistory AS ph JOIN posts AS p ON ph.PostId = p.Id WHERE ph.UserId IS NOT NULL AND p.ViewCount >= 1000 GROUP BY ph.UserId HAVING COUNT(*) = COUNT(DISTINCT ph.PostId) ORDER BY ph.UserId","SELECT T2.UserId FROM users AS T1 INNER JOIN postHistory AS T2 ON T1.Id = T2.UserId INNER JOIN posts AS T3 ON T2.PostId = T3.Id WHERE T3.ViewCount >= 1000 GROUP BY T2.UserId HAVING COUNT(DISTINCT T2.PostHistoryTypeId) = 1"
"20260714T210045Z-11af1da6","bird_604","codebase_community","moderate","AGGREGATION_REASONING","aggregation_or_grouping_mismatch","AGGREGATION_REASONING","aggregation_or_grouping_mismatch","","","AGGREGATION_REASONING","aggregation_or_grouping_mismatch","2","","生成 SQL 前明确统计对象、分组键、聚合函数和聚合后的排序字段。","生成 SQL 前明确统计对象、分组键、聚合函数和聚合后的排序字段。","[AUTO confidence=medium] 预测与 gold 的聚合结构不同：sum(, avg(。","[AUTO confidence=medium] 预测与 gold 的聚合结构不同：sum(, avg(。","retrieval_complete_mining_abstained_semantic_failure","[""posts"", ""users"", ""comments"", ""tags"", ""votes"", ""postHistory""]","[]","[]","1","first_nonmatching_execution","2","final_same_as_last_execution","false","true","1","0","0","0","1","What is the average of the up votes and the average user age for users creating more than 10 posts?","SELECT CAST(SUM(u.UpVotes) AS REAL) / COUNT(u.Id) AS average_up_votes, CAST(SUM(u.Age) AS REAL) / COUNT(u.Id) AS average_user_age FROM users AS u INNER JOIN ( SELECT p.OwnerUserId FROM posts AS p WHERE p.OwnerUserId IS NOT NULL GROUP BY p.OwnerUserId HAVING COUNT(p.OwnerUserId) > 10 ) AS t ON u.Id = t.OwnerUserId;","SELECT AVG(T1.UpVotes), AVG(T1.Age) FROM users AS T1 INNER JOIN ( SELECT OwnerUserId, COUNT(*) AS post_count FROM posts GROUP BY OwnerUserId HAVING post_count > 10) AS T2 ON T1.Id = T2.OwnerUserId"
"20260714T210045Z-11af1da6","bird_637","codebase_community","moderate","SCHEMA_LINKING","table_or_join_path_mismatch","UNVERIFIED_FINAL","final_sql_rewritten_after_incorrect_observation","UNVERIFIED_FINAL","final_sql_rewritten_after_incorrect_observation","SCHEMA_LINKING","table_or_join_path_mismatch","2","ORDER BY","成功 observation 后若为了语义改写 SQL，先执行改写版本；记录改写的是投影、过滤、聚合还是排序。","生成 SQL 前记录表、字段来源和 JOIN 路径，并通过 Schema 校验。","[AUTO confidence=high] 最终 SQL 与最近执行 SQL 不同；最近 observation=successful rows; last execution differs from gold；结构改写=ORDER BY。","[AUTO confidence=medium] 表集合不同：pred=['posts', 'users']，gold=['posthistory', 'posts', 'users']；需复核 gold。","retrieval_complete_mining_abstained_semantic_failure","[""posts"", ""postHistory"", ""comments"", ""tags"", ""users""]","[]","[]","1","first_nonmatching_execution","1","unverified_rewrite_after_nonmatching_execution","false","true","0","0","0","1","0","State all the tags used by Mark Meckes in his posts that doesn't have comments.","SELECT DISTINCT T1.Tags FROM posts AS T1 INNER JOIN users AS T2 ON T1.OwnerUserId = T2.Id WHERE T2.DisplayName = 'Mark Meckes' AND T1.CommentCount = 0 AND T1.Tags IS NOT NULL ORDER BY T1.Tags","SELECT T3.Tags FROM users AS T1 INNER JOIN postHistory AS T2 ON T1.Id = T2.UserId INNER JOIN posts AS T3 ON T3.Id = T2.PostId WHERE T1.DisplayName = 'Mark Meckes' AND T3.CommentCount = 0"
"20260714T210045Z-11af1da6","bird_639","codebase_community","challenging","SCHEMA_LINKING","table_or_join_path_mismatch","UNVERIFIED_FINAL","final_sql_rewritten_after_incorrect_observation","UNVERIFIED_FINAL","final_sql_rewritten_after_incorrect_observation","SCHEMA_LINKING","table_or_join_path_mismatch","3","expression_or_projection_only","成功 observation 后若为了语义改写 SQL，先执行改写版本；记录改写的是投影、过滤、聚合还是排序。","生成 SQL 前记录表、字段来源和 JOIN 路径，并通过 Schema 校验。","[AUTO confidence=high] 最终 SQL 与最近执行 SQL 不同；最近 observation=successful rows; last execution differs from gold；结构改写=expression_or_projection_only。","[AUTO confidence=medium] 表集合不同：pred=['posts', 'users']，gold=['posthistory', 'tags', 'users']；需复核 gold。","retrieval_complete_mining_abstained_semantic_failure","[""posts"", ""comments"", ""users"", ""postHistory"", ""tags"", ""badges""]","[]","[]","1","first_nonmatching_execution","1","unverified_rewrite_after_nonmatching_execution","false","true","0","0","0","1","0","Based on posts posted by Community, calculate the percentage of posts that use the R language.","SELECT 100.0 * SUM(CASE WHEN p.Tags LIKE '%<r>%' THEN 1 ELSE 0 END) / NULLIF(COUNT(*), 0) AS percentage FROM posts AS p INNER JOIN users AS u ON p.OwnerUserId = u.Id WHERE u.DisplayName = 'Community'","SELECT CAST(SUM(IIF(T3.TagName = 'r', 1, 0)) AS REAL) * 100 / COUNT(T1.Id) FROM users AS T1 INNER JOIN postHistory AS T2 ON T1.Id = T2.UserId INNER JOIN tags AS T3 ON T3.ExcerptPostId = T2.PostId WHERE T1.DisplayName = 'Community'"
"20260714T210045Z-11af1da6","bird_640","codebase_community","moderate","SCHEMA_LINKING","table_or_join_path_mismatch","UNVERIFIED_FINAL","final_sql_rewritten_after_incorrect_observation","UNVERIFIED_FINAL","final_sql_rewritten_after_incorrect_observation","SCHEMA_LINKING","table_or_join_path_mismatch","3","expression_or_projection_only","成功 observation 后若为了语义改写 SQL，先执行改写版本；记录改写的是投影、过滤、聚合还是排序。","生成 SQL 前记录表、字段来源和 JOIN 路径，并通过 Schema 校验。","[AUTO confidence=high] 最终 SQL 与最近执行 SQL 不同；最近 observation=successful rows; last execution differs from gold；结构改写=expression_or_projection_only。","[AUTO confidence=medium] 表集合不同：pred=['posts', 'users']，gold=['posthistory', 'posts', 'users']；需复核 gold。","retrieval_complete_mining_abstained_semantic_failure","[""posts"", ""users"", ""comments"", ""postHistory"", ""tags"", ""badges""]","[]","[]","2","first_nonmatching_execution","1","unverified_rewrite_after_nonmatching_execution","false","true","0","1","0","1","1","Calculate the difference in view count from post posted by Mornington and view count from posts posted by Amos.","SELECT IFNULL(SUM(CASE WHEN u.DisplayName = 'Mornington' THEN COALESCE(p.ViewCount, 0) ELSE 0 END), 0) - IFNULL(SUM(CASE WHEN u.DisplayName = 'Amos' THEN COALESCE(p.ViewCount, 0) ELSE 0 END), 0) FROM posts p LEFT JOIN users u ON p.OwnerUserId = u.Id WHERE u.DisplayName IN ('Mornington', 'Amos');","SELECT SUM(IIF(T1.DisplayName = 'Mornington', T3.ViewCount, 0)) - SUM(IIF(T1.DisplayName = 'Amos', T3.ViewCount, 0)) AS diff FROM users AS T1 INNER JOIN postHistory AS T2 ON T1.Id = T2.UserId INNER JOIN posts AS T3 ON T3.Id = T2.PostId"
"20260714T210045Z-11af1da6","bird_671","codebase_community","simple","AGGREGATION_REASONING","aggregation_or_grouping_mismatch","UNVERIFIED_FINAL","final_sql_rewritten_after_correct_observation","UNVERIFIED_FINAL","final_sql_rewritten_after_correct_observation","AGGREGATION_REASONING","aggregation_or_grouping_mismatch","2","ORDER BY, LIMIT","成功 observation 后若为了语义改写 SQL，先执行改写版本；记录改写的是投影、过滤、聚合还是排序。","生成 SQL 前明确统计对象、分组键、聚合函数和聚合后的排序字段。","[AUTO confidence=high] 最终 SQL 与最近执行 SQL 不同；最近 observation=successful rows; last execution matches gold；结构改写=ORDER BY, LIMIT。","[AUTO confidence=medium] 预测与 gold 的聚合结构不同：min(。","retrieval_complete_mining_abstained_semantic_failure","[""posts"", ""comments"", ""badges"", ""postHistory"", ""users"", ""votes""]","[]","[]","2","unresolved_execution_or_final_rewrite","2","harmful_unverified_rewrite_after_correct_execution","true","true","0","0","0","2","0","What is the display name of the user who acquired the first Autobiographer badge?","SELECT u.DisplayName FROM badges b JOIN users u ON u.Id = b.UserId WHERE b.Name = 'Autobiographer' AND b.Date = (SELECT MIN(Date) FROM badges WHERE Name = 'Autobiographer')","SELECT T1.DisplayName FROM users AS T1 INNER JOIN badges AS T2 ON T1.Id = T2.UserId WHERE T2.`Name` = 'Autobiographer' ORDER BY T2.Date LIMIT 1"
"20260714T210045Z-11af1da6","bird_672","codebase_community","moderate","SEMANTIC_REVIEW_REQUIRED","filter_scope_or_expression_mismatch","SEMANTIC_REVIEW_REQUIRED","filter_scope_or_expression_mismatch","","","SEMANTIC_REVIEW_REQUIRED","filter_scope_or_expression_mismatch","1","","记录过滤字段、取值、时间范围和作用层级后再生成 SQL。","记录过滤字段、取值、时间范围和作用层级后再生成 SQL。","[AUTO confidence=low] 最终 SQL 已执行成功，但结果与 gold 不同；自动规则未发现更具体结构错误，需复核过滤范围或 gold 噪声。","[AUTO confidence=low] 最终 SQL 已执行成功，但结果与 gold 不同；自动规则未发现更具体结构错误，需复核过滤范围或 gold 噪声。","retrieval_complete_mining_abstained_semantic_failure","[""posts"", ""comments"", ""users"", ""tags"", ""votes"", ""postHistory""]","[]","[]","1","first_nonmatching_execution","1","final_same_as_last_execution","false","true","0","0","0","1","0","Among the users located in United Kingdom, how many users whose post have a total favorite amount of 4 or more?","SELECT COUNT(DISTINCT users.Id) AS user_count FROM users INNER JOIN posts ON posts.OwnerUserId = users.Id WHERE users.Location = 'United Kingdom' AND posts.FavoriteCount >= 4","SELECT COUNT(T1.Id) FROM users AS T1 INNER JOIN posts AS T2 ON T1.Id = T2.OwnerUserId WHERE T1.Location = 'United Kingdom' AND T2.FavoriteCount >= 4"
"20260714T210045Z-11af1da6","bird_682","codebase_community","moderate","AGGREGATION_REASONING","aggregation_or_grouping_mismatch","UNVERIFIED_FINAL","final_sql_rewritten_after_incorrect_observation","UNVERIFIED_FINAL","final_sql_rewritten_after_incorrect_observation","AGGREGATION_REASONING","aggregation_or_grouping_mismatch","3","aggregate","成功 observation 后若为了语义改写 SQL，先执行改写版本；记录改写的是投影、过滤、聚合还是排序。","生成 SQL 前明确统计对象、分组键、聚合函数和聚合后的排序字段。","[AUTO confidence=high] 最终 SQL 与最近执行 SQL 不同；最近 observation=successful rows; last execution differs from gold；结构改写=aggregate。","[AUTO confidence=medium] 预测与 gold 的聚合结构不同：max(。","retrieval_complete_mining_abstained_semantic_failure","[""posts"", ""comments"", ""postHistory"", ""users"", ""postLinks"", ""votes""]","[]","[]","2","first_nonmatching_execution","1","unverified_rewrite_after_nonmatching_execution","false","true","0","0","0","1","1","Which is the most valuable post in 2010? Please give its id and the owner's display name.","SELECT p.Id, u.DisplayName FROM posts p LEFT JOIN users u ON p.OwnerUserId = u.Id WHERE strftime('%Y', p.CreaionDate) = '2010' AND p.FavoriteCount = (SELECT MAX(FavoriteCount) FROM posts WHERE strftime('%Y', CreaionDate) = '2010') ORDER BY p.Id ASC LIMIT 1","SELECT T2.OwnerUserId, T1.DisplayName FROM users AS T1 INNER JOIN posts AS T2 ON T1.Id = T2.OwnerUserId WHERE STRFTIME('%Y', T1.CreationDate) = '2010' ORDER BY T2.FavoriteCount DESC LIMIT 1"
"20260714T210045Z-11af1da6","bird_685","codebase_community","moderate","AGGREGATION_REASONING","sort_direction_or_order_scope_mismatch","AGGREGATION_REASONING","sort_direction_or_order_scope_mismatch","","","AGGREGATION_REASONING","sort_direction_or_order_scope_mismatch","1","","显式记录排序指标、方向以及排序发生在聚合前还是聚合后。","显式记录排序指标、方向以及排序发生在聚合前还是聚合后。","[AUTO confidence=medium] 排序结构不同：pred=['desc']，gold=['implicit']。","[AUTO confidence=medium] 排序结构不同：pred=['desc']，gold=['implicit']。","retrieval_complete_mining_abstained_semantic_failure","[""posts"", ""comments"", ""users"", ""postHistory"", ""tags"", ""badges""]","[]","[]","1","first_nonmatching_execution","1","final_same_as_last_execution","false","true","0","0","0","1","0","Identify the total views on the post 'Computer Game Datasets'. Name the user who posted it last time.","SELECT posts.ViewCount, users.DisplayName FROM postHistory INNER JOIN posts ON postHistory.PostId = posts.Id INNER JOIN users ON postHistory.UserId = users.Id WHERE postHistory.Text = 'Computer Game Datasets' ORDER BY postHistory.CreationDate DESC LIMIT 1;","SELECT T2.ViewCount, T3.DisplayName FROM postHistory AS T1 INNER JOIN posts AS T2 ON T1.PostId = T2.Id INNER JOIN users AS T3 ON T2.LastEditorUserId = T3.Id WHERE T1.Text = 'Computer Game Datasets'"
"20260714T210045Z-11af1da6","bird_694","codebase_community","moderate","SEMANTIC_REVIEW_REQUIRED","filter_scope_or_expression_mismatch","UNVERIFIED_FINAL","final_sql_rewritten_after_incorrect_observation","UNVERIFIED_FINAL","final_sql_rewritten_after_incorrect_observation","SEMANTIC_REVIEW_REQUIRED","filter_scope_or_expression_mismatch","3","expression_or_projection_only","成功 observation 后若为了语义改写 SQL，先执行改写版本；记录改写的是投影、过滤、聚合还是排序。","记录过滤字段、取值、时间范围和作用层级后再生成 SQL。","[AUTO confidence=high] 最终 SQL 与最近执行 SQL 不同；最近 observation=successful rows; last execution differs from gold；结构改写=expression_or_projection_only。","[AUTO confidence=low] 最终 SQL 已执行成功，但结果与 gold 不同；自动规则未发现更具体结构错误，需复核过滤范围或 gold 噪声。","retrieval_complete_mining_abstained_semantic_failure","[""posts"", ""comments"", ""postHistory"", ""users"", ""votes"", ""badges""]","[]","[]","2","first_nonmatching_execution","1","unverified_rewrite_after_nonmatching_execution","false","true","0","0","0","0","2","Provide the text of the latest 10 comments to the post with the title 'Analysing wind data with R' and the display name of the user who left it.","SELECT c.Text, u.DisplayName FROM posts AS p INNER JOIN comments AS c ON p.Id = c.PostId INNER JOIN users AS u ON c.UserId = u.Id WHERE p.Title = 'Analysing wind data with R' ORDER BY c.CreationDate DESC, c.Id DESC LIMIT 10","SELECT T3.Text, T1.DisplayName FROM users AS T1 INNER JOIN posts AS T2 ON T1.Id = T2.OwnerUserId INNER JOIN comments AS T3 ON T2.Id = T3.PostId WHERE T2.Title = 'Analysing wind data with R' ORDER BY T1.CreationDate DESC LIMIT 10"
"20260714T210045Z-11af1da6","bird_710","codebase_community","simple","SEMANTIC_REVIEW_REQUIRED","filter_scope_or_expression_mismatch","SEMANTIC_REVIEW_REQUIRED","filter_scope_or_expression_mismatch","","","SEMANTIC_REVIEW_REQUIRED","filter_scope_or_expression_mismatch","3","","记录过滤字段、取值、时间范围和作用层级后再生成 SQL。","记录过滤字段、取值、时间范围和作用层级后再生成 SQL。","[AUTO confidence=low] 最终 SQL 已执行成功，但结果与 gold 不同；自动规则未发现更具体结构错误，需复核过滤范围或 gold 噪声。","[AUTO confidence=low] 最终 SQL 已执行成功，但结果与 gold 不同；自动规则未发现更具体结构错误，需复核过滤范围或 gold 噪声。","retrieval_complete_mining_abstained_semantic_failure","[""posts"", ""comments"", ""postHistory"", ""tags"", ""postLinks"", ""users""]","[]","[]","1","first_nonmatching_execution","3","final_same_as_last_execution","false","true","0","0","0","1","0","In posts with 1 comment, how many of the comments have 0 score?","SELECT COUNT(*) FROM comments AS T1 INNER JOIN posts AS T2 ON T1.PostId = T2.Id WHERE T2.CommentCount = 1 AND T1.Score = 0;","SELECT COUNT(T1.id) FROM comments AS T1 INNER JOIN posts AS T2 ON T1.PostId = T2.Id WHERE T2.CommentCount = 1 AND T2.Score = 0"
"20260714T210045Z-11af1da6","bird_340","card_games","simple","SEMANTIC_REVIEW_REQUIRED","filter_scope_or_expression_mismatch","SEMANTIC_REVIEW_REQUIRED","filter_scope_or_expression_mismatch","","","SEMANTIC_REVIEW_REQUIRED","filter_scope_or_expression_mismatch","1","","记录过滤字段、取值、时间范围和作用层级后再生成 SQL。","记录过滤字段、取值、时间范围和作用层级后再生成 SQL。","[AUTO confidence=low] 最终 SQL 已执行成功，但结果与 gold 不同；自动规则未发现更具体结构错误，需复核过滤范围或 gold 噪声。","[AUTO confidence=low] 最终 SQL 已执行成功，但结果与 gold 不同；自动规则未发现更具体结构错误，需复核过滤范围或 gold 噪声。","retrieval_complete_mining_abstained_semantic_failure","[""cards"", ""sets"", ""rulings"", ""foreign_data"", ""legalities"", ""set_translations""]","[]","[]","1","first_nonmatching_execution","1","final_same_as_last_execution","false","true","0","0","0","1","0","Which are the cards that have incredibly powerful foils.","SELECT name FROM cards WHERE cardKingdomFoilId IS NOT NULL AND cardKingdomId IS NOT NULL ORDER BY name","SELECT id FROM cards WHERE cardKingdomFoilId IS NOT NULL AND cardKingdomId IS NOT NULL"
"20260714T210045Z-11af1da6","bird_341","card_games","simple","SEMANTIC_REVIEW_REQUIRED","filter_scope_or_expression_mismatch","SEMANTIC_REVIEW_REQUIRED","filter_scope_or_expression_mismatch","","","SEMANTIC_REVIEW_REQUIRED","filter_scope_or_expression_mismatch","1","","记录过滤字段、取值、时间范围和作用层级后再生成 SQL。","记录过滤字段、取值、时间范围和作用层级后再生成 SQL。","[AUTO confidence=low] 最终 SQL 已执行成功，但结果与 gold 不同；自动规则未发现更具体结构错误，需复核过滤范围或 gold 噪声。","[AUTO confidence=low] 最终 SQL 已执行成功，但结果与 gold 不同；自动规则未发现更具体结构错误，需复核过滤范围或 gold 噪声。","retrieval_complete_mining_abstained_semantic_failure","[""cards"", ""sets"", ""rulings"", ""foreign_data"", ""legalities"", ""set_translations""]","[]","[]","1","first_nonmatching_execution","1","final_same_as_last_execution","false","true","0","0","0","1","0","What are the borderless cards available without powerful foils?","SELECT name FROM cards WHERE borderColor = 'borderless' AND NOT (cardKingdomFoilId IS NOT NULL AND cardKingdomId IS NOT NULL) ORDER BY name","SELECT id FROM cards WHERE borderColor = 'borderless' AND (cardKingdomId IS NULL OR cardKingdomId IS NULL)"
"20260714T210045Z-11af1da6","bird_344","card_games","moderate","SEMANTIC_REVIEW_REQUIRED","filter_scope_or_expression_mismatch","UNVERIFIED_FINAL","final_without_db_execution","UNVERIFIED_FINAL","final_without_db_execution","SEMANTIC_REVIEW_REQUIRED","filter_scope_or_expression_mismatch","2","no_prior_execution","在首次 FINAL 前先执行将要提交的 SQL，并把执行状态写入 trace。","记录过滤字段、取值、时间范围和作用层级后再生成 SQL。","[AUTO confidence=high] 最终 SQL 前没有 db.execute 记录。","[AUTO confidence=low] 最终 SQL 已执行成功，但结果与 gold 不同；自动规则未发现更具体结构错误，需复核过滤范围或 gold 噪声。","retrieval_complete_mining_abstained_semantic_failure","[""cards"", ""legalities"", ""sets"", ""foreign_data"", ""rulings"", ""set_translations""]","[]","[]","0","direct_final_without_execution","2","final_without_execution","false","true","0","0","0","0","0","List all the mythic rarity print cards banned in gladiator format.","SELECT cards.name FROM cards JOIN legalities ON cards.uuid = legalities.uuid WHERE cards.rarity = 'mythic' AND legalities.status = 'Banned' AND legalities.format = 'gladiator' ORDER BY cards.name","SELECT DISTINCT T1.id FROM cards AS T1 INNER JOIN legalities AS T2 ON T1.uuid = T2.uuid WHERE T2.format = 'gladiator' AND T2.status = 'Banned' AND T1.rarity = 'mythic'"
"20260714T210045Z-11af1da6","bird_349","card_games","moderate","AGGREGATION_REASONING","aggregation_or_grouping_mismatch","AGGREGATION_REASONING","aggregation_or_grouping_mismatch","","","AGGREGATION_REASONING","aggregation_or_grouping_mismatch","1","","生成 SQL 前明确统计对象、分组键、聚合函数和聚合后的排序字段。","生成 SQL 前明确统计对象、分组键、聚合函数和聚合后的排序字段。","[AUTO confidence=medium] 预测与 gold 的聚合结构不同：having, max(。","[AUTO confidence=medium] 预测与 gold 的聚合结构不同：having, max(。","detailed_schema_column_miss_or_compact_index_only","[""cards"", ""sets"", ""rulings"", ""foreign_data"", ""legalities"", ""set_translations""]","[]","[""cards.name""]","1","retrieval_context_risk","0","final_same_as_last_execution","false","true","0","0","0","1","0","Name the card and artist with the most ruling information. Also state if the card is a promotional printing.","SELECT c.name, c.artist, c.isPromo FROM cards AS c INNER JOIN rulings AS r ON c.uuid = r.uuid GROUP BY c.uuid, c.name, c.artist, c.isPromo ORDER BY COUNT(r.uuid) DESC, c.name ASC LIMIT 1","SELECT T1.name, T1.artist, T1.isPromo FROM cards AS T1 INNER JOIN rulings AS T2 ON T1.uuid = T2.uuid WHERE T1.isPromo = 1 AND T1.artist = (SELECT artist FROM cards WHERE isPromo = 1 GROUP BY artist HAVING COUNT(DISTINCT uuid) = (SELECT MAX(count_uuid) FROM ( SELECT COUNT(DISTINCT uuid) AS count_uuid FROM cards WHERE isPromo = 1 GROUP BY artist ))) LIMIT 1"
"20260714T210045Z-11af1da6","bird_352","card_games","moderate","AGGREGATION_REASONING","aggregation_or_grouping_mismatch","AGGREGATION_REASONING","aggregation_or_grouping_mismatch","","","AGGREGATION_REASONING","aggregation_or_grouping_mismatch","1","","生成 SQL 前明确统计对象、分组键、聚合函数和聚合后的排序字段。","生成 SQL 前明确统计对象、分组键、聚合函数和聚合后的排序字段。","[AUTO confidence=medium] 预测与 gold 的聚合结构不同：sum(。","[AUTO confidence=medium] 预测与 gold 的聚合结构不同：sum(。","retrieval_complete_mining_abstained_semantic_failure","[""set_translations"", ""cards"", ""foreign_data"", ""rulings"", ""sets"", ""legalities""]","[]","[]","1","first_nonmatching_execution","1","final_same_as_last_execution","false","true","0","0","0","1","0","Calculate the percentage of the cards availabe in Chinese Simplified.","SELECT CAST(COUNT(CASE WHEN language = 'Chinese Simplified' THEN id ELSE NULL END) AS REAL) * 100 / COUNT(id) FROM set_translations","SELECT CAST(SUM(CASE WHEN T2.language = 'Chinese Simplified' THEN 1 ELSE 0 END) AS REAL) * 100 / COUNT(T1.id) FROM cards AS T1 INNER JOIN foreign_data AS T2 ON T1.uuid = T2.uuid"
"20260714T210045Z-11af1da6","bird_402","card_games","moderate","OUTPUT_CONTRACT","output_column_count_mismatch","OUTPUT_CONTRACT","output_column_count_mismatch","","","OUTPUT_CONTRACT","output_column_count_mismatch","1","","生成输出契约并检查列数、顺序和每列含义。","生成输出契约并检查列数、顺序和每列含义。","[AUTO confidence=medium] 预测列数=2，gold 列数=1；需复核 gold 合理性。","[AUTO confidence=medium] 预测列数=2，gold 列数=1；需复核 gold 合理性。","retrieval_complete_mining_abstained_semantic_failure","[""cards"", ""rulings"", ""sets"", ""foreign_data"", ""legalities"", ""set_translations""]","[]","[]","1","first_nonmatching_execution","1","final_same_as_last_execution","false","true","0","0","0","1","0","What is the percentage of Story Spotlight cards that do not have a text box? List them by their ID.","SELECT c.id, CAST((SELECT COUNT(*) FROM cards AS c2 WHERE c2.isStorySpotlight = 1 AND c2.isTextless = 0) AS REAL) * 100.0 / NULLIF((SELECT COUNT(*) FROM cards AS c3 WHERE c3.isStorySpotlight = 1), 0) AS percentage FROM cards AS c WHERE c.isStorySpotlight = 1 AND c.isTextless = 0 ORDER BY c.id;","SELECT CAST(SUM(CASE WHEN isTextless = 0 AND  isStorySpotlight = 1 THEN 1 ELSE 0 END) AS REAL) * 100 / COUNT(id) FROM cards"
"20260714T210045Z-11af1da6","bird_408","card_games","moderate","SCHEMA_LINKING","table_or_join_path_mismatch","UNVERIFIED_FINAL","final_sql_rewritten_after_incorrect_observation","UNVERIFIED_FINAL","final_sql_rewritten_after_incorrect_observation","SCHEMA_LINKING","table_or_join_path_mismatch","3","expression_or_projection_only","成功 observation 后若为了语义改写 SQL，先执行改写版本；记录改写的是投影、过滤、聚合还是排序。","生成 SQL 前记录表、字段来源和 JOIN 路径，并通过 Schema 校验。","[AUTO confidence=high] 最终 SQL 与最近执行 SQL 不同；最近 observation=successful rows; last execution differs from gold；结构改写=expression_or_projection_only。","[AUTO confidence=medium] 表集合不同：pred=['cards']，gold=['cards', 'rulings']；需复核 gold。","retrieval_complete_mining_abstained_semantic_failure","[""cards"", ""rulings"", ""foreign_data"", ""sets"", ""legalities"", ""set_translations""]","[]","[]","1","first_nonmatching_execution","1","unverified_rewrite_after_nonmatching_execution","false","true","0","0","0","1","0","How many unknown power cards contain info about the triggered ability","SELECT COUNT(cards.id) FROM cards WHERE (power IS NULL OR power = '*') AND text LIKE '%triggered ability%'","SELECT Count(DISTINCT T1.id) FROM cards AS T1 INNER JOIN rulings AS T2 ON T1.uuid = T2.uuid WHERE (T1.power IS NULL OR T1.power = '*') AND T2.text LIKE '%triggered ability%'"
"20260714T210045Z-11af1da6","bird_459","card_games","moderate","RUNNER_OR_API","missing_final_sql","RUNNER_OR_API","missing_final_sql","","","","","8","","没有有效 FINAL SQL 时自动重试并记录解析错误。","","[AUTO confidence=high] 结果文件中的 predicted_sql 为空。","","retrieval_complete_mining_abstained_semantic_failure","[""cards"", ""sets"", ""foreign_data"", ""legalities"", ""rulings"", ""set_translations""]","[]","[]","0","direct_final_without_execution","8","final_without_execution","false","true","0","0","7","0","0","Which card costs more converted mana, ""Serra Angel"" or ""Shrine Keeper""?","","SELECT name FROM cards WHERE name IN ('Serra Angel', 'Shrine Keeper') ORDER BY convertedManaCost DESC LIMIT 1"
"20260714T210045Z-11af1da6","bird_465","card_games","moderate","OUTPUT_CONTRACT","yes_no_vs_row_output_mismatch","OUTPUT_CONTRACT","yes_no_vs_row_output_mismatch","","","OUTPUT_CONTRACT","yes_no_vs_row_output_mismatch","1","","在 FINAL 前检查应返回单个 YES/NO 还是逐行原始字段。","在 FINAL 前检查应返回单个 YES/NO 还是逐行原始字段。","[AUTO confidence=medium] 预测与 gold 的 YES/NO 输出形式不同；可能包含 gold/Hint 冲突。","[AUTO confidence=medium] 预测与 gold 的 YES/NO 输出形式不同；可能包含 gold/Hint 冲突。","retrieval_complete_mining_abstained_semantic_failure","[""cards"", ""sets"", ""foreign_data"", ""set_translations"", ""rulings""]","[]","[]","1","first_nonmatching_execution","1","final_same_as_last_execution","false","true","0","0","0","1","0","For the set of cards with ""Ancestor's Chosen"" in it, is there a Korean version of it?","SELECT CASE WHEN EXISTS ( SELECT 1 FROM cards AS c INNER JOIN foreign_data AS f ON c.uuid = f.uuid WHERE c.name = 'Ancestor''s Chosen' AND f.language = 'Korean' ) THEN 1 ELSE 0 END AS has_korean_version;","SELECT IIF(SUM(CASE WHEN T2.language = 'Korean' AND T2.translation IS NOT NULL THEN 1 ELSE 0 END) > 0, 'YES', 'NO') FROM cards AS T1 INNER JOIN set_translations AS T2 ON T2.setCode = T1.setCode WHERE T1.name = 'Ancestor''s Chosen'"
"20260714T210045Z-11af1da6","bird_469","card_games","moderate","OUTPUT_CONTRACT","yes_no_vs_row_output_mismatch","OUTPUT_CONTRACT","yes_no_vs_row_output_mismatch","","","OUTPUT_CONTRACT","yes_no_vs_row_output_mismatch","1","","在 FINAL 前检查应返回单个 YES/NO 还是逐行原始字段。","在 FINAL 前检查应返回单个 YES/NO 还是逐行原始字段。","[AUTO confidence=medium] 预测与 gold 的 YES/NO 输出形式不同；可能包含 gold/Hint 冲突。","[AUTO confidence=medium] 预测与 gold 的 YES/NO 输出形式不同；可能包含 gold/Hint 冲突。","retrieval_complete_mining_abstained_semantic_failure","[""cards"", ""sets"", ""set_translations"", ""foreign_data"", ""rulings""]","[]","[]","1","first_nonmatching_execution","1","unverified_rewrite_after_nonmatching_execution","false","true","0","0","0","0","1","Did the set of cards with ""Angel of Mercy"" appear on Magic: The Gathering Online?","SELECT EXISTS (SELECT 1 FROM cards AS T1 INNER JOIN sets AS T2 ON T1.setCode = T2.code WHERE T1.name = 'Angel of Mercy' AND T2.mtgoCode IS NOT NULL) AS answer;","SELECT IIF(T2.mtgoCode IS NOT NULL, 'YES', 'NO') FROM cards AS T1 INNER JOIN sets AS T2 ON T2.code = T1.setCode WHERE T1.name = 'Angel of Mercy'"
"20260714T210045Z-11af1da6","bird_474","card_games","moderate","SEMANTIC_REVIEW_REQUIRED","filter_scope_or_expression_mismatch","SEMANTIC_REVIEW_REQUIRED","filter_scope_or_expression_mismatch","","","SEMANTIC_REVIEW_REQUIRED","filter_scope_or_expression_mismatch","1","","记录过滤字段、取值、时间范围和作用层级后再生成 SQL。","记录过滤字段、取值、时间范围和作用层级后再生成 SQL。","[AUTO confidence=low] 最终 SQL 已执行成功，但结果与 gold 不同；自动规则未发现更具体结构错误，需复核过滤范围或 gold 噪声。","[AUTO confidence=low] 最终 SQL 已执行成功，但结果与 gold 不同；自动规则未发现更具体结构错误，需复核过滤范围或 gold 噪声。","retrieval_complete_mining_abstained_semantic_failure","[""cards"", ""sets"", ""set_translations"", ""foreign_data"", ""rulings""]","[]","[]","1","first_nonmatching_execution","1","final_same_as_last_execution","false","true","0","0","0","1","0","Among the sets of cards that have an Italian translation, how many of them have a base set number of under 100?","SELECT COUNT(DISTINCT s.code) FROM sets AS s INNER JOIN set_translations AS st ON s.code = st.setCode WHERE st.language = 'Italian' AND st.translation IS NOT NULL AND s.baseSetSize < 10","SELECT COUNT(T1.id) FROM sets AS T1 INNER JOIN set_translations AS T2 ON T2.setCode = T1.code WHERE T2.translation IS NOT NULL AND T1.baseSetSize < 100 AND T2.language = 'Italian'"
"20260714T210045Z-11af1da6","bird_484","card_games","moderate","AGGREGATION_REASONING","aggregation_or_grouping_mismatch","UNVERIFIED_FINAL","final_sql_rewritten_after_incorrect_observation","UNVERIFIED_FINAL","final_sql_rewritten_after_incorrect_observation","AGGREGATION_REASONING","aggregation_or_grouping_mismatch","2","expression_or_projection_only","成功 observation 后若为了语义改写 SQL，先执行改写版本；记录改写的是投影、过滤、聚合还是排序。","生成 SQL 前明确统计对象、分组键、聚合函数和聚合后的排序字段。","[AUTO confidence=high] 最终 SQL 与最近执行 SQL 不同；最近 observation=successful rows; last execution differs from gold；结构改写=expression_or_projection_only。","[AUTO confidence=medium] 预测与 gold 的聚合结构不同：max(。","detailed_schema_column_miss_or_compact_index_only","[""cards"", ""foreign_data"", ""set_translations"", ""sets"", ""legalities""]","[]","[""cards.name""]","1","retrieval_context_risk","0","unverified_rewrite_after_nonmatching_execution","false","true","0","0","0","1","0","Please list the Italian names of the cards in the set Coldsnap with the highest converted mana cost.","SELECT DISTINCT fd.name FROM cards AS c INNER JOIN sets AS s ON c.setCode = s.code INNER JOIN foreign_data AS fd ON fd.uuid = c.uuid WHERE s.name = 'Coldsnap' AND fd.language = 'Italian' AND c.convertedManaCost = (SELECT MAX(c2.convertedManaCost) FROM cards AS c2 INNER JOIN sets AS s2 ON c2.setCode = s2.code WHERE s2.name = 'Coldsnap')","SELECT T2.name FROM foreign_data AS T1 INNER JOIN cards AS T2 ON T2.uuid = T1.uuid INNER JOIN sets AS T3 ON T3.code = T2.setCode WHERE T3.name = 'Coldsnap' AND T1.language = 'Italian' ORDER BY T2.convertedManaCost DESC"
"20260714T210045Z-11af1da6","bird_486","card_games","moderate","AGGREGATION_REASONING","aggregation_or_grouping_mismatch","AGGREGATION_REASONING","aggregation_or_grouping_mismatch","","","AGGREGATION_REASONING","aggregation_or_grouping_mismatch","1","","生成 SQL 前明确统计对象、分组键、聚合函数和聚合后的排序字段。","生成 SQL 前明确统计对象、分组键、聚合函数和聚合后的排序字段。","[AUTO confidence=medium] 预测与 gold 的聚合结构不同：count(。","[AUTO confidence=medium] 预测与 gold 的聚合结构不同：count(。","retrieval_complete_mining_abstained_semantic_failure","[""cards"", ""sets"", ""foreign_data"", ""set_translations"", ""legalities""]","[]","[]","1","first_nonmatching_execution","1","final_same_as_last_execution","false","true","0","0","0","1","0","What is the percentage of the cards with a converted mana cost of 7 in the set Coldsnap?","SELECT CAST(SUM(CASE WHEN cards.convertedManaCost = 7 THEN 1 ELSE 0 END) AS REAL) * 100.0 / SUM(cards.convertedManaCost) AS percentage FROM cards INNER JOIN sets ON cards.setCode = sets.code WHERE sets.name = 'Coldsnap';","SELECT CAST(SUM(CASE WHEN T1.convertedManaCost = 7 THEN 1 ELSE 0 END) AS REAL) * 100 / COUNT(T1.id) FROM cards AS T1 INNER JOIN sets AS T2 ON T2.code = T1.setCode WHERE T2.name = 'Coldsnap'"
"20260714T210045Z-11af1da6","bird_518","card_games","moderate","AGGREGATION_REASONING","aggregation_or_grouping_mismatch","AGGREGATION_REASONING","aggregation_or_grouping_mismatch","","","AGGREGATION_REASONING","aggregation_or_grouping_mismatch","2","","生成 SQL 前明确统计对象、分组键、聚合函数和聚合后的排序字段。","生成 SQL 前明确统计对象、分组键、聚合函数和聚合后的排序字段。","[AUTO confidence=medium] 预测与 gold 的聚合结构不同：max(。","[AUTO confidence=medium] 预测与 gold 的聚合结构不同：max(。","retrieval_complete_mining_abstained_semantic_failure","[""cards"", ""legalities"", ""sets"", ""foreign_data"", ""rulings"", ""set_translations""]","[]","[]","1","first_nonmatching_execution","2","final_same_as_last_execution","false","true","1","0","0","1","0","Which of the play format has the highest number of banned status? Indicate the play format and the names of all the card meet the condition.","WITH banned_counts AS ( SELECT L.format, COUNT(*) AS banned_count FROM legalities AS L WHERE L.status = 'Banned' GROUP BY L.format ), top_formats AS ( SELECT format FROM banned_counts WHERE banned_count = (SELECT MAX(banned_count) FROM banned_counts) ) SELECT DISTINCT L.format, C.name FROM legalities AS L INNER JOIN cards AS C ON C.uuid = L.uuid INNER JOIN top_formats AS T ON T.format = L.format WHERE L.status = 'Banned' ORDER BY L.format, C.name;","WITH MaxBanned AS (SELECT format, COUNT(*) AS count_banned FROM legalities WHERE status = 'Banned' GROUP BY format ORDER BY COUNT(*) DESC LIMIT 1) SELECT T2.format, T1.name FROM cards AS T1 INNER JOIN legalities AS T2 ON T2.uuid = T1.uuid INNER JOIN MaxBanned MB ON MB.format = T2.format WHERE T2.status = 'Banned'"
"20260714T210045Z-11af1da6","bird_529","card_games","moderate","SEMANTIC_REVIEW_REQUIRED","filter_scope_or_expression_mismatch","UNVERIFIED_FINAL","final_sql_rewritten_after_incorrect_observation","UNVERIFIED_FINAL","final_sql_rewritten_after_incorrect_observation","SEMANTIC_REVIEW_REQUIRED","filter_scope_or_expression_mismatch","4","tables, LIMIT","成功 observation 后若为了语义改写 SQL，先执行改写版本；记录改写的是投影、过滤、聚合还是排序。","记录过滤字段、取值、时间范围和作用层级后再生成 SQL。","[AUTO confidence=high] 最终 SQL 与最近执行 SQL 不同；最近 observation=successful rows; last execution differs from gold；结构改写=tables, LIMIT。","[AUTO confidence=low] 最终 SQL 已执行成功，但结果与 gold 不同；自动规则未发现更具体结构错误，需复核过滤范围或 gold 噪声。","retrieval_complete_mining_abstained_semantic_failure","[""cards"", ""sets"", ""foreign_data"", ""set_translations"", ""rulings""]","[]","[]","3","first_nonmatching_execution","2","unverified_rewrite_after_nonmatching_execution","false","true","0","2","0","1","2","Find and list the names of sets which doesn't have Japanese translation but have Korean translation.","SELECT DISTINCT T1.name FROM sets AS T1 INNER JOIN set_translations AS T2 ON T1.code = T2.setCode LEFT JOIN set_translations AS T3 ON T1.code = T3.setCode AND T3.language LIKE '%Japanese%' WHERE T2.language = 'Korean' AND T3.setCode IS NULL","SELECT name FROM sets WHERE code IN ( SELECT setCode FROM set_translations WHERE language = 'Korean' AND language NOT LIKE '%Japanese%' )"
"20260714T210045Z-11af1da6","bird_530","card_games","moderate","AGGREGATION_REASONING","sort_direction_or_order_scope_mismatch","AGGREGATION_REASONING","sort_direction_or_order_scope_mismatch","","","AGGREGATION_REASONING","sort_direction_or_order_scope_mismatch","1","","显式记录排序指标、方向以及排序发生在聚合前还是聚合后。","显式记录排序指标、方向以及排序发生在聚合前还是聚合后。","[AUTO confidence=medium] 排序结构不同：pred=['asc']，gold=['implicit']。","[AUTO confidence=medium] 排序结构不同：pred=['asc']，gold=['implicit']。","detailed_schema_column_miss_or_compact_index_only","[""cards"", ""legalities"", ""foreign_data"", ""rulings"", ""sets""]","[]","[""cards.name""]","1","retrieval_context_risk","0","final_same_as_last_execution","false","true","0","0","0","1","0","List all the frame styles and cards Allen Williams worked on and find any banned cards if there are any.","SELECT cards.name, cards.frameVersion, legalities.status FROM cards LEFT JOIN legalities ON cards.uuid = legalities.uuid AND legalities.status = 'Banned' WHERE cards.artist = 'Allen Williams' ORDER BY cards.frameVersion ASC, cards.name ASC","SELECT DISTINCT T1.frameVersion, T1.name , IIF(T2.status = 'Banned', T1.name, 'NO') FROM cards AS T1 INNER JOIN legalities AS T2 ON T1.uuid = T2.uuid WHERE T1.artist = 'Allen Williams'"
"20260714T210045Z-11af1da6","bird_197","toxicology","moderate","AGGREGATION_REASONING","aggregation_or_grouping_mismatch","AGGREGATION_REASONING","aggregation_or_grouping_mismatch","","","AGGREGATION_REASONING","aggregation_or_grouping_mismatch","1","","生成 SQL 前明确统计对象、分组键、聚合函数和聚合后的排序字段。","生成 SQL 前明确统计对象、分组键、聚合函数和聚合后的排序字段。","[AUTO confidence=medium] 预测与 gold 的聚合结构不同：sum(, count(。","[AUTO confidence=medium] 预测与 gold 的聚合结构不同：sum(, count(。","retrieval_complete_mining_abstained_semantic_failure","[""bond"", ""atom"", ""connected"", ""molecule""]","[]","[]","1","first_nonmatching_execution","1","final_same_as_last_execution","false","true","0","0","0","0","1","Calculate the average number of oxygen atoms in single-bonded molecules.","SELECT AVG(oxygen_count) AS avg_oxygen_atoms FROM ( SELECT a.molecule_id, SUM(a.element = 'o') AS oxygen_count FROM atom AS a WHERE a.molecule_id IN ( SELECT DISTINCT b.molecule_id FROM bond AS b WHERE b.bond_type = '-' ) GROUP BY a.molecule_id ) AS per_molecule;","SELECT AVG(oxygen_count) FROM (SELECT T1.molecule_id, COUNT(T1.element) AS oxygen_count FROM atom AS T1 INNER JOIN bond AS T2 ON T1.molecule_id = T2.molecule_id  WHERE T2.bond_type = '-' AND T1.element = 'o'  GROUP BY T1.molecule_id) AS oxygen_counts"
"20260714T210045Z-11af1da6","bird_198","toxicology","challenging","AGGREGATION_REASONING","aggregation_or_grouping_mismatch","AGGREGATION_REASONING","aggregation_or_grouping_mismatch","","","AGGREGATION_REASONING","aggregation_or_grouping_mismatch","1","","生成 SQL 前明确统计对象、分组键、聚合函数和聚合后的排序字段。","生成 SQL 前明确统计对象、分组键、聚合函数和聚合后的排序字段。","[AUTO confidence=medium] 预测与 gold 的聚合结构不同：group by, sum(, avg(。","[AUTO confidence=medium] 预测与 gold 的聚合结构不同：group by, sum(, avg(。","retrieval_complete_mining_abstained_semantic_failure","[""bond"", ""molecule"", ""atom"", ""connected""]","[]","[]","1","first_nonmatching_execution","1","unverified_rewrite_after_nonmatching_execution","false","true","0","0","0","1","0","On average how many carcinogenic molecules are single bonded?","SELECT CAST((SELECT SUM(CASE WHEN b.bond_type = '-' THEN 1 ELSE 0 END) FROM bond AS b INNER JOIN molecule AS m ON b.molecule_id = m.molecule_id WHERE m.label = '+') AS REAL) / NULLIF((SELECT COUNT(a.atom_id) FROM atom AS a INNER JOIN molecule AS m ON a.molecule_id = m.molecule_id WHERE m.label = '+'), 0) AS average_single_bonded","SELECT AVG(single_bond_count) FROM (SELECT T3.molecule_id, COUNT(T1.bond_type) AS single_bond_count FROM bond AS T1  INNER JOIN atom AS T2 ON T1.molecule_id = T2.molecule_id INNER JOIN molecule AS T3 ON T3.molecule_id = T2.molecule_id WHERE T1.bond_type = '-' AND T3.label = '+' GROUP BY T3.molecule_id) AS subquery"
"20260714T210045Z-11af1da6","bird_207","toxicology","challenging","OUTPUT_CONTRACT","output_column_count_mismatch","OUTPUT_CONTRACT","output_column_count_mismatch","","","OUTPUT_CONTRACT","output_column_count_mismatch","1","","生成输出契约并检查列数、顺序和每列含义。","生成输出契约并检查列数、顺序和每列含义。","[AUTO confidence=medium] 预测列数=2，gold 列数=1；需复核 gold 合理性。","[AUTO confidence=medium] 预测列数=2，gold 列数=1；需复核 gold 合理性。","retrieval_complete_mining_abstained_semantic_failure","[""bond"", ""atom"", ""connected"", ""molecule""]","[]","[]","1","first_nonmatching_execution","1","final_same_as_last_execution","false","true","0","0","0","1","0","What elements are in a double type bond?","SELECT A1.element, A2.element FROM bond AS B JOIN connected AS C ON B.bond_id = C.bond_id JOIN atom AS A1 ON C.atom_id = A1.atom_id JOIN atom AS A2 ON C.atom_id2 = A2.atom_id WHERE B.bond_type = '='","SELECT DISTINCT T1.element FROM atom AS T1 INNER JOIN bond AS T2 ON T1.molecule_id = T2.molecule_id INNER JOIN connected AS T3 ON T1.atom_id = T3.atom_id WHERE T2.bond_type = '='"
"20260714T210045Z-11af1da6","bird_215","toxicology","challenging","OUTPUT_CONTRACT","output_column_count_mismatch","OUTPUT_CONTRACT","output_column_count_mismatch","","","OUTPUT_CONTRACT","output_column_count_mismatch","1","","生成输出契约并检查列数、顺序和每列含义。","生成输出契约并检查列数、顺序和每列含义。","[AUTO confidence=medium] 预测列数=1，gold 列数=2；需复核 gold 合理性。","[AUTO confidence=medium] 预测列数=1，gold 列数=2；需复核 gold 合理性。","retrieval_complete_mining_abstained_semantic_failure","[""bond"", ""atom"", ""connected"", ""molecule""]","[]","[]","1","first_nonmatching_execution","1","unverified_rewrite_after_nonmatching_execution","false","true","0","0","0","1","0","How many atoms with iodine and with sulfur type elements are there in single bond molecules?","SELECT COUNT(DISTINCT a.atom_id) AS count_distinct_atoms FROM atom AS a JOIN (SELECT DISTINCT molecule_id FROM bond WHERE bond_type = '-') AS b ON a.molecule_id = b.molecule_id WHERE a.element IN ('i', 's')","SELECT COUNT(DISTINCT CASE WHEN T1.element = 'i' THEN T1.atom_id ELSE NULL END) AS iodine_nums , COUNT(DISTINCT CASE WHEN T1.element = 's' THEN T1.atom_id ELSE NULL END) AS sulfur_nums FROM atom AS T1 INNER JOIN connected AS T2 ON T1.atom_id = T2.atom_id INNER JOIN bond AS T3 ON T2.bond_id = T3.bond_id WHERE T3.bond_type = '-'"
"20260714T210045Z-11af1da6","bird_218","toxicology","challenging","SEMANTIC_REVIEW_REQUIRED","filter_scope_or_expression_mismatch","UNVERIFIED_FINAL","final_without_db_execution","UNVERIFIED_FINAL","final_without_db_execution","SEMANTIC_REVIEW_REQUIRED","filter_scope_or_expression_mismatch","2","no_prior_execution","在首次 FINAL 前先执行将要提交的 SQL，并把执行状态写入 trace。","记录过滤字段、取值、时间范围和作用层级后再生成 SQL。","[AUTO confidence=high] 最终 SQL 前没有 db.execute 记录。","[AUTO confidence=low] 最终 SQL 已执行成功，但结果与 gold 不同；自动规则未发现更具体结构错误，需复核过滤范围或 gold 噪声。","retrieval_complete_mining_abstained_semantic_failure","[""atom"", ""bond"", ""molecule"", ""connected""]","[]","[]","0","direct_final_without_execution","2","final_without_execution","false","true","0","0","0","0","0","What percentage of carcinogenic-type molecules does not contain fluorine?","SELECT CAST((COUNT(DISTINCT m.molecule_id) - COUNT(DISTINCT CASE WHEN a.element = 'f' THEN m.molecule_id END)) AS REAL) * 100.0 / COUNT(DISTINCT m.molecule_id) AS percentage FROM molecule AS m LEFT JOIN atom AS a ON m.molecule_id = a.molecule_id WHERE m.label = '+';","SELECT CAST(COUNT(DISTINCT CASE WHEN T1.element <> 'f' THEN T2.molecule_id ELSE NULL END) AS REAL) * 100 / COUNT(DISTINCT T2.molecule_id) FROM atom AS T1 INNER JOIN molecule AS T2 ON T1.molecule_id = T2.molecule_id WHERE T2.label = '+'"
"20260714T210045Z-11af1da6","bird_219","toxicology","challenging","AGGREGATION_REASONING","aggregation_or_grouping_mismatch","AGGREGATION_REASONING","aggregation_or_grouping_mismatch","","","AGGREGATION_REASONING","aggregation_or_grouping_mismatch","1","","生成 SQL 前明确统计对象、分组键、聚合函数和聚合后的排序字段。","生成 SQL 前明确统计对象、分组键、聚合函数和聚合后的排序字段。","[AUTO confidence=medium] 预测与 gold 的聚合结构不同：sum(。","[AUTO confidence=medium] 预测与 gold 的聚合结构不同：sum(。","retrieval_complete_mining_abstained_semantic_failure","[""bond"", ""molecule"", ""atom"", ""connected""]","[]","[]","1","first_nonmatching_execution","1","final_same_as_last_execution","false","true","0","0","0","1","0","What is the percentage of carcinogenic molecules in triple type bonds?","SELECT CAST(SUM(CASE WHEN b.bond_type = '#' THEN 1 ELSE 0 END) * 100.0 AS REAL) / COUNT(b.bond_id) AS percent FROM bond AS b INNER JOIN molecule AS m ON b.molecule_id = m.molecule_id WHERE m.label = '+';","SELECT CAST(COUNT(DISTINCT CASE WHEN T2.label = '+' THEN T2.molecule_id ELSE NULL END) AS REAL) * 100 / COUNT(DISTINCT T2.molecule_id) FROM atom AS T1 INNER JOIN molecule AS T2 ON T1.molecule_id = T2.molecule_id INNER JOIN bond AS T3 ON T2.molecule_id = T3.molecule_id WHERE T3.bond_type = '#'"
"20260714T210045Z-11af1da6","bird_228","toxicology","moderate","AGGREGATION_REASONING","aggregation_or_grouping_mismatch","AGGREGATION_REASONING","aggregation_or_grouping_mismatch","","","AGGREGATION_REASONING","aggregation_or_grouping_mismatch","1","","生成 SQL 前明确统计对象、分组键、聚合函数和聚合后的排序字段。","生成 SQL 前明确统计对象、分组键、聚合函数和聚合后的排序字段。","[AUTO confidence=medium] 预测与 gold 的聚合结构不同：sum(。","[AUTO confidence=medium] 预测与 gold 的聚合结构不同：sum(。","retrieval_complete_mining_abstained_semantic_failure","[""atom"", ""bond"", ""connected"", ""molecule""]","[]","[]","1","first_nonmatching_execution","1","final_same_as_last_execution","false","true","0","0","0","1","0","How much of the hydrogen in molecule TR206 is accounted for? Please provide your answer as a percentage with four decimal places.","SELECT printf('%.4f', 100.0 * SUM(CASE WHEN atom.element = 'h' THEN 1 ELSE 0 END) / COUNT(atom.atom_id)) AS percentage FROM atom WHERE atom.molecule_id = 'TR206';","SELECT ROUND(CAST(COUNT(CASE WHEN T.element = 'h' THEN T.atom_id ELSE NULL END) AS REAL) * 100 / COUNT(T.atom_id),4) FROM atom AS T WHERE T.molecule_id = 'TR206'"
"20260714T210045Z-11af1da6","bird_231","toxicology","challenging","OUTPUT_CONTRACT","output_column_count_mismatch","OUTPUT_CONTRACT","output_column_count_mismatch","","","OUTPUT_CONTRACT","output_column_count_mismatch","1","","生成输出契约并检查列数、顺序和每列含义。","生成输出契约并检查列数、顺序和每列含义。","[AUTO confidence=medium] 预测列数=2，gold 列数=1；需复核 gold 合理性。","[AUTO confidence=medium] 预测列数=2，gold 列数=1；需复核 gold 合理性。","retrieval_complete_mining_abstained_semantic_failure","[""bond"", ""molecule"", ""atom"", ""connected""]","[]","[]","1","first_nonmatching_execution","1","final_same_as_last_execution","false","true","0","0","0","1","0","Which bond type accounted for the majority of the bonds found in molecule TR010 and state whether or not this molecule is carcinogenic?","SELECT b.bond_type, m.label FROM bond AS b INNER JOIN molecule AS m ON b.molecule_id = m.molecule_id WHERE m.molecule_id = 'TR010' GROUP BY b.bond_type, m.label ORDER BY COUNT(b.bond_type) DESC LIMIT 1","SELECT T.bond_type FROM ( SELECT T1.bond_type, COUNT(T1.molecule_id) FROM bond AS T1  WHERE T1.molecule_id = 'TR010' GROUP BY T1.bond_type ORDER BY COUNT(T1.molecule_id) DESC LIMIT 1 ) AS T"
"20260714T210045Z-11af1da6","bird_234","toxicology","moderate","SEMANTIC_REVIEW_REQUIRED","filter_scope_or_expression_mismatch","UNVERIFIED_FINAL","final_sql_rewritten_after_incorrect_observation","UNVERIFIED_FINAL","final_sql_rewritten_after_incorrect_observation","SEMANTIC_REVIEW_REQUIRED","filter_scope_or_expression_mismatch","2","expression_or_projection_only","成功 observation 后若为了语义改写 SQL，先执行改写版本；记录改写的是投影、过滤、聚合还是排序。","记录过滤字段、取值、时间范围和作用层级后再生成 SQL。","[AUTO confidence=high] 最终 SQL 与最近执行 SQL 不同；最近 observation=successful rows; last execution differs from gold；结构改写=expression_or_projection_only。","[AUTO confidence=low] 最终 SQL 已执行成功，但结果与 gold 不同；自动规则未发现更具体结构错误，需复核过滤范围或 gold 噪声。","retrieval_complete_mining_abstained_semantic_failure","[""bond"", ""connected"", ""atom"", ""molecule""]","[]","[]","1","first_nonmatching_execution","1","unverified_rewrite_after_nonmatching_execution","false","true","0","0","0","1","0","How many bonds which involved atom 12 does molecule TR009 have?","SELECT COUNT(DISTINCT T1.bond_id) FROM bond AS T1 INNER JOIN connected AS T2 ON T1.bond_id = T2.bond_id WHERE T1.molecule_id = 'TR009' AND (T2.atom_id = 'TR009_12' OR T2.atom_id2 = 'TR009_12')","SELECT COUNT(T2.bond_id) FROM bond AS T1 INNER JOIN connected AS T2 ON T1.bond_id = T2.bond_id WHERE T1.molecule_id = 'TR009' AND T2.atom_id = T1.molecule_id || '_1' OR T2.atom_id2 = T1.molecule_id || '_2'"
"20260714T210045Z-11af1da6","bird_247","toxicology","challenging","SEMANTIC_REVIEW_REQUIRED","filter_scope_or_expression_mismatch","UNVERIFIED_FINAL","final_sql_rewritten_after_incorrect_observation","UNVERIFIED_FINAL","final_sql_rewritten_after_incorrect_observation","SEMANTIC_REVIEW_REQUIRED","filter_scope_or_expression_mismatch","2","expression_or_projection_only","成功 observation 后若为了语义改写 SQL，先执行改写版本；记录改写的是投影、过滤、聚合还是排序。","记录过滤字段、取值、时间范围和作用层级后再生成 SQL。","[AUTO confidence=high] 最终 SQL 与最近执行 SQL 不同；最近 observation=successful rows; last execution differs from gold；结构改写=expression_or_projection_only。","[AUTO confidence=low] 最终 SQL 已执行成功，但结果与 gold 不同；自动规则未发现更具体结构错误，需复核过滤范围或 gold 噪声。","retrieval_complete_mining_abstained_semantic_failure","[""connected"", ""atom"", ""bond"", ""molecule""]","[]","[]","1","first_nonmatching_execution","1","unverified_rewrite_after_nonmatching_execution","false","true","0","0","0","1","0","List all the elements of atoms that can not bond with any other atoms.","SELECT a.element FROM atom AS a WHERE a.atom_id NOT IN (SELECT c.atom_id FROM connected AS c)","SELECT DISTINCT T.element FROM atom AS T WHERE T.element NOT IN ( SELECT DISTINCT T1.element FROM atom AS T1 INNER JOIN connected AS T2 ON T1.atom_id = T2.atom_id )"
"20260714T210045Z-11af1da6","bird_281","toxicology","challenging","OUTPUT_CONTRACT","output_column_count_mismatch","OUTPUT_CONTRACT","output_column_count_mismatch","","","OUTPUT_CONTRACT","output_column_count_mismatch","1","","生成输出契约并检查列数、顺序和每列含义。","生成输出契约并检查列数、顺序和每列含义。","[AUTO confidence=medium] 预测列数=2，gold 列数=1；需复核 gold 合理性。","[AUTO confidence=medium] 预测列数=2，gold 列数=1；需复核 gold 合理性。","retrieval_complete_mining_abstained_semantic_failure","[""atom"", ""bond"", ""molecule"", ""connected""]","[]","[]","1","first_nonmatching_execution","1","final_same_as_last_execution","false","true","0","0","0","1","0","Tally the toxicology element of the 4th atom of each molecule that was carcinogenic.","SELECT A.element, COUNT(*) AS tally FROM atom AS A JOIN molecule AS M ON A.molecule_id = M.molecule_id WHERE M.label = '+' AND substr(A.atom_id, 7, 1) = '4' GROUP BY A.element","SELECT DISTINCT T1.element FROM atom AS T1 INNER JOIN molecule AS T2 ON T1.molecule_id = T2.molecule_id WHERE T2.label = '+' AND SUBSTR(T1.atom_id, -1) = '4' AND LENGTH(T1.atom_id) = 7"
"20260714T210045Z-11af1da6","bird_17","california_schools","simple","AGGREGATION_REASONING","aggregation_or_grouping_mismatch","UNVERIFIED_FINAL","final_sql_rewritten_after_incorrect_observation","UNVERIFIED_FINAL","final_sql_rewritten_after_incorrect_observation","AGGREGATION_REASONING","aggregation_or_grouping_mismatch","2","LIMIT","成功 observation 后若为了语义改写 SQL，先执行改写版本；记录改写的是投影、过滤、聚合还是排序。","生成 SQL 前明确统计对象、分组键、聚合函数和聚合后的排序字段。","[AUTO confidence=high] 最终 SQL 与最近执行 SQL 不同；最近 observation=successful rows; last execution differs from gold；结构改写=LIMIT。","[AUTO confidence=medium] 预测与 gold 的聚合结构不同：rank(。","retrieval_complete_mining_abstained_semantic_failure","[""satscores"", ""schools"", ""frpm""]","[]","[]","1","first_nonmatching_execution","1","unverified_rewrite_after_nonmatching_execution","false","true","0","0","0","0","1","Rank schools by their average score in Writing where the score is greater than 499, showing their charter numbers.","SELECT T1.sname AS school_name, T2.CharterNum AS charter_number, T1.AvgScrWrite AS average_writing_score FROM satscores AS T1 INNER JOIN schools AS T2 ON T1.cds = T2.CDSCode WHERE T1.AvgScrWrite > 499 AND T2.CharterNum IS NOT NULL ORDER BY T1.AvgScrWrite DESC, T1.sname ASC","SELECT CharterNum, AvgScrWrite, RANK() OVER (ORDER BY AvgScrWrite DESC) AS WritingScoreRank FROM schools AS T1  INNER JOIN satscores AS T2 ON T1.CDSCode = T2.cds WHERE T2.AvgScrWrite > 499 AND CharterNum is not null"
"20260714T210045Z-11af1da6","bird_24","california_schools","moderate","SCHEMA_LINKING","table_or_join_path_mismatch","UNVERIFIED_FINAL","final_sql_rewritten_after_incorrect_observation","UNVERIFIED_FINAL","final_sql_rewritten_after_incorrect_observation","SCHEMA_LINKING","table_or_join_path_mismatch","2","aggregate","成功 observation 后若为了语义改写 SQL，先执行改写版本；记录改写的是投影、过滤、聚合还是排序。","生成 SQL 前记录表、字段来源和 JOIN 路径，并通过 Schema 校验。","[AUTO confidence=high] 最终 SQL 与最近执行 SQL 不同；最近 observation=successful rows; last execution differs from gold；结构改写=aggregate。","[AUTO confidence=medium] 表集合不同：pred=['frpm', 'satscores', 'schools']，gold=['frpm', 'satscores']；需复核 gold。","retrieval_complete_mining_abstained_semantic_failure","[""satscores"", ""frpm"", ""schools""]","[]","[]","1","first_nonmatching_execution","1","unverified_rewrite_after_nonmatching_execution","false","true","0","0","0","1","0","Give the names of the schools with the percent eligible for free meals in K-12 is more than 0.1 and test takers whose test score is greater than or equal to 1500?","SELECT DISTINCT schools.School FROM schools INNER JOIN frpm ON frpm.CDSCode = schools.CDSCode INNER JOIN satscores ON satscores.cds = schools.CDSCode WHERE frpm.`Free Meal Count (K-12)` / frpm.`Enrollment (K-12)` > 0.1 AND satscores.NumGE1500 > 0","SELECT T2.`School Name` FROM satscores AS T1 INNER JOIN frpm AS T2 ON T1.cds = T2.CDSCode WHERE CAST(T2.`Free Meal Count (K-12)` AS REAL) / T2.`Enrollment (K-12)` > 0.1 AND T1.NumGE1500 > 0"
"20260714T210045Z-11af1da6","bird_25","california_schools","moderate","AGGREGATION_REASONING","aggregation_or_grouping_mismatch","UNVERIFIED_FINAL","final_sql_rewritten_after_incorrect_observation","UNVERIFIED_FINAL","final_sql_rewritten_after_incorrect_observation","AGGREGATION_REASONING","aggregation_or_grouping_mismatch","4","tables, GROUP BY, HAVING, aggregate","成功 observation 后若为了语义改写 SQL，先执行改写版本；记录改写的是投影、过滤、聚合还是排序。","生成 SQL 前明确统计对象、分组键、聚合函数和聚合后的排序字段。","[AUTO confidence=high] 最终 SQL 与最近执行 SQL 不同；最近 observation=successful rows; last execution differs from gold；结构改写=tables, GROUP BY, HAVING, aggregate。","[AUTO confidence=medium] 预测与 gold 的聚合结构不同：sum(, avg(, count(。","retrieval_complete_mining_abstained_semantic_failure","[""satscores"", ""frpm"", ""schools""]","[]","[]","2","first_nonmatching_execution","1","unverified_rewrite_after_nonmatching_execution","false","true","0","2","0","2","0","Name schools in Riverside which the average of average math score for SAT is grater than 400, what is the funding type of these schools?","SELECT sch.School AS school_name, sch.FundingType AS funding_type FROM schools AS sch INNER JOIN satscores AS ss ON sch.CDSCode = ss.cds WHERE sch.County = 'Riverside' GROUP BY sch.CDSCode, sch.School, sch.FundingType HAVING AVG(ss.AvgScrMath) > 400 ORDER BY sch.School ASC","SELECT T1.sname, T2.`Charter Funding Type` FROM satscores AS T1 INNER JOIN frpm AS T2 ON T1.cds = T2.CDSCode WHERE T2.`District Name` LIKE 'Riverside%' GROUP BY T1.sname, T2.`Charter Funding Type` HAVING CAST(SUM(T1.AvgScrMath) AS REAL) / COUNT(T1.cds) > 400"
"20260714T210045Z-11af1da6","bird_28","california_schools","challenging","SEMANTIC_REVIEW_REQUIRED","filter_scope_or_expression_mismatch","SEMANTIC_REVIEW_REQUIRED","filter_scope_or_expression_mismatch","","","SEMANTIC_REVIEW_REQUIRED","filter_scope_or_expression_mismatch","1","","记录过滤字段、取值、时间范围和作用层级后再生成 SQL。","记录过滤字段、取值、时间范围和作用层级后再生成 SQL。","[AUTO confidence=low] 最终 SQL 已执行成功，但结果与 gold 不同；自动规则未发现更具体结构错误，需复核过滤范围或 gold 噪声。","[AUTO confidence=low] 最终 SQL 已执行成功，但结果与 gold 不同；自动规则未发现更具体结构错误，需复核过滤范围或 gold 噪声。","detailed_schema_column_miss_or_compact_index_only","[""schools"", ""frpm"", ""satscores""]","[]","[""schools.school""]","1","retrieval_context_risk","0","unverified_rewrite_after_nonmatching_execution","false","true","0","0","0","1","0","Consider the average difference between K-12 enrollment and 15-17 enrollment of schools that are locally funded, list the names and DOC type of schools which has a difference above this average.","SELECT frpm.`School Name`, schools.DOCType FROM frpm JOIN schools ON schools.CDSCode = frpm.CDSCode WHERE schools.FundingType = 'Locally funded' AND (frpm.`Enrollment (K-12)` - frpm.`Enrollment (Ages 5-17)`) > (SELECT AVG(frpm2.`Enrollment (K-12)` - frpm2.`Enrollment (Ages 5-17)`) FROM frpm AS frpm2 JOIN schools AS schools2 ON schools2.CDSCode = frpm2.CDSCode WHERE schools2.FundingType = 'Locally funded')","SELECT T2.School, T2.DOC FROM frpm AS T1 INNER JOIN schools AS T2 ON T1.CDSCode = T2.CDSCode WHERE T2.FundingType = 'Locally funded' AND (T1.`Enrollment (K-12)` - T1.`Enrollment (Ages 5-17)`) > (SELECT AVG(T3.`Enrollment (K-12)` - T3.`Enrollment (Ages 5-17)`) FROM frpm AS T3 INNER JOIN schools AS T4 ON T3.CDSCode = T4.CDSCode WHERE T4.FundingType = 'Locally funded')"
"20260714T210045Z-11af1da6","bird_37","california_schools","moderate","SEMANTIC_REVIEW_REQUIRED","filter_scope_or_expression_mismatch","SEMANTIC_REVIEW_REQUIRED","filter_scope_or_expression_mismatch","","","SEMANTIC_REVIEW_REQUIRED","filter_scope_or_expression_mismatch","1","","记录过滤字段、取值、时间范围和作用层级后再生成 SQL。","记录过滤字段、取值、时间范围和作用层级后再生成 SQL。","[AUTO confidence=low] 最终 SQL 已执行成功，但结果与 gold 不同；自动规则未发现更具体结构错误，需复核过滤范围或 gold 噪声。","[AUTO confidence=low] 最终 SQL 已执行成功，但结果与 gold 不同；自动规则未发现更具体结构错误，需复核过滤范围或 gold 噪声。","detailed_schema_column_miss_or_compact_index_only","[""schools"", ""satscores"", ""frpm""]","[]","[""schools.city"", ""schools.state"", ""schools.street"", ""schools.zip""]","2","retrieval_context_risk","0","final_same_as_last_execution","false","true","0","0","0","2","0","What is the complete address of the school with the lowest excellence rate? Indicate the Street, City, Zip and State.","SELECT T2.Street, T2.City, T2.Zip, T2.State FROM satscores AS T1 INNER JOIN schools AS T2 ON T1.cds = T2.CDSCode WHERE T1.NumTstTakr > 0 AND T1.NumGE1500 IS NOT NULL ORDER BY (1.0 * T1.NumGE1500) / T1.NumTstTakr ASC LIMIT 1","SELECT T2.Street, T2.City, T2.State, T2.Zip FROM satscores AS T1 INNER JOIN schools AS T2 ON T1.cds = T2.CDSCode ORDER BY CAST(T1.NumGE1500 AS REAL) / T1.NumTstTakr ASC LIMIT 1"
"20260714T210045Z-11af1da6","bird_46","california_schools","simple","OUTPUT_CONTRACT","output_column_count_mismatch","OUTPUT_CONTRACT","output_column_count_mismatch","","","OUTPUT_CONTRACT","output_column_count_mismatch","1","","生成输出契约并检查列数、顺序和每列含义。","生成输出契约并检查列数、顺序和每列含义。","[AUTO confidence=medium] 预测列数=2，gold 列数=1；需复核 gold 合理性。","[AUTO confidence=medium] 预测列数=2，gold 列数=1；需复核 gold 合理性。","detailed_schema_column_miss_or_compact_index_only","[""schools"", ""frpm"", ""satscores""]","[]","[""schools.school""]","1","retrieval_context_risk","0","final_same_as_last_execution","false","true","0","0","0","1","0","Which state special schools have the highest number of enrollees from grades 1 through 12?","SELECT s.School, f.`Enrollment (K-12)` FROM schools AS s INNER JOIN frpm AS f ON s.CDSCode = f.CDSCode WHERE s.DOC = '31' ORDER BY f.`Enrollment (K-12)` DESC LIMIT 1;","SELECT T2.School FROM frpm AS T1 INNER JOIN schools AS T2 ON T1.CDSCode = T2.CDSCode WHERE T2.DOC = 31 ORDER BY T1.`Enrollment (K-12)` DESC LIMIT 1"
"20260714T210045Z-11af1da6","bird_50","california_schools","simple","SEMANTIC_REVIEW_REQUIRED","filter_scope_or_expression_mismatch","SEMANTIC_REVIEW_REQUIRED","filter_scope_or_expression_mismatch","","","SEMANTIC_REVIEW_REQUIRED","filter_scope_or_expression_mismatch","2","","记录过滤字段、取值、时间范围和作用层级后再生成 SQL。","记录过滤字段、取值、时间范围和作用层级后再生成 SQL。","[AUTO confidence=low] 最终 SQL 已执行成功，但结果与 gold 不同；自动规则未发现更具体结构错误，需复核过滤范围或 gold 噪声。","[AUTO confidence=low] 最终 SQL 已执行成功，但结果与 gold 不同；自动规则未发现更具体结构错误，需复核过滤范围或 gold 噪声。","detailed_schema_column_miss_or_compact_index_only","[""schools"", ""satscores"", ""frpm""]","[]","[""schools.school""]","3","retrieval_context_risk","0","unverified_rewrite_after_nonmatching_execution","true","true","0","2","0","2","1","What is the postal street address for the school with the 7th highest Math average? Indicate the school's name.","SELECT sc.School AS SchoolName, sc.MailStreet AS PostalStreetAddress FROM satscores AS s INNER JOIN schools AS sc ON s.cds = sc.CDSCode WHERE s.AvgScrMath IS NOT NULL ORDER BY s.AvgScrMath DESC, s.cds ASC LIMIT 1 OFFSET 6","SELECT T2.MailStreet, T2.School FROM satscores AS T1 INNER JOIN schools AS T2 ON T1.cds = T2.CDSCode ORDER BY T1.AvgScrMath DESC LIMIT 6, 1"
"20260714T210045Z-11af1da6","bird_72","california_schools","moderate","AGGREGATION_REASONING","aggregation_or_grouping_mismatch","UNVERIFIED_FINAL","final_sql_rewritten_after_incorrect_observation","UNVERIFIED_FINAL","final_sql_rewritten_after_incorrect_observation","AGGREGATION_REASONING","aggregation_or_grouping_mismatch","2","ORDER BY, LIMIT, aggregate","成功 observation 后若为了语义改写 SQL，先执行改写版本；记录改写的是投影、过滤、聚合还是排序。","生成 SQL 前明确统计对象、分组键、聚合函数和聚合后的排序字段。","[AUTO confidence=high] 最终 SQL 与最近执行 SQL 不同；最近 observation=successful rows; last execution differs from gold；结构改写=ORDER BY, LIMIT, aggregate。","[AUTO confidence=medium] 预测与 gold 的聚合结构不同：sum(。","detailed_schema_column_miss_or_compact_index_only","[""schools"", ""frpm"", ""satscores""]","[]","[""schools.city""]","2","retrieval_context_risk","0","unverified_rewrite_after_nonmatching_execution","false","true","0","0","0","0","2","How many students from the ages of 5 to 17 are enrolled at the State Special School school in Fremont for the 2014-2015 academic year?","SELECT SUM(f.[Enrollment (Ages 5-17)]) FROM schools AS s INNER JOIN frpm AS f ON f.CDSCode = s.CDSCode WHERE s.City = 'Fremont' AND s.EdOpsCode = 'SSS' AND f.[Academic Year] = '2014-2015'","SELECT T1.`Enrollment (Ages 5-17)` FROM frpm AS T1 INNER JOIN schools AS T2 ON T1.CDSCode = T2.CDSCode WHERE T2.EdOpsCode = 'SSS' AND T2.City = 'Fremont' AND T1.`Academic Year` BETWEEN 2014 AND 2015"
"20260714T210045Z-11af1da6","bird_85","california_schools","moderate","RUNNER_OR_API","missing_final_sql","RUNNER_OR_API","missing_final_sql","","","","","8","","没有有效 FINAL SQL 时自动重试并记录解析错误。","","[AUTO confidence=high] 结果文件中的 predicted_sql 为空。","","retrieval_complete_mining_abstained_semantic_failure","[""frpm"", ""schools"", ""satscores""]","[]","[]","0","direct_final_without_execution","8","final_without_execution","false","true","0","0","7","0","0","What is the Percent (%) Eligible Free (K-12) in the school administered by an administrator whose first name is Alusine. List the district code of the school.","","SELECT T1.`Free Meal Count (K-12)` * 100 / T1.`Enrollment (K-12)`, T1.`District Code` FROM frpm AS T1 INNER JOIN schools AS T2 ON T1.CDSCode = T2.CDSCode WHERE T2.AdmFName1 = 'Alusine'"
"20260714T210045Z-11af1da6","bird_87","california_schools","challenging","OUTPUT_CONTRACT","output_column_count_mismatch","UNVERIFIED_FINAL","final_sql_rewritten_after_incorrect_observation","UNVERIFIED_FINAL","final_sql_rewritten_after_incorrect_observation","OUTPUT_CONTRACT","output_column_count_mismatch","2","expression_or_projection_only","成功 observation 后若为了语义改写 SQL，先执行改写版本；记录改写的是投影、过滤、聚合还是排序。","生成输出契约并检查列数、顺序和每列含义。","[AUTO confidence=high] 最终 SQL 与最近执行 SQL 不同；最近 observation=successful rows; last execution differs from gold；结构改写=expression_or_projection_only。","[AUTO confidence=medium] 预测列数=1，gold 列数=2；需复核 gold 合理性。","detailed_schema_column_miss_or_compact_index_only","[""schools"", ""frpm"", ""satscores""]","[]","[""schools.admemail1"", ""schools.admemail2"", ""schools.city"", ""schools.county"", ""schools.opendate""]","2","retrieval_context_risk","0","unverified_rewrite_after_nonmatching_execution","false","true","0","0","0","1","1","What are the valid e-mail addresses of the administrator of the school located in the San Bernardino county, City of San Bernardino City Unified that opened between 1/1/2009 to 12/31/2010 whose school types are public Intermediate/Middle Schools and Unified Schools?","SELECT DISTINCT AdmEmail1 FROM schools WHERE County = 'San Bernardino' AND District LIKE '%San Bernardino City Unified%' AND SOC = '62' AND DOC = '54' AND OpenDate BETWEEN '2009-01-01' AND '2010-12-31' AND AdmEmail1 IS NOT NULL AND TRIM(AdmEmail1) <> '' ORDER BY AdmEmail1","SELECT T2.AdmEmail1, T2.AdmEmail2 FROM frpm AS T1 INNER JOIN schools AS T2 ON T1.CDSCode = T2.CDSCode WHERE T2.County = 'San Bernardino' AND T2.City = 'San Bernardino' AND T2.DOC = 54 AND strftime('%Y', T2.OpenDate) BETWEEN '2009' AND '2010' AND T2.SOC = 62"
"20260714T210045Z-11af1da6","bird_94","financial","challenging","AGGREGATION_REASONING","sort_direction_or_order_scope_mismatch","UNVERIFIED_FINAL","final_sql_rewritten_after_incorrect_observation","UNVERIFIED_FINAL","final_sql_rewritten_after_incorrect_observation","AGGREGATION_REASONING","sort_direction_or_order_scope_mismatch","3","tables, ORDER BY","成功 observation 后若为了语义改写 SQL，先执行改写版本；记录改写的是投影、过滤、聚合还是排序。","显式记录排序指标、方向以及排序发生在聚合前还是聚合后。","[AUTO confidence=high] 最终 SQL 与最近执行 SQL 不同；最近 observation=successful rows; last execution differs from gold；结构改写=tables, ORDER BY。","[AUTO confidence=medium] 排序结构不同：pred=['implicit']，gold=['asc', 'desc']。","retrieval_complete_mining_abstained_semantic_failure","[""client"", ""disp"", ""order"", ""district"", ""account"", ""card""]","[]","[]","3","first_nonmatching_execution","1","unverified_rewrite_after_nonmatching_execution","false","true","0","1","0","1","2","List out the account numbers of female clients who are oldest and has lowest average salary, calculate the gap between this lowest average salary with the highest average salary?","WITH female AS (SELECT c.client_id, c.birth_date, d.A11 FROM client c JOIN district d ON c.district_id = d.district_id WHERE c.gender = 'F'), oldest AS (SELECT MIN(birth_date) AS birth_date FROM female), salary AS (SELECT MIN(A11) AS low_a11, MAX(A11) AS high_a11 FROM female) SELECT DISTINCT a.account_id, (SELECT high_a11 - low_a11 FROM salary) AS gap FROM female f JOIN disp dp ON f.client_id = dp.client_id JOIN account a ON dp.account_id = a.account_id WHERE f.birth_date = (SELECT birth_date FROM oldest) OR f.A11 = (SELECT low_a11 FROM salary) ORDER BY a.account_id;","SELECT T1.account_id , ( SELECT MAX(A11) - MIN(A11) FROM district ) FROM account AS T1 INNER JOIN district AS T2 ON T1.district_id = T2.district_id INNER JOIN disp AS T3 ON T1.account_id = T3.account_id INNER JOIN client AS T4 ON T3.client_id = T4.client_id WHERE T2.district_id = ( SELECT district_id FROM client WHERE gender = 'F' ORDER BY birth_date ASC LIMIT 1 ) ORDER BY T2.A11 DESC LIMIT 1"
"20260714T210045Z-11af1da6","bird_95","financial","moderate","EMPTY_OR_NULL_RESULT","empty_result","EMPTY_OR_NULL_RESULT","empty_result","","","","","1","","检查过滤值、日期格式和 JOIN 条件，得到非空结果后再提交。","","[AUTO confidence=high] 最终 SQL 返回 0 行。","","retrieval_complete_mining_abstained_semantic_failure","[""disp"", ""district"", ""loan"", ""client"", ""account"", ""card""]","[]","[]","5","first_nonmatching_execution","1","unverified_rewrite_after_nonmatching_execution","false","true","0","1","0","0","5","List out the account numbers of clients who are youngest and have highest average salary?","SELECT DISTINCT account.account_id FROM client JOIN disp ON client.client_id = disp.client_id JOIN account ON disp.account_id = account.account_id JOIN district ON client.district_id = district.district_id WHERE client.birth_date = (SELECT MAX(birth_date) FROM client) AND district.A11 = (SELECT MAX(A11) FROM district) ORDER BY account.account_id","SELECT T1.account_id  FROM account AS T1 INNER JOIN disp AS T2 ON T1.account_id = T2.account_id INNER JOIN client AS T3 ON T2.client_id = T3.client_id INNER JOIN district AS T4 on T4.district_id = T1.district_id WHERE T2.client_id = ( SELECT client_id FROM client ORDER BY birth_date DESC LIMIT 1) GROUP BY T4.A11, T1.account_id"
"20260714T210045Z-11af1da6","bird_115","financial","challenging","AGGREGATION_REASONING","aggregation_or_grouping_mismatch","UNVERIFIED_FINAL","final_sql_rewritten_after_incorrect_observation","UNVERIFIED_FINAL","final_sql_rewritten_after_incorrect_observation","AGGREGATION_REASONING","aggregation_or_grouping_mismatch","2","ORDER BY, LIMIT","成功 observation 后若为了语义改写 SQL，先执行改写版本；记录改写的是投影、过滤、聚合还是排序。","生成 SQL 前明确统计对象、分组键、聚合函数和聚合后的排序字段。","[AUTO confidence=high] 最终 SQL 与最近执行 SQL 不同；最近 observation=successful rows; last execution differs from gold；结构改写=ORDER BY, LIMIT。","[AUTO confidence=medium] 预测与 gold 的聚合结构不同：group by, sum(。","retrieval_complete_mining_abstained_semantic_failure","[""district"", ""client"", ""disp"", ""loan"", ""account"", ""card""]","[]","[]","1","first_nonmatching_execution","1","unverified_rewrite_after_nonmatching_execution","false","true","0","0","0","0","1","For the branch which located in the south Bohemia with biggest number of inhabitants, what is the percentage of the male clients?","SELECT 100.0 * COUNT(CASE WHEN gender = 'M' THEN 1 END) / COUNT(client_id) AS percentage_of_male_clients FROM client WHERE district_id = (SELECT district_id FROM district WHERE A3 = 'south Bohemia' ORDER BY CAST(A4 AS INTEGER) DESC, district_id LIMIT 1)","SELECT CAST(SUM(T1.gender = 'M') AS REAL) * 100 / COUNT(T1.client_id) FROM client AS T1 INNER JOIN district AS T2 ON T1.district_id = T2.district_id WHERE T2.A3 = 'south Bohemia' GROUP BY T2.A4 ORDER BY T2.A4 DESC LIMIT 1"
"20260714T210045Z-11af1da6","bird_118","financial","moderate","AGGREGATION_REASONING","aggregation_or_grouping_mismatch","AGGREGATION_REASONING","aggregation_or_grouping_mismatch","","","AGGREGATION_REASONING","aggregation_or_grouping_mismatch","1","","生成 SQL 前明确统计对象、分组键、聚合函数和聚合后的排序字段。","生成 SQL 前明确统计对象、分组键、聚合函数和聚合后的排序字段。","[AUTO confidence=medium] 预测与 gold 的聚合结构不同：count(。","[AUTO confidence=medium] 预测与 gold 的聚合结构不同：count(。","retrieval_complete_mining_abstained_semantic_failure","[""loan"", ""order"", ""trans"", ""disp"", ""account"", ""card""]","[]","[]","1","first_nonmatching_execution","1","final_same_as_last_execution","false","true","0","0","0","1","0","For loan amount less than USD100,000, what is the percentage of accounts that is still running with no issue.","SELECT CAST(SUM(CASE WHEN status = 'C' THEN amount ELSE 0 END) AS REAL) * 100.0 / SUM(amount) AS percentage FROM loan WHERE amount < 100000","SELECT CAST(SUM(status = 'C') AS REAL) * 100 / COUNT(account_id) FROM loan WHERE amount < 100000"
"20260714T210045Z-11af1da6","bird_125","financial","challenging","OUTPUT_CONTRACT","output_column_count_mismatch","OUTPUT_CONTRACT","output_column_count_mismatch","","","OUTPUT_CONTRACT","output_column_count_mismatch","3","","生成输出契约并检查列数、顺序和每列含义。","生成输出契约并检查列数、顺序和每列含义。","[AUTO confidence=medium] 预测列数=3，gold 列数=1；需复核 gold 合理性。","[AUTO confidence=medium] 预测列数=3，gold 列数=1；需复核 gold 合理性。","retrieval_complete_mining_abstained_semantic_failure","[""district"", ""loan"", ""disp"", ""client"", ""account"", ""card""]","[]","[]","2","first_nonmatching_execution","2","final_same_as_last_execution","false","true","1","1","0","2","0","For loans contracts which are still running where client are in debt, list the district of the and the state the percentage unemployment rate increment from year 1995 to 1996.","SELECT DISTINCT district.A2 AS district, district.A3 AS state, ((district.A13 - district.A12) * 100.0 / district.A12) AS unemployment_rate_increment_percentage FROM loan JOIN account ON loan.account_id = account.account_id JOIN district ON account.district_id = district.district_id WHERE loan.status = 'D' ORDER BY district.A2, district.A3","SELECT CAST((T3.A13 - T3.A12) AS REAL) * 100 / T3.A12 FROM loan AS T1 INNER JOIN account AS T2 ON T1.account_id = T2.account_id INNER JOIN district AS T3 ON T2.district_id = T3.district_id WHERE T1.status = 'D'"
"20260714T210045Z-11af1da6","bird_129","financial","moderate","OUTPUT_CONTRACT","output_column_count_mismatch","OUTPUT_CONTRACT","output_column_count_mismatch","","","OUTPUT_CONTRACT","output_column_count_mismatch","1","","生成输出契约并检查列数、顺序和每列含义。","生成输出契约并检查列数、顺序和每列含义。","[AUTO confidence=medium] 预测列数=2，gold 列数=1；需复核 gold 合理性。","[AUTO confidence=medium] 预测列数=2，gold 列数=1；需复核 gold 合理性。","retrieval_complete_mining_abstained_semantic_failure","[""trans"", ""card"", ""district"", ""account"", ""disp"", ""client"", ""loan""]","[]","[]","1","first_nonmatching_execution","1","final_same_as_last_execution","false","true","0","0","0","1","0","Which are the top ten withdrawals (non-credit card) by district names for the month of January 1996?","SELECT d.A2 AS district_name, SUM(t.amount) AS total_withdrawal_amount FROM trans AS t INNER JOIN account AS a ON t.account_id = a.account_id INNER JOIN district AS d ON a.district_id = d.district_id WHERE t.type = 'VYDAJ' AND t.date LIKE '1996-01%' GROUP BY d.A2 ORDER BY SUM(t.amount) DESC LIMIT 10;","SELECT DISTINCT T1.A2 FROM district AS T1 INNER JOIN account AS T2 ON T1.district_id = T2.district_id INNER JOIN trans AS T3 ON T2.account_id = T3.account_id WHERE T3.type = 'VYDAJ' AND T3.date LIKE '1996-01%' ORDER BY A2 ASC LIMIT 10"
"20260714T210045Z-11af1da6","bird_145","financial","moderate","SCHEMA_LINKING","table_or_join_path_mismatch","SCHEMA_LINKING","table_or_join_path_mismatch","","","SCHEMA_LINKING","table_or_join_path_mismatch","1","","生成 SQL 前记录表、字段来源和 JOIN 路径，并通过 Schema 校验。","生成 SQL 前记录表、字段来源和 JOIN 路径，并通过 Schema 校验。","[AUTO confidence=medium] 表集合不同：pred=['account', 'disp', 'trans']，gold=['account', 'trans']；需复核 gold。","[AUTO confidence=medium] 表集合不同：pred=['account', 'disp', 'trans']，gold=['account', 'trans']；需复核 gold。","retrieval_complete_mining_abstained_semantic_failure","[""trans"", ""card"", ""disp"", ""loan"", ""account"", ""client""]","[]","[]","1","first_nonmatching_execution","1","unverified_rewrite_after_nonmatching_execution","false","true","0","0","0","1","0","Who are the account holder identification numbers whose who have transactions on the credit card with the amount is less than the average, in 1998?","SELECT DISTINCT D.client_id FROM trans AS T JOIN account AS A ON T.account_id = A.account_id JOIN disp AS D ON A.account_id = D.account_id WHERE T.operation = 'VYBER KARTOU' AND T.date BETWEEN '1998-01-01' AND '1998-12-31' AND D.type = 'OWNER' AND T.amount < (SELECT AVG(T2.amount) FROM trans AS T2 WHERE T2.operation = 'VYBER KARTOU' AND T2.date BETWEEN '1998-01-01' AND '1998-12-31')","SELECT T1.account_id FROM trans AS T1 INNER JOIN account AS T2 ON T1.account_id = T2.account_id WHERE STRFTIME('%Y', T1.date) = '1998' AND T1.operation = 'VYBER KARTOU' AND T1.amount < (SELECT AVG(amount) FROM trans WHERE STRFTIME('%Y', date) = '1998')"
"20260714T210045Z-11af1da6","bird_173","financial","challenging","AGGREGATION_REASONING","aggregation_or_grouping_mismatch","UNVERIFIED_FINAL","final_sql_rewritten_after_incorrect_observation","UNVERIFIED_FINAL","final_sql_rewritten_after_incorrect_observation","AGGREGATION_REASONING","aggregation_or_grouping_mismatch","4","expression_or_projection_only","成功 observation 后若为了语义改写 SQL，先执行改写版本；记录改写的是投影、过滤、聚合还是排序。","生成 SQL 前明确统计对象、分组键、聚合函数和聚合后的排序字段。","[AUTO confidence=high] 最终 SQL 与最近执行 SQL 不同；最近 observation=successful rows; last execution differs from gold；结构改写=expression_or_projection_only。","[AUTO confidence=medium] 预测与 gold 的聚合结构不同：group by, sum(, count(。","retrieval_complete_mining_abstained_semantic_failure","[""order"", ""trans"", ""loan"", ""disp"", ""account"", ""card""]","[]","[]","4","first_nonmatching_execution","2","unverified_rewrite_after_nonmatching_execution","false","true","0","2","0","3","1","How often does account number 3 request an account statement to be released? What was the aim of debiting 3539 in total?","SELECT (SELECT COUNT(*) FROM trans AS T1 WHERE T1.account_id = 3 AND T1.k_symbol = 'SLUZBY') AS statement_requests, (SELECT group_concat(DISTINCT k_symbol) FROM [order] WHERE amount = 3539) AS debiting_purpose;","SELECT T1.frequency, T2.k_symbol FROM account AS T1 INNER JOIN (SELECT account_id, k_symbol, SUM(amount) AS total_amount FROM `order` GROUP BY account_id, k_symbol) AS T2 ON T1.account_id = T2.account_id WHERE T1.account_id = 3 AND T2.total_amount = 3539"
"20260714T210045Z-11af1da6","bird_186","financial","moderate","SCHEMA_LINKING","table_or_join_path_mismatch","SCHEMA_LINKING","table_or_join_path_mismatch","","","SCHEMA_LINKING","table_or_join_path_mismatch","1","","生成 SQL 前记录表、字段来源和 JOIN 路径，并通过 Schema 校验。","生成 SQL 前记录表、字段来源和 JOIN 路径，并通过 Schema 校验。","[AUTO confidence=medium] 表集合不同：pred=['account', 'client', 'disp']，gold=['account', 'client', 'disp', 'district']；需复核 gold。","[AUTO confidence=medium] 表集合不同：pred=['account', 'client', 'disp']，gold=['account', 'client', 'disp', 'district']；需复核 gold。","retrieval_complete_mining_abstained_semantic_failure","[""client"", ""account"", ""loan"", ""trans"", ""disp"", ""district"", ""order""]","[]","[]","1","first_nonmatching_execution","1","final_same_as_last_execution","false","true","0","0","0","1","0","What percentage of male clients request for weekly statements to be issued?","SELECT CAST(SUM(CASE WHEN client.gender = 'M' THEN 1 ELSE 0 END) AS REAL) * 100.0 / COUNT(client.client_id) FROM client INNER JOIN disp ON client.client_id = disp.client_id INNER JOIN account ON disp.account_id = account.account_id WHERE account.frequency = 'POPLATEK TYDNE'","SELECT CAST(SUM(T1.gender = 'M') AS REAL) * 100 / COUNT(T1.client_id) FROM client AS T1 INNER JOIN district AS T3 ON T1.district_id = T3.district_id INNER JOIN account AS T2 ON T2.district_id = T3.district_id INNER JOIN disp as T4 on T1.client_id = T4.client_id AND T2.account_id = T4.account_id WHERE T2.frequency = 'POPLATEK TYDNE'"
"20260714T210045Z-11af1da6","bird_189","financial","moderate","AGGREGATION_REASONING","aggregation_or_grouping_mismatch","UNVERIFIED_FINAL","final_sql_rewritten_after_incorrect_observation","UNVERIFIED_FINAL","final_sql_rewritten_after_incorrect_observation","AGGREGATION_REASONING","aggregation_or_grouping_mismatch","2","aggregate","成功 observation 后若为了语义改写 SQL，先执行改写版本；记录改写的是投影、过滤、聚合还是排序。","生成 SQL 前明确统计对象、分组键、聚合函数和聚合后的排序字段。","[AUTO confidence=high] 最终 SQL 与最近执行 SQL 不同；最近 observation=successful rows; last execution differs from gold；结构改写=aggregate。","[AUTO confidence=medium] 预测与 gold 的聚合结构不同：min(。","retrieval_complete_mining_abstained_semantic_failure","[""client"", ""disp"", ""district"", ""loan"", ""account"", ""card""]","[]","[]","2","first_nonmatching_execution","1","unverified_rewrite_after_nonmatching_execution","true","true","0","0","0","1","1","Name the account numbers of female clients who are oldest and have lowest average salary?","SELECT DISTINCT a.account_id FROM client c JOIN disp d ON c.client_id = d.client_id JOIN account a ON d.account_id = a.account_id JOIN district di ON c.district_id = di.district_id WHERE c.gender = 'F' AND c.birth_date = (SELECT MIN(c2.birth_date) FROM client c2 WHERE c2.gender = 'F') AND di.A11 = (SELECT MIN(di2.A11) FROM client c3 JOIN district di2 ON c3.district_id = di2.district_id WHERE c3.gender = 'F') ORDER BY a.account_id","SELECT T3.account_id FROM client AS T1 INNER JOIN district AS T2 ON T1.district_id = T2.district_id INNER JOIN account AS T3 ON T2.district_id = T3.district_id INNER JOIN disp AS T4 ON T1.client_id = T4.client_id AND T4.account_id = T3.account_id  WHERE T1.gender = 'F' ORDER BY T1.birth_date ASC, T2.A11 ASC LIMIT 1"
