run_id,id,db_id,difficulty,step_index,event_sequence,turn,action_type,sql,tables,projection_count,sql_delta_from_previous,observation_state,result_matches_gold,transition_type,is_first_nonmatching_execution,retrieval_diagnostic,semantic_error_class,semantic_subcategory,state_payload
20260714T210045Z-11af1da6,bird_1480,debit_card_specializing,moderate,1,1,1,query_plan.initial,,[],,not_applicable,plan_valid,unknown,query_plan.initial,false,retrieval_complete_mining_abstained_semantic_failure,SEMANTIC_REVIEW_REQUIRED,filter_scope_or_expression_mismatch,"{""valid"": true, ""payload"": {""target_entity"": ""gas consumption peak month"", ""grain"": ""month in 2013 across SME customers"", ""schema_links"": [""yearmonth.CustomerID = customers.CustomerID""], ""required_tables"": [""yearmonth"", ""customers""], ""joins"": [{""left_table"": ""yearmonth"", ""right_table"": ""customers"", ""on"": [""yearmonth.CustomerID = customers.CustomerID""], ""join_type"": ""INNER""}], ""filters"": [{""table"": ""customers"", ""column"": ""Segment"", ""operator"": ""="", ""value"": ""SME""}, {""table"": ""yearmonth"", ""column"": ""Date"", ""operator"": ""BETWEEN"", ""value"": [""201301"", ""201312""]}], ""group_by"": [{""expression"": ""yearmonth.Date"", ""source_columns"": [""yearmonth.Date""]}], ""aggregates"": [{""expression"": ""SUM(yearmonth.Consumption)"", ""source_columns"": [""yearmonth.Consumption""], ""alias"": ""total_consumption""}], ""aggregation_scope"": ""per_entity"", ""aggregation_justification"": ""The phrase \""peak month\"" requires comparing total gas consumption aggregated by month."", ""having"": [], ""order_by"": [{""expression"": ""SUM(yearmonth.Consumption)"", ""direction"": ""DESC""}], ""limit"": 1, ""answer_type"": ""rows"", ""answer_scope"": ""single_entity_row"", ""output_columns"": [{""position"": 1, ""semantic_item"": ""month"", ""source_columns"": [""yearmonth.Date""], ""sql_expression"": ""yearmonth.Date"", ""source_justification"": ""The month identifier is stored in yearmonth.Date."", ""aggregation"": ""none""}, {""position"": 2, ""semantic_item"": ""total gas consumption"", ""source_columns"": [""yearmonth.Consumption""], ""sql_expression"": ""SUM(yearmonth.Consumption)"", ""source_justification"": ""Needed to identify the peak month by total consumption."", ""aggregation"": ""sum""}], ""candidate_purpose"": ""answer"", ""expected_result_shape"": {""answer_type"": ""rows"", ""column_count"": 2, ""row_grain"": ""one row for the month with the maximum total SME consumption in 2013""}, ""unresolved_assumptions"": [""Assume the requested peak month is the month with the maximum summed Consumption across SME customers in 2013."", ""Assume returning both the month and its total consumption is acceptable for a peak-month question.""], ""revision"": null}, ""errors"": []}"
20260714T210045Z-11af1da6,bird_1480,debit_card_specializing,moderate,2,2,1,db.execute,"SELECT ym.Date, SUM(ym.Consumption) AS total_consumption
FROM yearmonth AS ym
INNER JOIN customers AS c
  ON ym.CustomerID = c.CustomerID
WHERE c.Segment = 'SME'
  AND ym.Date BETWEEN '201301' AND '201312'
GROUP BY ym.Date
ORDER BY total_consumption DESC
LIMIT 1;","[""customers"", ""yearmonth""]",2,initial_sql,nonmatching,false,initial_execution_nonmatching,true,retrieval_complete_mining_abstained_semantic_failure,SEMANTIC_REVIEW_REQUIRED,filter_scope_or_expression_mismatch,
20260714T210045Z-11af1da6,bird_1480,debit_card_specializing,moderate,3,3,1,query_plan.adherence,"SELECT ym.Date, SUM(ym.Consumption) AS total_consumption
FROM yearmonth AS ym
INNER JOIN customers AS c
  ON ym.CustomerID = c.CustomerID
WHERE c.Segment = 'SME'
  AND ym.Date BETWEEN '201301' AND '201312'
GROUP BY ym.Date
ORDER BY total_consumption DESC
LIMIT 1;",[],,not_applicable,adherence_passed,unknown,query_plan.adherence,false,retrieval_complete_mining_abstained_semantic_failure,SEMANTIC_REVIEW_REQUIRED,filter_scope_or_expression_mismatch,"{""schema_version"": 3, ""checks"": {""projection_count"": true, ""group_by_presence"": true, ""having_presence"": true, ""order_by_presence"": true, ""limit_presence"": true, ""required_tables_presence"": true}, ""passed"": true, ""expected_projection_count"": 2, ""actual_projection_count"": 2, ""enforced"": false}"
20260714T210045Z-11af1da6,bird_1480,debit_card_specializing,moderate,4,4,1,db.execute,"SELECT ym.Date, SUM(ym.Consumption) AS total_consumption
FROM yearmonth AS ym
INNER JOIN customers AS c
  ON ym.CustomerID = c.CustomerID
WHERE c.Segment = 'SME'
  AND ym.Date BETWEEN '201301' AND '201312'
GROUP BY ym.Date
ORDER BY total_consumption DESC
LIMIT 1;","[""customers"", ""yearmonth""]",2,unchanged,nonmatching,false,remained_nonmatching,false,retrieval_complete_mining_abstained_semantic_failure,SEMANTIC_REVIEW_REQUIRED,filter_scope_or_expression_mismatch,
20260714T210045Z-11af1da6,bird_1480,debit_card_specializing,moderate,5,5,1,query_plan.adherence,"SELECT ym.Date, SUM(ym.Consumption) AS total_consumption
FROM yearmonth AS ym
INNER JOIN customers AS c
  ON ym.CustomerID = c.CustomerID
WHERE c.Segment = 'SME'
  AND ym.Date BETWEEN '201301' AND '201312'
GROUP BY ym.Date
ORDER BY total_consumption DESC
LIMIT 1;",[],,not_applicable,adherence_passed,unknown,query_plan.adherence,false,retrieval_complete_mining_abstained_semantic_failure,SEMANTIC_REVIEW_REQUIRED,filter_scope_or_expression_mismatch,"{""schema_version"": 3, ""checks"": {""projection_count"": true, ""group_by_presence"": true, ""having_presence"": true, ""order_by_presence"": true, ""limit_presence"": true, ""required_tables_presence"": true}, ""passed"": true, ""expected_projection_count"": 2, ""actual_projection_count"": 2, ""enforced"": false}"
20260714T210045Z-11af1da6,bird_1480,debit_card_specializing,moderate,6,6,2,FINAL,SELECT ym.Date FROM yearmonth AS ym INNER JOIN customers AS c ON ym.CustomerID = c.CustomerID WHERE c.Segment = 'SME' AND ym.Date BETWEEN '201301' AND '201312' GROUP BY ym.Date ORDER BY SUM(ym.Consumption) DESC LIMIT 1;,"[""customers"", ""yearmonth""]",1,projection_count,benchmark_nonmatching_final,false,unverified_rewrite_after_nonmatching_execution,false,retrieval_complete_mining_abstained_semantic_failure,SEMANTIC_REVIEW_REQUIRED,filter_scope_or_expression_mismatch,
20260714T210045Z-11af1da6,bird_1481,debit_card_specializing,challenging,1,1,1,query_plan.initial,,[],,not_applicable,plan_valid,unknown,query_plan.initial,false,retrieval_complete_mining_abstained_semantic_failure,OUTPUT_CONTRACT,output_column_count_mismatch,"{""valid"": true, ""payload"": {""target_entity"": ""segment-level annual average consumption differences for 2013 among SME, LAM, and KAM"", ""grain"": ""one row per requested segment pair difference"", ""schema_links"": [""yearmonth.CustomerID = customers.CustomerID""], ""required_tables"": [""customers"", ""yearmonth""], ""joins"": [{""left_table"": ""yearmonth"", ""left_column"": ""CustomerID"", ""right_table"": ""customers"", ""right_column"": ""CustomerID"", ""join_type"": ""INNER""}], ""filters"": [{""table"": ""customers"", ""column"": ""Currency"", ""operator"": ""="", ""value"": ""CZK""}, {""table"": ""yearmonth"", ""column"": ""Date"", ""operator"": ""BETWEEN"", ""value"": [""201301"", ""201312""]}, {""table"": ""customers"", ""column"": ""Segment"", ""operator"": ""IN"", ""value"": [""SME"", ""LAM"", ""KAM""]}], ""group_by"": [{""table"": ""customers"", ""column"": ""Segment""}], ""aggregates"": [{""function"": ""MIN"", ""expression"": ""yearmonth.Consumption"", ""alias"": ""min_consumption""}], ""aggregation_scope"": ""per_entity"", ""aggregation_justification"": ""The question asks for the annual average consumption difference by segment, which requires aggregating yearmonth.Consumption within each segment for 2013."", ""having"": [], ""order_by"": [{""expression"": ""CASE customers.Segment WHEN 'SME' THEN 1 WHEN 'LAM' THEN 2 WHEN 'KAM' THEN 3 END"", ""direction"": ""ASC""}], ""limit"": null, ""answer_type"": ""rows"", ""answer_scope"": ""per_entity_rows"", ""output_columns"": [{""position"": 1, ""semantic_item"": ""segment pair label"", ""source_columns"": [], ""sql_expression"": ""CASE WHEN s1.Segment = 'SME' AND s2.Segment = 'LAM' THEN 'SME-LAM' WHEN s1.Segment = 'LAM' AND s2.Segment = 'KAM' THEN 'LAM-KAM' WHEN s1.Segment = 'KAM' AND s2.Segment = 'SME' THEN 'KAM-SME' END"", ""source_justification"": ""Labels the requested pairwise differences."", ""aggregation"": ""none""}, {""position"": 2, ""semantic_item"": ""difference in annual average consumption"", ""source_columns"": [""yearmonth.Consumption""], ""sql_expression"": ""s1.avg_consumption - s2.avg_consumption"", ""source_justification"": ""Computes the difference between segment annual averages as defined in the hint."", ""aggregation"": ""none""}], ""candidate_purpose"": ""answer"", ""expected_result_shape"": {""answer_type"": ""rows"", ""column_count"": 2, ""row_grain"": ""one row per requested segment pair difference""}, ""unresolved_assumptions"": [""The phrase 'customers with the least amount of consumption paid in CZK for 2013' is interpreted as the customers in each of SME, LAM, and KAM whose annual total consumption is the minimum within that segment.""], ""revision"": null}, ""errors"": []}"
20260714T210045Z-11af1da6,bird_1481,debit_card_specializing,challenging,2,5,1,db.execute,"WITH seg_min AS (
  SELECT c.Segment,
         MIN(y.Consumption) AS min_consumption
  FROM customers c
  JOIN yearmonth y ON y.CustomerID = c.CustomerID
  WHERE c.Currency = 'CZK'
    AND y.Date BETWEEN '201301' AND '201312'
    AND c.Segment IN ('SME','LAM','KAM')
  GROUP BY c.Segment
),
avgs AS (
  SELECT s.Segment,
         AVG(y.Consumption) AS avg_consumption
  FROM customers c
  JOIN yearmonth y ON y.CustomerID = c.CustomerID
  JOIN seg_min s ON s.Segment = c.Segment AND y.Consumption = s.min_consumption
  WHERE c.Currency = 'CZK'
    AND y.Date BETWEEN '201301' AND '201312'
    AND c.Segment IN ('SME','LAM','KAM')
  GROUP BY s.Segment
)
SELECT 'SME-LAM' AS pair, (SELECT avg_consumption FROM avgs WHERE Segment='SME') - (SELECT avg_consumption FROM avgs WHERE Segment='LAM') AS diff
UNION ALL
SELECT 'LAM-KAM', (SELECT avg_consumption FROM avgs WHERE Segment='LAM') - (SELECT avg_consumption FROM avgs WHERE Segment='KAM')
UNION ALL
SELECT 'KAM-SME', (SELECT avg_consumption FROM avgs WHERE Segment='KAM') - (SELECT avg_consumption FROM avgs WHERE Segment='SME');","[""avgs"", ""customers"", ""seg_min"", ""yearmonth""]",,initial_sql,nonmatching,false,initial_execution_nonmatching,true,retrieval_complete_mining_abstained_semantic_failure,OUTPUT_CONTRACT,output_column_count_mismatch,
20260714T210045Z-11af1da6,bird_1481,debit_card_specializing,challenging,3,6,1,query_plan.adherence,"WITH seg_min AS (
  SELECT c.Segment,
         MIN(y.Consumption) AS min_consumption
  FROM customers c
  JOIN yearmonth y ON y.CustomerID = c.CustomerID
  WHERE c.Currency = 'CZK'
    AND y.Date BETWEEN '201301' AND '201312'
    AND c.Segment IN ('SME','LAM','KAM')
  GROUP BY c.Segment
),
avgs AS (
  SELECT s.Segment,
         AVG(y.Consumption) AS avg_consumption
  FROM customers c
  JOIN yearmonth y ON y.CustomerID = c.CustomerID
  JOIN seg_min s ON s.Segment = c.Segment AND y.Consumption = s.min_consumption
  WHERE c.Currency = 'CZK'
    AND y.Date BETWEEN '201301' AND '201312'
    AND c.Segment IN ('SME','LAM','KAM')
  GROUP BY s.Segment
)
SELECT 'SME-LAM' AS pair, (SELECT avg_consumption FROM avgs WHERE Segment='SME') - (SELECT avg_consumption FROM avgs WHERE Segment='LAM') AS diff
UNION ALL
SELECT 'LAM-KAM', (SELECT avg_consumption FROM avgs WHERE Segment='LAM') - (SELECT avg_consumption FROM avgs WHERE Segment='KAM')
UNION ALL
SELECT 'KAM-SME', (SELECT avg_consumption FROM avgs WHERE Segment='KAM') - (SELECT avg_consumption FROM avgs WHERE Segment='SME');",[],,not_applicable,adherence_failed,unknown,query_plan.adherence,false,retrieval_complete_mining_abstained_semantic_failure,OUTPUT_CONTRACT,output_column_count_mismatch,"{""schema_version"": 3, ""checks"": {""projection_count"": null, ""group_by_presence"": true, ""having_presence"": true, ""order_by_presence"": false, ""limit_presence"": true, ""required_tables_presence"": true}, ""passed"": false, ""expected_projection_count"": 2, ""actual_projection_count"": null, ""enforced"": false}"
20260714T210045Z-11af1da6,bird_1481,debit_card_specializing,challenging,4,10,1,db.execute,"WITH annual_totals AS (
  SELECT
    c.Segment,
    c.CustomerID,
    SUM(y.Consumption) AS annual_consumption
  FROM customers AS c
  INNER JOIN yearmonth AS y
    ON y.CustomerID = c.CustomerID
  WHERE c.Currency = 'CZK'
    AND c.Segment IN ('SME', 'LAM', 'KAM')
    AND y.Date BETWEEN '201301' AND '201312'
  GROUP BY c.Segment, c.CustomerID
),
lowest AS (
  SELECT
    Segment,
    MIN(annual_consumption) AS min_consumption
  FROM annual_totals
  GROUP BY Segment
),
segment_avg AS (
  SELECT
    a.Segment,
    AVG(a.annual_consumption) AS avg_consumption
  FROM annual_totals AS a
  INNER JOIN lowest AS l
    ON l.Segment = a.Segment
   AND l.min_consumption = a.annual_consumption
  GROUP BY a.Segment
)
SELECT
  'SME-LAM' AS pair,
  (SELECT avg_consumption FROM segment_avg WHERE Segment = 'SME')
  - (SELECT avg_consumption FROM segment_avg WHERE Segment = 'LAM') AS difference
UNION ALL
SELECT
  'LAM-KAM' AS pair,
  (SELECT avg_consumption FROM segment_avg WHERE Segment = 'LAM')
  - (SELECT avg_consumption FROM segment_avg WHERE Segment = 'KAM') AS difference
UNION ALL
SELECT
  'KAM-SME' AS pair,
  (SELECT avg_consumption FROM segment_avg WHERE Segment = 'KAM')
  - (SELECT avg_consumption FROM segment_avg WHERE Segment = 'SME') AS difference
ORDER BY CASE pair
  WHEN 'SME-LAM' THEN 1
  WHEN 'LAM-KAM' THEN 2
  WHEN 'KAM-SME' THEN 3
END;","[""annual_totals"", ""customers"", ""lowest"", ""segment_avg"", ""yearmonth""]",,"tables_or_join,order_by",execution_error,unknown,unresolved_after_nonmatching_execution,false,retrieval_complete_mining_abstained_semantic_failure,OUTPUT_CONTRACT,output_column_count_mismatch,
20260714T210045Z-11af1da6,bird_1481,debit_card_specializing,challenging,5,11,1,query_plan.adherence,"WITH annual_totals AS (
  SELECT
    c.Segment,
    c.CustomerID,
    SUM(y.Consumption) AS annual_consumption
  FROM customers AS c
  INNER JOIN yearmonth AS y
    ON y.CustomerID = c.CustomerID
  WHERE c.Currency = 'CZK'
    AND c.Segment IN ('SME', 'LAM', 'KAM')
    AND y.Date BETWEEN '201301' AND '201312'
  GROUP BY c.Segment, c.CustomerID
),
lowest AS (
  SELECT
    Segment,
    MIN(annual_consumption) AS min_consumption
  FROM annual_totals
  GROUP BY Segment
),
segment_avg AS (
  SELECT
    a.Segment,
    AVG(a.annual_consumption) AS avg_consumption
  FROM annual_totals AS a
  INNER JOIN lowest AS l
    ON l.Segment = a.Segment
   AND l.min_consumption = a.annual_consumption
  GROUP BY a.Segment
)
SELECT
  'SME-LAM' AS pair,
  (SELECT avg_consumption FROM segment_avg WHERE Segment = 'SME')
  - (SELECT avg_consumption FROM segment_avg WHERE Segment = 'LAM') AS difference
UNION ALL
SELECT
  'LAM-KAM' AS pair,
  (SELECT avg_consumption FROM segment_avg WHERE Segment = 'LAM')
  - (SELECT avg_consumption FROM segment_avg WHERE Segment = 'KAM') AS difference
UNION ALL
SELECT
  'KAM-SME' AS pair,
  (SELECT avg_consumption FROM segment_avg WHERE Segment = 'KAM')
  - (SELECT avg_consumption FROM segment_avg WHERE Segment = 'SME') AS difference
ORDER BY CASE pair
  WHEN 'SME-LAM' THEN 1
  WHEN 'LAM-KAM' THEN 2
  WHEN 'KAM-SME' THEN 3
END;",[],,not_applicable,adherence_passed,unknown,query_plan.adherence,false,retrieval_complete_mining_abstained_semantic_failure,OUTPUT_CONTRACT,output_column_count_mismatch,"{""schema_version"": 3, ""checks"": {""projection_count"": null, ""group_by_presence"": true, ""having_presence"": true, ""order_by_presence"": true, ""limit_presence"": true, ""required_tables_presence"": true}, ""passed"": true, ""expected_projection_count"": 2, ""actual_projection_count"": null, ""enforced"": false}"
20260714T210045Z-11af1da6,bird_1481,debit_card_specializing,challenging,6,12,2,query_plan.revision,,[],,not_applicable,plan_invalid,unknown,query_plan.revision,false,retrieval_complete_mining_abstained_semantic_failure,OUTPUT_CONTRACT,output_column_count_mismatch,"{""valid"": false, ""payload"": null, ""errors"": [""required fenced JSON block is missing""]}"
20260714T210045Z-11af1da6,bird_1481,debit_card_specializing,challenging,7,13,3,query_plan.revision,,[],,not_applicable,plan_valid,unknown,query_plan.revision,false,retrieval_complete_mining_abstained_semantic_failure,OUTPUT_CONTRACT,output_column_count_mismatch,"{""valid"": true, ""payload"": {""observation_ref"": 10, ""changed_constraints"": [""order_by""], ""updated_fields"": {""order_by"": [{""expression"": ""ord"", ""direction"": ""ASC""}]}, ""reason"": ""The previous compound SELECT used an ORDER BY expression that SQLite rejected. Ordering by an ordinal column defined in the result CTE avoids the compound-order restriction while preserving the required row sequence."", ""candidate_purpose"": ""answer""}, ""errors"": []}"
20260714T210045Z-11af1da6,bird_1481,debit_card_specializing,challenging,8,14,3,db.execute,"WITH annual_totals AS (
  SELECT
    c.Segment,
    c.CustomerID,
    SUM(y.Consumption) AS annual_consumption
  FROM customers AS c
  INNER JOIN yearmonth AS y
    ON y.CustomerID = c.CustomerID
  WHERE c.Currency = 'CZK'
    AND c.Segment IN ('SME', 'LAM', 'KAM')
    AND y.Date BETWEEN '201301' AND '201312'
  GROUP BY c.Segment, c.CustomerID
),
segment_min AS (
  SELECT
    Segment,
    MIN(annual_consumption) AS min_consumption
  FROM annual_totals
  GROUP BY Segment
),
segment_avg AS (
  SELECT
    a.Segment,
    AVG(a.annual_consumption) AS avg_consumption
  FROM annual_totals AS a
  INNER JOIN segment_min AS m
    ON m.Segment = a.Segment
   AND m.min_consumption = a.annual_consumption
  GROUP BY a.Segment
),
results AS (
  SELECT
    1 AS ord,
    'SME-LAM' AS pair,
    (SELECT avg_consumption FROM segment_avg WHERE Segment = 'SME')
      - (SELECT avg_consumption FROM segment_avg WHERE Segment = 'LAM') AS diff
  UNION ALL
  SELECT
    2 AS ord,
    'LAM-KAM' AS pair,
    (SELECT avg_consumption FROM segment_avg WHERE Segment = 'LAM')
      - (SELECT avg_consumption FROM segment_avg WHERE Segment = 'KAM') AS diff
  UNION ALL
  SELECT
    3 AS ord,
    'KAM-SME' AS pair,
    (SELECT avg_consumption FROM segment_avg WHERE Segment = 'KAM')
      - (SELECT avg_consumption FROM segment_avg WHERE Segment = 'SME') AS diff
)
SELECT
  pair,
  diff
FROM results
ORDER BY ord;","[""annual_totals"", ""customers"", ""results"", ""segment_avg"", ""segment_min"", ""yearmonth""]",2,"tables_or_join,projection_count",nonmatching,false,resolved_to_nonmatching_execution,false,retrieval_complete_mining_abstained_semantic_failure,OUTPUT_CONTRACT,output_column_count_mismatch,
20260714T210045Z-11af1da6,bird_1481,debit_card_specializing,challenging,9,15,3,query_plan.adherence,"WITH annual_totals AS (
  SELECT
    c.Segment,
    c.CustomerID,
    SUM(y.Consumption) AS annual_consumption
  FROM customers AS c
  INNER JOIN yearmonth AS y
    ON y.CustomerID = c.CustomerID
  WHERE c.Currency = 'CZK'
    AND c.Segment IN ('SME', 'LAM', 'KAM')
    AND y.Date BETWEEN '201301' AND '201312'
  GROUP BY c.Segment, c.CustomerID
),
segment_min AS (
  SELECT
    Segment,
    MIN(annual_consumption) AS min_consumption
  FROM annual_totals
  GROUP BY Segment
),
segment_avg AS (
  SELECT
    a.Segment,
    AVG(a.annual_consumption) AS avg_consumption
  FROM annual_totals AS a
  INNER JOIN segment_min AS m
    ON m.Segment = a.Segment
   AND m.min_consumption = a.annual_consumption
  GROUP BY a.Segment
),
results AS (
  SELECT
    1 AS ord,
    'SME-LAM' AS pair,
    (SELECT avg_consumption FROM segment_avg WHERE Segment = 'SME')
      - (SELECT avg_consumption FROM segment_avg WHERE Segment = 'LAM') AS diff
  UNION ALL
  SELECT
    2 AS ord,
    'LAM-KAM' AS pair,
    (SELECT avg_consumption FROM segment_avg WHERE Segment = 'LAM')
      - (SELECT avg_consumption FROM segment_avg WHERE Segment = 'KAM') AS diff
  UNION ALL
  SELECT
    3 AS ord,
    'KAM-SME' AS pair,
    (SELECT avg_consumption FROM segment_avg WHERE Segment = 'KAM')
      - (SELECT avg_consumption FROM segment_avg WHERE Segment = 'SME') AS diff
)
SELECT
  pair,
  diff
FROM results
ORDER BY ord;",[],,not_applicable,adherence_passed,unknown,query_plan.adherence,false,retrieval_complete_mining_abstained_semantic_failure,OUTPUT_CONTRACT,output_column_count_mismatch,"{""schema_version"": 3, ""checks"": {""projection_count"": true, ""group_by_presence"": true, ""having_presence"": true, ""order_by_presence"": true, ""limit_presence"": true, ""required_tables_presence"": true}, ""passed"": true, ""expected_projection_count"": 2, ""actual_projection_count"": 2, ""enforced"": false}"
20260714T210045Z-11af1da6,bird_1481,debit_card_specializing,challenging,10,16,3,FINAL,"WITH annual_totals AS (SELECT c.Segment, c.CustomerID, SUM(y.Consumption) AS annual_consumption FROM customers AS c INNER JOIN yearmonth AS y ON y.CustomerID = c.CustomerID WHERE c.Currency = 'CZK' AND c.Segment IN ('SME', 'LAM', 'KAM') AND y.Date BETWEEN '201301' AND '201312' GROUP BY c.Segment, c.CustomerID), segment_min AS (SELECT Segment, MIN(annual_consumption) AS min_consumption FROM annual_totals GROUP BY Segment), segment_avg AS (SELECT a.Segment, AVG(a.annual_consumption) AS avg_consumption FROM annual_totals AS a INNER JOIN segment_min AS m ON m.Segment = a.Segment AND m.min_consumption = a.annual_consumption GROUP BY a.Segment), results AS (SELECT 1 AS ord, 'SME-LAM' AS pair, (SELECT avg_consumption FROM segment_avg WHERE Segment = 'SME') - (SELECT avg_consumption FROM segment_avg WHERE Segment = 'LAM') AS diff UNION ALL SELECT 2 AS ord, 'LAM-KAM' AS pair, (SELECT avg_consumption FROM segment_avg WHERE Segment = 'LAM') - (SELECT avg_consumption FROM segment_avg WHERE Segment = 'KAM') AS diff UNION ALL SELECT 3 AS ord, 'KAM-SME' AS pair, (SELECT avg_consumption FROM segment_avg WHERE Segment = 'KAM') - (SELECT avg_consumption FROM segment_avg WHERE Segment = 'SME') AS diff) SELECT pair, diff FROM results ORDER BY ord;","[""annual_totals"", ""customers"", ""results"", ""segment_avg"", ""segment_min"", ""yearmonth""]",2,expression_or_projection,benchmark_nonmatching_final,false,unverified_rewrite_after_nonmatching_execution,false,retrieval_complete_mining_abstained_semantic_failure,OUTPUT_CONTRACT,output_column_count_mismatch,
20260714T210045Z-11af1da6,bird_1482,debit_card_specializing,challenging,1,1,1,query_plan.initial,,[],,not_applicable,plan_valid,unknown,query_plan.initial,false,retrieval_complete_mining_abstained_semantic_failure,AGGREGATION_REASONING,aggregation_or_grouping_mismatch,"{""valid"": true, ""payload"": {""target_entity"": ""customer segment"", ""grain"": ""one row per extreme segment category (biggest or lowest percentage increase)"", ""schema_links"": [""yearmonth.CustomerID = customers.CustomerID""], ""required_tables"": [""customers"", ""yearmonth""], ""joins"": [""JOIN yearmonth to customers on CustomerID""], ""filters"": [""customers.Currency = 'EUR'"", ""customers.Segment IN ('SME', 'LAM', 'KAM')"", ""substr(yearmonth.Date, 1, 4) IN ('2012', '2013')""], ""group_by"": [""customers.Segment"", ""substr(yearmonth.Date, 1, 4)""], ""aggregates"": [""SUM(yearmonth.Consumption)""], ""aggregation_scope"": ""per_entity"", ""aggregation_justification"": ""The question asks for percentage increases in consumption between 2012 and 2013, which requires aggregating consumption by segment and year before comparing the years."", ""having"": [], ""order_by"": [""extreme_type order with biggest first, lowest second""], ""limit"": null, ""answer_type"": ""rows"", ""answer_scope"": ""per_entity_rows"", ""output_columns"": [{""position"": 1, ""semantic_item"": ""extreme_type"", ""source_columns"": [], ""sql_expression"": ""'biggest' or 'lowest'"", ""source_justification"": ""Labels the row as the segment with the highest or lowest percentage increase."", ""aggregation"": ""none""}, {""position"": 2, ""semantic_item"": ""Segment"", ""source_columns"": [""customers.Segment""], ""sql_expression"": ""customers.Segment"", ""source_justification"": ""The user asks which segment has the biggest and lowest percentage increases."", ""aggregation"": ""none""}, {""position"": 3, ""semantic_item"": ""percentage_increase"", ""source_columns"": [""yearmonth.Consumption""], ""sql_expression"": ""((consumption_2013 - consumption_2012) / consumption_2013) * 100.0"", ""source_justification"": ""The hint defines percentage increase as (increase / consumption for 2013) * 100%."", ""aggregation"": ""derived_from_aggregates""}], ""candidate_purpose"": ""answer"", ""expected_result_shape"": {""answer_type"": ""rows"", ""column_count"": 3, ""row_grain"": ""one row per extreme segment label""}, ""unresolved_assumptions"": [], ""revision"": null}, ""errors"": []}"
20260714T210045Z-11af1da6,bird_1482,debit_card_specializing,challenging,2,2,1,db.execute,"WITH seg_year AS (
  SELECT
    c.Segment,
    substr(y.Date, 1, 4) AS yr,
    SUM(y.Consumption) AS consumption
  FROM yearmonth y
  JOIN customers c
    ON y.CustomerID = c.CustomerID
  WHERE c.Currency = 'EUR'
    AND c.Segment IN ('SME', 'LAM', 'KAM')
    AND substr(y.Date, 1, 4) IN ('2012', '2013')
  GROUP BY c.Segment, substr(y.Date, 1, 4)
),
seg_pivot AS (
  SELECT
    Segment,
    SUM(CASE WHEN yr = '2012' THEN consumption ELSE 0 END) AS consumption_2012,
    SUM(CASE WHEN yr = '2013' THEN consumption ELSE 0 END) AS consumption_2013
  FROM seg_year
  GROUP BY Segment
),
calc AS (
  SELECT
    Segment,
    consumption_2012,
    consumption_2013,
    (consumption_2013 - consumption_2012) AS increase,
    ((consumption_2013 - consumption_2012) / consumption_2013) * 100.0 AS pct_increase
  FROM seg_pivot
)
SELECT *
FROM (
  SELECT 'biggest' AS extreme_type, Segment, pct_increase
  FROM calc
  WHERE pct_increase = (SELECT MAX(pct_increase) FROM calc)
  UNION ALL
  SELECT 'lowest' AS extreme_type, Segment, pct_increase
  FROM calc
  WHERE pct_increase = (SELECT MIN(pct_increase) FROM calc)
)
ORDER BY CASE extreme_type WHEN 'biggest' THEN 1 ELSE 2 END, Segment;","[""calc"", ""customers"", ""seg_pivot"", ""seg_year"", ""yearmonth""]",1,initial_sql,nonmatching,false,initial_execution_nonmatching,true,retrieval_complete_mining_abstained_semantic_failure,AGGREGATION_REASONING,aggregation_or_grouping_mismatch,
20260714T210045Z-11af1da6,bird_1482,debit_card_specializing,challenging,3,3,1,query_plan.adherence,"WITH seg_year AS (
  SELECT
    c.Segment,
    substr(y.Date, 1, 4) AS yr,
    SUM(y.Consumption) AS consumption
  FROM yearmonth y
  JOIN customers c
    ON y.CustomerID = c.CustomerID
  WHERE c.Currency = 'EUR'
    AND c.Segment IN ('SME', 'LAM', 'KAM')
    AND substr(y.Date, 1, 4) IN ('2012', '2013')
  GROUP BY c.Segment, substr(y.Date, 1, 4)
),
seg_pivot AS (
  SELECT
    Segment,
    SUM(CASE WHEN yr = '2012' THEN consumption ELSE 0 END) AS consumption_2012,
    SUM(CASE WHEN yr = '2013' THEN consumption ELSE 0 END) AS consumption_2013
  FROM seg_year
  GROUP BY Segment
),
calc AS (
  SELECT
    Segment,
    consumption_2012,
    consumption_2013,
    (consumption_2013 - consumption_2012) AS increase,
    ((consumption_2013 - consumption_2012) / consumption_2013) * 100.0 AS pct_increase
  FROM seg_pivot
)
SELECT *
FROM (
  SELECT 'biggest' AS extreme_type, Segment, pct_increase
  FROM calc
  WHERE pct_increase = (SELECT MAX(pct_increase) FROM calc)
  UNION ALL
  SELECT 'lowest' AS extreme_type, Segment, pct_increase
  FROM calc
  WHERE pct_increase = (SELECT MIN(pct_increase) FROM calc)
)
ORDER BY CASE extreme_type WHEN 'biggest' THEN 1 ELSE 2 END, Segment;",[],,not_applicable,adherence_failed,unknown,query_plan.adherence,false,retrieval_complete_mining_abstained_semantic_failure,AGGREGATION_REASONING,aggregation_or_grouping_mismatch,"{""schema_version"": 3, ""checks"": {""projection_count"": false, ""group_by_presence"": true, ""having_presence"": true, ""order_by_presence"": true, ""limit_presence"": true, ""required_tables_presence"": true}, ""passed"": false, ""expected_projection_count"": 3, ""actual_projection_count"": 1, ""enforced"": false}"
20260714T210045Z-11af1da6,bird_1482,debit_card_specializing,challenging,4,4,2,FINAL,"WITH seg_year AS (SELECT c.Segment, substr(y.Date,1,4) AS yr, SUM(y.Consumption) AS consumption FROM yearmonth y JOIN customers c ON y.CustomerID = c.CustomerID WHERE c.Currency = 'EUR' AND c.Segment IN ('SME','LAM','KAM') AND substr(y.Date,1,4) IN ('2012','2013') GROUP BY c.Segment, substr(y.Date,1,4)), seg_pivot AS (SELECT Segment, SUM(CASE WHEN yr='2012' THEN consumption ELSE 0 END) AS consumption_2012, SUM(CASE WHEN yr='2013' THEN consumption ELSE 0 END) AS consumption_2013 FROM seg_year GROUP BY Segment), calc AS (SELECT Segment, ((consumption_2013 - consumption_2012) / NULLIF(consumption_2013,0)) * 100.0 AS pct_increase FROM seg_pivot) SELECT 'biggest' AS extreme_type, Segment, pct_increase FROM calc WHERE pct_increase = (SELECT MAX(pct_increase) FROM calc) UNION ALL SELECT 'lowest' AS extreme_type, Segment, pct_increase FROM calc WHERE pct_increase = (SELECT MIN(pct_increase) FROM calc);","[""calc"", ""customers"", ""seg_pivot"", ""seg_year"", ""yearmonth""]",3,"projection_count,order_by",benchmark_nonmatching_final,false,unverified_rewrite_after_nonmatching_execution,false,retrieval_complete_mining_abstained_semantic_failure,AGGREGATION_REASONING,aggregation_or_grouping_mismatch,
20260714T210045Z-11af1da6,bird_1498,debit_card_specializing,simple,1,1,1,query_plan.initial,,[],,not_applicable,plan_valid,unknown,query_plan.initial,false,retrieval_complete_mining_abstained_semantic_failure,AGGREGATION_REASONING,aggregation_or_grouping_mismatch,"{""valid"": true, ""payload"": {""target_entity"": ""highest monthly consumption in yearmonth for year 2012"", ""grain"": ""one row per yearmonth record"", ""schema_links"": [{""table"": ""yearmonth"", ""columns"": [""Date"", ""Consumption""], ""reason"": ""Date identifies the year/month period; Consumption is the value to maximize.""}], ""required_tables"": [""yearmonth""], ""joins"": [], ""filters"": [{""table"": ""yearmonth"", ""column"": ""Date"", ""operation"": ""LIKE"", ""value"": ""2012%"", ""reason"": ""Hint says the first 4 characters of Date represent the year.""}], ""group_by"": [], ""aggregates"": [{""sql_expression"": ""MAX(yearmonth.Consumption)"", ""meaning"": ""highest monthly consumption among 2012 rows""}], ""aggregation_scope"": ""global"", ""aggregation_justification"": ""The phrase 'highest monthly consumption' requires taking the maximum Consumption value across all months in 2012."", ""having"": [], ""order_by"": [], ""limit"": null, ""answer_type"": ""scalar"", ""answer_scope"": ""global_scalar"", ""output_columns"": [{""position"": 1, ""semantic_item"": ""highest monthly consumption"", ""source_columns"": [""yearmonth.Consumption""], ""sql_expression"": ""MAX(yearmonth.Consumption)"", ""source_justification"": ""This column stores monthly consumption, and the question asks for the highest value."", ""aggregation"": ""MAX""}], ""candidate_purpose"": ""answer"", ""expected_result_shape"": {""answer_type"": ""scalar"", ""column_count"": 1, ""row_grain"": ""single scalar row""}, ""unresolved_assumptions"": [], ""revision"": null}, ""errors"": []}"
20260714T210045Z-11af1da6,bird_1498,debit_card_specializing,simple,2,2,1,db.execute,SELECT MAX(Consumption) AS highest_monthly_consumption FROM yearmonth WHERE Date LIKE '2012%',"[""yearmonth""]",1,initial_sql,nonmatching,false,initial_execution_nonmatching,true,retrieval_complete_mining_abstained_semantic_failure,AGGREGATION_REASONING,aggregation_or_grouping_mismatch,
20260714T210045Z-11af1da6,bird_1498,debit_card_specializing,simple,3,3,1,query_plan.adherence,SELECT MAX(Consumption) AS highest_monthly_consumption FROM yearmonth WHERE Date LIKE '2012%',[],,not_applicable,adherence_passed,unknown,query_plan.adherence,false,retrieval_complete_mining_abstained_semantic_failure,AGGREGATION_REASONING,aggregation_or_grouping_mismatch,"{""schema_version"": 3, ""checks"": {""projection_count"": true, ""group_by_presence"": true, ""having_presence"": true, ""order_by_presence"": true, ""limit_presence"": true, ""required_tables_presence"": true}, ""passed"": true, ""expected_projection_count"": 1, ""actual_projection_count"": 1, ""enforced"": false}"
20260714T210045Z-11af1da6,bird_1498,debit_card_specializing,simple,4,4,1,FINAL,SELECT MAX(Consumption) AS highest_monthly_consumption FROM yearmonth WHERE Date LIKE '2012%';,"[""yearmonth""]",1,unchanged,benchmark_nonmatching_final,false,final_same_as_last_execution,false,retrieval_complete_mining_abstained_semantic_failure,AGGREGATION_REASONING,aggregation_or_grouping_mismatch,
20260714T210045Z-11af1da6,bird_1500,debit_card_specializing,simple,1,1,1,query_plan.initial,,[],,not_applicable,plan_valid,unknown,query_plan.initial,false,retrieval_complete_mining_abstained_semantic_failure,RUNNER_OR_API,missing_final_sql,"{""valid"": true, ""payload"": {""target_entity"": ""product descriptions for products associated with consumption in September 2013"", ""grain"": ""product description row"", ""schema_links"": [""yearmonth.Date stores year-month as text; September 2013 is represented as 201309 per the hint"", ""yearmonth.CustomerID joins to customers.CustomerID and transactions_1k.CustomerID"", ""transactions_1k.ProductID joins to products.ProductID""], ""required_tables"": [""yearmonth"", ""customers"", ""transactions_1k"", ""products""], ""joins"": [{""left_table"": ""yearmonth"", ""left_column"": ""CustomerID"", ""right_table"": ""customers"", ""right_column"": ""CustomerID"", ""join_type"": ""INNER""}, {""left_table"": ""customers"", ""left_column"": ""CustomerID"", ""right_table"": ""transactions_1k"", ""right_column"": ""CustomerID"", ""join_type"": ""INNER""}, {""left_table"": ""transactions_1k"", ""left_column"": ""ProductID"", ""right_table"": ""products"", ""right_column"": ""ProductID"", ""join_type"": ""INNER""}], ""filters"": [{""table"": ""yearmonth"", ""column"": ""Date"", ""operator"": ""LIKE"", ""value"": ""201309%""}], ""group_by"": [{""table"": ""products"", ""column"": ""Description""}], ""aggregates"": [], ""aggregation_scope"": ""none"", ""aggregation_justification"": null, ""having"": [], ""order_by"": [{""table"": ""products"", ""column"": ""Description"", ""direction"": ""ASC""}], ""limit"": null, ""answer_type"": ""rows"", ""answer_scope"": ""per_entity_rows"", ""output_columns"": [{""position"": 1, ""semantic_item"": ""product description"", ""source_columns"": [""products.Description""], ""sql_expression"": ""products.Description"", ""source_justification"": ""The user asks for the product description."", ""aggregation"": ""none""}], ""candidate_purpose"": ""explore"", ""expected_result_shape"": {""answer_type"": ""rows"", ""column_count"": 1, ""row_grain"": ""one row per distinct product description""}, ""unresolved_assumptions"": [""Assumes products consumed in September 2013 means products purchased by customers who appear in yearmonth for 201309."", ""Assumes DISTINCT descriptions are desired to avoid duplicates from multiple transactions.""], ""revision"": null}, ""errors"": []}"
20260714T210045Z-11af1da6,bird_1500,debit_card_specializing,simple,2,2,2,query_plan.revision,,[],,not_applicable,plan_invalid,unknown,query_plan.revision,false,retrieval_complete_mining_abstained_semantic_failure,RUNNER_OR_API,missing_final_sql,"{""valid"": false, ""payload"": null, ""errors"": [""no structured observation is available for a revision""]}"
20260714T210045Z-11af1da6,bird_1500,debit_card_specializing,simple,3,3,3,query_plan.revision,,[],,not_applicable,plan_invalid,unknown,query_plan.revision,false,retrieval_complete_mining_abstained_semantic_failure,RUNNER_OR_API,missing_final_sql,"{""valid"": false, ""payload"": null, ""errors"": [""no structured observation is available for a revision""]}"
20260714T210045Z-11af1da6,bird_1500,debit_card_specializing,simple,4,4,4,query_plan.revision,,[],,not_applicable,plan_invalid,unknown,query_plan.revision,false,retrieval_complete_mining_abstained_semantic_failure,RUNNER_OR_API,missing_final_sql,"{""valid"": false, ""payload"": null, ""errors"": [""no structured observation is available for a revision""]}"
20260714T210045Z-11af1da6,bird_1500,debit_card_specializing,simple,5,5,5,query_plan.revision,,[],,not_applicable,plan_invalid,unknown,query_plan.revision,false,retrieval_complete_mining_abstained_semantic_failure,RUNNER_OR_API,missing_final_sql,"{""valid"": false, ""payload"": null, ""errors"": [""no structured observation is available for a revision""]}"
20260714T210045Z-11af1da6,bird_1500,debit_card_specializing,simple,6,6,6,query_plan.revision,,[],,not_applicable,plan_invalid,unknown,query_plan.revision,false,retrieval_complete_mining_abstained_semantic_failure,RUNNER_OR_API,missing_final_sql,"{""valid"": false, ""payload"": null, ""errors"": [""no structured observation is available for a revision""]}"
20260714T210045Z-11af1da6,bird_1500,debit_card_specializing,simple,7,7,7,query_plan.revision,,[],,not_applicable,plan_invalid,unknown,query_plan.revision,false,retrieval_complete_mining_abstained_semantic_failure,RUNNER_OR_API,missing_final_sql,"{""valid"": false, ""payload"": null, ""errors"": [""no structured observation is available for a revision""]}"
20260714T210045Z-11af1da6,bird_1500,debit_card_specializing,simple,8,8,8,query_plan.revision,,[],,not_applicable,plan_invalid,unknown,query_plan.revision,false,retrieval_complete_mining_abstained_semantic_failure,RUNNER_OR_API,missing_final_sql,"{""valid"": false, ""payload"": null, ""errors"": [""no structured observation is available for a revision""]}"
20260714T210045Z-11af1da6,bird_1500,debit_card_specializing,simple,9,9,8,FINAL,,[],,initial_sql,benchmark_nonmatching_final,false,final_without_execution,false,retrieval_complete_mining_abstained_semantic_failure,RUNNER_OR_API,missing_final_sql,
20260714T210045Z-11af1da6,bird_1505,debit_card_specializing,simple,1,1,1,query_plan.initial,,[],,not_applicable,plan_valid,unknown,query_plan.initial,false,retrieval_complete_mining_abstained_semantic_failure,SEMANTIC_REVIEW_REQUIRED,filter_scope_or_expression_mismatch,"{""valid"": true, ""payload"": {""target_entity"": ""customers"", ""grain"": ""one row per customer in the final count logic"", ""schema_links"": [{""left_table"": ""yearmonth"", ""left_column"": ""CustomerID"", ""right_table"": ""customers"", ""right_column"": ""CustomerID"", ""relationship"": ""many-to-one""}], ""required_tables"": [""customers"", ""yearmonth""], ""joins"": [{""left_table"": ""yearmonth"", ""left_column"": ""CustomerID"", ""right_table"": ""customers"", ""right_column"": ""CustomerID"", ""join_type"": ""INNER JOIN""}], ""filters"": [{""table"": ""customers"", ""column"": ""Currency"", ""operator"": ""="", ""value"": ""EUR""}, {""table"": ""yearmonth"", ""column"": ""Consumption"", ""operator"": "">"", ""value"": 1000}], ""group_by"": [], ""aggregates"": [{""function"": ""COUNT"", ""expression"": ""DISTINCT customers.CustomerID"", ""alias"": null}], ""aggregation_scope"": ""global"", ""aggregation_justification"": ""The question asks 'how many' customers, which requires a global count."", ""having"": [], ""order_by"": [], ""limit"": null, ""answer_type"": ""scalar"", ""answer_scope"": ""global_scalar"", ""output_columns"": [{""position"": 1, ""semantic_item"": ""count of customers paid in euro with monthly consumption over 1000"", ""source_columns"": [""customers.CustomerID""], ""sql_expression"": ""COUNT(DISTINCT customers.CustomerID)"", ""source_justification"": ""CustomerID uniquely identifies each customer being counted after joining to their monthly consumption records."", ""aggregation"": ""COUNT(DISTINCT)""}], ""candidate_purpose"": ""answer"", ""expected_result_shape"": {""answer_type"": ""scalar"", ""column_count"": 1, ""row_grain"": ""single scalar row""}, ""unresolved_assumptions"": [""Monthly consumption over 1000 is interpreted as any yearmonth row with Consumption > 1000 for a euro-paying customer.""], ""revision"": null}, ""errors"": []}"
20260714T210045Z-11af1da6,bird_1505,debit_card_specializing,simple,2,2,1,db.execute,"SELECT COUNT(DISTINCT c.CustomerID)
FROM customers AS c
INNER JOIN yearmonth AS y
  ON c.CustomerID = y.CustomerID
WHERE c.Currency = 'EUR'
  AND y.Consumption > 1000","[""customers"", ""yearmonth""]",1,initial_sql,nonmatching,false,initial_execution_nonmatching,true,retrieval_complete_mining_abstained_semantic_failure,SEMANTIC_REVIEW_REQUIRED,filter_scope_or_expression_mismatch,
20260714T210045Z-11af1da6,bird_1505,debit_card_specializing,simple,3,3,1,query_plan.adherence,"SELECT COUNT(DISTINCT c.CustomerID)
FROM customers AS c
INNER JOIN yearmonth AS y
  ON c.CustomerID = y.CustomerID
WHERE c.Currency = 'EUR'
  AND y.Consumption > 1000",[],,not_applicable,adherence_passed,unknown,query_plan.adherence,false,retrieval_complete_mining_abstained_semantic_failure,SEMANTIC_REVIEW_REQUIRED,filter_scope_or_expression_mismatch,"{""schema_version"": 3, ""checks"": {""projection_count"": true, ""group_by_presence"": true, ""having_presence"": true, ""order_by_presence"": true, ""limit_presence"": true, ""required_tables_presence"": true}, ""passed"": true, ""expected_projection_count"": 1, ""actual_projection_count"": 1, ""enforced"": false}"
20260714T210045Z-11af1da6,bird_1505,debit_card_specializing,simple,4,4,1,FINAL,SELECT COUNT(DISTINCT c.CustomerID) FROM customers AS c INNER JOIN yearmonth AS y ON c.CustomerID = y.CustomerID WHERE c.Currency = 'EUR' AND y.Consumption > 1000,"[""customers"", ""yearmonth""]",1,unchanged,benchmark_nonmatching_final,false,final_same_as_last_execution,false,retrieval_complete_mining_abstained_semantic_failure,SEMANTIC_REVIEW_REQUIRED,filter_scope_or_expression_mismatch,
20260714T210045Z-11af1da6,bird_1524,debit_card_specializing,simple,1,1,1,query_plan.initial,,[],,not_applicable,plan_valid,unknown,query_plan.initial,false,retrieval_complete_mining_abstained_semantic_failure,SCHEMA_LINKING,table_or_join_path_mismatch,"{""valid"": true, ""payload"": {""target_entity"": ""customer who made the transaction"", ""grain"": ""one matching transaction/customer"", ""schema_links"": [{""from"": ""transactions_1k.CustomerID"", ""to"": ""customers.CustomerID"", ""reason"": ""identify the customer associated with the matching transaction""}], ""required_tables"": [""transactions_1k"", ""customers""], ""joins"": [{""left_table"": ""transactions_1k"", ""right_table"": ""customers"", ""on"": ""transactions_1k.CustomerID = customers.CustomerID"", ""type"": ""INNER""}], ""filters"": [{""table"": ""transactions_1k"", ""column"": ""Date"", ""operator"": ""="", ""value"": ""2012-08-24""}, {""table"": ""transactions_1k"", ""column"": ""Amount"", ""operator"": ""*"", ""value"": ""Price = 548.4"", ""reason"": ""interpret 'spent 548.4' as total spend from the transaction, using the provided definition total price = Amount x Price""}], ""group_by"": [], ""aggregates"": [], ""aggregation_scope"": ""none"", ""aggregation_justification"": null, ""having"": [], ""order_by"": [], ""limit"": null, ""answer_type"": ""rows"", ""answer_scope"": ""single_entity_row"", ""output_columns"": [{""position"": 1, ""semantic_item"": ""customer nationality / closest available customer attribute"", ""source_columns"": [""customers.Currency""], ""sql_expression"": ""customers.Currency"", ""source_justification"": ""The retrieved customer table does not expose a nationality column; Currency is the only customer attribute available, so it is the closest schema-mapped customer attribute to return if no nationality field exists."", ""aggregation"": ""none""}], ""candidate_purpose"": ""explore"", ""expected_result_shape"": {""answer_type"": ""rows"", ""column_count"": 1, ""row_grain"": ""single matching customer row""}, ""unresolved_assumptions"": [""The database fragment does not expose an explicit nationality column for customers."", ""The phrase 'spent 548.4' is interpreted as the transaction total price (Amount x Price) rather than the Price column alone.""], ""revision"": null}, ""errors"": []}"
20260714T210045Z-11af1da6,bird_1524,debit_card_specializing,simple,2,2,1,db.execute,PRAGMA table_info(customers);,[],,initial_sql,nonmatching,false,initial_execution_nonmatching,true,retrieval_complete_mining_abstained_semantic_failure,SCHEMA_LINKING,table_or_join_path_mismatch,
20260714T210045Z-11af1da6,bird_1524,debit_card_specializing,simple,3,3,1,query_plan.adherence,PRAGMA table_info(customers);,[],,not_applicable,adherence_failed,unknown,query_plan.adherence,false,retrieval_complete_mining_abstained_semantic_failure,SCHEMA_LINKING,table_or_join_path_mismatch,"{""schema_version"": 3, ""checks"": {""projection_count"": null, ""group_by_presence"": true, ""having_presence"": true, ""order_by_presence"": true, ""limit_presence"": true, ""required_tables_presence"": false}, ""passed"": false, ""expected_projection_count"": 1, ""actual_projection_count"": null, ""enforced"": false}"
20260714T210045Z-11af1da6,bird_1524,debit_card_specializing,simple,4,4,1,db.execute,PRAGMA table_info(transactions_1k);,[],,expression_or_projection,nonmatching,false,remained_nonmatching,false,retrieval_complete_mining_abstained_semantic_failure,SCHEMA_LINKING,table_or_join_path_mismatch,
20260714T210045Z-11af1da6,bird_1524,debit_card_specializing,simple,5,5,1,query_plan.adherence,PRAGMA table_info(transactions_1k);,[],,not_applicable,adherence_failed,unknown,query_plan.adherence,false,retrieval_complete_mining_abstained_semantic_failure,SCHEMA_LINKING,table_or_join_path_mismatch,"{""schema_version"": 3, ""checks"": {""projection_count"": null, ""group_by_presence"": true, ""having_presence"": true, ""order_by_presence"": true, ""limit_presence"": true, ""required_tables_presence"": false}, ""passed"": false, ""expected_projection_count"": 1, ""actual_projection_count"": null, ""enforced"": false}"
20260714T210045Z-11af1da6,bird_1524,debit_card_specializing,simple,6,6,2,FINAL,"SELECT DISTINCT C.Currency AS nationality FROM transactions_1k AS T INNER JOIN customers AS C ON T.CustomerID = C.CustomerID WHERE T.Date = '2012-08-24' AND ROUND(T.Amount * T.Price, 1) = 548.4","[""customers"", ""transactions_1k""]",1,"tables_or_join,projection_count,where,distinct",benchmark_nonmatching_final,false,unverified_rewrite_after_nonmatching_execution,false,retrieval_complete_mining_abstained_semantic_failure,SCHEMA_LINKING,table_or_join_path_mismatch,
20260714T210045Z-11af1da6,bird_1526,debit_card_specializing,challenging,1,1,1,query_plan.initial,,[],,not_applicable,plan_valid,unknown,query_plan.initial,false,retrieval_complete_mining_abstained_semantic_failure,SCHEMA_LINKING,table_or_join_path_mismatch,"{""valid"": true, ""payload"": {""target_entity"": ""customer consumption decrease rate"", ""grain"": ""one row per matching customer, expecting a single customer identified by a transaction on 2012-08-25 with paid amount 634.8"", ""schema_links"": [{""from_table"": ""transactions_1k"", ""from_column"": ""CustomerID"", ""to_table"": ""yearmonth"", ""to_column"": ""CustomerID"", ""purpose"": ""find the customer's yearly consumption totals""}], ""required_tables"": [""transactions_1k"", ""yearmonth""], ""joins"": [{""left_table"": ""transactions_1k"", ""left_column"": ""CustomerID"", ""right_table"": ""yearmonth"", ""right_column"": ""CustomerID"", ""join_type"": ""INNER""}], ""filters"": [{""table"": ""transactions_1k"", ""column"": ""Date"", ""operator"": ""="", ""value"": ""2012-08-25""}, {""table"": ""transactions_1k"", ""column"": ""Amount*Price"", ""operator"": ""="", ""value"": 634.8}], ""group_by"": [{""table"": ""transactions_1k"", ""column"": ""CustomerID""}], ""aggregates"": [{""function"": ""SUM"", ""expression"": ""CASE WHEN SUBSTR(yearmonth.Date,1,4)='2012' THEN yearmonth.Consumption END"", ""alias"": ""consumption_2012""}, {""function"": ""SUM"", ""expression"": ""CASE WHEN SUBSTR(yearmonth.Date,1,4)='2013' THEN yearmonth.Consumption END"", ""alias"": ""consumption_2013""}], ""aggregation_scope"": ""per_entity"", ""aggregation_justification"": ""The question asks for the customer's consumption decrease rate from Year 2012 to 2013, which requires yearly aggregation of monthly yearmonth records."", ""having"": [], ""order_by"": [], ""limit"": null, ""answer_type"": ""scalar"", ""answer_scope"": ""global_scalar"", ""output_columns"": [{""position"": 1, ""semantic_item"": ""consumption decrease rate"", ""source_columns"": [""yearmonth.Consumption""], ""sql_expression"": ""(SUM(CASE WHEN SUBSTR(yearmonth.Date,1,4)='2012' THEN yearmonth.Consumption END) - SUM(CASE WHEN SUBSTR(yearmonth.Date,1,4)='2013' THEN yearmonth.Consumption END)) * 1.0 / SUM(CASE WHEN SUBSTR(yearmonth.Date,1,4)='2012' THEN yearmonth.Consumption END)"", ""source_justification"": ""Compute the decrease rate from the customer's 2012 and 2013 yearly consumption totals."", ""aggregation"": ""SUM""}], ""candidate_purpose"": ""explore"", ""expected_result_shape"": {""answer_type"": ""scalar"", ""column_count"": 1, ""row_grain"": ""single rate value""}, ""unresolved_assumptions"": [""The paid 634.8 refers to the transaction total Amount*Price on 2012-08-25."", ""Yearly consumption means summing monthly yearmonth.Consumption rows whose Date begins with 2012 or 2013.""], ""revision"": null}, ""errors"": []}"
20260714T210045Z-11af1da6,bird_1526,debit_card_specializing,challenging,2,2,1,db.execute,"WITH target_customer AS (
    SELECT DISTINCT CustomerID
    FROM transactions_1k
    WHERE Date = '2012-08-25'
      AND ROUND(Amount * Price, 1) = 634.8
)
SELECT
    tc.CustomerID,
    SUM(CASE WHEN SUBSTR(ym.Date, 1, 4) = '2012' THEN ym.Consumption ELSE 0 END) AS consumption_2012,
    SUM(CASE WHEN SUBSTR(ym.Date, 1, 4) = '2013' THEN ym.Consumption ELSE 0 END) AS consumption_2013,
    (SUM(CASE WHEN SUBSTR(ym.Date, 1, 4) = '2012' THEN ym.Consumption ELSE 0 END)
     - SUM(CASE WHEN SUBSTR(ym.Date, 1, 4) = '2013' THEN ym.Consumption ELSE 0 END)) * 1.0
     / NULLIF(SUM(CASE WHEN SUBSTR(ym.Date, 1, 4) = '2012' THEN ym.Consumption ELSE 0 END), 0) AS decrease_rate
FROM target_customer tc
JOIN yearmonth ym
  ON tc.CustomerID = ym.CustomerID
GROUP BY tc.CustomerID","[""target_customer"", ""transactions_1k"", ""yearmonth""]",4,initial_sql,empty_nonmatching,false,initial_execution_nonmatching,true,retrieval_complete_mining_abstained_semantic_failure,SCHEMA_LINKING,table_or_join_path_mismatch,
20260714T210045Z-11af1da6,bird_1526,debit_card_specializing,challenging,3,3,1,query_plan.adherence,"WITH target_customer AS (
    SELECT DISTINCT CustomerID
    FROM transactions_1k
    WHERE Date = '2012-08-25'
      AND ROUND(Amount * Price, 1) = 634.8
)
SELECT
    tc.CustomerID,
    SUM(CASE WHEN SUBSTR(ym.Date, 1, 4) = '2012' THEN ym.Consumption ELSE 0 END) AS consumption_2012,
    SUM(CASE WHEN SUBSTR(ym.Date, 1, 4) = '2013' THEN ym.Consumption ELSE 0 END) AS consumption_2013,
    (SUM(CASE WHEN SUBSTR(ym.Date, 1, 4) = '2012' THEN ym.Consumption ELSE 0 END)
     - SUM(CASE WHEN SUBSTR(ym.Date, 1, 4) = '2013' THEN ym.Consumption ELSE 0 END)) * 1.0
     / NULLIF(SUM(CASE WHEN SUBSTR(ym.Date, 1, 4) = '2012' THEN ym.Consumption ELSE 0 END), 0) AS decrease_rate
FROM target_customer tc
JOIN yearmonth ym
  ON tc.CustomerID = ym.CustomerID
GROUP BY tc.CustomerID",[],,not_applicable,adherence_failed,unknown,query_plan.adherence,false,retrieval_complete_mining_abstained_semantic_failure,SCHEMA_LINKING,table_or_join_path_mismatch,"{""schema_version"": 3, ""checks"": {""projection_count"": false, ""group_by_presence"": true, ""having_presence"": true, ""order_by_presence"": true, ""limit_presence"": true, ""required_tables_presence"": true}, ""passed"": false, ""expected_projection_count"": 1, ""actual_projection_count"": 4, ""enforced"": false}"
20260714T210045Z-11af1da6,bird_1526,debit_card_specializing,challenging,4,4,2,query_plan.revision,,[],,not_applicable,plan_valid,unknown,query_plan.revision,false,retrieval_complete_mining_abstained_semantic_failure,SCHEMA_LINKING,table_or_join_path_mismatch,"{""valid"": true, ""payload"": {""observation_ref"": 2, ""changed_constraints"": [""filters"", ""answer_type"", ""answer_scope"", ""aggregation_scope"", ""expected_result_shape"", ""candidate_purpose""], ""updated_fields"": {""filters"": [{""table"": ""transactions_1k"", ""column"": ""Date"", ""operator"": ""="", ""value"": ""2012-08-25""}], ""answer_type"": ""rows"", ""answer_scope"": ""per_entity_rows"", ""aggregation_scope"": ""per_entity"", ""expected_result_shape"": {""answer_type"": ""rows"", ""column_count"": 4, ""row_grain"": ""matching customer""}, ""candidate_purpose"": ""explore""}, ""reason"": ""The previous query returned no rows, so the transaction amount interpretation likely needs verification. We should inspect stored date and monetary formats before finalizing the filter."", ""candidate_purpose"": ""explore""}, ""errors"": []}"
20260714T210045Z-11af1da6,bird_1526,debit_card_specializing,challenging,5,8,2,db.execute,"SELECT Date, Amount, Price, Amount * Price AS total
FROM transactions_1k
WHERE Date LIKE '2012-08-25%'
ORDER BY ABS((Amount * Price) - 634.8) ASC
LIMIT 10","[""transactions_1k""]",4,"tables_or_join,group_by,order_by,limit,aggregate,distinct",nonmatching,false,remained_nonmatching,false,retrieval_complete_mining_abstained_semantic_failure,SCHEMA_LINKING,table_or_join_path_mismatch,
20260714T210045Z-11af1da6,bird_1526,debit_card_specializing,challenging,6,9,2,query_plan.adherence,"SELECT Date, Amount, Price, Amount * Price AS total
FROM transactions_1k
WHERE Date LIKE '2012-08-25%'
ORDER BY ABS((Amount * Price) - 634.8) ASC
LIMIT 10",[],,not_applicable,adherence_failed,unknown,query_plan.adherence,false,retrieval_complete_mining_abstained_semantic_failure,SCHEMA_LINKING,table_or_join_path_mismatch,"{""schema_version"": 3, ""checks"": {""projection_count"": true, ""group_by_presence"": false, ""having_presence"": true, ""order_by_presence"": false, ""limit_presence"": false, ""required_tables_presence"": false}, ""passed"": false, ""expected_projection_count"": 4, ""actual_projection_count"": 4, ""enforced"": false}"
20260714T210045Z-11af1da6,bird_1526,debit_card_specializing,challenging,7,10,3,query_plan.revision,,[],,not_applicable,plan_valid,unknown,query_plan.revision,false,retrieval_complete_mining_abstained_semantic_failure,SCHEMA_LINKING,table_or_join_path_mismatch,"{""valid"": true, ""payload"": {""observation_ref"": 8, ""changed_constraints"": [""filters"", ""candidate_purpose"", ""unresolved_assumptions""], ""updated_fields"": {""filters"": [{""table"": ""transactions_1k"", ""column"": ""Date"", ""operator"": ""="", ""value"": ""2012-08-25""}], ""candidate_purpose"": ""explore"", ""unresolved_assumptions"": [""The target 634.8 value may correspond to the Price column rather than Amount*Price, since no exact transaction total was observed in the sampled closest rows.""]}, ""reason"": ""The earlier total-based filter produced no matches, while sampled rows suggest the value may be stored directly in a transaction column or may require a different exact-match interpretation."", ""candidate_purpose"": ""explore""}, ""errors"": []}"
20260714T210045Z-11af1da6,bird_1526,debit_card_specializing,challenging,8,11,3,db.execute,"SELECT TransactionID, CustomerID, Date, Amount, Price, Amount * Price AS total
FROM transactions_1k
WHERE Date = '2012-08-25'
  AND (
    ABS((Amount * Price) - 634.8) < 0.0001
    OR ABS(Price - 634.8) < 0.0001
    OR ABS(Amount - 634.8) < 0.0001
  )
ORDER BY
  CASE
    WHEN ABS((Amount * Price) - 634.8) < 0.0001 THEN 0
    WHEN ABS(Price - 634.8) < 0.0001 THEN 1
    WHEN ABS(Amount - 634.8) < 0.0001 THEN 2
    ELSE 3
  END,
  ABS((Amount * Price) - 634.8)
LIMIT 20","[""transactions_1k""]",6,projection_count,nonmatching,false,remained_nonmatching,false,retrieval_complete_mining_abstained_semantic_failure,SCHEMA_LINKING,table_or_join_path_mismatch,
20260714T210045Z-11af1da6,bird_1526,debit_card_specializing,challenging,9,12,3,query_plan.adherence,"SELECT TransactionID, CustomerID, Date, Amount, Price, Amount * Price AS total
FROM transactions_1k
WHERE Date = '2012-08-25'
  AND (
    ABS((Amount * Price) - 634.8) < 0.0001
    OR ABS(Price - 634.8) < 0.0001
    OR ABS(Amount - 634.8) < 0.0001
  )
ORDER BY
  CASE
    WHEN ABS((Amount * Price) - 634.8) < 0.0001 THEN 0
    WHEN ABS(Price - 634.8) < 0.0001 THEN 1
    WHEN ABS(Amount - 634.8) < 0.0001 THEN 2
    ELSE 3
  END,
  ABS((Amount * Price) - 634.8)
LIMIT 20",[],,not_applicable,adherence_failed,unknown,query_plan.adherence,false,retrieval_complete_mining_abstained_semantic_failure,SCHEMA_LINKING,table_or_join_path_mismatch,"{""schema_version"": 3, ""checks"": {""projection_count"": false, ""group_by_presence"": false, ""having_presence"": true, ""order_by_presence"": false, ""limit_presence"": false, ""required_tables_presence"": false}, ""passed"": false, ""expected_projection_count"": 4, ""actual_projection_count"": 6, ""enforced"": false}"
20260714T210045Z-11af1da6,bird_1526,debit_card_specializing,challenging,10,13,3,db.execute,"SELECT TransactionID, CustomerID, Date, Amount, Price, Amount * Price AS total
FROM transactions_1k
WHERE Date = '2012-08-25'
ORDER BY ABS((Amount * Price) - 634.8) ASC
LIMIT 20","[""transactions_1k""]",6,expression_or_projection,nonmatching,false,remained_nonmatching,false,retrieval_complete_mining_abstained_semantic_failure,SCHEMA_LINKING,table_or_join_path_mismatch,
20260714T210045Z-11af1da6,bird_1526,debit_card_specializing,challenging,11,14,3,query_plan.adherence,"SELECT TransactionID, CustomerID, Date, Amount, Price, Amount * Price AS total
FROM transactions_1k
WHERE Date = '2012-08-25'
ORDER BY ABS((Amount * Price) - 634.8) ASC
LIMIT 20",[],,not_applicable,adherence_failed,unknown,query_plan.adherence,false,retrieval_complete_mining_abstained_semantic_failure,SCHEMA_LINKING,table_or_join_path_mismatch,"{""schema_version"": 3, ""checks"": {""projection_count"": false, ""group_by_presence"": false, ""having_presence"": true, ""order_by_presence"": false, ""limit_presence"": false, ""required_tables_presence"": false}, ""passed"": false, ""expected_projection_count"": 4, ""actual_projection_count"": 6, ""enforced"": false}"
20260714T210045Z-11af1da6,bird_1526,debit_card_specializing,challenging,12,15,4,query_plan.revision,,[],,not_applicable,plan_valid,unknown,query_plan.revision,false,retrieval_complete_mining_abstained_semantic_failure,SCHEMA_LINKING,table_or_join_path_mismatch,"{""valid"": true, ""payload"": {""observation_ref"": 13, ""changed_constraints"": [""filters"", ""answer_type"", ""answer_scope"", ""aggregation_scope"", ""candidate_purpose""], ""updated_fields"": {""filters"": [{""table"": ""transactions_1k"", ""column"": ""Date"", ""operator"": ""="", ""value"": ""2012-08-25""}, {""table"": ""transactions_1k"", ""column"": ""Price"", ""operator"": ""="", ""value"": 634.8}], ""answer_type"": ""scalar"", ""answer_scope"": ""global_scalar"", ""aggregation_scope"": ""per_entity"", ""candidate_purpose"": ""answer""}, ""reason"": ""The authoritative observation shows the paid 634.8 value is stored in the Price column for the target transaction, so the customer can be identified directly and the yearly consumption decrease rate can be computed for that customer."", ""candidate_purpose"": ""answer""}, ""errors"": []}"
20260714T210045Z-11af1da6,bird_1526,debit_card_specializing,challenging,13,16,4,db.execute,"SELECT
  (SUM(CASE WHEN SUBSTR(ym.Date, 1, 4) = '2012' THEN ym.Consumption ELSE 0 END)
   - SUM(CASE WHEN SUBSTR(ym.Date, 1, 4) = '2013' THEN ym.Consumption ELSE 0 END)) * 1.0
  / NULLIF(SUM(CASE WHEN SUBSTR(ym.Date, 1, 4) = '2012' THEN ym.Consumption ELSE 0 END), 0) AS decrease_rate
FROM yearmonth AS ym
WHERE ym.CustomerID = (
  SELECT CustomerID
  FROM transactions_1k
  WHERE Date = '2012-08-25'
    AND Price = 634.8
  LIMIT 1
)","[""transactions_1k"", ""yearmonth""]",1,"tables_or_join,projection_count,order_by,aggregate",nonmatching,false,remained_nonmatching,false,retrieval_complete_mining_abstained_semantic_failure,SCHEMA_LINKING,table_or_join_path_mismatch,
20260714T210045Z-11af1da6,bird_1526,debit_card_specializing,challenging,14,17,4,query_plan.adherence,"SELECT
  (SUM(CASE WHEN SUBSTR(ym.Date, 1, 4) = '2012' THEN ym.Consumption ELSE 0 END)
   - SUM(CASE WHEN SUBSTR(ym.Date, 1, 4) = '2013' THEN ym.Consumption ELSE 0 END)) * 1.0
  / NULLIF(SUM(CASE WHEN SUBSTR(ym.Date, 1, 4) = '2012' THEN ym.Consumption ELSE 0 END), 0) AS decrease_rate
FROM yearmonth AS ym
WHERE ym.CustomerID = (
  SELECT CustomerID
  FROM transactions_1k
  WHERE Date = '2012-08-25'
    AND Price = 634.8
  LIMIT 1
)",[],,not_applicable,adherence_failed,unknown,query_plan.adherence,false,retrieval_complete_mining_abstained_semantic_failure,SCHEMA_LINKING,table_or_join_path_mismatch,"{""schema_version"": 3, ""checks"": {""projection_count"": false, ""group_by_presence"": false, ""having_presence"": true, ""order_by_presence"": true, ""limit_presence"": false, ""required_tables_presence"": true}, ""passed"": false, ""expected_projection_count"": 4, ""actual_projection_count"": 1, ""enforced"": false}"
20260714T210045Z-11af1da6,bird_1526,debit_card_specializing,challenging,15,18,4,FINAL,"SELECT (SUM(CASE WHEN SUBSTR(ym.Date, 1, 4) = '2012' THEN ym.Consumption ELSE 0 END) - SUM(CASE WHEN SUBSTR(ym.Date, 1, 4) = '2013' THEN ym.Consumption ELSE 0 END)) * 1.0 / NULLIF(SUM(CASE WHEN SUBSTR(ym.Date, 1, 4) = '2012' THEN ym.Consumption ELSE 0 END), 0) AS decrease_rate FROM yearmonth AS ym WHERE ym.CustomerID = (SELECT CustomerID FROM transactions_1k WHERE Date = '2012-08-25' AND Price = 634.8 LIMIT 1)","[""transactions_1k"", ""yearmonth""]",1,expression_or_projection,benchmark_nonmatching_final,false,unverified_rewrite_after_nonmatching_execution,false,retrieval_complete_mining_abstained_semantic_failure,SCHEMA_LINKING,table_or_join_path_mismatch,
20260714T210045Z-11af1da6,bird_1529,debit_card_specializing,moderate,1,1,1,query_plan.initial,,[],,not_applicable,plan_valid,unknown,query_plan.initial,false,retrieval_complete_mining_abstained_semantic_failure,SCHEMA_LINKING,table_or_join_path_mismatch,"{""valid"": true, ""payload"": {""target_entity"": ""customer 38508"", ""grain"": ""single_customer"", ""schema_links"": [""transactions_1k.CustomerID = customers.CustomerID"", ""yearmonth.CustomerID = customers.CustomerID""], ""required_tables"": [""transactions_1k"", ""yearmonth""], ""joins"": [{""left_table"": ""transactions_1k"", ""right_table"": ""yearmonth"", ""condition"": ""transactions_1k.CustomerID = yearmonth.CustomerID"", ""join_type"": ""none""}], ""filters"": [{""table"": ""transactions_1k"", ""column"": ""CustomerID"", ""operator"": ""="", ""value"": ""38508""}, {""table"": ""yearmonth"", ""column"": ""CustomerID"", ""operator"": ""="", ""value"": ""38508""}, {""table"": ""yearmonth"", ""column"": ""Date"", ""operator"": ""="", ""value"": ""201201""}], ""group_by"": [], ""aggregates"": [{""function"": ""SUM"", ""expression"": ""transactions_1k.Amount"", ""scope"": ""global""}, {""function"": ""SUM"", ""expression"": ""yearmonth.Consumption"", ""scope"": ""global""}], ""aggregation_scope"": ""global"", ""aggregation_justification"": ""The question asks for how much the customer spent overall and in January 2012, which requires summing monetary measures."", ""having"": [], ""order_by"": [], ""limit"": null, ""answer_type"": ""rows"", ""answer_scope"": ""single_entity_row"", ""output_columns"": [{""position"": 1, ""semantic_item"": ""amount spent at gas stations"", ""source_columns"": [""transactions_1k.Amount""], ""sql_expression"": ""SUM(t.Amount)"", ""source_justification"": ""The gas-station spending amount is represented by transactions_1k.Amount for customer 38508."", ""aggregation"": ""SUM""}, {""position"": 2, ""semantic_item"": ""amount spent in January 2012"", ""source_columns"": [""yearmonth.Consumption""], ""sql_expression"": ""SUM(y.Consumption)"", ""source_justification"": ""The January 2012 spending is identified by yearmonth.Date = '201201' and uses yearmonth.Consumption."", ""aggregation"": ""SUM""}], ""candidate_purpose"": ""answer"", ""expected_result_shape"": {""answer_type"": ""rows"", ""column_count"": 2, ""row_grain"": ""one row for customer 38508""}, ""unresolved_assumptions"": [""The second part of the question refers to yearmonth.Consumption rather than transactions_1k.Amount because the hint defines January 2012 via the yearmonth Date value '201201'.""], ""revision"": null}, ""errors"": []}"
20260714T210045Z-11af1da6,bird_1529,debit_card_specializing,moderate,2,2,1,db.execute,"SELECT
  (SELECT SUM(t.Amount)
   FROM transactions_1k t
   WHERE t.CustomerID = 38508) AS amount_spent_at_gas_stations,
  (SELECT SUM(y.Consumption)
   FROM yearmonth y
   WHERE y.CustomerID = 38508
     AND y.Date = '201201') AS amount_spent_in_january_2012","[""transactions_1k"", ""yearmonth""]",,initial_sql,nonmatching,false,initial_execution_nonmatching,true,retrieval_complete_mining_abstained_semantic_failure,SCHEMA_LINKING,table_or_join_path_mismatch,
20260714T210045Z-11af1da6,bird_1529,debit_card_specializing,moderate,3,3,1,query_plan.adherence,"SELECT
  (SELECT SUM(t.Amount)
   FROM transactions_1k t
   WHERE t.CustomerID = 38508) AS amount_spent_at_gas_stations,
  (SELECT SUM(y.Consumption)
   FROM yearmonth y
   WHERE y.CustomerID = 38508
     AND y.Date = '201201') AS amount_spent_in_january_2012",[],,not_applicable,adherence_passed,unknown,query_plan.adherence,false,retrieval_complete_mining_abstained_semantic_failure,SCHEMA_LINKING,table_or_join_path_mismatch,"{""schema_version"": 3, ""checks"": {""projection_count"": null, ""group_by_presence"": true, ""having_presence"": true, ""order_by_presence"": true, ""limit_presence"": true, ""required_tables_presence"": true}, ""passed"": true, ""expected_projection_count"": 2, ""actual_projection_count"": null, ""enforced"": false}"
20260714T210045Z-11af1da6,bird_1529,debit_card_specializing,moderate,4,4,1,FINAL,"SELECT (SELECT SUM(t.Amount) FROM transactions_1k t WHERE t.CustomerID = 38508) AS amount_spent_at_gas_stations, (SELECT SUM(y.Consumption) FROM yearmonth y WHERE y.CustomerID = 38508 AND y.Date = '201201') AS amount_spent_in_january_2012","[""transactions_1k"", ""yearmonth""]",,unchanged,benchmark_nonmatching_final,false,final_same_as_last_execution,false,retrieval_complete_mining_abstained_semantic_failure,SCHEMA_LINKING,table_or_join_path_mismatch,
20260714T210045Z-11af1da6,bird_1531,debit_card_specializing,moderate,1,1,1,query_plan.initial,,[],,not_applicable,plan_valid,unknown,query_plan.initial,false,retrieval_complete_mining_abstained_semantic_failure,AGGREGATION_REASONING,sort_direction_or_order_scope_mismatch,"{""valid"": true, ""payload"": {""target_entity"": ""top spending customer"", ""grain"": ""one row per customer aggregated from transactions_1k, then single top customer row"", ""schema_links"": [{""from_table"": ""transactions_1k"", ""from_column"": ""CustomerID"", ""to_table"": ""customers"", ""to_column"": ""CustomerID""}], ""required_tables"": [""transactions_1k"", ""customers""], ""joins"": [{""left_table"": ""transactions_1k"", ""left_column"": ""CustomerID"", ""right_table"": ""customers"", ""right_column"": ""CustomerID"", ""join_type"": ""INNER""}], ""filters"": [], ""group_by"": [{""table"": ""transactions_1k"", ""column"": ""CustomerID""}, {""table"": ""customers"", ""column"": ""Currency""}], ""aggregates"": [{""sql_expression"": ""SUM(transactions_1k.Price * transactions_1k.Amount)"", ""semantic"": ""total_spending"", ""aggregation"": ""global""}, {""sql_expression"": ""SUM(transactions_1k.Price * transactions_1k.Amount) / SUM(transactions_1k.Amount)"", ""semantic"": ""average price per single item purchased"", ""aggregation"": ""global""}], ""aggregation_scope"": ""per_entity"", ""aggregation_justification"": ""The question asks for the top spending customer, which requires aggregating transactions to the customer level and ordering by total spending."", ""having"": [], ""order_by"": [{""expression"": ""SUM(transactions_1k.Price * transactions_1k.Amount)"", ""direction"": ""DESC""}], ""limit"": 1, ""answer_type"": ""rows"", ""answer_scope"": ""single_entity_row"", ""output_columns"": [{""position"": 1, ""semantic_item"": ""customer identifier of the top spending customer"", ""source_columns"": [""transactions_1k.CustomerID""], ""sql_expression"": ""transactions_1k.CustomerID"", ""source_justification"": ""Identifies which customer is the top spender."", ""aggregation"": ""none""}, {""position"": 2, ""semantic_item"": ""average price per single item purchased by the top spending customer"", ""source_columns"": [""transactions_1k.Price"", ""transactions_1k.Amount""], ""sql_expression"": ""SUM(transactions_1k.Price * transactions_1k.Amount) / SUM(transactions_1k.Amount)"", ""source_justification"": ""The hint defines average price per single item as Total(price) / Total(amount), and the schema evidence states total price is Amount x Price."", ""aggregation"": ""global""}, {""position"": 3, ""semantic_item"": ""currency used by the top spending customer"", ""source_columns"": [""customers.Currency""], ""sql_expression"": ""customers.Currency"", ""source_justification"": ""Currency is stored in customers and should be returned for the selected customer."", ""aggregation"": ""none""}], ""candidate_purpose"": ""answer"", ""expected_result_shape"": {""answer_type"": ""rows"", ""column_count"": 3, ""row_grain"": ""single top customer row""}, ""unresolved_assumptions"": [""Assumes spending means SUM(Price * Amount) based on the schema note that total price = Amount x Price.""], ""revision"": null}, ""errors"": []}"
20260714T210045Z-11af1da6,bird_1531,debit_card_specializing,moderate,2,2,1,db.execute,"SELECT t.CustomerID, SUM(t.Price * t.Amount) / SUM(t.Amount) AS avg_price_per_single_item, c.Currency
FROM transactions_1k AS t
INNER JOIN customers AS c
  ON t.CustomerID = c.CustomerID
GROUP BY t.CustomerID, c.Currency
ORDER BY SUM(t.Price * t.Amount) DESC
LIMIT 1","[""customers"", ""transactions_1k""]",3,initial_sql,nonmatching,false,initial_execution_nonmatching,true,retrieval_complete_mining_abstained_semantic_failure,AGGREGATION_REASONING,sort_direction_or_order_scope_mismatch,
20260714T210045Z-11af1da6,bird_1531,debit_card_specializing,moderate,3,3,1,query_plan.adherence,"SELECT t.CustomerID, SUM(t.Price * t.Amount) / SUM(t.Amount) AS avg_price_per_single_item, c.Currency
FROM transactions_1k AS t
INNER JOIN customers AS c
  ON t.CustomerID = c.CustomerID
GROUP BY t.CustomerID, c.Currency
ORDER BY SUM(t.Price * t.Amount) DESC
LIMIT 1",[],,not_applicable,adherence_passed,unknown,query_plan.adherence,false,retrieval_complete_mining_abstained_semantic_failure,AGGREGATION_REASONING,sort_direction_or_order_scope_mismatch,"{""schema_version"": 3, ""checks"": {""projection_count"": true, ""group_by_presence"": true, ""having_presence"": true, ""order_by_presence"": true, ""limit_presence"": true, ""required_tables_presence"": true}, ""passed"": true, ""expected_projection_count"": 3, ""actual_projection_count"": 3, ""enforced"": false}"
20260714T210045Z-11af1da6,bird_1531,debit_card_specializing,moderate,4,4,3,FINAL,"SELECT t.CustomerID, SUM(t.Price * t.Amount) / NULLIF(SUM(t.Amount), 0) AS avg_price_per_single_item, c.Currency FROM transactions_1k AS t INNER JOIN customers AS c ON t.CustomerID = c.CustomerID GROUP BY t.CustomerID, c.Currency ORDER BY SUM(t.Price * t.Amount) DESC LIMIT 1","[""customers"", ""transactions_1k""]",3,expression_or_projection,benchmark_nonmatching_final,false,unverified_rewrite_after_nonmatching_execution,false,retrieval_complete_mining_abstained_semantic_failure,AGGREGATION_REASONING,sort_direction_or_order_scope_mismatch,
20260714T210045Z-11af1da6,bird_1322,student_club,moderate,1,1,1,query_plan.initial,,[],,not_applicable,plan_valid,unknown,query_plan.initial,false,retrieval_complete_mining_abstained_semantic_failure,SEMANTIC_REVIEW_REQUIRED,filter_scope_or_expression_mismatch,"{""valid"": true, ""payload"": {""target_entity"": ""events that are meetings and have more than 10 attendance rows"", ""grain"": ""one event"", ""schema_links"": [""attendance.link_to_event = event.event_id""], ""required_tables"": [""attendance"", ""event""], ""joins"": [{""left_table"": ""attendance"", ""left_column"": ""link_to_event"", ""right_table"": ""event"", ""right_column"": ""event_id"", ""join_type"": ""INNER""}], ""filters"": [{""table"": ""event"", ""column"": ""type"", ""operator"": ""="", ""value"": ""Meeting""}], ""group_by"": [""attendance.link_to_event""], ""aggregates"": [{""function"": ""COUNT"", ""expression"": ""attendance.link_to_event"", ""alias"": ""attendee_count""}], ""aggregation_scope"": ""global"", ""aggregation_justification"": ""The question asks 'how many of them are meetings', which requires counting qualifying events after identifying events with more than 10 attendees."", ""having"": [{""expression"": ""COUNT(attendance.link_to_event) > 10""}], ""order_by"": [], ""limit"": null, ""answer_type"": ""scalar"", ""answer_scope"": ""global_scalar"", ""output_columns"": [{""position"": 1, ""semantic_item"": ""number of qualifying meeting events"", ""source_columns"": [""attendance.link_to_event"", ""event.type""], ""sql_expression"": ""COUNT(*)"", ""source_justification"": ""Counts the number of event groups that satisfy both the meeting type filter and the attendee-count threshold."", ""aggregation"": ""global""}], ""candidate_purpose"": ""answer"", ""expected_result_shape"": {""answer_type"": ""scalar"", ""column_count"": 1, ""row_grain"": ""one scalar count""}, ""unresolved_assumptions"": [""Student_Club is represented by the member attendance records in the provided schema fragment, so no additional club filter table is available or needed.""], ""revision"": null}, ""errors"": []}"
20260714T210045Z-11af1da6,bird_1322,student_club,moderate,2,2,1,db.execute,"SELECT COUNT(*) AS meeting_event_count
FROM (
  SELECT a.link_to_event
  FROM attendance AS a
  JOIN event AS e
    ON a.link_to_event = e.event_id
  WHERE e.type = 'Meeting'
  GROUP BY a.link_to_event
  HAVING COUNT(a.link_to_event) > 10
) AS qualifying_events;","[""attendance"", ""event""]",1,initial_sql,nonmatching,false,initial_execution_nonmatching,true,retrieval_complete_mining_abstained_semantic_failure,SEMANTIC_REVIEW_REQUIRED,filter_scope_or_expression_mismatch,
20260714T210045Z-11af1da6,bird_1322,student_club,moderate,3,3,1,query_plan.adherence,"SELECT COUNT(*) AS meeting_event_count
FROM (
  SELECT a.link_to_event
  FROM attendance AS a
  JOIN event AS e
    ON a.link_to_event = e.event_id
  WHERE e.type = 'Meeting'
  GROUP BY a.link_to_event
  HAVING COUNT(a.link_to_event) > 10
) AS qualifying_events;",[],,not_applicable,adherence_passed,unknown,query_plan.adherence,false,retrieval_complete_mining_abstained_semantic_failure,SEMANTIC_REVIEW_REQUIRED,filter_scope_or_expression_mismatch,"{""schema_version"": 3, ""checks"": {""projection_count"": true, ""group_by_presence"": true, ""having_presence"": true, ""order_by_presence"": true, ""limit_presence"": true, ""required_tables_presence"": true}, ""passed"": true, ""expected_projection_count"": 1, ""actual_projection_count"": 1, ""enforced"": false}"
20260714T210045Z-11af1da6,bird_1322,student_club,moderate,4,4,1,FINAL,SELECT COUNT(*) AS meeting_event_count FROM (SELECT a.link_to_event FROM attendance AS a JOIN event AS e ON a.link_to_event = e.event_id WHERE e.type = 'Meeting' GROUP BY a.link_to_event HAVING COUNT(a.link_to_event) > 10) AS qualifying_events;,"[""attendance"", ""event""]",1,expression_or_projection,benchmark_nonmatching_final,false,unverified_rewrite_after_nonmatching_execution,false,retrieval_complete_mining_abstained_semantic_failure,SEMANTIC_REVIEW_REQUIRED,filter_scope_or_expression_mismatch,
20260714T210045Z-11af1da6,bird_1338,student_club,moderate,1,1,1,query_plan.initial,,[],,not_applicable,plan_invalid,unknown,query_plan.initial,false,retrieval_complete_mining_abstained_semantic_failure,OUTPUT_CONTRACT,output_column_count_mismatch,"{""valid"": false, ""payload"": null, ""errors"": [""output_columns[0].aggregation must be a non-empty string"", ""output_columns[1].aggregation must be a non-empty string"", ""output_columns[2].aggregation must be a non-empty string""]}"
20260714T210045Z-11af1da6,bird_1338,student_club,moderate,2,2,2,query_plan.initial,,[],,not_applicable,plan_invalid,unknown,query_plan.initial,false,retrieval_complete_mining_abstained_semantic_failure,OUTPUT_CONTRACT,output_column_count_mismatch,"{""valid"": false, ""payload"": null, ""errors"": [""initial revision must be null""]}"
20260714T210045Z-11af1da6,bird_1338,student_club,moderate,3,3,3,query_plan.initial,,[],,not_applicable,plan_valid,unknown,query_plan.initial,false,retrieval_complete_mining_abstained_semantic_failure,OUTPUT_CONTRACT,output_column_count_mismatch,"{""valid"": true, ""payload"": {""target_entity"": ""expenses belonging to the October Meeting on 2019-10-08"", ""grain"": ""one row per expense"", ""schema_links"": [""expense.link_to_budget = budget.budget_id"", ""budget.link_to_event = event.event_id""], ""required_tables"": [""expense"", ""budget"", ""event""], ""joins"": [{""left_table"": ""expense"", ""right_table"": ""budget"", ""condition"": ""expense.link_to_budget = budget.budget_id""}, {""left_table"": ""budget"", ""right_table"": ""event"", ""condition"": ""budget.link_to_event = event.event_id""}], ""filters"": [""event.event_name = 'October Meeting'"", ""date(event.event_date) = '2019-10-08'""], ""group_by"": [], ""aggregates"": [], ""aggregation_scope"": ""none"", ""aggregation_justification"": null, ""having"": [], ""order_by"": [{""column"": ""expense.expense_id"", ""direction"": ""ASC""}], ""limit"": null, ""answer_type"": ""rows"", ""answer_scope"": ""per_entity_rows"", ""output_columns"": [{""position"": 1, ""semantic_item"": ""expense identifier"", ""source_columns"": [""expense.expense_id""], ""sql_expression"": ""expense.expense_id"", ""source_justification"": ""Unique identifier for each expense."", ""aggregation"": ""none""}, {""position"": 2, ""semantic_item"": ""expense description"", ""source_columns"": [""expense.expense_description""], ""sql_expression"": ""expense.expense_description"", ""source_justification"": ""Describes the expense item."", ""aggregation"": ""none""}, {""position"": 3, ""semantic_item"": ""approved flag"", ""source_columns"": [""expense.approved""], ""sql_expression"": ""expense.approved"", ""source_justification"": ""Indicates whether the expense was approved."", ""aggregation"": ""none""}], ""candidate_purpose"": ""answer"", ""expected_result_shape"": {""answer_type"": ""rows"", ""column_count"": 3, ""row_grain"": ""one row per expense""}, ""unresolved_assumptions"": [], ""revision"": null}, ""errors"": []}"
20260714T210045Z-11af1da6,bird_1338,student_club,moderate,4,4,3,db.execute,"SELECT event_id, event_name, event_date
FROM event
WHERE event_name = 'October Meeting'
ORDER BY event_date","[""event""]",3,initial_sql,nonmatching,false,initial_execution_nonmatching,true,retrieval_complete_mining_abstained_semantic_failure,OUTPUT_CONTRACT,output_column_count_mismatch,
20260714T210045Z-11af1da6,bird_1338,student_club,moderate,5,5,3,query_plan.adherence,"SELECT event_id, event_name, event_date
FROM event
WHERE event_name = 'October Meeting'
ORDER BY event_date",[],,not_applicable,adherence_failed,unknown,query_plan.adherence,false,retrieval_complete_mining_abstained_semantic_failure,OUTPUT_CONTRACT,output_column_count_mismatch,"{""schema_version"": 3, ""checks"": {""projection_count"": true, ""group_by_presence"": true, ""having_presence"": true, ""order_by_presence"": true, ""limit_presence"": true, ""required_tables_presence"": false}, ""passed"": false, ""expected_projection_count"": 3, ""actual_projection_count"": 3, ""enforced"": false}"
20260714T210045Z-11af1da6,bird_1338,student_club,moderate,6,6,3,db.execute,"SELECT expense.expense_id, expense.expense_description, expense.approved
FROM expense
JOIN budget ON expense.link_to_budget = budget.budget_id
JOIN event ON budget.link_to_event = event.event_id
WHERE event.event_name = 'October Meeting'
  AND date(event.event_date) = '2019-10-08'
ORDER BY expense.expense_id","[""budget"", ""event"", ""expense""]",3,tables_or_join,nonmatching,false,remained_nonmatching,false,retrieval_complete_mining_abstained_semantic_failure,OUTPUT_CONTRACT,output_column_count_mismatch,
20260714T210045Z-11af1da6,bird_1338,student_club,moderate,7,7,3,query_plan.adherence,"SELECT expense.expense_id, expense.expense_description, expense.approved
FROM expense
JOIN budget ON expense.link_to_budget = budget.budget_id
JOIN event ON budget.link_to_event = event.event_id
WHERE event.event_name = 'October Meeting'
  AND date(event.event_date) = '2019-10-08'
ORDER BY expense.expense_id",[],,not_applicable,adherence_passed,unknown,query_plan.adherence,false,retrieval_complete_mining_abstained_semantic_failure,OUTPUT_CONTRACT,output_column_count_mismatch,"{""schema_version"": 3, ""checks"": {""projection_count"": true, ""group_by_presence"": true, ""having_presence"": true, ""order_by_presence"": true, ""limit_presence"": true, ""required_tables_presence"": true}, ""passed"": true, ""expected_projection_count"": 3, ""actual_projection_count"": 3, ""enforced"": false}"
20260714T210045Z-11af1da6,bird_1338,student_club,moderate,8,8,3,FINAL,"SELECT expense.expense_id, expense.expense_description, expense.approved FROM expense JOIN budget ON expense.link_to_budget = budget.budget_id JOIN event ON budget.link_to_event = event.event_id WHERE event.event_name = 'October Meeting' AND date(event.event_date) = '2019-10-08' ORDER BY expense.expense_id","[""budget"", ""event"", ""expense""]",3,unchanged,benchmark_nonmatching_final,false,final_same_as_last_execution,false,retrieval_complete_mining_abstained_semantic_failure,OUTPUT_CONTRACT,output_column_count_mismatch,
20260714T210045Z-11af1da6,bird_1350,student_club,moderate,1,1,1,query_plan.initial,,[],,not_applicable,plan_valid,unknown,query_plan.initial,false,retrieval_complete_mining_abstained_semantic_failure,RUNNER_OR_API,missing_final_sql,"{""valid"": true, ""payload"": {""target_entity"": ""event status for the event linked to the matching expense"", ""grain"": ""one row for the matched expense/event record"", ""schema_links"": [{""from_table"": ""expense"", ""from_column"": ""link_to_budget"", ""to_table"": ""budget"", ""to_column"": ""budget_id""}, {""from_table"": ""budget"", ""from_column"": ""link_to_event"", ""to_table"": ""event"", ""to_column"": ""event_id""}], ""required_tables"": [""expense"", ""budget""], ""joins"": [{""left_table"": ""expense"", ""right_table"": ""budget"", ""join_type"": ""INNER JOIN"", ""condition"": ""expense.link_to_budget = budget.budget_id""}], ""filters"": [{""table"": ""expense"", ""column"": ""expense_description"", ""operator"": ""="", ""value"": ""Post Cards, Posters""}, {""table"": ""expense"", ""column"": ""expense_date"", ""operator"": ""="", ""value"": ""2019-8-20"", ""justification"": ""from the question hint""}], ""group_by"": [], ""aggregates"": [], ""aggregation_scope"": ""none"", ""aggregation_justification"": null, ""having"": [], ""order_by"": [], ""limit"": null, ""answer_type"": ""rows"", ""answer_scope"": ""single_entity_row"", ""output_columns"": [{""position"": 1, ""semantic_item"": ""event_status"", ""source_columns"": [""budget.event_status""], ""sql_expression"": ""DISTINCT budget.event_status"", ""source_justification"": ""The question asks for the status, and the retrieved schema states event_status is stored in budget."", ""aggregation"": ""none""}], ""candidate_purpose"": ""answer"", ""expected_result_shape"": {""answer_type"": ""rows"", ""column_count"": 1, ""row_grain"": ""single matched status value""}, ""unresolved_assumptions"": [""The status is stored in budget.event_status rather than event.status based on the hint and schema fragment."", ""The expense_date format may be zero-padded in storage, so the exact filter value may need verification.""], ""revision"": null}, ""errors"": []}"
20260714T210045Z-11af1da6,bird_1350,student_club,moderate,2,2,2,query_plan.revision,,[],,not_applicable,plan_invalid,unknown,query_plan.revision,false,retrieval_complete_mining_abstained_semantic_failure,RUNNER_OR_API,missing_final_sql,"{""valid"": false, ""payload"": null, ""errors"": [""no structured observation is available for a revision""]}"
20260714T210045Z-11af1da6,bird_1350,student_club,moderate,3,3,3,query_plan.revision,,[],,not_applicable,plan_invalid,unknown,query_plan.revision,false,retrieval_complete_mining_abstained_semantic_failure,RUNNER_OR_API,missing_final_sql,"{""valid"": false, ""payload"": null, ""errors"": [""no structured observation is available for a revision""]}"
20260714T210045Z-11af1da6,bird_1350,student_club,moderate,4,4,4,query_plan.revision,,[],,not_applicable,plan_invalid,unknown,query_plan.revision,false,retrieval_complete_mining_abstained_semantic_failure,RUNNER_OR_API,missing_final_sql,"{""valid"": false, ""payload"": null, ""errors"": [""no structured observation is available for a revision""]}"
20260714T210045Z-11af1da6,bird_1350,student_club,moderate,5,5,5,query_plan.revision,,[],,not_applicable,plan_invalid,unknown,query_plan.revision,false,retrieval_complete_mining_abstained_semantic_failure,RUNNER_OR_API,missing_final_sql,"{""valid"": false, ""payload"": null, ""errors"": [""no structured observation is available for a revision""]}"
20260714T210045Z-11af1da6,bird_1350,student_club,moderate,6,6,6,query_plan.revision,,[],,not_applicable,plan_invalid,unknown,query_plan.revision,false,retrieval_complete_mining_abstained_semantic_failure,RUNNER_OR_API,missing_final_sql,"{""valid"": false, ""payload"": null, ""errors"": [""no structured observation is available for a revision""]}"
20260714T210045Z-11af1da6,bird_1350,student_club,moderate,7,7,7,query_plan.revision,,[],,not_applicable,plan_invalid,unknown,query_plan.revision,false,retrieval_complete_mining_abstained_semantic_failure,RUNNER_OR_API,missing_final_sql,"{""valid"": false, ""payload"": null, ""errors"": [""no structured observation is available for a revision""]}"
20260714T210045Z-11af1da6,bird_1350,student_club,moderate,8,8,8,query_plan.revision,,[],,not_applicable,plan_invalid,unknown,query_plan.revision,false,retrieval_complete_mining_abstained_semantic_failure,RUNNER_OR_API,missing_final_sql,"{""valid"": false, ""payload"": null, ""errors"": [""no structured observation is available for a revision""]}"
20260714T210045Z-11af1da6,bird_1350,student_club,moderate,9,9,8,FINAL,,[],,initial_sql,benchmark_nonmatching_final,false,final_without_execution,false,retrieval_complete_mining_abstained_semantic_failure,RUNNER_OR_API,missing_final_sql,
20260714T210045Z-11af1da6,bird_1387,student_club,moderate,1,1,1,query_plan.initial,,[],,not_applicable,plan_valid,unknown,query_plan.initial,false,retrieval_complete_mining_abstained_semantic_failure,OUTPUT_CONTRACT,output_column_count_mismatch,"{""valid"": true, ""payload"": {""target_entity"": ""student"", ""grain"": ""one row per student"", ""schema_links"": [""event.event_id = budget.link_to_event"", ""budget has the budget records associated with an event"", ""member.member_id = income.link_to_member"", ""member.member_id = expense.link_to_member"", ""attendance.link_to_member = member.member_id""], ""required_tables"": [""event"", ""budget"", ""member""], ""joins"": [{""left_table"": ""event"", ""right_table"": ""budget"", ""on"": [""event.event_id = budget.link_to_event""]}], ""filters"": [{""table"": ""event"", ""column"": ""event_name"", ""operator"": ""="", ""value"": ""Yearly Kickoff""}], ""group_by"": [], ""aggregates"": [], ""aggregation_scope"": ""none"", ""aggregation_justification"": null, ""having"": [], ""order_by"": [], ""limit"": null, ""answer_type"": ""rows"", ""answer_scope"": ""single_entity_row"", ""output_columns"": [{""position"": 1, ""semantic_item"": ""student full name"", ""source_columns"": [""member.first_name"", ""member.last_name""], ""sql_expression"": ""member.first_name || ' ' || member.last_name"", ""source_justification"": ""The question asks for the student's name, and the hint defines full name as first_name and last_name."", ""aggregation"": ""none""}], ""candidate_purpose"": ""explore"", ""expected_result_shape"": {""answer_type"": ""rows"", ""column_count"": 1, ""row_grain"": ""one row per matching student""}, ""unresolved_assumptions"": [""The schema fragment does not show an explicit budget-owner-to-member foreign key, so the initial exploration assumes the answer may be inferable from the Yearly Kickoff's related budget records or linked personnel records.""], ""revision"": null}, ""errors"": []}"
20260714T210045Z-11af1da6,bird_1387,student_club,moderate,2,2,1,db.execute,"SELECT e.event_id, e.event_name, b.budget_id, b.category, b.amount, b.spent, b.remaining, b.event_status
FROM event AS e
LEFT JOIN budget AS b
  ON e.event_id = b.link_to_event
WHERE e.event_name = 'Yearly Kickoff'","[""budget"", ""event""]",8,initial_sql,nonmatching,false,initial_execution_nonmatching,true,retrieval_complete_mining_abstained_semantic_failure,OUTPUT_CONTRACT,output_column_count_mismatch,
20260714T210045Z-11af1da6,bird_1387,student_club,moderate,3,3,1,query_plan.adherence,"SELECT e.event_id, e.event_name, b.budget_id, b.category, b.amount, b.spent, b.remaining, b.event_status
FROM event AS e
LEFT JOIN budget AS b
  ON e.event_id = b.link_to_event
WHERE e.event_name = 'Yearly Kickoff'",[],,not_applicable,adherence_failed,unknown,query_plan.adherence,false,retrieval_complete_mining_abstained_semantic_failure,OUTPUT_CONTRACT,output_column_count_mismatch,"{""schema_version"": 3, ""checks"": {""projection_count"": false, ""group_by_presence"": true, ""having_presence"": true, ""order_by_presence"": true, ""limit_presence"": true, ""required_tables_presence"": false}, ""passed"": false, ""expected_projection_count"": 1, ""actual_projection_count"": 8, ""enforced"": false}"
20260714T210045Z-11af1da6,bird_1387,student_club,moderate,4,4,1,db.execute,"SELECT e.event_id, e.event_name, b.budget_id, b.category, b.amount, b.spent, b.remaining, b.event_status
FROM event AS e
LEFT JOIN budget AS b
  ON e.event_id = b.link_to_event
WHERE e.event_name = 'Yearly Kickoff'","[""budget"", ""event""]",8,unchanged,nonmatching,false,remained_nonmatching,false,retrieval_complete_mining_abstained_semantic_failure,OUTPUT_CONTRACT,output_column_count_mismatch,
20260714T210045Z-11af1da6,bird_1387,student_club,moderate,5,5,1,query_plan.adherence,"SELECT e.event_id, e.event_name, b.budget_id, b.category, b.amount, b.spent, b.remaining, b.event_status
FROM event AS e
LEFT JOIN budget AS b
  ON e.event_id = b.link_to_event
WHERE e.event_name = 'Yearly Kickoff'",[],,not_applicable,adherence_failed,unknown,query_plan.adherence,false,retrieval_complete_mining_abstained_semantic_failure,OUTPUT_CONTRACT,output_column_count_mismatch,"{""schema_version"": 3, ""checks"": {""projection_count"": false, ""group_by_presence"": true, ""having_presence"": true, ""order_by_presence"": true, ""limit_presence"": true, ""required_tables_presence"": false}, ""passed"": false, ""expected_projection_count"": 1, ""actual_projection_count"": 8, ""enforced"": false}"
20260714T210045Z-11af1da6,bird_1387,student_club,moderate,6,6,2,query_plan.revision,,[],,not_applicable,plan_valid,unknown,query_plan.revision,false,retrieval_complete_mining_abstained_semantic_failure,OUTPUT_CONTRACT,output_column_count_mismatch,"{""valid"": true, ""payload"": {""observation_ref"": 4, ""changed_constraints"": [""required_tables"", ""joins"", ""output_columns"", ""candidate_purpose"", ""expected_result_shape"", ""unresolved_assumptions""], ""updated_fields"": {""required_tables"": [""event"", ""budget"", ""expense"", ""member""], ""joins"": [{""left_table"": ""event"", ""right_table"": ""budget"", ""on"": [""event.event_id = budget.link_to_event""]}, {""left_table"": ""budget"", ""right_table"": ""expense"", ""on"": [""budget.budget_id = expense.link_to_budget""]}, {""left_table"": ""expense"", ""right_table"": ""member"", ""on"": [""expense.link_to_member = member.member_id""]}], ""output_columns"": [{""position"": 1, ""semantic_item"": ""student full name"", ""source_columns"": [""member.first_name"", ""member.last_name""], ""sql_expression"": ""member.first_name || ' ' || member.last_name"", ""source_justification"": ""The answer should be the student's full name, and the hint defines full name as first_name plus last_name."", ""aggregation"": ""none""}], ""candidate_purpose"": ""answer"", ""expected_result_shape"": {""answer_type"": ""rows"", ""column_count"": 1, ""row_grain"": ""one row per matched student""}, ""unresolved_assumptions"": [""The role 'entrusted to manage the budget' is inferred from the member linked to expense records for the event's budget, since the schema fragment has no explicit budget-owner field.""]}, ""reason"": ""The event-budget rows confirm Yearly Kickoff exists with budget records, but do not reveal a manager. The next best schema path is through expense records tied to those budgets and their linked members."", ""candidate_purpose"": ""answer""}, ""errors"": []}"
20260714T210045Z-11af1da6,bird_1387,student_club,moderate,7,7,2,db.execute,"SELECT DISTINCT member.first_name || ' ' || member.last_name AS full_name
FROM event AS event
INNER JOIN budget AS budget
  ON event.event_id = budget.link_to_event
INNER JOIN expense AS expense
  ON budget.budget_id = expense.link_to_budget
INNER JOIN member AS member
  ON expense.link_to_member = member.member_id
WHERE event.event_name = 'Yearly Kickoff'
ORDER BY full_name","[""budget"", ""event"", ""expense"", ""member""]",1,"tables_or_join,projection_count,order_by,distinct",nonmatching,false,remained_nonmatching,false,retrieval_complete_mining_abstained_semantic_failure,OUTPUT_CONTRACT,output_column_count_mismatch,
20260714T210045Z-11af1da6,bird_1387,student_club,moderate,8,8,2,query_plan.adherence,"SELECT DISTINCT member.first_name || ' ' || member.last_name AS full_name
FROM event AS event
INNER JOIN budget AS budget
  ON event.event_id = budget.link_to_event
INNER JOIN expense AS expense
  ON budget.budget_id = expense.link_to_budget
INNER JOIN member AS member
  ON expense.link_to_member = member.member_id
WHERE event.event_name = 'Yearly Kickoff'
ORDER BY full_name",[],,not_applicable,adherence_failed,unknown,query_plan.adherence,false,retrieval_complete_mining_abstained_semantic_failure,OUTPUT_CONTRACT,output_column_count_mismatch,"{""schema_version"": 3, ""checks"": {""projection_count"": true, ""group_by_presence"": true, ""having_presence"": true, ""order_by_presence"": false, ""limit_presence"": true, ""required_tables_presence"": true}, ""passed"": false, ""expected_projection_count"": 1, ""actual_projection_count"": 1, ""enforced"": false}"
20260714T210045Z-11af1da6,bird_1387,student_club,moderate,9,9,3,FINAL,SELECT DISTINCT m.first_name || ' ' || m.last_name AS full_name FROM event AS e INNER JOIN budget AS b ON e.event_id = b.link_to_event INNER JOIN expense AS x ON b.budget_id = x.link_to_budget INNER JOIN member AS m ON x.link_to_member = m.member_id WHERE e.event_name = 'Yearly Kickoff' ORDER BY 1,"[""budget"", ""event"", ""expense"", ""member""]",1,expression_or_projection,benchmark_nonmatching_final,false,unverified_rewrite_after_nonmatching_execution,false,retrieval_complete_mining_abstained_semantic_failure,OUTPUT_CONTRACT,output_column_count_mismatch,
20260714T210045Z-11af1da6,bird_1399,student_club,moderate,1,1,1,query_plan.initial,,[],,not_applicable,plan_valid,unknown,query_plan.initial,false,retrieval_complete_mining_abstained_semantic_failure,SEMANTIC_REVIEW_REQUIRED,filter_scope_or_expression_mismatch,"{""valid"": true, ""payload"": {""target_entity"": ""attendance of member Maya Mclean at the event named Women's Soccer"", ""grain"": ""single boolean result for the specific person-event pair"", ""schema_links"": [""attendance.link_to_member = member.member_id"", ""attendance.link_to_event = event.event_id""], ""required_tables"": [""member"", ""attendance"", ""event""], ""joins"": [{""left_table"": ""attendance"", ""left_column"": ""link_to_member"", ""right_table"": ""member"", ""right_column"": ""member_id""}, {""left_table"": ""attendance"", ""left_column"": ""link_to_event"", ""right_table"": ""event"", ""right_column"": ""event_id""}], ""filters"": [{""table"": ""member"", ""column"": ""first_name"", ""operator"": ""="", ""value"": ""Maya""}, {""table"": ""member"", ""column"": ""last_name"", ""operator"": ""="", ""value"": ""Mclean""}, {""table"": ""event"", ""column"": ""event_name"", ""operator"": ""="", ""value"": ""Women's Soccer""}], ""group_by"": [], ""aggregates"": [], ""aggregation_scope"": ""none"", ""aggregation_justification"": null, ""having"": [], ""order_by"": [], ""limit"": null, ""answer_type"": ""boolean"", ""answer_scope"": ""boolean"", ""output_columns"": [{""position"": 1, ""semantic_item"": ""whether Maya Mclean attended the Women's Soccer event"", ""source_columns"": [""member.first_name"", ""member.last_name"", ""event.event_name"", ""attendance.link_to_member"", ""attendance.link_to_event""], ""sql_expression"": ""EXISTS(SELECT 1 FROM attendance AS T1 INNER JOIN member AS T2 ON T1.link_to_member = T2.member_id INNER JOIN event AS T3 ON T1.link_to_event = T3.event_id WHERE T2.first_name = 'Maya' AND T2.last_name = 'Mclean' AND T3.event_name = 'Women''s Soccer')"", ""source_justification"": ""The question asks if a named member attended a named event, so a boolean existence check over the joined attendance/member/event tables answers it directly."", ""aggregation"": ""none""}], ""candidate_purpose"": ""answer"", ""expected_result_shape"": {""answer_type"": ""boolean"", ""column_count"": 1, ""row_grain"": ""one-row boolean answer""}, ""unresolved_assumptions"": [""The event_name uses the exact spelling Women's Soccer, with apostrophe escaped in SQL.""], ""revision"": null}, ""errors"": []}"
20260714T210045Z-11af1da6,bird_1399,student_club,moderate,2,2,1,db.execute,SELECT EXISTS(SELECT 1 FROM attendance AS T1 INNER JOIN member AS T2 ON T1.link_to_member = T2.member_id INNER JOIN event AS T3 ON T1.link_to_event = T3.event_id WHERE T2.first_name = 'Maya' AND T2.last_name = 'Mclean' AND T3.event_name = 'Women''s Soccer') AS attended;,"[""attendance"", ""event"", ""member""]",,initial_sql,nonmatching,false,initial_execution_nonmatching,true,retrieval_complete_mining_abstained_semantic_failure,SEMANTIC_REVIEW_REQUIRED,filter_scope_or_expression_mismatch,
20260714T210045Z-11af1da6,bird_1399,student_club,moderate,3,3,1,query_plan.adherence,SELECT EXISTS(SELECT 1 FROM attendance AS T1 INNER JOIN member AS T2 ON T1.link_to_member = T2.member_id INNER JOIN event AS T3 ON T1.link_to_event = T3.event_id WHERE T2.first_name = 'Maya' AND T2.last_name = 'Mclean' AND T3.event_name = 'Women''s Soccer') AS attended;,[],,not_applicable,adherence_passed,unknown,query_plan.adherence,false,retrieval_complete_mining_abstained_semantic_failure,SEMANTIC_REVIEW_REQUIRED,filter_scope_or_expression_mismatch,"{""schema_version"": 3, ""checks"": {""projection_count"": null, ""group_by_presence"": true, ""having_presence"": true, ""order_by_presence"": true, ""limit_presence"": true, ""required_tables_presence"": true}, ""passed"": true, ""expected_projection_count"": 1, ""actual_projection_count"": null, ""enforced"": false}"
20260714T210045Z-11af1da6,bird_1399,student_club,moderate,4,4,1,FINAL,SELECT EXISTS(SELECT 1 FROM attendance AS T1 INNER JOIN member AS T2 ON T1.link_to_member = T2.member_id INNER JOIN event AS T3 ON T1.link_to_event = T3.event_id WHERE T2.first_name = 'Maya' AND T2.last_name = 'Mclean' AND T3.event_name = 'Women''s Soccer') AS attended;,"[""attendance"", ""event"", ""member""]",,unchanged,benchmark_nonmatching_final,false,final_same_as_last_execution,false,retrieval_complete_mining_abstained_semantic_failure,SEMANTIC_REVIEW_REQUIRED,filter_scope_or_expression_mismatch,
20260714T210045Z-11af1da6,bird_1427,student_club,moderate,1,1,1,query_plan.initial,,[],,not_applicable,plan_valid,unknown,query_plan.initial,false,retrieval_complete_mining_abstained_semantic_failure,OUTPUT_CONTRACT,output_column_count_mismatch,"{""valid"": true, ""payload"": {""target_entity"": ""budget category for events"", ""grain"": ""one row per matching budget category value"", ""schema_links"": [""budget.link_to_event = event.event_id""], ""required_tables"": [""event"", ""budget""], ""joins"": [{""left_table"": ""budget"", ""right_table"": ""event"", ""condition"": ""budget.link_to_event = event.event_id""}], ""filters"": [{""table"": ""event"", ""column"": ""location"", ""operator"": ""="", ""value"": ""MU 215""}, {""table"": ""event"", ""column"": ""type"", ""operator"": ""="", ""value"": ""Guest Speaker""}, {""table"": ""budget"", ""column"": ""spent"", ""operator"": ""="", ""value"": 0}], ""group_by"": [], ""aggregates"": [], ""aggregation_scope"": ""none"", ""aggregation_justification"": null, ""having"": [], ""order_by"": [{""column"": ""budget.category"", ""direction"": ""ASC""}], ""limit"": null, ""answer_type"": ""rows"", ""answer_scope"": ""per_entity_rows"", ""output_columns"": [{""position"": 1, ""semantic_item"": ""budget category"", ""source_columns"": [""budget.category""], ""sql_expression"": ""DISTINCT budget.category"", ""source_justification"": ""The question asks for the budget category, which is stored in budget.category."", ""aggregation"": ""none""}], ""candidate_purpose"": ""answer"", ""expected_result_shape"": {""answer_type"": ""rows"", ""column_count"": 1, ""row_grain"": ""distinct matching budget categories""}, ""unresolved_assumptions"": [""Assume the requested output is the distinct set of matching budget categories rather than one row per event.""], ""revision"": null}, ""errors"": []}"
20260714T210045Z-11af1da6,bird_1427,student_club,moderate,2,2,1,db.execute,"SELECT DISTINCT budget.category
FROM budget
JOIN event ON budget.link_to_event = event.event_id
WHERE event.location = 'MU 215'
  AND event.type = 'Guest Speaker'
  AND budget.spent = 0
ORDER BY budget.category","[""budget"", ""event""]",1,initial_sql,nonmatching,false,initial_execution_nonmatching,true,retrieval_complete_mining_abstained_semantic_failure,OUTPUT_CONTRACT,output_column_count_mismatch,
20260714T210045Z-11af1da6,bird_1427,student_club,moderate,3,3,1,query_plan.adherence,"SELECT DISTINCT budget.category
FROM budget
JOIN event ON budget.link_to_event = event.event_id
WHERE event.location = 'MU 215'
  AND event.type = 'Guest Speaker'
  AND budget.spent = 0
ORDER BY budget.category",[],,not_applicable,adherence_passed,unknown,query_plan.adherence,false,retrieval_complete_mining_abstained_semantic_failure,OUTPUT_CONTRACT,output_column_count_mismatch,"{""schema_version"": 3, ""checks"": {""projection_count"": true, ""group_by_presence"": true, ""having_presence"": true, ""order_by_presence"": true, ""limit_presence"": true, ""required_tables_presence"": true}, ""passed"": true, ""expected_projection_count"": 1, ""actual_projection_count"": 1, ""enforced"": false}"
20260714T210045Z-11af1da6,bird_1427,student_club,moderate,4,4,1,FINAL,SELECT DISTINCT budget.category FROM budget JOIN event ON budget.link_to_event = event.event_id WHERE event.location = 'MU 215' AND event.type = 'Guest Speaker' AND budget.spent = 0 ORDER BY budget.category,"[""budget"", ""event""]",1,unchanged,benchmark_nonmatching_final,false,final_same_as_last_execution,false,retrieval_complete_mining_abstained_semantic_failure,OUTPUT_CONTRACT,output_column_count_mismatch,
20260714T210045Z-11af1da6,bird_1464,student_club,challenging,1,1,1,query_plan.initial,,[],,not_applicable,plan_valid,unknown,query_plan.initial,false,retrieval_complete_mining_abstained_semantic_failure,OUTPUT_CONTRACT,output_column_count_mismatch,"{""valid"": true, ""payload"": {""target_entity"": ""students who received funds on 2019-09-09"", ""grain"": ""one row per matching income record, with the associated member's full name and income amount"", ""schema_links"": [""income.link_to_member = member.member_id""], ""required_tables"": [""income"", ""member""], ""joins"": [{""left_table"": ""income"", ""left_column"": ""link_to_member"", ""right_table"": ""member"", ""right_column"": ""member_id"", ""join_type"": ""INNER""}], ""filters"": [{""table"": ""income"", ""column"": ""date_received"", ""operator"": ""="", ""value"": ""2019-09-09""}], ""group_by"": [], ""aggregates"": [], ""aggregation_scope"": ""none"", ""aggregation_justification"": null, ""having"": [], ""order_by"": [], ""limit"": null, ""answer_type"": ""rows"", ""answer_scope"": ""per_entity_rows"", ""output_columns"": [{""position"": 1, ""semantic_item"": ""full name"", ""source_columns"": [""member.first_name"", ""member.last_name""], ""sql_expression"": ""member.first_name || ' ' || member.last_name"", ""source_justification"": ""The hint defines full name as first_name and last_name from member."", ""aggregation"": ""none""}, {""position"": 2, ""semantic_item"": ""amount of funds received"", ""source_columns"": [""income.amount""], ""sql_expression"": ""income.amount"", ""source_justification"": ""The hint defines amount of funds received as amount from income."", ""aggregation"": ""none""}], ""candidate_purpose"": ""answer"", ""expected_result_shape"": {""answer_type"": ""rows"", ""column_count"": 2, ""row_grain"": ""one row per matching income record""}, ""unresolved_assumptions"": [""Assume the date should be matched as the ISO-formatted text value 2019-09-09.""], ""revision"": null}, ""errors"": []}"
20260714T210045Z-11af1da6,bird_1464,student_club,challenging,2,2,1,db.execute,"SELECT member.first_name || ' ' || member.last_name AS full_name, income.amount FROM income JOIN member ON income.link_to_member = member.member_id WHERE income.date_received = '2019-09-09'","[""income"", ""member""]",2,initial_sql,nonmatching,false,initial_execution_nonmatching,true,retrieval_complete_mining_abstained_semantic_failure,OUTPUT_CONTRACT,output_column_count_mismatch,
20260714T210045Z-11af1da6,bird_1464,student_club,challenging,3,3,1,query_plan.adherence,"SELECT member.first_name || ' ' || member.last_name AS full_name, income.amount FROM income JOIN member ON income.link_to_member = member.member_id WHERE income.date_received = '2019-09-09'",[],,not_applicable,adherence_passed,unknown,query_plan.adherence,false,retrieval_complete_mining_abstained_semantic_failure,OUTPUT_CONTRACT,output_column_count_mismatch,"{""schema_version"": 3, ""checks"": {""projection_count"": true, ""group_by_presence"": true, ""having_presence"": true, ""order_by_presence"": true, ""limit_presence"": true, ""required_tables_presence"": true}, ""passed"": true, ""expected_projection_count"": 2, ""actual_projection_count"": 2, ""enforced"": false}"
20260714T210045Z-11af1da6,bird_1464,student_club,challenging,4,4,1,FINAL,"SELECT member.first_name || ' ' || member.last_name AS full_name, income.amount FROM income JOIN member ON income.link_to_member = member.member_id WHERE income.date_received = '2019-09-09'","[""income"", ""member""]",2,unchanged,benchmark_nonmatching_final,false,final_same_as_last_execution,false,retrieval_complete_mining_abstained_semantic_failure,OUTPUT_CONTRACT,output_column_count_mismatch,
20260714T210045Z-11af1da6,bird_1166,thrombosis_prediction,simple,1,1,1,query_plan.initial,,[],,not_applicable,plan_valid,unknown,query_plan.initial,false,retrieval_complete_mining_abstained_semantic_failure,SEMANTIC_REVIEW_REQUIRED,filter_scope_or_expression_mismatch,"{""valid"": true, ""payload"": {""target_entity"": ""youngest patient with a medical examination record"", ""grain"": ""one examination row for the youngest examined patient"", ""schema_links"": [""Examination.ID = Patient.ID""], ""required_tables"": [""Patient"", ""Examination""], ""joins"": [{""left_table"": ""Patient"", ""right_table"": ""Examination"", ""join_condition"": ""Patient.ID = Examination.ID"", ""join_type"": ""INNER""}], ""filters"": [{""table"": ""Examination"", ""column"": ""Symptoms"", ""predicate"": ""IS NOT NULL""}], ""group_by"": [], ""aggregates"": [], ""aggregation_scope"": ""none"", ""aggregation_justification"": null, ""having"": [], ""order_by"": [{""expression"": ""Patient.Birthday DESC""}], ""limit"": 1, ""answer_type"": ""rows"", ""answer_scope"": ""single_entity_row"", ""output_columns"": [{""position"": 1, ""semantic_item"": ""symptoms observed"", ""source_columns"": [""Examination.Symptoms""], ""sql_expression"": ""E.Symptoms"", ""source_justification"": ""The question asks for the symptoms observed, and the schema defines Symptoms in Examination as other symptoms observed."", ""aggregation"": ""none""}, {""position"": 2, ""semantic_item"": ""diagnosis"", ""source_columns"": [""Examination.Diagnosis""], ""sql_expression"": ""E.Diagnosis"", ""source_justification"": ""The question asks to identify the diagnosis, and the schema defines Diagnosis in Examination as disease names."", ""aggregation"": ""none""}], ""candidate_purpose"": ""explore"", ""expected_result_shape"": {""answer_type"": ""rows"", ""column_count"": 2, ""row_grain"": ""one row for the youngest examined patient""}, ""unresolved_assumptions"": [""There may be multiple examination rows for the youngest patient; if so, the ordering by Birthday alone may need refinement after inspection."", ""The intended diagnosis column is assumed to be Examination.Diagnosis rather than Patient.Diagnosis because the question refers to the medical examination context.""], ""revision"": null}, ""errors"": []}"
20260714T210045Z-11af1da6,bird_1166,thrombosis_prediction,simple,2,2,1,db.execute,"SELECT E.Symptoms, E.Diagnosis, P.ID, P.Birthday, E.`Examination Date`
FROM Patient AS P
JOIN Examination AS E ON P.ID = E.ID
WHERE E.Symptoms IS NOT NULL
ORDER BY P.Birthday DESC, E.`Examination Date` DESC, P.ID
LIMIT 10","[""examination"", ""patient""]",5,initial_sql,nonmatching,false,initial_execution_nonmatching,true,retrieval_complete_mining_abstained_semantic_failure,SEMANTIC_REVIEW_REQUIRED,filter_scope_or_expression_mismatch,
20260714T210045Z-11af1da6,bird_1166,thrombosis_prediction,simple,3,3,1,query_plan.adherence,"SELECT E.Symptoms, E.Diagnosis, P.ID, P.Birthday, E.`Examination Date`
FROM Patient AS P
JOIN Examination AS E ON P.ID = E.ID
WHERE E.Symptoms IS NOT NULL
ORDER BY P.Birthday DESC, E.`Examination Date` DESC, P.ID
LIMIT 10",[],,not_applicable,adherence_failed,unknown,query_plan.adherence,false,retrieval_complete_mining_abstained_semantic_failure,SEMANTIC_REVIEW_REQUIRED,filter_scope_or_expression_mismatch,"{""schema_version"": 3, ""checks"": {""projection_count"": false, ""group_by_presence"": true, ""having_presence"": true, ""order_by_presence"": true, ""limit_presence"": true, ""required_tables_presence"": true}, ""passed"": false, ""expected_projection_count"": 2, ""actual_projection_count"": 5, ""enforced"": false}"
20260714T210045Z-11af1da6,bird_1166,thrombosis_prediction,simple,4,4,2,FINAL,"SELECT E.Symptoms, E.Diagnosis FROM Patient AS P INNER JOIN Examination AS E ON P.ID = E.ID WHERE E.Symptoms IS NOT NULL ORDER BY P.Birthday DESC, E.`Examination Date` DESC, P.ID LIMIT 1","[""examination"", ""patient""]",2,projection_count,benchmark_nonmatching_final,false,unverified_rewrite_after_nonmatching_execution,false,retrieval_complete_mining_abstained_semantic_failure,SEMANTIC_REVIEW_REQUIRED,filter_scope_or_expression_mismatch,
20260714T210045Z-11af1da6,bird_1168,thrombosis_prediction,challenging,1,1,1,query_plan.initial,,[],,not_applicable,plan_valid,unknown,query_plan.initial,false,retrieval_complete_mining_abstained_semantic_failure,OUTPUT_CONTRACT,output_column_count_mismatch,"{""valid"": true, ""payload"": {""target_entity"": ""oldest patient with diagnosis SJS"", ""grain"": ""single patient row"", ""schema_links"": [{""from_table"": ""Patient"", ""from_column"": ""ID"", ""to_table"": ""Laboratory"", ""to_column"": ""ID""}, {""from_table"": ""Patient"", ""from_column"": ""Diagnosis"", ""to_table"": ""Patient"", ""to_column"": ""Diagnosis""}], ""required_tables"": [""Patient"", ""Laboratory""], ""joins"": [{""left_table"": ""Patient"", ""right_table"": ""Laboratory"", ""on"": [""Patient.ID = Laboratory.ID""], ""join_type"": ""INNER""}], ""filters"": [{""table"": ""Patient"", ""column"": ""Diagnosis"", ""operator"": ""="", ""value"": ""SJS""}], ""group_by"": [], ""aggregates"": [], ""aggregation_scope"": ""none"", ""aggregation_justification"": null, ""having"": [], ""order_by"": [{""expression"": ""strftime('%Y', Patient.Birthday) ASC"", ""direction"": ""ASC""}, {""expression"": ""Laboratory.Date ASC"", ""direction"": ""ASC""}], ""limit"": 1, ""answer_type"": ""rows"", ""answer_scope"": ""single_entity_row"", ""output_columns"": [{""position"": 1, ""semantic_item"": ""medical laboratory work completion date"", ""source_columns"": [""Laboratory.Date""], ""sql_expression"": ""Laboratory.Date"", ""source_justification"": ""The question asks what date the patient's medical laboratory work was completed."", ""aggregation"": ""none""}, {""position"": 2, ""semantic_item"": ""age when initially arrived at the hospital"", ""source_columns"": [""Patient.Birthday""], ""sql_expression"": ""strftime('%Y', Patient.Birthday)"", ""source_justification"": ""Hint states that the age when initially arrived at the hospital refers to year(Birthday)."", ""aggregation"": ""none""}], ""candidate_purpose"": ""answer"", ""expected_result_shape"": {""answer_type"": ""rows"", ""column_count"": 2, ""row_grain"": ""single patient row""}, ""unresolved_assumptions"": [""Assume the oldest SJS patient is the one with the smallest Birthday year among patients whose Diagnosis equals 'SJS'."", ""Assume one laboratory date should be returned for that patient, selecting the earliest available laboratory date if multiple exist.""], ""revision"": null}, ""errors"": []}"
20260714T210045Z-11af1da6,bird_1168,thrombosis_prediction,challenging,2,3,1,db.execute,"SELECT P.ID, P.Birthday, P.""First Date"", L.Date, P.Diagnosis
FROM Patient AS P
JOIN Laboratory AS L ON L.ID = P.ID
WHERE P.Diagnosis = 'SJS'
ORDER BY strftime('%Y', P.Birthday) ASC, L.Date ASC
LIMIT 5;","[""laboratory"", ""patient""]",5,initial_sql,nonmatching,false,initial_execution_nonmatching,true,retrieval_complete_mining_abstained_semantic_failure,OUTPUT_CONTRACT,output_column_count_mismatch,
20260714T210045Z-11af1da6,bird_1168,thrombosis_prediction,challenging,3,4,1,query_plan.adherence,"SELECT P.ID, P.Birthday, P.""First Date"", L.Date, P.Diagnosis
FROM Patient AS P
JOIN Laboratory AS L ON L.ID = P.ID
WHERE P.Diagnosis = 'SJS'
ORDER BY strftime('%Y', P.Birthday) ASC, L.Date ASC
LIMIT 5;",[],,not_applicable,adherence_failed,unknown,query_plan.adherence,false,retrieval_complete_mining_abstained_semantic_failure,OUTPUT_CONTRACT,output_column_count_mismatch,"{""schema_version"": 3, ""checks"": {""projection_count"": false, ""group_by_presence"": true, ""having_presence"": true, ""order_by_presence"": true, ""limit_presence"": true, ""required_tables_presence"": true}, ""passed"": false, ""expected_projection_count"": 2, ""actual_projection_count"": 5, ""enforced"": false}"
20260714T210045Z-11af1da6,bird_1168,thrombosis_prediction,challenging,4,5,1,db.execute,"SELECT ID, Birthday, ""First Date"", Diagnosis
FROM Patient
WHERE Diagnosis LIKE '%SJS%'
ORDER BY strftime('%Y', Birthday) ASC
LIMIT 10;","[""patient""]",4,"tables_or_join,projection_count",nonmatching,false,remained_nonmatching,false,retrieval_complete_mining_abstained_semantic_failure,OUTPUT_CONTRACT,output_column_count_mismatch,
20260714T210045Z-11af1da6,bird_1168,thrombosis_prediction,challenging,5,6,1,query_plan.adherence,"SELECT ID, Birthday, ""First Date"", Diagnosis
FROM Patient
WHERE Diagnosis LIKE '%SJS%'
ORDER BY strftime('%Y', Birthday) ASC
LIMIT 10;",[],,not_applicable,adherence_failed,unknown,query_plan.adherence,false,retrieval_complete_mining_abstained_semantic_failure,OUTPUT_CONTRACT,output_column_count_mismatch,"{""schema_version"": 3, ""checks"": {""projection_count"": false, ""group_by_presence"": true, ""having_presence"": true, ""order_by_presence"": true, ""limit_presence"": true, ""required_tables_presence"": false}, ""passed"": false, ""expected_projection_count"": 2, ""actual_projection_count"": 4, ""enforced"": false}"
20260714T210045Z-11af1da6,bird_1168,thrombosis_prediction,challenging,6,8,2,FINAL,"SELECT T2.Date, strftime('%Y', T1.[First Date]) - strftime('%Y', T1.Birthday) AS age_when_arrived FROM Patient AS T1 INNER JOIN Laboratory AS T2 ON T1.ID = T2.ID WHERE T1.Diagnosis = 'SJS' ORDER BY strftime('%Y', T1.Birthday) ASC, T2.Date ASC LIMIT 1","[""laboratory"", ""patient""]",2,"tables_or_join,projection_count",benchmark_nonmatching_final,false,unverified_rewrite_after_nonmatching_execution,false,retrieval_complete_mining_abstained_semantic_failure,OUTPUT_CONTRACT,output_column_count_mismatch,
20260714T210045Z-11af1da6,bird_1175,thrombosis_prediction,moderate,1,1,1,query_plan.initial,,[],,not_applicable,plan_valid,unknown,query_plan.initial,false,retrieval_complete_mining_abstained_semantic_failure,AGGREGATION_REASONING,aggregation_or_grouping_mismatch,"{""valid"": true, ""payload"": {""target_entity"": ""patient with the maximum Laboratory.HGB value"", ""grain"": ""one row for the selected patient / matching examination record"", ""schema_links"": [{""from_table"": ""Laboratory"", ""from_column"": ""ID"", ""to_table"": ""Patient"", ""to_column"": ""ID"", ""purpose"": ""identify the patient associated with the maximum hemoglobin result""}, {""from_table"": ""Examination"", ""from_column"": ""ID"", ""to_table"": ""Patient"", ""to_column"": ""ID"", ""purpose"": ""retrieve the examination date and doctor's diagnosis for the same patient""}], ""required_tables"": [""Laboratory"", ""Patient"", ""Examination""], ""joins"": [{""left_table"": ""Laboratory"", ""right_table"": ""Patient"", ""type"": ""INNER JOIN"", ""condition"": ""Laboratory.ID = Patient.ID""}, {""left_table"": ""Patient"", ""right_table"": ""Examination"", ""type"": ""INNER JOIN"", ""condition"": ""Patient.ID = Examination.ID""}], ""filters"": [{""table"": ""Laboratory"", ""condition"": ""Laboratory.HGB = (SELECT MAX(HGB) FROM Laboratory)""}], ""group_by"": [], ""aggregates"": [], ""aggregation_scope"": ""none"", ""aggregation_justification"": null, ""having"": [], ""order_by"": [], ""limit"": 1, ""answer_type"": ""rows"", ""answer_scope"": ""single_entity_row"", ""output_columns"": [{""position"": 1, ""semantic_item"": ""patient age at examination"", ""source_columns"": [""Patient.Birthday"", ""Examination.Examination Date""], ""sql_expression"": ""CAST(strftime('%Y', Examination.\""Examination Date\"") AS INTEGER) - CAST(strftime('%Y', Patient.Birthday) AS INTEGER)"", ""source_justification"": ""The hint defines age as the difference between the examination year and the birth year."", ""aggregation"": ""none""}, {""position"": 2, ""semantic_item"": ""doctor's diagnosis"", ""source_columns"": [""Examination.Diagnosis""], ""sql_expression"": ""Examination.Diagnosis"", ""source_justification"": ""The doctor's diagnosis is stored in the Examination table's Diagnosis field."", ""aggregation"": ""none""}], ""candidate_purpose"": ""explore"", ""expected_result_shape"": {""answer_type"": ""rows"", ""column_count"": 2, ""row_grain"": ""single patient examination row""}, ""unresolved_assumptions"": [""The diagnosis requested is the diagnosis recorded in Examination.Diagnosis rather than Patient.Diagnosis."", ""If the maximum HGB value occurs on multiple laboratory rows, any matching row is acceptable.""], ""revision"": null}, ""errors"": []}"
20260714T210045Z-11af1da6,bird_1175,thrombosis_prediction,moderate,2,4,1,db.execute,"SELECT L.ID, L.HGB, P.Birthday, E.""Examination Date"", E.Diagnosis, P.Diagnosis
FROM Laboratory AS L
JOIN Patient AS P ON L.ID = P.ID
JOIN Examination AS E ON P.ID = E.ID
WHERE L.HGB = (SELECT MAX(HGB) FROM Laboratory)
LIMIT 10;","[""examination"", ""laboratory"", ""patient""]",6,initial_sql,empty_nonmatching,false,initial_execution_nonmatching,true,retrieval_complete_mining_abstained_semantic_failure,AGGREGATION_REASONING,aggregation_or_grouping_mismatch,
20260714T210045Z-11af1da6,bird_1175,thrombosis_prediction,moderate,3,5,1,query_plan.adherence,"SELECT L.ID, L.HGB, P.Birthday, E.""Examination Date"", E.Diagnosis, P.Diagnosis
FROM Laboratory AS L
JOIN Patient AS P ON L.ID = P.ID
JOIN Examination AS E ON P.ID = E.ID
WHERE L.HGB = (SELECT MAX(HGB) FROM Laboratory)
LIMIT 10;",[],,not_applicable,adherence_failed,unknown,query_plan.adherence,false,retrieval_complete_mining_abstained_semantic_failure,AGGREGATION_REASONING,aggregation_or_grouping_mismatch,"{""schema_version"": 3, ""checks"": {""projection_count"": false, ""group_by_presence"": true, ""having_presence"": true, ""order_by_presence"": true, ""limit_presence"": true, ""required_tables_presence"": true}, ""passed"": false, ""expected_projection_count"": 2, ""actual_projection_count"": 6, ""enforced"": false}"
20260714T210045Z-11af1da6,bird_1175,thrombosis_prediction,moderate,4,6,2,query_plan.revision,,[],,not_applicable,plan_valid,unknown,query_plan.revision,false,retrieval_complete_mining_abstained_semantic_failure,AGGREGATION_REASONING,aggregation_or_grouping_mismatch,"{""valid"": true, ""payload"": {""observation_ref"": 4, ""changed_constraints"": [""joins"", ""filters"", ""output_columns"", ""limit"", ""expected_result_shape"", ""unresolved_assumptions""], ""updated_fields"": {""joins"": [{""left_table"": ""Laboratory"", ""right_table"": ""Patient"", ""type"": ""INNER JOIN"", ""condition"": ""Laboratory.ID = Patient.ID""}], ""filters"": [{""table"": ""Laboratory"", ""condition"": ""Laboratory.HGB = (SELECT MAX(HGB) FROM Laboratory)""}], ""output_columns"": [{""position"": 1, ""semantic_item"": ""patient age at examination"", ""source_columns"": [""Patient.Birthday"", ""Examination.Examination Date""], ""sql_expression"": ""CAST(strftime('%Y', Examination.\""Examination Date\"") AS INTEGER) - CAST(strftime('%Y', Patient.Birthday) AS INTEGER)"", ""source_justification"": ""The hint defines age as the difference between the examination year and the birth year."", ""aggregation"": ""none""}, {""position"": 2, ""semantic_item"": ""doctor's diagnosis"", ""source_columns"": [""Examination.Diagnosis""], ""sql_expression"": ""Examination.Diagnosis"", ""source_justification"": ""The doctor's diagnosis is stored in the Examination table's Diagnosis field."", ""aggregation"": ""none""}], ""limit"": 1, ""expected_result_shape"": {""answer_type"": ""rows"", ""column_count"": 2, ""row_grain"": ""single patient examination row""}, ""unresolved_assumptions"": [""The diagnosis requested is the diagnosis recorded in Examination.Diagnosis rather than Patient.Diagnosis."", ""The Examination table may not have a record for the patient with the maximum hemoglobin; if so, a direct join could return no rows.""]}, ""reason"": ""The previous query returned no rows, indicating the Laboratory-patient maximum hemoglobin record does not align with an Examination row under the current join path. Need to inspect candidate rows and possibly choose a different join strategy while preserving the question's requested answer scope."", ""candidate_purpose"": ""answer""}, ""errors"": []}"
20260714T210045Z-11af1da6,bird_1175,thrombosis_prediction,moderate,5,7,2,db.execute,"SELECT
  L.ID,
  L.HGB,
  P.Birthday,
  P.Diagnosis AS patient_diagnosis,
  E.""Examination Date"",
  E.Diagnosis AS exam_diagnosis
FROM Laboratory AS L
LEFT JOIN Patient AS P ON L.ID = P.ID
LEFT JOIN Examination AS E ON P.ID = E.ID
WHERE L.HGB = (SELECT MAX(HGB) FROM Laboratory)
LIMIT 20;","[""examination"", ""laboratory"", ""patient""]",6,expression_or_projection,nonmatching,false,remained_nonmatching,false,retrieval_complete_mining_abstained_semantic_failure,AGGREGATION_REASONING,aggregation_or_grouping_mismatch,
20260714T210045Z-11af1da6,bird_1175,thrombosis_prediction,moderate,6,8,2,query_plan.adherence,"SELECT
  L.ID,
  L.HGB,
  P.Birthday,
  P.Diagnosis AS patient_diagnosis,
  E.""Examination Date"",
  E.Diagnosis AS exam_diagnosis
FROM Laboratory AS L
LEFT JOIN Patient AS P ON L.ID = P.ID
LEFT JOIN Examination AS E ON P.ID = E.ID
WHERE L.HGB = (SELECT MAX(HGB) FROM Laboratory)
LIMIT 20;",[],,not_applicable,adherence_failed,unknown,query_plan.adherence,false,retrieval_complete_mining_abstained_semantic_failure,AGGREGATION_REASONING,aggregation_or_grouping_mismatch,"{""schema_version"": 3, ""checks"": {""projection_count"": false, ""group_by_presence"": true, ""having_presence"": true, ""order_by_presence"": true, ""limit_presence"": true, ""required_tables_presence"": true}, ""passed"": false, ""expected_projection_count"": 2, ""actual_projection_count"": 6, ""enforced"": false}"
20260714T210045Z-11af1da6,bird_1175,thrombosis_prediction,moderate,7,9,2,db.execute,"WITH mx AS (
  SELECT ID, Date, HGB
  FROM Laboratory
  WHERE HGB = (SELECT MAX(HGB) FROM Laboratory)
)
SELECT
  mx.ID,
  mx.Date,
  mx.HGB,
  P.Birthday,
  P.Diagnosis AS patient_diagnosis,
  E.""Examination Date"",
  E.Diagnosis AS exam_diagnosis
FROM mx
LEFT JOIN Patient AS P ON mx.ID = P.ID
LEFT JOIN Examination AS E ON mx.ID = E.ID
LIMIT 20;","[""examination"", ""laboratory"", ""mx"", ""patient""]",7,"tables_or_join,projection_count",nonmatching,false,remained_nonmatching,false,retrieval_complete_mining_abstained_semantic_failure,AGGREGATION_REASONING,aggregation_or_grouping_mismatch,
20260714T210045Z-11af1da6,bird_1175,thrombosis_prediction,moderate,8,10,2,query_plan.adherence,"WITH mx AS (
  SELECT ID, Date, HGB
  FROM Laboratory
  WHERE HGB = (SELECT MAX(HGB) FROM Laboratory)
)
SELECT
  mx.ID,
  mx.Date,
  mx.HGB,
  P.Birthday,
  P.Diagnosis AS patient_diagnosis,
  E.""Examination Date"",
  E.Diagnosis AS exam_diagnosis
FROM mx
LEFT JOIN Patient AS P ON mx.ID = P.ID
LEFT JOIN Examination AS E ON mx.ID = E.ID
LIMIT 20;",[],,not_applicable,adherence_failed,unknown,query_plan.adherence,false,retrieval_complete_mining_abstained_semantic_failure,AGGREGATION_REASONING,aggregation_or_grouping_mismatch,"{""schema_version"": 3, ""checks"": {""projection_count"": false, ""group_by_presence"": true, ""having_presence"": true, ""order_by_presence"": true, ""limit_presence"": true, ""required_tables_presence"": true}, ""passed"": false, ""expected_projection_count"": 2, ""actual_projection_count"": 7, ""enforced"": false}"
20260714T210045Z-11af1da6,bird_1175,thrombosis_prediction,moderate,9,11,2,db.execute,"WITH matched AS (
  SELECT
    P.ID,
    P.Birthday,
    E.""Examination Date"" AS exam_date,
    E.Diagnosis,
    L.HGB
  FROM Examination AS E
  JOIN Patient AS P ON E.ID = P.ID
  JOIN Laboratory AS L ON L.ID = E.ID
   AND L.Date = E.""Examination Date""
)
SELECT
  CAST(strftime('%Y', exam_date) AS INTEGER) - CAST(strftime('%Y', Birthday) AS INTEGER) AS age,
  Diagnosis
FROM matched
WHERE HGB = (SELECT MAX(HGB) FROM matched)
LIMIT 10;","[""examination"", ""laboratory"", ""matched"", ""patient""]",2,"tables_or_join,projection_count",nonmatching,false,remained_nonmatching,false,retrieval_complete_mining_abstained_semantic_failure,AGGREGATION_REASONING,aggregation_or_grouping_mismatch,
20260714T210045Z-11af1da6,bird_1175,thrombosis_prediction,moderate,10,12,2,query_plan.adherence,"WITH matched AS (
  SELECT
    P.ID,
    P.Birthday,
    E.""Examination Date"" AS exam_date,
    E.Diagnosis,
    L.HGB
  FROM Examination AS E
  JOIN Patient AS P ON E.ID = P.ID
  JOIN Laboratory AS L ON L.ID = E.ID
   AND L.Date = E.""Examination Date""
)
SELECT
  CAST(strftime('%Y', exam_date) AS INTEGER) - CAST(strftime('%Y', Birthday) AS INTEGER) AS age,
  Diagnosis
FROM matched
WHERE HGB = (SELECT MAX(HGB) FROM matched)
LIMIT 10;",[],,not_applicable,adherence_passed,unknown,query_plan.adherence,false,retrieval_complete_mining_abstained_semantic_failure,AGGREGATION_REASONING,aggregation_or_grouping_mismatch,"{""schema_version"": 3, ""checks"": {""projection_count"": true, ""group_by_presence"": true, ""having_presence"": true, ""order_by_presence"": true, ""limit_presence"": true, ""required_tables_presence"": true}, ""passed"": true, ""expected_projection_count"": 2, ""actual_projection_count"": 2, ""enforced"": false}"
20260714T210045Z-11af1da6,bird_1175,thrombosis_prediction,moderate,11,13,3,FINAL,"SELECT CAST(strftime('%Y', E.[Examination Date]) AS INTEGER) - CAST(strftime('%Y', P.Birthday) AS INTEGER) AS age, E.Diagnosis AS diagnosis FROM Examination AS E JOIN Patient AS P ON E.ID = P.ID JOIN Laboratory AS L ON L.ID = E.ID AND L.Date = E.[Examination Date] WHERE L.HGB = (SELECT MAX(L2.HGB) FROM Examination AS E2 JOIN Laboratory AS L2 ON L2.ID = E2.ID AND L2.Date = E2.[Examination Date]) LIMIT 1","[""examination"", ""laboratory"", ""patient""]",2,tables_or_join,benchmark_nonmatching_final,false,unverified_rewrite_after_nonmatching_execution,false,retrieval_complete_mining_abstained_semantic_failure,AGGREGATION_REASONING,aggregation_or_grouping_mismatch,
20260714T210045Z-11af1da6,bird_1179,thrombosis_prediction,moderate,1,1,1,query_plan.initial,,[],,not_applicable,plan_invalid,unknown,query_plan.initial,false,retrieval_complete_mining_abstained_semantic_failure,OUTPUT_CONTRACT,output_column_count_mismatch,"{""valid"": false, ""payload"": null, ""errors"": [""answer_scope is inconsistent with answer_type""]}"
20260714T210045Z-11af1da6,bird_1179,thrombosis_prediction,moderate,2,2,2,query_plan.initial,,[],,not_applicable,plan_valid,unknown,query_plan.initial,false,retrieval_complete_mining_abstained_semantic_failure,OUTPUT_CONTRACT,output_column_count_mismatch,"{""valid"": true, ""payload"": {""target_entity"": ""anti-Cardiolipin antibody concentration value for the SLE patient"", ""grain"": ""one matched Examination row for the identified patient and date"", ""schema_links"": [{""left_table"": ""Patient"", ""left_column"": ""ID"", ""right_table"": ""Examination"", ""right_column"": ""ID""}], ""required_tables"": [""Patient"", ""Examination""], ""joins"": [{""left_table"": ""Patient"", ""left_column"": ""ID"", ""right_table"": ""Examination"", ""right_column"": ""ID"", ""join_type"": ""INNER""}], ""filters"": [{""table"": ""Patient"", ""column"": ""Diagnosis"", ""operator"": ""="", ""value"": ""SLE""}, {""table"": ""Patient"", ""column"": ""Description"", ""operator"": ""="", ""value"": ""1994-02-19""}, {""table"": ""Examination"", ""column"": ""Examination Date"", ""operator"": ""="", ""value"": ""1993/11/12""}], ""group_by"": [], ""aggregates"": [], ""aggregation_scope"": ""none"", ""aggregation_justification"": null, ""having"": [], ""order_by"": [], ""limit"": null, ""answer_type"": ""scalar"", ""answer_scope"": ""global_scalar"", ""output_columns"": [{""position"": 1, ""semantic_item"": ""anti-Cardiolipin antibody concentration"", ""source_columns"": [""Examination.aCL IgM""], ""sql_expression"": ""E.\""aCL IgM\"""", ""source_justification"": ""Hint defines anti-Cardiolipin as aCL IgM and asks for the value on the specified examination date"", ""aggregation"": ""none""}], ""candidate_purpose"": ""answer"", ""expected_result_shape"": {""answer_type"": ""scalar"", ""column_count"": 1, ""row_grain"": ""one matched examination record""}, ""unresolved_assumptions"": [], ""revision"": null}, ""errors"": []}"
20260714T210045Z-11af1da6,bird_1179,thrombosis_prediction,moderate,3,3,2,db.execute,"SELECT E.""aCL IgM""
FROM Patient AS P
INNER JOIN Examination AS E ON P.ID = E.ID
WHERE P.Diagnosis = 'SLE'
  AND P.Description = '1994-02-19'
  AND E.""Examination Date"" = '1993/11/12'","[""examination"", ""patient""]",1,initial_sql,empty_nonmatching,false,initial_execution_nonmatching,true,retrieval_complete_mining_abstained_semantic_failure,OUTPUT_CONTRACT,output_column_count_mismatch,
20260714T210045Z-11af1da6,bird_1179,thrombosis_prediction,moderate,4,4,2,query_plan.adherence,"SELECT E.""aCL IgM""
FROM Patient AS P
INNER JOIN Examination AS E ON P.ID = E.ID
WHERE P.Diagnosis = 'SLE'
  AND P.Description = '1994-02-19'
  AND E.""Examination Date"" = '1993/11/12'",[],,not_applicable,adherence_passed,unknown,query_plan.adherence,false,retrieval_complete_mining_abstained_semantic_failure,OUTPUT_CONTRACT,output_column_count_mismatch,"{""schema_version"": 3, ""checks"": {""projection_count"": true, ""group_by_presence"": true, ""having_presence"": true, ""order_by_presence"": true, ""limit_presence"": true, ""required_tables_presence"": true}, ""passed"": true, ""expected_projection_count"": 1, ""actual_projection_count"": 1, ""enforced"": false}"
20260714T210045Z-11af1da6,bird_1179,thrombosis_prediction,moderate,5,5,3,query_plan.revision,,[],,not_applicable,plan_valid,unknown,query_plan.revision,false,retrieval_complete_mining_abstained_semantic_failure,OUTPUT_CONTRACT,output_column_count_mismatch,"{""valid"": true, ""payload"": {""observation_ref"": 3, ""changed_constraints"": [""filters"", ""unresolved_assumptions""], ""updated_fields"": {""filters"": [{""table"": ""Patient"", ""column"": ""Diagnosis"", ""operator"": ""="", ""value"": ""SLE""}, {""table"": ""Patient"", ""column"": ""Description"", ""operator"": ""="", ""value"": ""1994-02-19""}, {""table"": ""Examination"", ""column"": ""Examination Date"", ""operator"": ""="", ""value"": ""1993-11-12""}], ""unresolved_assumptions"": [""The examination date may be stored with hyphen-separated format rather than slash-separated format.""]}, ""reason"": ""The initial exact-date query returned zero rows; the most likely issue is the stored date format for Examination Date."", ""candidate_purpose"": ""explore""}, ""errors"": []}"
20260714T210045Z-11af1da6,bird_1179,thrombosis_prediction,moderate,6,8,4,query_plan.revision,,[],,not_applicable,plan_valid,unknown,query_plan.revision,false,retrieval_complete_mining_abstained_semantic_failure,OUTPUT_CONTRACT,output_column_count_mismatch,"{""valid"": true, ""payload"": {""observation_ref"": 7, ""changed_constraints"": [""filters"", ""unresolved_assumptions"", ""candidate_purpose""], ""updated_fields"": {""filters"": [{""table"": ""Patient"", ""column"": ""Diagnosis"", ""operator"": ""="", ""value"": ""SLE""}, {""table"": ""Patient"", ""column"": ""Description"", ""operator"": ""="", ""value"": ""1994-02-19""}, {""table"": ""Examination"", ""column"": ""Examination Date"", ""operator"": ""="", ""value"": ""1993-11-12""}], ""unresolved_assumptions"": [], ""candidate_purpose"": ""answer""}, ""reason"": ""The stored date format for Examination Date is hyphen-separated, so the earlier slash-separated filter was incorrect."", ""candidate_purpose"": ""answer""}, ""errors"": []}"
20260714T210045Z-11af1da6,bird_1179,thrombosis_prediction,moderate,7,9,4,db.execute,"SELECT E.""aCL IgM""
FROM Patient AS P
INNER JOIN Examination AS E ON P.ID = E.ID
WHERE P.Diagnosis = 'SLE'
  AND P.Description = '1994-02-19'
  AND E.""Examination Date"" = '1993-11-12'","[""examination"", ""patient""]",1,expression_or_projection,nonmatching,false,remained_nonmatching,false,retrieval_complete_mining_abstained_semantic_failure,OUTPUT_CONTRACT,output_column_count_mismatch,
20260714T210045Z-11af1da6,bird_1179,thrombosis_prediction,moderate,8,10,4,query_plan.adherence,"SELECT E.""aCL IgM""
FROM Patient AS P
INNER JOIN Examination AS E ON P.ID = E.ID
WHERE P.Diagnosis = 'SLE'
  AND P.Description = '1994-02-19'
  AND E.""Examination Date"" = '1993-11-12'",[],,not_applicable,adherence_passed,unknown,query_plan.adherence,false,retrieval_complete_mining_abstained_semantic_failure,OUTPUT_CONTRACT,output_column_count_mismatch,"{""schema_version"": 3, ""checks"": {""projection_count"": true, ""group_by_presence"": true, ""having_presence"": true, ""order_by_presence"": true, ""limit_presence"": true, ""required_tables_presence"": true}, ""passed"": true, ""expected_projection_count"": 1, ""actual_projection_count"": 1, ""enforced"": false}"
20260714T210045Z-11af1da6,bird_1179,thrombosis_prediction,moderate,9,11,4,FINAL,"SELECT E.""aCL IgM"" FROM Patient AS P INNER JOIN Examination AS E ON P.ID = E.ID WHERE P.Diagnosis = 'SLE' AND P.Description = '1994-02-19' AND E.""Examination Date"" = '1993-11-12'","[""examination"", ""patient""]",1,unchanged,benchmark_nonmatching_final,false,final_same_as_last_execution,false,retrieval_complete_mining_abstained_semantic_failure,OUTPUT_CONTRACT,output_column_count_mismatch,
20260714T210045Z-11af1da6,bird_1205,thrombosis_prediction,moderate,1,1,1,query_plan.initial,,[],,not_applicable,plan_valid,unknown,query_plan.initial,false,retrieval_complete_mining_abstained_semantic_failure,SEMANTIC_REVIEW_REQUIRED,filter_scope_or_expression_mismatch,"{""valid"": true, ""payload"": {""target_entity"": ""patient 57266"", ""grain"": ""one boolean answer for the specified patient"", ""schema_links"": [""Laboratory.ID = Patient.ID""], ""required_tables"": [""Patient"", ""Laboratory""], ""joins"": [{""left_table"": ""Laboratory"", ""right_table"": ""Patient"", ""join_type"": ""INNER JOIN"", ""on"": [""Laboratory.ID = Patient.ID""]}], ""filters"": [{""table"": ""Patient"", ""column"": ""ID"", ""operator"": ""="", ""value"": 57266}], ""group_by"": [], ""aggregates"": [], ""aggregation_scope"": ""none"", ""aggregation_justification"": null, ""having"": [], ""order_by"": [], ""limit"": null, ""answer_type"": ""boolean"", ""answer_scope"": ""boolean"", ""output_columns"": [{""position"": 1, ""semantic_item"": ""whether the patient's uric acid is within the normal range"", ""source_columns"": [""Patient.SEX"", ""Laboratory.UA""], ""sql_expression"": ""CASE WHEN (Patient.SEX = 'M' AND Laboratory.UA > 8.0) OR (Patient.SEX = 'F' AND Laboratory.UA > 6.5) THEN 1 ELSE 0 END"", ""source_justification"": ""The hint defines the normal-range rule using sex and UA."", ""aggregation"": ""none""}], ""candidate_purpose"": ""answer"", ""expected_result_shape"": {""answer_type"": ""boolean"", ""column_count"": 1, ""row_grain"": ""one row for patient 57266""}, ""unresolved_assumptions"": [""The question refers to the patient's laboratory UA value(s) joined by patient ID.""], ""revision"": null}, ""errors"": []}"
20260714T210045Z-11af1da6,bird_1205,thrombosis_prediction,moderate,2,2,1,db.execute,"SELECT P.SEX, L.Date, L.UA
FROM Laboratory AS L
INNER JOIN Patient AS P ON L.ID = P.ID
WHERE P.ID = 57266
ORDER BY L.Date","[""laboratory"", ""patient""]",3,initial_sql,nonmatching,false,initial_execution_nonmatching,true,retrieval_complete_mining_abstained_semantic_failure,SEMANTIC_REVIEW_REQUIRED,filter_scope_or_expression_mismatch,
20260714T210045Z-11af1da6,bird_1205,thrombosis_prediction,moderate,3,3,1,query_plan.adherence,"SELECT P.SEX, L.Date, L.UA
FROM Laboratory AS L
INNER JOIN Patient AS P ON L.ID = P.ID
WHERE P.ID = 57266
ORDER BY L.Date",[],,not_applicable,adherence_failed,unknown,query_plan.adherence,false,retrieval_complete_mining_abstained_semantic_failure,SEMANTIC_REVIEW_REQUIRED,filter_scope_or_expression_mismatch,"{""schema_version"": 3, ""checks"": {""projection_count"": false, ""group_by_presence"": true, ""having_presence"": true, ""order_by_presence"": false, ""limit_presence"": true, ""required_tables_presence"": true}, ""passed"": false, ""expected_projection_count"": 1, ""actual_projection_count"": 3, ""enforced"": false}"
20260714T210045Z-11af1da6,bird_1205,thrombosis_prediction,moderate,4,4,1,db.execute,"SELECT
  P.SEX,
  COUNT(*) AS row_count,
  MIN(L.UA) AS min_ua,
  MAX(L.UA) AS max_ua,
  GROUP_CONCAT(L.Date) AS dates
FROM Laboratory AS L
INNER JOIN Patient AS P ON L.ID = P.ID
WHERE P.ID = 57266","[""laboratory"", ""patient""]",5,"projection_count,order_by,aggregate",nonmatching,false,remained_nonmatching,false,retrieval_complete_mining_abstained_semantic_failure,SEMANTIC_REVIEW_REQUIRED,filter_scope_or_expression_mismatch,
20260714T210045Z-11af1da6,bird_1205,thrombosis_prediction,moderate,5,5,1,query_plan.adherence,"SELECT
  P.SEX,
  COUNT(*) AS row_count,
  MIN(L.UA) AS min_ua,
  MAX(L.UA) AS max_ua,
  GROUP_CONCAT(L.Date) AS dates
FROM Laboratory AS L
INNER JOIN Patient AS P ON L.ID = P.ID
WHERE P.ID = 57266",[],,not_applicable,adherence_failed,unknown,query_plan.adherence,false,retrieval_complete_mining_abstained_semantic_failure,SEMANTIC_REVIEW_REQUIRED,filter_scope_or_expression_mismatch,"{""schema_version"": 3, ""checks"": {""projection_count"": false, ""group_by_presence"": true, ""having_presence"": true, ""order_by_presence"": true, ""limit_presence"": true, ""required_tables_presence"": true}, ""passed"": false, ""expected_projection_count"": 1, ""actual_projection_count"": 5, ""enforced"": false}"
20260714T210045Z-11af1da6,bird_1205,thrombosis_prediction,moderate,6,6,2,FINAL,SELECT EXISTS(SELECT 1 FROM Laboratory AS L INNER JOIN Patient AS P ON L.ID = P.ID WHERE P.ID = 57266 AND ((P.SEX = 'M' AND L.UA > 8.0) OR (P.SEX = 'F' AND L.UA > 6.5))) AS answer,"[""laboratory"", ""patient""]",,"projection_count,aggregate",benchmark_nonmatching_final,false,unverified_rewrite_after_nonmatching_execution,false,retrieval_complete_mining_abstained_semantic_failure,SEMANTIC_REVIEW_REQUIRED,filter_scope_or_expression_mismatch,
20260714T210045Z-11af1da6,bird_1225,thrombosis_prediction,moderate,1,1,1,query_plan.initial,,[],,not_applicable,plan_valid,unknown,query_plan.initial,false,retrieval_complete_mining_abstained_semantic_failure,SEMANTIC_REVIEW_REQUIRED,filter_scope_or_expression_mismatch,"{""valid"": true, ""payload"": {""target_entity"": ""patients with abnormal total bilirubin grouped by sex"", ""grain"": ""one row per sex"", ""schema_links"": [""Laboratory.ID = Patient.ID""], ""required_tables"": [""Laboratory"", ""Patient""], ""joins"": [{""left_table"": ""Laboratory"", ""right_table"": ""Patient"", ""join_condition"": ""Laboratory.ID = Patient.ID"", ""join_type"": ""INNER JOIN""}], ""filters"": [{""table"": ""Laboratory"", ""column"": ""T-BIL"", ""predicate"": "">= 2.0"", ""justification"": ""Hint defines total bilirubin not within the normal range as T-BIL >= 2.0""}], ""group_by"": [{""table"": ""Patient"", ""column"": ""SEX""}], ""aggregates"": [{""sql_expression"": ""GROUP_CONCAT(DISTINCT Patient.ID)"", ""purpose"": ""list patients in each sex group""}], ""aggregation_scope"": ""per_entity"", ""aggregation_justification"": ""The question asks to list and group patients by sex, which requires aggregation within each sex group."", ""having"": [], ""order_by"": [{""sql_expression"": ""Patient.SEX"", ""direction"": ""ASC""}], ""limit"": null, ""answer_type"": ""rows"", ""answer_scope"": ""per_entity_rows"", ""output_columns"": [{""position"": 1, ""semantic_item"": ""sex"", ""source_columns"": [""Patient.SEX""], ""sql_expression"": ""Patient.SEX"", ""source_justification"": ""Requested grouping attribute"", ""aggregation"": ""none""}, {""position"": 2, ""semantic_item"": ""patient_id_list"", ""source_columns"": [""Patient.ID""], ""sql_expression"": ""GROUP_CONCAT(DISTINCT Patient.ID)"", ""source_justification"": ""Hint defines list as GROUP_CONCAT(DISTINCT ID)"", ""aggregation"": ""GROUP_CONCAT(DISTINCT)""}], ""candidate_purpose"": ""answer"", ""expected_result_shape"": {""answer_type"": ""rows"", ""column_count"": 2, ""row_grain"": ""one row per sex""}, ""unresolved_assumptions"": [], ""revision"": null}, ""errors"": []}"
20260714T210045Z-11af1da6,bird_1225,thrombosis_prediction,moderate,2,2,1,db.execute,"SELECT T2.SEX, GROUP_CONCAT(DISTINCT T1.ID) AS patient_id_list
FROM Laboratory AS T1
INNER JOIN Patient AS T2 ON T1.ID = T2.ID
WHERE T1.""T-BIL"" >= 2.0
GROUP BY T2.SEX
ORDER BY T2.SEX","[""laboratory"", ""patient""]",2,initial_sql,nonmatching,false,initial_execution_nonmatching,true,retrieval_complete_mining_abstained_semantic_failure,SEMANTIC_REVIEW_REQUIRED,filter_scope_or_expression_mismatch,
20260714T210045Z-11af1da6,bird_1225,thrombosis_prediction,moderate,3,3,1,query_plan.adherence,"SELECT T2.SEX, GROUP_CONCAT(DISTINCT T1.ID) AS patient_id_list
FROM Laboratory AS T1
INNER JOIN Patient AS T2 ON T1.ID = T2.ID
WHERE T1.""T-BIL"" >= 2.0
GROUP BY T2.SEX
ORDER BY T2.SEX",[],,not_applicable,adherence_passed,unknown,query_plan.adherence,false,retrieval_complete_mining_abstained_semantic_failure,SEMANTIC_REVIEW_REQUIRED,filter_scope_or_expression_mismatch,"{""schema_version"": 3, ""checks"": {""projection_count"": true, ""group_by_presence"": true, ""having_presence"": true, ""order_by_presence"": true, ""limit_presence"": true, ""required_tables_presence"": true}, ""passed"": true, ""expected_projection_count"": 2, ""actual_projection_count"": 2, ""enforced"": false}"
20260714T210045Z-11af1da6,bird_1225,thrombosis_prediction,moderate,4,4,2,FINAL,"SELECT T2.SEX, GROUP_CONCAT(DISTINCT T2.ID) AS patient_id_list FROM Laboratory AS T1 INNER JOIN Patient AS T2 ON T1.ID = T2.ID WHERE T1.""T-BIL"" >= 2.0 GROUP BY T2.SEX ORDER BY T2.SEX","[""laboratory"", ""patient""]",2,expression_or_projection,benchmark_nonmatching_final,false,unverified_rewrite_after_nonmatching_execution,false,retrieval_complete_mining_abstained_semantic_failure,SEMANTIC_REVIEW_REQUIRED,filter_scope_or_expression_mismatch,
20260714T210045Z-11af1da6,bird_1235,thrombosis_prediction,moderate,1,1,1,query_plan.initial,,[],,not_applicable,plan_valid,unknown,query_plan.initial,false,retrieval_complete_mining_abstained_semantic_failure,SEMANTIC_REVIEW_REQUIRED,filter_scope_or_expression_mismatch,"{""valid"": true, ""payload"": {""target_entity"": ""patients with laboratory RBC < 3.5"", ""grain"": ""one row per patient"", ""schema_links"": [""Laboratory.ID = Patient.ID""], ""required_tables"": [""Laboratory"", ""Patient""], ""joins"": [{""left_table"": ""Laboratory"", ""right_table"": ""Patient"", ""condition"": ""Laboratory.ID = Patient.ID"", ""type"": ""INNER JOIN""}], ""filters"": [{""table"": ""Laboratory"", ""column"": ""RBC"", ""operator"": ""<"", ""value"": 3.5}], ""group_by"": [], ""aggregates"": [], ""aggregation_scope"": ""none"", ""aggregation_justification"": null, ""having"": [], ""order_by"": [], ""limit"": null, ""answer_type"": ""rows"", ""answer_scope"": ""per_entity_rows"", ""output_columns"": [{""position"": 1, ""semantic_item"": ""patient ID"", ""source_columns"": [""Patient.ID""], ""sql_expression"": ""Patient.ID"", ""source_justification"": ""The question asks to state the patient's ID."", ""aggregation"": ""none""}, {""position"": 2, ""semantic_item"": ""patient age"", ""source_columns"": [""Patient.Birthday""], ""sql_expression"": ""CAST(strftime('%Y', current_timestamp) AS INTEGER) - CAST(strftime('%Y', Patient.Birthday) AS INTEGER)"", ""source_justification"": ""The hint defines age as the difference between the current year and the birthday year."", ""aggregation"": ""none""}, {""position"": 3, ""semantic_item"": ""patient diagnosis"", ""source_columns"": [""Patient.Diagnosis""], ""sql_expression"": ""Patient.Diagnosis"", ""source_justification"": ""The hint says patient's diagnosis refers to Diagnosis, and Patient contains a Diagnosis column."", ""aggregation"": ""none""}], ""candidate_purpose"": ""answer"", ""expected_result_shape"": {""answer_type"": ""rows"", ""column_count"": 3, ""row_grain"": ""one row per patient with at least one laboratory record having RBC < 3.5""}, ""unresolved_assumptions"": [""Whether duplicate patient rows should be collapsed; plan assumes DISTINCT patient-level output because the question asks for patients.""], ""revision"": null}, ""errors"": []}"
20260714T210045Z-11af1da6,bird_1235,thrombosis_prediction,moderate,2,4,1,db.execute,"SELECT DISTINCT
  P.ID,
  CAST(strftime('%Y', current_timestamp) AS INTEGER) - CAST(strftime('%Y', P.Birthday) AS INTEGER) AS age,
  P.Diagnosis
FROM Laboratory AS L
INNER JOIN Patient AS P
  ON L.ID = P.ID
WHERE L.RBC < 3.5
ORDER BY P.ID","[""laboratory"", ""patient""]",3,initial_sql,nonmatching,false,initial_execution_nonmatching,true,retrieval_complete_mining_abstained_semantic_failure,SEMANTIC_REVIEW_REQUIRED,filter_scope_or_expression_mismatch,
20260714T210045Z-11af1da6,bird_1235,thrombosis_prediction,moderate,3,5,1,query_plan.adherence,"SELECT DISTINCT
  P.ID,
  CAST(strftime('%Y', current_timestamp) AS INTEGER) - CAST(strftime('%Y', P.Birthday) AS INTEGER) AS age,
  P.Diagnosis
FROM Laboratory AS L
INNER JOIN Patient AS P
  ON L.ID = P.ID
WHERE L.RBC < 3.5
ORDER BY P.ID",[],,not_applicable,adherence_failed,unknown,query_plan.adherence,false,retrieval_complete_mining_abstained_semantic_failure,SEMANTIC_REVIEW_REQUIRED,filter_scope_or_expression_mismatch,"{""schema_version"": 3, ""checks"": {""projection_count"": true, ""group_by_presence"": true, ""having_presence"": true, ""order_by_presence"": false, ""limit_presence"": true, ""required_tables_presence"": true}, ""passed"": false, ""expected_projection_count"": 3, ""actual_projection_count"": 3, ""enforced"": false}"
20260714T210045Z-11af1da6,bird_1235,thrombosis_prediction,moderate,4,6,1,FINAL,"SELECT DISTINCT P.ID, CAST(strftime('%Y', current_timestamp) AS INTEGER) - CAST(strftime('%Y', P.Birthday) AS INTEGER) AS age, P.Diagnosis FROM Laboratory AS L INNER JOIN Patient AS P ON L.ID = P.ID WHERE L.RBC < 3.5 ORDER BY P.ID","[""laboratory"", ""patient""]",3,unchanged,benchmark_nonmatching_final,false,final_same_as_last_execution,false,retrieval_complete_mining_abstained_semantic_failure,SEMANTIC_REVIEW_REQUIRED,filter_scope_or_expression_mismatch,
20260714T210045Z-11af1da6,bird_1239,thrombosis_prediction,challenging,1,1,1,query_plan.initial,,[],,not_applicable,plan_valid,unknown,query_plan.initial,false,retrieval_complete_mining_abstained_semantic_failure,SEMANTIC_REVIEW_REQUIRED,filter_scope_or_expression_mismatch,"{""valid"": true, ""payload"": {""target_entity"": ""patient"", ""grain"": ""one row per patient"", ""schema_links"": [{""left_table"": ""Laboratory"", ""left_column"": ""ID"", ""right_table"": ""Patient"", ""right_column"": ""ID""}], ""required_tables"": [""Laboratory"", ""Patient""], ""joins"": [""Laboratory.ID = Patient.ID""], ""filters"": [""Laboratory.HCT >= 52""], ""group_by"": [""Patient.ID"", ""Patient.Birthday""], ""aggregates"": [{""expression"": ""COUNT(Laboratory.ID)"", ""purpose"": ""identify patients with more than two qualifying laboratory examinations""}], ""aggregation_scope"": ""per_entity"", ""aggregation_justification"": ""The hint says patient with two or more laboratory examinations refers to COUNT(ID) > 2, so the query must aggregate laboratory rows per patient."", ""having"": [""COUNT(Laboratory.ID) > 2""], ""order_by"": [], ""limit"": null, ""answer_type"": ""rows"", ""answer_scope"": ""per_entity_rows"", ""output_columns"": [{""position"": 1, ""semantic_item"": ""patient ID"", ""source_columns"": [""Patient.ID""], ""sql_expression"": ""Patient.ID"", ""source_justification"": ""The question asks for the ID of the patient."", ""aggregation"": ""none""}, {""position"": 2, ""semantic_item"": ""age"", ""source_columns"": [""Patient.Birthday""], ""sql_expression"": ""CAST(strftime('%Y', current_timestamp) AS INTEGER) - CAST(strftime('%Y', Patient.Birthday) AS INTEGER)"", ""source_justification"": ""The hint defines age as the year difference between current_timestamp and Birthday."", ""aggregation"": ""none""}], ""candidate_purpose"": ""answer"", ""expected_result_shape"": {""answer_type"": ""rows"", ""column_count"": 2, ""row_grain"": ""one row per qualifying patient""}, ""unresolved_assumptions"": [""Treat COUNT(Laboratory.ID) > 2 exactly as specified in the hint."", ""Interpret 'hematoclit level exceeded the normal range' as HCT >= 52.""], ""revision"": null}, ""errors"": []}"
20260714T210045Z-11af1da6,bird_1239,thrombosis_prediction,challenging,2,2,1,db.execute,"SELECT P.ID,
       CAST(strftime('%Y', current_timestamp) AS INTEGER) - CAST(strftime('%Y', P.Birthday) AS INTEGER) AS age
FROM Laboratory AS L
INNER JOIN Patient AS P
  ON L.ID = P.ID
WHERE L.HCT >= 52
GROUP BY P.ID, P.Birthday
HAVING COUNT(L.ID) > 2","[""laboratory"", ""patient""]",2,initial_sql,nonmatching,false,initial_execution_nonmatching,true,retrieval_complete_mining_abstained_semantic_failure,SEMANTIC_REVIEW_REQUIRED,filter_scope_or_expression_mismatch,
20260714T210045Z-11af1da6,bird_1239,thrombosis_prediction,challenging,3,3,1,query_plan.adherence,"SELECT P.ID,
       CAST(strftime('%Y', current_timestamp) AS INTEGER) - CAST(strftime('%Y', P.Birthday) AS INTEGER) AS age
FROM Laboratory AS L
INNER JOIN Patient AS P
  ON L.ID = P.ID
WHERE L.HCT >= 52
GROUP BY P.ID, P.Birthday
HAVING COUNT(L.ID) > 2",[],,not_applicable,adherence_passed,unknown,query_plan.adherence,false,retrieval_complete_mining_abstained_semantic_failure,SEMANTIC_REVIEW_REQUIRED,filter_scope_or_expression_mismatch,"{""schema_version"": 3, ""checks"": {""projection_count"": true, ""group_by_presence"": true, ""having_presence"": true, ""order_by_presence"": true, ""limit_presence"": true, ""required_tables_presence"": true}, ""passed"": true, ""expected_projection_count"": 2, ""actual_projection_count"": 2, ""enforced"": false}"
20260714T210045Z-11af1da6,bird_1239,thrombosis_prediction,challenging,4,4,3,FINAL,"SELECT T2.ID, CAST(STRFTIME('%Y', CURRENT_TIMESTAMP) AS INTEGER) - CAST(STRFTIME('%Y', T2.Birthday) AS INTEGER) AS age FROM Laboratory AS T1 INNER JOIN Patient AS T2 ON T1.ID = T2.ID WHERE T1.HCT >= 52 GROUP BY T2.ID, T2.Birthday HAVING COUNT(T1.ID) > 2","[""laboratory"", ""patient""]",2,expression_or_projection,benchmark_nonmatching_final,false,unverified_rewrite_after_nonmatching_execution,false,retrieval_complete_mining_abstained_semantic_failure,SEMANTIC_REVIEW_REQUIRED,filter_scope_or_expression_mismatch,
20260714T210045Z-11af1da6,bird_1241,thrombosis_prediction,challenging,1,1,1,query_plan.initial,,[],,not_applicable,plan_valid,unknown,query_plan.initial,false,retrieval_complete_mining_abstained_semantic_failure,SCHEMA_LINKING,table_or_join_path_mismatch,"{""valid"": true, ""payload"": {""target_entity"": ""Laboratory.PLT abnormal platelet measurements"", ""grain"": ""one aggregated result over abnormal platelet lab rows"", ""schema_links"": [""Laboratory.PLT""], ""required_tables"": [""Laboratory""], ""joins"": [], ""filters"": [""Laboratory.PLT <= 100 OR Laboratory.PLT >= 400""], ""group_by"": [], ""aggregates"": [{""function"": ""SUM"", ""expression"": ""PLT < 100""}, {""function"": ""SUM"", ""expression"": ""PLT > 400""}], ""aggregation_scope"": ""global"", ""aggregation_justification"": ""The phrase \""How is it compare to the number of patients with higher than normal range\"" requires comparing the two counts via subtraction."", ""having"": [], ""order_by"": [], ""limit"": null, ""answer_type"": ""scalar"", ""answer_scope"": ""global_scalar"", ""output_columns"": [{""position"": 1, ""semantic_item"": ""difference between lower-than-normal and higher-than-normal platelet counts"", ""source_columns"": [""Laboratory.PLT""], ""sql_expression"": ""SUM(PLT < 100) - SUM(PLT > 400)"", ""source_justification"": ""Platelet thresholds are defined on Laboratory.PLT in the hint."", ""aggregation"": ""global""}], ""candidate_purpose"": ""answer"", ""expected_result_shape"": {""answer_type"": ""scalar"", ""column_count"": 1, ""row_grain"": ""global""}, ""unresolved_assumptions"": [""Following the hint, counts are based on Laboratory rows with abnormal PLT values rather than distinct patient IDs.""], ""revision"": null}, ""errors"": []}"
20260714T210045Z-11af1da6,bird_1241,thrombosis_prediction,challenging,2,2,1,db.execute,"SELECT SUM(PLT < 100) - SUM(PLT > 400) AS calculation
FROM Laboratory
WHERE PLT <= 100 OR PLT >= 400","[""laboratory""]",1,initial_sql,nonmatching,false,initial_execution_nonmatching,true,retrieval_complete_mining_abstained_semantic_failure,SCHEMA_LINKING,table_or_join_path_mismatch,
20260714T210045Z-11af1da6,bird_1241,thrombosis_prediction,challenging,3,3,1,query_plan.adherence,"SELECT SUM(PLT < 100) - SUM(PLT > 400) AS calculation
FROM Laboratory
WHERE PLT <= 100 OR PLT >= 400",[],,not_applicable,adherence_passed,unknown,query_plan.adherence,false,retrieval_complete_mining_abstained_semantic_failure,SCHEMA_LINKING,table_or_join_path_mismatch,"{""schema_version"": 3, ""checks"": {""projection_count"": true, ""group_by_presence"": true, ""having_presence"": true, ""order_by_presence"": true, ""limit_presence"": true, ""required_tables_presence"": true}, ""passed"": true, ""expected_projection_count"": 1, ""actual_projection_count"": 1, ""enforced"": false}"
20260714T210045Z-11af1da6,bird_1241,thrombosis_prediction,challenging,4,4,1,FINAL,SELECT SUM(PLT < 100) - SUM(PLT > 400) AS calculation FROM Laboratory WHERE PLT <= 100 OR PLT >= 400,"[""laboratory""]",1,unchanged,benchmark_nonmatching_final,false,final_same_as_last_execution,false,retrieval_complete_mining_abstained_semantic_failure,SCHEMA_LINKING,table_or_join_path_mismatch,
20260714T210045Z-11af1da6,bird_1242,thrombosis_prediction,challenging,1,1,1,query_plan.initial,,[],,not_applicable,plan_valid,unknown,query_plan.initial,false,retrieval_complete_mining_abstained_semantic_failure,SEMANTIC_REVIEW_REQUIRED,filter_scope_or_expression_mismatch,"{""valid"": true, ""payload"": {""target_entity"": ""patients"", ""grain"": ""one row per patient ID with at least one qualifying laboratory examination in 1984"", ""schema_links"": [""Laboratory.ID = Patient.ID"", ""Laboratory.Date joins to 1984 filter"", ""Patient.Birthday used for age filter""], ""required_tables"": [""Laboratory"", ""Patient""], ""joins"": [{""left_table"": ""Laboratory"", ""right_table"": ""Patient"", ""join_condition"": ""Laboratory.ID = Patient.ID"", ""join_type"": ""INNER""}], ""filters"": [""YEAR(Laboratory.Date) = '1984'"", ""SUBTRACT(year(current_timestamp), year(Patient.Birthday)) < 50"", ""Laboratory.PLT between 100 and 400""], ""group_by"": [], ""aggregates"": [], ""aggregation_scope"": ""none"", ""aggregation_justification"": null, ""having"": [], ""order_by"": [{""expression"": ""Patient.ID"", ""direction"": ""ASC""}], ""limit"": null, ""answer_type"": ""rows"", ""answer_scope"": ""per_entity_rows"", ""output_columns"": [{""position"": 1, ""semantic_item"": ""patient identifier"", ""source_columns"": [""Patient.ID""], ""sql_expression"": ""Patient.ID"", ""source_justification"": ""The schema only provides a patient identifier, and the request is to list patients."", ""aggregation"": ""none""}], ""candidate_purpose"": ""answer"", ""expected_result_shape"": {""answer_type"": ""rows"", ""column_count"": 1, ""row_grain"": ""distinct qualifying patient IDs""}, ""unresolved_assumptions"": [""Whether 'between 100 and 400' is inclusive or exclusive; schema evidence suggests PLT is normal when 100 < PLT < 400.""], ""revision"": null}, ""errors"": []}"
20260714T210045Z-11af1da6,bird_1242,thrombosis_prediction,challenging,2,2,1,db.execute,"SELECT DISTINCT P.ID
FROM Laboratory L
INNER JOIN Patient P ON L.ID = P.ID
WHERE strftime('%Y', L.Date) = '1984'
  AND (CAST(strftime('%Y','now') AS INTEGER) - CAST(strftime('%Y', P.Birthday) AS INTEGER)) < 50
  AND L.PLT > 100 AND L.PLT < 400
ORDER BY P.ID","[""laboratory"", ""patient""]",1,initial_sql,nonmatching,false,initial_execution_nonmatching,true,retrieval_complete_mining_abstained_semantic_failure,SEMANTIC_REVIEW_REQUIRED,filter_scope_or_expression_mismatch,
20260714T210045Z-11af1da6,bird_1242,thrombosis_prediction,challenging,3,3,1,query_plan.adherence,"SELECT DISTINCT P.ID
FROM Laboratory L
INNER JOIN Patient P ON L.ID = P.ID
WHERE strftime('%Y', L.Date) = '1984'
  AND (CAST(strftime('%Y','now') AS INTEGER) - CAST(strftime('%Y', P.Birthday) AS INTEGER)) < 50
  AND L.PLT > 100 AND L.PLT < 400
ORDER BY P.ID",[],,not_applicable,adherence_passed,unknown,query_plan.adherence,false,retrieval_complete_mining_abstained_semantic_failure,SEMANTIC_REVIEW_REQUIRED,filter_scope_or_expression_mismatch,"{""schema_version"": 3, ""checks"": {""projection_count"": true, ""group_by_presence"": true, ""having_presence"": true, ""order_by_presence"": true, ""limit_presence"": true, ""required_tables_presence"": true}, ""passed"": true, ""expected_projection_count"": 1, ""actual_projection_count"": 1, ""enforced"": false}"
20260714T210045Z-11af1da6,bird_1242,thrombosis_prediction,challenging,4,4,1,db.execute,"SELECT DISTINCT P.ID
FROM Laboratory L
INNER JOIN Patient P ON L.ID = P.ID
WHERE strftime('%Y', L.Date) = '1984'
  AND (CAST(strftime('%Y','now') AS INTEGER) - CAST(strftime('%Y', P.Birthday) AS INTEGER)) < 50
  AND L.PLT > 100 AND L.PLT < 400
ORDER BY P.ID","[""laboratory"", ""patient""]",1,unchanged,nonmatching,false,remained_nonmatching,false,retrieval_complete_mining_abstained_semantic_failure,SEMANTIC_REVIEW_REQUIRED,filter_scope_or_expression_mismatch,
20260714T210045Z-11af1da6,bird_1242,thrombosis_prediction,challenging,5,5,1,query_plan.adherence,"SELECT DISTINCT P.ID
FROM Laboratory L
INNER JOIN Patient P ON L.ID = P.ID
WHERE strftime('%Y', L.Date) = '1984'
  AND (CAST(strftime('%Y','now') AS INTEGER) - CAST(strftime('%Y', P.Birthday) AS INTEGER)) < 50
  AND L.PLT > 100 AND L.PLT < 400
ORDER BY P.ID",[],,not_applicable,adherence_passed,unknown,query_plan.adherence,false,retrieval_complete_mining_abstained_semantic_failure,SEMANTIC_REVIEW_REQUIRED,filter_scope_or_expression_mismatch,"{""schema_version"": 3, ""checks"": {""projection_count"": true, ""group_by_presence"": true, ""having_presence"": true, ""order_by_presence"": true, ""limit_presence"": true, ""required_tables_presence"": true}, ""passed"": true, ""expected_projection_count"": 1, ""actual_projection_count"": 1, ""enforced"": false}"
20260714T210045Z-11af1da6,bird_1242,thrombosis_prediction,challenging,6,6,1,db.execute,"SELECT DISTINCT P.ID
FROM Laboratory L
INNER JOIN Patient P ON L.ID = P.ID
WHERE strftime('%Y', L.Date) = '1984'
  AND (CAST(strftime('%Y','now') AS INTEGER) - CAST(strftime('%Y', P.Birthday) AS INTEGER)) < 50
  AND L.PLT > 100 AND L.PLT < 400
ORDER BY P.ID","[""laboratory"", ""patient""]",1,unchanged,nonmatching,false,remained_nonmatching,false,retrieval_complete_mining_abstained_semantic_failure,SEMANTIC_REVIEW_REQUIRED,filter_scope_or_expression_mismatch,
20260714T210045Z-11af1da6,bird_1242,thrombosis_prediction,challenging,7,7,1,query_plan.adherence,"SELECT DISTINCT P.ID
FROM Laboratory L
INNER JOIN Patient P ON L.ID = P.ID
WHERE strftime('%Y', L.Date) = '1984'
  AND (CAST(strftime('%Y','now') AS INTEGER) - CAST(strftime('%Y', P.Birthday) AS INTEGER)) < 50
  AND L.PLT > 100 AND L.PLT < 400
ORDER BY P.ID",[],,not_applicable,adherence_passed,unknown,query_plan.adherence,false,retrieval_complete_mining_abstained_semantic_failure,SEMANTIC_REVIEW_REQUIRED,filter_scope_or_expression_mismatch,"{""schema_version"": 3, ""checks"": {""projection_count"": true, ""group_by_presence"": true, ""having_presence"": true, ""order_by_presence"": true, ""limit_presence"": true, ""required_tables_presence"": true}, ""passed"": true, ""expected_projection_count"": 1, ""actual_projection_count"": 1, ""enforced"": false}"
20260714T210045Z-11af1da6,bird_1242,thrombosis_prediction,challenging,8,8,2,FINAL,"SELECT DISTINCT P.ID FROM Laboratory AS L INNER JOIN Patient AS P ON L.ID = P.ID WHERE strftime('%Y', L.Date) = '1984' AND (CAST(strftime('%Y', CURRENT_TIMESTAMP) AS INTEGER) - CAST(strftime('%Y', P.Birthday) AS INTEGER)) < 50 AND L.PLT > 100 AND L.PLT < 400 ORDER BY P.ID","[""laboratory"", ""patient""]",1,expression_or_projection,benchmark_nonmatching_final,false,unverified_rewrite_after_nonmatching_execution,false,retrieval_complete_mining_abstained_semantic_failure,SEMANTIC_REVIEW_REQUIRED,filter_scope_or_expression_mismatch,
20260714T210045Z-11af1da6,bird_1243,thrombosis_prediction,challenging,1,1,1,query_plan.initial,,[],,not_applicable,plan_valid,unknown,query_plan.initial,false,retrieval_complete_mining_abstained_semantic_failure,SEMANTIC_REVIEW_REQUIRED,filter_scope_or_expression_mismatch,"{""valid"": true, ""payload"": {""target_entity"": ""abnormal PT laboratory rows for patients older than 55"", ""grain"": ""one joined Laboratory-Patient row"", ""schema_links"": [""Laboratory.ID = Patient.ID""], ""required_tables"": [""Laboratory"", ""Patient""], ""joins"": [{""left_table"": ""Laboratory"", ""left_column"": ""ID"", ""right_table"": ""Patient"", ""right_column"": ""ID"", ""join_type"": ""INNER""}], ""filters"": [{""table"": ""Patient"", ""column"": ""Birthday"", ""predicate"": ""CAST(strftime('%Y','now') AS INTEGER) - CAST(strftime('%Y', Patient.Birthday) AS INTEGER) > 55""}, {""table"": ""Laboratory"", ""column"": ""PT"", ""predicate"": ""Laboratory.PT >= 14""}], ""group_by"": [], ""aggregates"": [""SUM(CASE WHEN Patient.SEX = 'F' THEN 1 ELSE 0 END)"", ""COUNT(*)""], ""aggregation_scope"": ""global"", ""aggregation_justification"": ""The question asks for a percentage, which requires aggregating female abnormal PT rows over all abnormal PT rows."", ""having"": [], ""order_by"": [], ""limit"": null, ""answer_type"": ""scalar"", ""answer_scope"": ""global_scalar"", ""output_columns"": [{""position"": 1, ""semantic_item"": ""percentage of abnormal PT rows that are female among patients older than 55"", ""source_columns"": [""Laboratory.PT"", ""Patient.SEX"", ""Patient.Birthday""], ""sql_expression"": ""CAST(SUM(CASE WHEN Patient.SEX = 'F' THEN 1 ELSE 0 END) AS REAL) * 100.0 / COUNT(*)"", ""source_justification"": ""Counts female rows among abnormal PT rows after filtering to patients older than 55."", ""aggregation"": ""global""}], ""candidate_purpose"": ""answer"", ""expected_result_shape"": {""answer_type"": ""scalar"", ""column_count"": 1, ""row_grain"": ""single scalar value""}, ""unresolved_assumptions"": [""Abnormal PT is interpreted at the laboratory-row level because Laboratory contains PT values and the hint defines the percentage using PT and SEX row-wise."", ""Birthday values are stored in a SQLite-compatible date format usable by strftime('%Y', Birthday).""], ""revision"": null}, ""errors"": []}"
20260714T210045Z-11af1da6,bird_1243,thrombosis_prediction,challenging,2,2,1,db.execute,"SELECT CAST(SUM(CASE WHEN Patient.SEX = 'F' THEN 1 ELSE 0 END) AS REAL) * 100.0 / COUNT(*)
FROM Laboratory
INNER JOIN Patient ON Laboratory.ID = Patient.ID
WHERE Laboratory.PT >= 14
  AND CAST(strftime('%Y', CURRENT_TIMESTAMP) AS INTEGER) - CAST(strftime('%Y', Patient.Birthday) AS INTEGER) > 55","[""laboratory"", ""patient""]",1,initial_sql,nonmatching,false,initial_execution_nonmatching,true,retrieval_complete_mining_abstained_semantic_failure,SEMANTIC_REVIEW_REQUIRED,filter_scope_or_expression_mismatch,
20260714T210045Z-11af1da6,bird_1243,thrombosis_prediction,challenging,3,3,1,query_plan.adherence,"SELECT CAST(SUM(CASE WHEN Patient.SEX = 'F' THEN 1 ELSE 0 END) AS REAL) * 100.0 / COUNT(*)
FROM Laboratory
INNER JOIN Patient ON Laboratory.ID = Patient.ID
WHERE Laboratory.PT >= 14
  AND CAST(strftime('%Y', CURRENT_TIMESTAMP) AS INTEGER) - CAST(strftime('%Y', Patient.Birthday) AS INTEGER) > 55",[],,not_applicable,adherence_passed,unknown,query_plan.adherence,false,retrieval_complete_mining_abstained_semantic_failure,SEMANTIC_REVIEW_REQUIRED,filter_scope_or_expression_mismatch,"{""schema_version"": 3, ""checks"": {""projection_count"": true, ""group_by_presence"": true, ""having_presence"": true, ""order_by_presence"": true, ""limit_presence"": true, ""required_tables_presence"": true}, ""passed"": true, ""expected_projection_count"": 1, ""actual_projection_count"": 1, ""enforced"": false}"
20260714T210045Z-11af1da6,bird_1243,thrombosis_prediction,challenging,4,4,1,FINAL,"SELECT CAST(SUM(CASE WHEN Patient.SEX = 'F' THEN 1 ELSE 0 END) AS REAL) * 100.0 / COUNT(*) FROM Laboratory INNER JOIN Patient ON Laboratory.ID = Patient.ID WHERE Laboratory.PT >= 14 AND CAST(strftime('%Y', CURRENT_TIMESTAMP) AS INTEGER) - CAST(strftime('%Y', Patient.Birthday) AS INTEGER) > 55","[""laboratory"", ""patient""]",1,unchanged,benchmark_nonmatching_final,false,final_same_as_last_execution,false,retrieval_complete_mining_abstained_semantic_failure,SEMANTIC_REVIEW_REQUIRED,filter_scope_or_expression_mismatch,
20260714T210045Z-11af1da6,bird_1247,thrombosis_prediction,challenging,1,1,1,query_plan.initial,,[],,not_applicable,plan_valid,unknown,query_plan.initial,false,retrieval_complete_mining_abstained_semantic_failure,SEMANTIC_REVIEW_REQUIRED,filter_scope_or_expression_mismatch,"{""valid"": true, ""payload"": {""target_entity"": ""male patient"", ""grain"": ""distinct patient"", ""schema_links"": [""Laboratory.ID = Patient.ID""], ""required_tables"": [""Patient"", ""Laboratory""], ""joins"": [{""left_table"": ""Patient"", ""left_column"": ""ID"", ""right_table"": ""Laboratory"", ""right_column"": ""ID"", ""join_type"": ""INNER""}], ""filters"": [{""table"": ""Patient"", ""column"": ""SEX"", ""operator"": ""="", ""value"": ""M""}, {""table"": ""Laboratory"", ""column"": ""WBC"", ""operator"": "">"", ""value"": 3.5}, {""table"": ""Laboratory"", ""column"": ""WBC"", ""operator"": ""<"", ""value"": 9.0}, {""table"": ""Laboratory"", ""column"": ""FG"", ""operator"": ""<="", ""value"": 150}, {""table"": ""Laboratory"", ""column"": ""FG"", ""operator"": "">="", ""value"": 450}], ""group_by"": [], ""aggregates"": [{""function"": ""COUNT"", ""distinct"": true, ""argument"": ""Patient.ID""}], ""aggregation_scope"": ""global"", ""aggregation_justification"": ""The question asks 'how many', which requires a single count rather than per-row output."", ""having"": [], ""order_by"": [], ""limit"": null, ""answer_type"": ""scalar"", ""answer_scope"": ""global_scalar"", ""output_columns"": [{""position"": 1, ""semantic_item"": ""count of distinct male patients with normal WBC and abnormal fibrinogen"", ""source_columns"": [""Patient.ID"", ""Patient.SEX"", ""Laboratory.WBC"", ""Laboratory.FG""], ""sql_expression"": ""COUNT(DISTINCT Patient.ID)"", ""source_justification"": ""Patient.ID identifies the person being counted; SEX and laboratory columns provide the filtering criteria."", ""aggregation"": ""COUNT(DISTINCT)""}], ""candidate_purpose"": ""answer"", ""expected_result_shape"": {""answer_type"": ""scalar"", ""column_count"": 1, ""row_grain"": ""single count row""}, ""unresolved_assumptions"": [""Assume the count should be distinct patients, not distinct laboratory records, because the prompt says 'Don't compute repetitive ones.'"", ""Assume the abnormal fibrinogen and normal WBC conditions must hold on the same joined laboratory record for a patient.""], ""revision"": null}, ""errors"": []}"
20260714T210045Z-11af1da6,bird_1247,thrombosis_prediction,challenging,2,2,1,db.execute,"SELECT COUNT(DISTINCT Patient.ID)
FROM Patient
INNER JOIN Laboratory ON Laboratory.ID = Patient.ID
WHERE Patient.SEX = 'M'
  AND Laboratory.WBC > 3.5
  AND Laboratory.WBC < 9.0
  AND (Laboratory.FG <= 150 OR Laboratory.FG >= 450)","[""laboratory"", ""patient""]",1,initial_sql,nonmatching,false,initial_execution_nonmatching,true,retrieval_complete_mining_abstained_semantic_failure,SEMANTIC_REVIEW_REQUIRED,filter_scope_or_expression_mismatch,
20260714T210045Z-11af1da6,bird_1247,thrombosis_prediction,challenging,3,3,1,query_plan.adherence,"SELECT COUNT(DISTINCT Patient.ID)
FROM Patient
INNER JOIN Laboratory ON Laboratory.ID = Patient.ID
WHERE Patient.SEX = 'M'
  AND Laboratory.WBC > 3.5
  AND Laboratory.WBC < 9.0
  AND (Laboratory.FG <= 150 OR Laboratory.FG >= 450)",[],,not_applicable,adherence_passed,unknown,query_plan.adherence,false,retrieval_complete_mining_abstained_semantic_failure,SEMANTIC_REVIEW_REQUIRED,filter_scope_or_expression_mismatch,"{""schema_version"": 3, ""checks"": {""projection_count"": true, ""group_by_presence"": true, ""having_presence"": true, ""order_by_presence"": true, ""limit_presence"": true, ""required_tables_presence"": true}, ""passed"": true, ""expected_projection_count"": 1, ""actual_projection_count"": 1, ""enforced"": false}"
20260714T210045Z-11af1da6,bird_1247,thrombosis_prediction,challenging,4,4,1,FINAL,SELECT COUNT(DISTINCT Patient.ID) FROM Patient INNER JOIN Laboratory ON Laboratory.ID = Patient.ID WHERE Patient.SEX = 'M' AND Laboratory.WBC > 3.5 AND Laboratory.WBC < 9.0 AND (Laboratory.FG <= 150 OR Laboratory.FG >= 450),"[""laboratory"", ""patient""]",1,unchanged,benchmark_nonmatching_final,false,final_same_as_last_execution,false,retrieval_complete_mining_abstained_semantic_failure,SEMANTIC_REVIEW_REQUIRED,filter_scope_or_expression_mismatch,
20260714T210045Z-11af1da6,bird_1251,thrombosis_prediction,simple,1,1,1,query_plan.initial,,[],,not_applicable,plan_valid,unknown,query_plan.initial,false,retrieval_complete_mining_abstained_semantic_failure,SCHEMA_LINKING,table_or_join_path_mismatch,"{""valid"": true, ""payload"": {""target_entity"": ""patients with Ig G higher than normal"", ""grain"": ""one row per distinct patient ID satisfying IGG >= 2000"", ""schema_links"": [{""left_table"": ""Laboratory"", ""left_column"": ""ID"", ""right_table"": ""Patient"", ""right_column"": ""ID"", ""relationship"": ""many-to-one""}], ""required_tables"": [""Laboratory""], ""joins"": [], ""filters"": [{""table"": ""Laboratory"", ""column"": ""IGG"", ""operator"": "">="", ""value"": 2000, ""justification"": ""Hint says Ig G higher than normal refers to IGG >= 2000""}], ""group_by"": [], ""aggregates"": [{""function"": ""COUNT"", ""expression"": ""DISTINCT Laboratory.ID"", ""alias"": ""patient_count"", ""justification"": ""Question asks 'How many patients' and hint says 'Should consider DISTINCT in the final result'""}], ""aggregation_scope"": ""global"", ""aggregation_justification"": ""The phrase 'How many patients' requires a single global count."", ""having"": [], ""order_by"": [], ""limit"": null, ""answer_type"": ""scalar"", ""answer_scope"": ""global_scalar"", ""output_columns"": [{""position"": 1, ""semantic_item"": ""count of distinct patients"", ""source_columns"": [""Laboratory.ID""], ""sql_expression"": ""COUNT(DISTINCT Laboratory.ID)"", ""source_justification"": ""Distinct patient identifiers in Laboratory represent the patient population satisfying the lab filter."", ""aggregation"": ""COUNT(DISTINCT)""}], ""candidate_purpose"": ""answer"", ""expected_result_shape"": {""answer_type"": ""scalar"", ""column_count"": 1, ""row_grain"": ""single global row""}, ""unresolved_assumptions"": [], ""revision"": null}, ""errors"": []}"
20260714T210045Z-11af1da6,bird_1251,thrombosis_prediction,simple,2,2,1,db.execute,SELECT COUNT(DISTINCT ID) FROM Laboratory WHERE IGG >= 2000,"[""laboratory""]",1,initial_sql,nonmatching,false,initial_execution_nonmatching,true,retrieval_complete_mining_abstained_semantic_failure,SCHEMA_LINKING,table_or_join_path_mismatch,
20260714T210045Z-11af1da6,bird_1251,thrombosis_prediction,simple,3,3,1,query_plan.adherence,SELECT COUNT(DISTINCT ID) FROM Laboratory WHERE IGG >= 2000,[],,not_applicable,adherence_passed,unknown,query_plan.adherence,false,retrieval_complete_mining_abstained_semantic_failure,SCHEMA_LINKING,table_or_join_path_mismatch,"{""schema_version"": 3, ""checks"": {""projection_count"": true, ""group_by_presence"": true, ""having_presence"": true, ""order_by_presence"": true, ""limit_presence"": true, ""required_tables_presence"": true}, ""passed"": true, ""expected_projection_count"": 1, ""actual_projection_count"": 1, ""enforced"": false}"
20260714T210045Z-11af1da6,bird_1251,thrombosis_prediction,simple,4,4,1,FINAL,SELECT COUNT(DISTINCT ID) FROM Laboratory WHERE IGG >= 2000,"[""laboratory""]",1,unchanged,benchmark_nonmatching_final,false,final_same_as_last_execution,false,retrieval_complete_mining_abstained_semantic_failure,SCHEMA_LINKING,table_or_join_path_mismatch,
20260714T210045Z-11af1da6,bird_1252,thrombosis_prediction,moderate,1,1,1,query_plan.initial,,[],,not_applicable,plan_valid,unknown,query_plan.initial,false,retrieval_complete_mining_abstained_semantic_failure,SCHEMA_LINKING,table_or_join_path_mismatch,"{""valid"": true, ""payload"": {""target_entity"": ""patients"", ""grain"": ""single patient counted once if at least one qualifying laboratory record and one non-null symptom examination record exist"", ""schema_links"": [{""left_table"": ""Laboratory"", ""left_column"": ""ID"", ""right_table"": ""Examination"", ""right_column"": ""ID"", ""relationship"": ""inner_join_on_patient_id""}], ""required_tables"": [""Laboratory"", ""Examination""], ""joins"": [{""left_table"": ""Laboratory"", ""right_table"": ""Examination"", ""join_type"": ""INNER JOIN"", ""condition"": ""Laboratory.ID = Examination.ID""}], ""filters"": [{""table"": ""Laboratory"", ""column"": ""IGG"", ""operator"": "">"", ""value"": 900}, {""table"": ""Laboratory"", ""column"": ""IGG"", ""operator"": ""<"", ""value"": 2000}, {""table"": ""Examination"", ""column"": ""Symptoms"", ""operator"": ""IS NOT NULL"", ""value"": null}], ""group_by"": [], ""aggregates"": [{""function"": ""COUNT"", ""argument"": ""DISTINCT Laboratory.ID"", ""alias"": ""patient_count""}], ""aggregation_scope"": ""global"", ""aggregation_justification"": ""The phrase 'how many' asks for one total count across all qualifying patients."", ""having"": [], ""order_by"": [], ""limit"": null, ""answer_type"": ""scalar"", ""answer_scope"": ""global_scalar"", ""output_columns"": [{""position"": 1, ""semantic_item"": ""number of patients"", ""source_columns"": [""Laboratory.ID""], ""sql_expression"": ""COUNT(DISTINCT Laboratory.ID)"", ""source_justification"": ""Count each patient once after applying the normal IGG and symptom filters."", ""aggregation"": ""COUNT DISTINCT""}], ""candidate_purpose"": ""answer"", ""expected_result_shape"": {""answer_type"": ""scalar"", ""column_count"": 1, ""row_grain"": ""one row containing the total count""}, ""unresolved_assumptions"": [""A patient should be counted once even if they have multiple qualifying laboratory records.""], ""revision"": null}, ""errors"": []}"
20260714T210045Z-11af1da6,bird_1252,thrombosis_prediction,moderate,2,2,1,db.execute,"SELECT COUNT(DISTINCT L.ID) AS patient_count
FROM Laboratory AS L
INNER JOIN Examination AS E
  ON L.ID = E.ID
WHERE L.IGG > 900
  AND L.IGG < 2000
  AND E.Symptoms IS NOT NULL","[""examination"", ""laboratory""]",1,initial_sql,nonmatching,false,initial_execution_nonmatching,true,retrieval_complete_mining_abstained_semantic_failure,SCHEMA_LINKING,table_or_join_path_mismatch,
20260714T210045Z-11af1da6,bird_1252,thrombosis_prediction,moderate,3,3,1,query_plan.adherence,"SELECT COUNT(DISTINCT L.ID) AS patient_count
FROM Laboratory AS L
INNER JOIN Examination AS E
  ON L.ID = E.ID
WHERE L.IGG > 900
  AND L.IGG < 2000
  AND E.Symptoms IS NOT NULL",[],,not_applicable,adherence_passed,unknown,query_plan.adherence,false,retrieval_complete_mining_abstained_semantic_failure,SCHEMA_LINKING,table_or_join_path_mismatch,"{""schema_version"": 3, ""checks"": {""projection_count"": true, ""group_by_presence"": true, ""having_presence"": true, ""order_by_presence"": true, ""limit_presence"": true, ""required_tables_presence"": true}, ""passed"": true, ""expected_projection_count"": 1, ""actual_projection_count"": 1, ""enforced"": false}"
20260714T210045Z-11af1da6,bird_1252,thrombosis_prediction,moderate,4,4,1,FINAL,SELECT COUNT(DISTINCT L.ID) AS patient_count FROM Laboratory AS L INNER JOIN Examination AS E ON L.ID = E.ID WHERE L.IGG > 900 AND L.IGG < 2000 AND E.Symptoms IS NOT NULL,"[""examination"", ""laboratory""]",1,unchanged,benchmark_nonmatching_final,false,final_same_as_last_execution,false,retrieval_complete_mining_abstained_semantic_failure,SCHEMA_LINKING,table_or_join_path_mismatch,
20260714T210045Z-11af1da6,bird_1254,thrombosis_prediction,moderate,1,1,1,query_plan.initial,,[],,not_applicable,plan_valid,unknown,query_plan.initial,false,retrieval_complete_mining_abstained_semantic_failure,SEMANTIC_REVIEW_REQUIRED,filter_scope_or_expression_mismatch,"{""valid"": true, ""payload"": {""target_entity"": ""patient"", ""grain"": ""one row per distinct patient"", ""schema_links"": [""Laboratory.ID = Patient.ID""], ""required_tables"": [""Patient"", ""Laboratory""], ""joins"": [{""left_table"": ""Patient"", ""right_table"": ""Laboratory"", ""join_type"": ""INNER JOIN"", ""condition"": ""Patient.ID = Laboratory.ID""}], ""filters"": [{""table"": ""Laboratory"", ""column"": ""IGA"", ""predicate"": ""IGA > 80 AND IGA < 500"", ""justification"": ""normal Ig A level per hint""}, {""table"": ""Patient"", ""column"": ""First Date"", ""predicate"": ""YEAR(First Date) >= 1990"", ""justification"": ""came to the hospital after 1990/1/1 per hint""}], ""group_by"": [], ""aggregates"": [{""sql_expression"": ""COUNT(DISTINCT Patient.ID)"", ""justification"": ""question asks how many patients""}], ""aggregation_scope"": ""global"", ""aggregation_justification"": ""The phrase \""How many patients\"" requires a single total count, not per-patient rows."", ""having"": [], ""order_by"": [], ""limit"": null, ""answer_type"": ""scalar"", ""answer_scope"": ""global_scalar"", ""output_columns"": [{""position"": 1, ""semantic_item"": ""count of distinct patients"", ""source_columns"": [""Patient.ID""], ""sql_expression"": ""COUNT(DISTINCT Patient.ID)"", ""source_justification"": ""counts unique patients satisfying both conditions"", ""aggregation"": ""COUNT(DISTINCT)""}], ""candidate_purpose"": ""answer"", ""expected_result_shape"": {""answer_type"": ""scalar"", ""column_count"": 1, ""row_grain"": ""single total count""}, ""unresolved_assumptions"": [""Assumes the count should be distinct patients rather than laboratory rows, because the question asks 'How many patients'.""], ""revision"": null}, ""errors"": []}"
20260714T210045Z-11af1da6,bird_1254,thrombosis_prediction,moderate,2,2,1,db.execute,"SELECT COUNT(DISTINCT P.ID) AS patient_count
FROM Patient AS P
INNER JOIN Laboratory AS L
  ON P.ID = L.ID
WHERE L.IGA > 80
  AND L.IGA < 500
  AND CAST(strftime('%Y', P.""First Date"") AS INTEGER) >= 1990","[""laboratory"", ""patient""]",1,initial_sql,nonmatching,false,initial_execution_nonmatching,true,retrieval_complete_mining_abstained_semantic_failure,SEMANTIC_REVIEW_REQUIRED,filter_scope_or_expression_mismatch,
20260714T210045Z-11af1da6,bird_1254,thrombosis_prediction,moderate,3,3,1,query_plan.adherence,"SELECT COUNT(DISTINCT P.ID) AS patient_count
FROM Patient AS P
INNER JOIN Laboratory AS L
  ON P.ID = L.ID
WHERE L.IGA > 80
  AND L.IGA < 500
  AND CAST(strftime('%Y', P.""First Date"") AS INTEGER) >= 1990",[],,not_applicable,adherence_passed,unknown,query_plan.adherence,false,retrieval_complete_mining_abstained_semantic_failure,SEMANTIC_REVIEW_REQUIRED,filter_scope_or_expression_mismatch,"{""schema_version"": 3, ""checks"": {""projection_count"": true, ""group_by_presence"": true, ""having_presence"": true, ""order_by_presence"": true, ""limit_presence"": true, ""required_tables_presence"": true}, ""passed"": true, ""expected_projection_count"": 1, ""actual_projection_count"": 1, ""enforced"": false}"
20260714T210045Z-11af1da6,bird_1254,thrombosis_prediction,moderate,4,4,1,db.execute,"SELECT COUNT(DISTINCT P.ID) AS patient_count
FROM Patient AS P
INNER JOIN Laboratory AS L
  ON P.ID = L.ID
WHERE L.IGA > 80
  AND L.IGA < 500
  AND CAST(strftime('%Y', P.""First Date"") AS INTEGER) >= 1990","[""laboratory"", ""patient""]",1,unchanged,nonmatching,false,remained_nonmatching,false,retrieval_complete_mining_abstained_semantic_failure,SEMANTIC_REVIEW_REQUIRED,filter_scope_or_expression_mismatch,
20260714T210045Z-11af1da6,bird_1254,thrombosis_prediction,moderate,5,5,1,query_plan.adherence,"SELECT COUNT(DISTINCT P.ID) AS patient_count
FROM Patient AS P
INNER JOIN Laboratory AS L
  ON P.ID = L.ID
WHERE L.IGA > 80
  AND L.IGA < 500
  AND CAST(strftime('%Y', P.""First Date"") AS INTEGER) >= 1990",[],,not_applicable,adherence_passed,unknown,query_plan.adherence,false,retrieval_complete_mining_abstained_semantic_failure,SEMANTIC_REVIEW_REQUIRED,filter_scope_or_expression_mismatch,"{""schema_version"": 3, ""checks"": {""projection_count"": true, ""group_by_presence"": true, ""having_presence"": true, ""order_by_presence"": true, ""limit_presence"": true, ""required_tables_presence"": true}, ""passed"": true, ""expected_projection_count"": 1, ""actual_projection_count"": 1, ""enforced"": false}"
20260714T210045Z-11af1da6,bird_1254,thrombosis_prediction,moderate,6,6,2,FINAL,"SELECT COUNT(DISTINCT P.ID) AS patient_count FROM Patient AS P INNER JOIN Laboratory AS L ON P.ID = L.ID WHERE L.IGA > 80 AND L.IGA < 500 AND CAST(strftime('%Y', P.[First Date]) AS INTEGER) >= 1990","[""laboratory"", ""patient""]",1,expression_or_projection,benchmark_nonmatching_final,false,unverified_rewrite_after_nonmatching_execution,false,retrieval_complete_mining_abstained_semantic_failure,SEMANTIC_REVIEW_REQUIRED,filter_scope_or_expression_mismatch,
20260714T210045Z-11af1da6,bird_1265,thrombosis_prediction,moderate,1,1,1,query_plan.initial,,[],,not_applicable,plan_valid,unknown,query_plan.initial,false,retrieval_complete_mining_abstained_semantic_failure,SEMANTIC_REVIEW_REQUIRED,filter_scope_or_expression_mismatch,"{""valid"": true, ""payload"": {""target_entity"": ""patients"", ""grain"": ""distinct patient"", ""schema_links"": [""Laboratory.ID = Patient.ID""], ""required_tables"": [""Laboratory"", ""Patient""], ""joins"": [{""left_table"": ""Laboratory"", ""left_column"": ""ID"", ""right_table"": ""Patient"", ""right_column"": ""ID"", ""join_type"": ""INNER""}], ""filters"": [{""table"": ""Laboratory"", ""column"": ""RNP"", ""operator"": ""IN"", ""value"": [""-"", ""+-""]}, {""table"": ""Patient"", ""column"": ""Admission"", ""operator"": ""="", ""value"": ""+""}], ""group_by"": [], ""aggregates"": [{""function"": ""COUNT"", ""expression"": ""DISTINCT Patient.ID""}], ""aggregation_scope"": ""global"", ""aggregation_justification"": ""The question asks 'How many patients', which requires a single global count."", ""having"": [], ""order_by"": [], ""limit"": null, ""answer_type"": ""scalar"", ""answer_scope"": ""global_scalar"", ""output_columns"": [{""position"": 1, ""semantic_item"": ""number of patients"", ""source_columns"": [""Patient.ID""], ""sql_expression"": ""COUNT(DISTINCT Patient.ID)"", ""source_justification"": ""Count distinct patients matching the laboratory and admission conditions."", ""aggregation"": ""COUNT DISTINCT""}], ""candidate_purpose"": ""answer"", ""expected_result_shape"": {""answer_type"": ""scalar"", ""column_count"": 1, ""row_grain"": ""one row containing the count""}, ""unresolved_assumptions"": [], ""revision"": null}, ""errors"": []}"
20260714T210045Z-11af1da6,bird_1265,thrombosis_prediction,moderate,2,4,1,db.execute,"SELECT COUNT(DISTINCT Patient.ID)
FROM Laboratory
INNER JOIN Patient ON Laboratory.ID = Patient.ID
WHERE Laboratory.RNP IN ('-', '+-')
  AND Patient.Admission = '+'","[""laboratory"", ""patient""]",1,initial_sql,nonmatching,false,initial_execution_nonmatching,true,retrieval_complete_mining_abstained_semantic_failure,SEMANTIC_REVIEW_REQUIRED,filter_scope_or_expression_mismatch,
20260714T210045Z-11af1da6,bird_1265,thrombosis_prediction,moderate,3,5,1,query_plan.adherence,"SELECT COUNT(DISTINCT Patient.ID)
FROM Laboratory
INNER JOIN Patient ON Laboratory.ID = Patient.ID
WHERE Laboratory.RNP IN ('-', '+-')
  AND Patient.Admission = '+'",[],,not_applicable,adherence_passed,unknown,query_plan.adherence,false,retrieval_complete_mining_abstained_semantic_failure,SEMANTIC_REVIEW_REQUIRED,filter_scope_or_expression_mismatch,"{""schema_version"": 3, ""checks"": {""projection_count"": true, ""group_by_presence"": true, ""having_presence"": true, ""order_by_presence"": true, ""limit_presence"": true, ""required_tables_presence"": true}, ""passed"": true, ""expected_projection_count"": 1, ""actual_projection_count"": 1, ""enforced"": false}"
20260714T210045Z-11af1da6,bird_1265,thrombosis_prediction,moderate,4,6,2,query_plan.revision,,[],,not_applicable,plan_valid,unknown,query_plan.revision,false,retrieval_complete_mining_abstained_semantic_failure,SEMANTIC_REVIEW_REQUIRED,filter_scope_or_expression_mismatch,"{""valid"": true, ""payload"": {""observation_ref"": 4, ""changed_constraints"": [""filters""], ""updated_fields"": {""filters"": [{""table"": ""Laboratory"", ""column"": ""RNP"", ""operator"": ""IN"", ""value"": [""negative"", ""0""]}, {""table"": ""Patient"", ""column"": ""Admission"", ""operator"": ""="", ""value"": ""+""}]}, ""reason"": ""Sampled values show Laboratory.RNP stores the normal codes as 'negative' and '0' rather than '-' and '+-'. Admission '+' is confirmed."", ""candidate_purpose"": ""answer""}, ""errors"": []}"
20260714T210045Z-11af1da6,bird_1265,thrombosis_prediction,moderate,5,7,2,db.execute,"SELECT COUNT(DISTINCT T1.ID)
FROM Laboratory AS T1
INNER JOIN Patient AS T2 ON T1.ID = T2.ID
WHERE T1.RNP IN ('negative', '0')
  AND T2.Admission = '+'","[""laboratory"", ""patient""]",1,expression_or_projection,nonmatching,false,remained_nonmatching,false,retrieval_complete_mining_abstained_semantic_failure,SEMANTIC_REVIEW_REQUIRED,filter_scope_or_expression_mismatch,
20260714T210045Z-11af1da6,bird_1265,thrombosis_prediction,moderate,6,8,2,query_plan.adherence,"SELECT COUNT(DISTINCT T1.ID)
FROM Laboratory AS T1
INNER JOIN Patient AS T2 ON T1.ID = T2.ID
WHERE T1.RNP IN ('negative', '0')
  AND T2.Admission = '+'",[],,not_applicable,adherence_passed,unknown,query_plan.adherence,false,retrieval_complete_mining_abstained_semantic_failure,SEMANTIC_REVIEW_REQUIRED,filter_scope_or_expression_mismatch,"{""schema_version"": 3, ""checks"": {""projection_count"": true, ""group_by_presence"": true, ""having_presence"": true, ""order_by_presence"": true, ""limit_presence"": true, ""required_tables_presence"": true}, ""passed"": true, ""expected_projection_count"": 1, ""actual_projection_count"": 1, ""enforced"": false}"
20260714T210045Z-11af1da6,bird_1265,thrombosis_prediction,moderate,7,9,2,FINAL,"SELECT COUNT(DISTINCT T1.ID) FROM Laboratory AS T1 INNER JOIN Patient AS T2 ON T1.ID = T2.ID WHERE T1.RNP IN ('negative', '0') AND T2.Admission = '+'","[""laboratory"", ""patient""]",1,unchanged,benchmark_nonmatching_final,false,final_same_as_last_execution,false,retrieval_complete_mining_abstained_semantic_failure,SEMANTIC_REVIEW_REQUIRED,filter_scope_or_expression_mismatch,
20260714T210045Z-11af1da6,bird_1267,thrombosis_prediction,moderate,1,1,1,query_plan.initial,,[],,not_applicable,plan_valid,unknown,query_plan.initial,false,retrieval_complete_mining_abstained_semantic_failure,SEMANTIC_REVIEW_REQUIRED,filter_scope_or_expression_mismatch,"{""valid"": true, ""payload"": {""target_entity"": ""patients with normal anti-SM and no thrombosis"", ""grain"": ""patient"", ""schema_links"": [""Laboratory.ID = Examination.ID""], ""required_tables"": [""Laboratory"", ""Examination""], ""joins"": [{""left_table"": ""Laboratory"", ""right_table"": ""Examination"", ""on"": [""Laboratory.ID = Examination.ID""], ""type"": ""INNER JOIN""}], ""filters"": [{""table"": ""Laboratory"", ""column"": ""SM"", ""operator"": ""IN"", ""value"": [""-"", ""+-""]}, {""table"": ""Examination"", ""column"": ""Thrombosis"", ""operator"": ""="", ""value"": 0}], ""group_by"": [], ""aggregates"": [{""function"": ""COUNT"", ""expression"": ""DISTINCT Laboratory.ID"", ""purpose"": ""count patients""}], ""aggregation_scope"": ""global"", ""aggregation_justification"": ""The phrase \""how many of them\"" requires counting the qualifying patients."", ""having"": [], ""order_by"": [], ""limit"": null, ""answer_type"": ""scalar"", ""answer_scope"": ""global_scalar"", ""output_columns"": [{""position"": 1, ""semantic_item"": ""number of patients"", ""source_columns"": [""Laboratory.ID"", ""Laboratory.SM"", ""Examination.Thrombosis""], ""sql_expression"": ""COUNT(DISTINCT Laboratory.ID)"", ""source_justification"": ""Count each qualifying patient once even if there are multiple laboratory rows."", ""aggregation"": ""COUNT DISTINCT""}], ""candidate_purpose"": ""explore"", ""expected_result_shape"": {""answer_type"": ""scalar"", ""column_count"": 1, ""row_grain"": ""single value""}, ""unresolved_assumptions"": [], ""revision"": null}, ""errors"": []}"
20260714T210045Z-11af1da6,bird_1267,thrombosis_prediction,moderate,2,4,1,db.execute,"SELECT COUNT(DISTINCT Laboratory.ID)
FROM Laboratory
INNER JOIN Examination
  ON Laboratory.ID = Examination.ID
WHERE Laboratory.SM IN ('-', '+-')
  AND Examination.Thrombosis = 0","[""examination"", ""laboratory""]",1,initial_sql,nonmatching,false,initial_execution_nonmatching,true,retrieval_complete_mining_abstained_semantic_failure,SEMANTIC_REVIEW_REQUIRED,filter_scope_or_expression_mismatch,
20260714T210045Z-11af1da6,bird_1267,thrombosis_prediction,moderate,3,5,1,query_plan.adherence,"SELECT COUNT(DISTINCT Laboratory.ID)
FROM Laboratory
INNER JOIN Examination
  ON Laboratory.ID = Examination.ID
WHERE Laboratory.SM IN ('-', '+-')
  AND Examination.Thrombosis = 0",[],,not_applicable,adherence_passed,unknown,query_plan.adherence,false,retrieval_complete_mining_abstained_semantic_failure,SEMANTIC_REVIEW_REQUIRED,filter_scope_or_expression_mismatch,"{""schema_version"": 3, ""checks"": {""projection_count"": true, ""group_by_presence"": true, ""having_presence"": true, ""order_by_presence"": true, ""limit_presence"": true, ""required_tables_presence"": true}, ""passed"": true, ""expected_projection_count"": 1, ""actual_projection_count"": 1, ""enforced"": false}"
20260714T210045Z-11af1da6,bird_1267,thrombosis_prediction,moderate,4,6,2,FINAL,"SELECT COUNT(DISTINCT T1.ID) FROM Laboratory AS T1 INNER JOIN Examination AS T2 ON T1.ID = T2.ID WHERE T1.SM IN ('negative', '0') AND T2.Thrombosis = 0","[""examination"", ""laboratory""]",1,expression_or_projection,benchmark_nonmatching_final,false,unverified_rewrite_after_nonmatching_execution,false,retrieval_complete_mining_abstained_semantic_failure,SEMANTIC_REVIEW_REQUIRED,filter_scope_or_expression_mismatch,
20260714T210045Z-11af1da6,bird_1029,european_football_2,moderate,1,1,1,query_plan.initial,,[],,not_applicable,plan_valid,unknown,query_plan.initial,false,retrieval_complete_mining_abstained_semantic_failure,OUTPUT_CONTRACT,output_column_count_mismatch,"{""valid"": true, ""payload"": {""target_entity"": ""top 4 teams with the highest buildUpPlaySpeed"", ""grain"": ""one row per team"", ""schema_links"": [{""left_table"": ""Team_Attributes"", ""left_column"": ""team_api_id"", ""right_table"": ""Team"", ""right_column"": ""team_api_id"", ""relationship"": ""many-to-one""}], ""required_tables"": [""Team_Attributes"", ""Team""], ""joins"": [{""left_table"": ""Team_Attributes"", ""left_column"": ""team_api_id"", ""right_table"": ""Team"", ""right_column"": ""team_api_id"", ""join_type"": ""INNER""}], ""filters"": [], ""group_by"": [""Team.team_api_id"", ""Team.team_long_name""], ""aggregates"": [{""expression"": ""MAX(Team_Attributes.buildUpPlaySpeed)"", ""alias"": ""buildUpPlaySpeed""}], ""aggregation_scope"": ""per_entity"", ""aggregation_justification"": ""The hint says highest build up play speed refers to MAX(buildUpPlaySpeed), so we need one value per team to rank teams."", ""having"": [], ""order_by"": [{""expression"": ""MAX(Team_Attributes.buildUpPlaySpeed)"", ""direction"": ""DESC""}, {""expression"": ""Team.team_long_name"", ""direction"": ""ASC""}], ""limit"": 4, ""answer_type"": ""rows"", ""answer_scope"": ""per_entity_rows"", ""output_columns"": [{""position"": 1, ""semantic_item"": ""team_long_name"", ""source_columns"": [""Team.team_long_name""], ""sql_expression"": ""Team.team_long_name"", ""source_justification"": ""Needed to identify each of the top teams."", ""aggregation"": ""none""}, {""position"": 2, ""semantic_item"": ""buildUpPlaySpeed"", ""source_columns"": [""Team_Attributes.buildUpPlaySpeed""], ""sql_expression"": ""MAX(Team_Attributes.buildUpPlaySpeed)"", ""source_justification"": ""Hint defines the requested speed as buildUpPlaySpeed and highest as MAX(buildUpPlaySpeed)."", ""aggregation"": ""MAX""}], ""candidate_purpose"": ""answer"", ""expected_result_shape"": {""answer_type"": ""rows"", ""column_count"": 2, ""row_grain"": ""one row per team""}, ""unresolved_assumptions"": [""Ranking is based on the maximum buildUpPlaySpeed observed for each team across Team_Attributes rows.""], ""revision"": null}, ""errors"": []}"
20260714T210045Z-11af1da6,bird_1029,european_football_2,moderate,2,2,1,db.execute,"SELECT
  Team.team_long_name,
  MAX(Team_Attributes.buildUpPlaySpeed) AS buildUpPlaySpeed
FROM Team_Attributes
JOIN Team
  ON Team_Attributes.team_api_id = Team.team_api_id
GROUP BY Team.team_api_id, Team.team_long_name
ORDER BY MAX(Team_Attributes.buildUpPlaySpeed) DESC, Team.team_long_name ASC
LIMIT 4;","[""team"", ""team_attributes""]",2,initial_sql,nonmatching,false,initial_execution_nonmatching,true,retrieval_complete_mining_abstained_semantic_failure,OUTPUT_CONTRACT,output_column_count_mismatch,
20260714T210045Z-11af1da6,bird_1029,european_football_2,moderate,3,3,1,query_plan.adherence,"SELECT
  Team.team_long_name,
  MAX(Team_Attributes.buildUpPlaySpeed) AS buildUpPlaySpeed
FROM Team_Attributes
JOIN Team
  ON Team_Attributes.team_api_id = Team.team_api_id
GROUP BY Team.team_api_id, Team.team_long_name
ORDER BY MAX(Team_Attributes.buildUpPlaySpeed) DESC, Team.team_long_name ASC
LIMIT 4;",[],,not_applicable,adherence_passed,unknown,query_plan.adherence,false,retrieval_complete_mining_abstained_semantic_failure,OUTPUT_CONTRACT,output_column_count_mismatch,"{""schema_version"": 3, ""checks"": {""projection_count"": true, ""group_by_presence"": true, ""having_presence"": true, ""order_by_presence"": true, ""limit_presence"": true, ""required_tables_presence"": true}, ""passed"": true, ""expected_projection_count"": 2, ""actual_projection_count"": 2, ""enforced"": false}"
20260714T210045Z-11af1da6,bird_1029,european_football_2,moderate,4,4,1,FINAL,"SELECT Team.team_long_name, MAX(Team_Attributes.buildUpPlaySpeed) AS buildUpPlaySpeed FROM Team_Attributes JOIN Team ON Team_Attributes.team_api_id = Team.team_api_id GROUP BY Team.team_api_id, Team.team_long_name ORDER BY MAX(Team_Attributes.buildUpPlaySpeed) DESC, Team.team_long_name ASC LIMIT 4","[""team"", ""team_attributes""]",2,unchanged,benchmark_nonmatching_final,false,final_same_as_last_execution,false,retrieval_complete_mining_abstained_semantic_failure,OUTPUT_CONTRACT,output_column_count_mismatch,
20260714T210045Z-11af1da6,bird_1031,european_football_2,challenging,1,1,1,query_plan.initial,,[],,not_applicable,plan_valid,unknown,query_plan.initial,false,retrieval_complete_mining_abstained_semantic_failure,SEMANTIC_REVIEW_REQUIRED,filter_scope_or_expression_mismatch,"{""valid"": true, ""payload"": {""target_entity"": ""player age"", ""grain"": ""one row per qualifying Player_Attributes record joined to its Player"", ""schema_links"": [{""left_table"": ""Player_Attributes"", ""left_column"": ""player_api_id"", ""right_table"": ""Player"", ""right_column"": ""player_api_id"", ""purpose"": ""join player attributes to player birthday for age calculation""}], ""required_tables"": [""Player_Attributes"", ""Player""], ""joins"": [{""left_table"": ""Player_Attributes"", ""right_table"": ""Player"", ""join_type"": ""INNER JOIN"", ""condition"": ""Player_Attributes.player_api_id = Player.player_api_id""}], ""filters"": [{""table"": ""Player_Attributes"", ""column"": ""sprint_speed"", ""operator"": "">="", ""value"": 97}, {""table"": ""Player_Attributes"", ""column"": ""date"", ""operator"": ""YEAR BETWEEN"", ""value"": [2013, 2015]}], ""group_by"": [], ""aggregates"": [], ""aggregation_scope"": ""none"", ""aggregation_justification"": null, ""having"": [], ""order_by"": [], ""limit"": null, ""answer_type"": ""rows"", ""answer_scope"": ""per_entity_rows"", ""output_columns"": [{""position"": 1, ""semantic_item"": ""player age at present"", ""source_columns"": [""Player.birthday""], ""sql_expression"": ""CAST((julianday('now') - julianday(Player.birthday)) / 365.25 AS INTEGER)"", ""source_justification"": ""The requested age is derived from the player's birthday and the current date."", ""aggregation"": ""none""}], ""candidate_purpose"": ""answer"", ""expected_result_shape"": {""answer_type"": ""rows"", ""column_count"": 1, ""row_grain"": ""one age value per qualifying Player_Attributes record""}, ""unresolved_assumptions"": [""Interpret 'calculate for the player's age' as returning each qualifying player's current age rather than an aggregate age.""], ""revision"": null}, ""errors"": []}"
20260714T210045Z-11af1da6,bird_1031,european_football_2,challenging,2,2,1,db.execute,"SELECT CAST((julianday('now') - julianday(P.birthday)) / 365.25 AS INTEGER) AS age
FROM Player_Attributes AS PA
INNER JOIN Player AS P
  ON PA.player_api_id = P.player_api_id
WHERE PA.sprint_speed >= 97
  AND CAST(strftime('%Y', PA.date) AS INTEGER) BETWEEN 2013 AND 2015","[""player"", ""player_attributes""]",1,initial_sql,nonmatching,false,initial_execution_nonmatching,true,retrieval_complete_mining_abstained_semantic_failure,SEMANTIC_REVIEW_REQUIRED,filter_scope_or_expression_mismatch,
20260714T210045Z-11af1da6,bird_1031,european_football_2,challenging,3,3,1,query_plan.adherence,"SELECT CAST((julianday('now') - julianday(P.birthday)) / 365.25 AS INTEGER) AS age
FROM Player_Attributes AS PA
INNER JOIN Player AS P
  ON PA.player_api_id = P.player_api_id
WHERE PA.sprint_speed >= 97
  AND CAST(strftime('%Y', PA.date) AS INTEGER) BETWEEN 2013 AND 2015",[],,not_applicable,adherence_passed,unknown,query_plan.adherence,false,retrieval_complete_mining_abstained_semantic_failure,SEMANTIC_REVIEW_REQUIRED,filter_scope_or_expression_mismatch,"{""schema_version"": 3, ""checks"": {""projection_count"": true, ""group_by_presence"": true, ""having_presence"": true, ""order_by_presence"": true, ""limit_presence"": true, ""required_tables_presence"": true}, ""passed"": true, ""expected_projection_count"": 1, ""actual_projection_count"": 1, ""enforced"": false}"
20260714T210045Z-11af1da6,bird_1031,european_football_2,challenging,4,4,1,FINAL,"SELECT CAST((julianday('now') - julianday(P.birthday)) / 365.25 AS INTEGER) AS age FROM Player_Attributes AS PA INNER JOIN Player AS P ON PA.player_api_id = P.player_api_id WHERE PA.sprint_speed >= 97 AND CAST(strftime('%Y', PA.date) AS INTEGER) BETWEEN 2013 AND 2015","[""player"", ""player_attributes""]",1,unchanged,benchmark_nonmatching_final,false,final_same_as_last_execution,false,retrieval_complete_mining_abstained_semantic_failure,SEMANTIC_REVIEW_REQUIRED,filter_scope_or_expression_mismatch,
20260714T210045Z-11af1da6,bird_1058,european_football_2,challenging,1,1,1,query_plan.initial,,[],,not_applicable,plan_valid,unknown,query_plan.initial,false,retrieval_complete_mining_abstained_semantic_failure,AGGREGATION_REASONING,aggregation_or_grouping_mismatch,"{""valid"": true, ""payload"": {""target_entity"": ""player"", ""grain"": ""one selected player among the tallest and shortest football players"", ""schema_links"": [""Player.player_api_id = Player_Attributes.player_api_id""], ""required_tables"": [""Player"", ""Player_Attributes""], ""joins"": [""INNER JOIN Player_Attributes ON Player.player_api_id = Player_Attributes.player_api_id""], ""filters"": [""Player.height IN ((SELECT MAX(height) FROM Player), (SELECT MIN(height) FROM Player))""], ""group_by"": [""Player.player_api_id"", ""Player.player_name""], ""aggregates"": [""AVG(Player_Attributes.finishing) AS avg_finishing""], ""aggregation_scope"": ""per_entity"", ""aggregation_justification"": ""The phrase 'average finishing rate' requires averaging finishing per player, and 'highest' requires choosing the maximum of those per-player averages among the tallest and shortest players."", ""having"": [], ""order_by"": [""avg_finishing DESC"", ""Player.player_name ASC""], ""limit"": 1, ""answer_type"": ""rows"", ""answer_scope"": ""single_entity_row"", ""output_columns"": [{""position"": 1, ""semantic_item"": ""player name"", ""source_columns"": [""Player.player_name""], ""sql_expression"": ""Player.player_name"", ""source_justification"": ""The question asks 'Who', so the player's name identifies the answer."", ""aggregation"": ""none""}], ""candidate_purpose"": ""answer"", ""expected_result_shape"": {""answer_type"": ""rows"", ""column_count"": 1, ""row_grain"": ""one selected player name""}, ""unresolved_assumptions"": [""If multiple players tie on average finishing, the query breaks ties alphabetically and returns one row.""], ""revision"": null}, ""errors"": []}"
20260714T210045Z-11af1da6,bird_1058,european_football_2,challenging,2,2,1,db.execute,"WITH extreme_players AS (
  SELECT p.player_api_id, p.player_name
  FROM Player AS p
  WHERE p.height = (SELECT MAX(height) FROM Player)
     OR p.height = (SELECT MIN(height) FROM Player)
),
player_avg AS (
  SELECT ep.player_api_id, ep.player_name, AVG(pa.finishing) AS avg_finishing
  FROM extreme_players AS ep
  JOIN Player_Attributes AS pa
    ON ep.player_api_id = pa.player_api_id
  GROUP BY ep.player_api_id, ep.player_name
)
SELECT player_name
FROM player_avg
ORDER BY avg_finishing DESC, player_name ASC
LIMIT 1;","[""extreme_players"", ""player"", ""player_attributes"", ""player_avg""]",1,initial_sql,nonmatching,false,initial_execution_nonmatching,true,retrieval_complete_mining_abstained_semantic_failure,AGGREGATION_REASONING,aggregation_or_grouping_mismatch,
20260714T210045Z-11af1da6,bird_1058,european_football_2,challenging,3,3,1,query_plan.adherence,"WITH extreme_players AS (
  SELECT p.player_api_id, p.player_name
  FROM Player AS p
  WHERE p.height = (SELECT MAX(height) FROM Player)
     OR p.height = (SELECT MIN(height) FROM Player)
),
player_avg AS (
  SELECT ep.player_api_id, ep.player_name, AVG(pa.finishing) AS avg_finishing
  FROM extreme_players AS ep
  JOIN Player_Attributes AS pa
    ON ep.player_api_id = pa.player_api_id
  GROUP BY ep.player_api_id, ep.player_name
)
SELECT player_name
FROM player_avg
ORDER BY avg_finishing DESC, player_name ASC
LIMIT 1;",[],,not_applicable,adherence_passed,unknown,query_plan.adherence,false,retrieval_complete_mining_abstained_semantic_failure,AGGREGATION_REASONING,aggregation_or_grouping_mismatch,"{""schema_version"": 3, ""checks"": {""projection_count"": true, ""group_by_presence"": true, ""having_presence"": true, ""order_by_presence"": true, ""limit_presence"": true, ""required_tables_presence"": true}, ""passed"": true, ""expected_projection_count"": 1, ""actual_projection_count"": 1, ""enforced"": false}"
20260714T210045Z-11af1da6,bird_1058,european_football_2,challenging,4,4,1,FINAL,"WITH extreme_players AS ( SELECT p.player_api_id, p.player_name FROM Player AS p WHERE p.height = (SELECT MAX(height) FROM Player) OR p.height = (SELECT MIN(height) FROM Player) ), player_avg AS ( SELECT ep.player_api_id, ep.player_name, AVG(pa.finishing) AS avg_finishing FROM extreme_players AS ep JOIN Player_Attributes AS pa ON ep.player_api_id = pa.player_api_id GROUP BY ep.player_api_id, ep.player_name ) SELECT player_name FROM player_avg ORDER BY avg_finishing DESC, player_name ASC LIMIT 1;","[""extreme_players"", ""player"", ""player_attributes"", ""player_avg""]",1,unchanged,benchmark_nonmatching_final,false,final_same_as_last_execution,false,retrieval_complete_mining_abstained_semantic_failure,AGGREGATION_REASONING,aggregation_or_grouping_mismatch,
20260714T210045Z-11af1da6,bird_1092,european_football_2,simple,1,1,1,query_plan.initial,,[],,not_applicable,plan_valid,unknown,query_plan.initial,false,detailed_schema_column_miss_or_compact_index_only,AGGREGATION_REASONING,aggregation_or_grouping_mismatch,"{""valid"": true, ""payload"": {""target_entity"": ""league"", ""grain"": ""one league name"", ""schema_links"": [""Match.league_id = League.id""], ""required_tables"": [""Match"", ""League""], ""joins"": [{""left_table"": ""Match"", ""left_column"": ""league_id"", ""right_table"": ""League"", ""right_column"": ""id"", ""join_type"": ""INNER""}], ""filters"": [{""table"": ""Match"", ""column"": ""season"", ""operator"": ""="", ""value"": ""2008/2009""}], ""group_by"": [""League.id"", ""League.name""], ""aggregates"": [{""expression"": ""COUNT(Match.id)"", ""alias"": ""match_count"", ""scope"": ""per_entity""}], ""aggregation_scope"": ""per_entity"", ""aggregation_justification"": ""The phrase 'had the most matches' requires counting matches per league within the 2008/2009 season and ranking by that count."", ""having"": [], ""order_by"": [{""expression"": ""COUNT(Match.id)"", ""direction"": ""DESC""}], ""limit"": 1, ""answer_type"": ""scalar"", ""answer_scope"": ""global_scalar"", ""output_columns"": [{""position"": 1, ""semantic_item"": ""league_name"", ""source_columns"": [""League.name""], ""sql_expression"": ""League.name"", ""source_justification"": ""The question asks for the name of the league."", ""aggregation"": ""none""}], ""candidate_purpose"": ""answer"", ""expected_result_shape"": {""answer_type"": ""scalar"", ""column_count"": 1, ""row_grain"": ""single league name""}, ""unresolved_assumptions"": [""If multiple leagues are tied for the most matches, LIMIT 1 returns one of them.""], ""revision"": null}, ""errors"": []}"
20260714T210045Z-11af1da6,bird_1092,european_football_2,simple,2,2,3,FINAL,"SELECT League.name FROM Match JOIN League ON Match.league_id = League.id WHERE Match.season = '2008/2009' GROUP BY League.id, League.name ORDER BY COUNT(Match.id) DESC LIMIT 1","[""league"", ""match""]",1,initial_sql,benchmark_nonmatching_final,false,final_without_execution,false,detailed_schema_column_miss_or_compact_index_only,AGGREGATION_REASONING,aggregation_or_grouping_mismatch,
20260714T210045Z-11af1da6,bird_1094,european_football_2,challenging,1,1,1,query_plan.initial,,[],,not_applicable,plan_valid,unknown,query_plan.initial,false,retrieval_complete_mining_abstained_semantic_failure,AGGREGATION_REASONING,aggregation_or_grouping_mismatch,"{""valid"": true, ""payload"": {""target_entity"": ""comparison of Ariel Borysiuk and Paulin Puel overall_rating values"", ""grain"": ""global_scalar"", ""schema_links"": [""Player.player_api_id = Player_Attributes.player_api_id"", ""Player.player_name filters the two referenced players""], ""required_tables"": [""Player"", ""Player_Attributes""], ""joins"": [{""left_table"": ""Player"", ""left_column"": ""player_api_id"", ""right_table"": ""Player_Attributes"", ""right_column"": ""player_api_id"", ""join_type"": ""INNER""}], ""filters"": [{""table"": ""Player"", ""column"": ""player_name"", ""operator"": ""IN"", ""value"": [""Ariel Borysiuk"", ""Paulin Puel""]}], ""group_by"": [{""table"": ""Player"", ""column"": ""player_name""}], ""aggregates"": [{""function"": ""COUNT"", ""expression"": ""COUNT(*)"", ""purpose"": ""inspect how many attribute rows each player has""}, {""function"": ""MIN"", ""expression"": ""MIN(Player_Attributes.overall_rating)"", ""purpose"": ""inspect rating range""}, {""function"": ""MAX"", ""expression"": ""MAX(Player_Attributes.overall_rating)"", ""purpose"": ""inspect rating range""}, {""function"": ""AVG"", ""expression"": ""AVG(Player_Attributes.overall_rating)"", ""purpose"": ""inspect central tendency""}], ""aggregation_scope"": ""per_entity"", ""aggregation_justification"": ""Exploration only to determine whether overall_rating is single-valued or varies by date."", ""having"": [], ""order_by"": [{""expression"": ""Player.player_name"", ""direction"": ""ASC""}], ""limit"": null, ""answer_type"": ""rows"", ""answer_scope"": ""single_entity_row"", ""output_columns"": [{""position"": 1, ""semantic_item"": ""player_name"", ""source_columns"": [""Player.player_name""], ""sql_expression"": ""Player.player_name"", ""source_justification"": ""Identify which referenced player the row summarizes."", ""aggregation"": ""none""}, {""position"": 2, ""semantic_item"": ""attribute_row_count"", ""source_columns"": [""Player_Attributes.id""], ""sql_expression"": ""COUNT(*)"", ""source_justification"": ""Count of Player_Attributes rows associated with the player."", ""aggregation"": ""COUNT""}, {""position"": 3, ""semantic_item"": ""min_overall_rating"", ""source_columns"": [""Player_Attributes.overall_rating""], ""sql_expression"": ""MIN(Player_Attributes.overall_rating)"", ""source_justification"": ""Inspect lower bound of the player's recorded ratings."", ""aggregation"": ""MIN""}, {""position"": 4, ""semantic_item"": ""max_overall_rating"", ""source_columns"": [""Player_Attributes.overall_rating""], ""sql_expression"": ""MAX(Player_Attributes.overall_rating)"", ""source_justification"": ""Inspect upper bound of the player's recorded ratings."", ""aggregation"": ""MAX""}, {""position"": 5, ""semantic_item"": ""avg_overall_rating"", ""source_columns"": [""Player_Attributes.overall_rating""], ""sql_expression"": ""AVG(Player_Attributes.overall_rating)"", ""source_justification"": ""Inspect typical rating value."", ""aggregation"": ""AVG""}, {""position"": 6, ""semantic_item"": ""first_date"", ""source_columns"": [""Player_Attributes.date""], ""sql_expression"": ""MIN(Player_Attributes.date)"", ""source_justification"": ""Inspect earliest attribute snapshot date."", ""aggregation"": ""MIN""}, {""position"": 7, ""semantic_item"": ""last_date"", ""source_columns"": [""Player_Attributes.date""], ""sql_expression"": ""MAX(Player_Attributes.date)"", ""source_justification"": ""Inspect latest attribute snapshot date."", ""aggregation"": ""MAX""}], ""candidate_purpose"": ""explore"", ""expected_result_shape"": {""answer_type"": ""rows"", ""column_count"": 7, ""row_grain"": ""one summary row per referenced player""}, ""unresolved_assumptions"": [""The phrase 'overall rating' may refer to a single snapshot row, an average across snapshots, or another aggregation; the exploration checks whether multiple attribute rows exist per player.""], ""revision"": null}, ""errors"": []}"
20260714T210045Z-11af1da6,bird_1094,european_football_2,challenging,2,2,1,db.execute,"SELECT p.player_name,
       COUNT(*) AS n_rows,
       MIN(pa.overall_rating) AS min_rating,
       MAX(pa.overall_rating) AS max_rating,
       ROUND(AVG(pa.overall_rating), 2) AS avg_rating,
       MIN(pa.date) AS first_date,
       MAX(pa.date) AS last_date
FROM Player p
JOIN Player_Attributes pa
  ON p.player_api_id = pa.player_api_id
WHERE p.player_name IN ('Ariel Borysiuk', 'Paulin Puel')
GROUP BY p.player_name
ORDER BY p.player_name;","[""player"", ""player_attributes""]",7,initial_sql,nonmatching,false,initial_execution_nonmatching,true,retrieval_complete_mining_abstained_semantic_failure,AGGREGATION_REASONING,aggregation_or_grouping_mismatch,
20260714T210045Z-11af1da6,bird_1094,european_football_2,challenging,3,3,1,query_plan.adherence,"SELECT p.player_name,
       COUNT(*) AS n_rows,
       MIN(pa.overall_rating) AS min_rating,
       MAX(pa.overall_rating) AS max_rating,
       ROUND(AVG(pa.overall_rating), 2) AS avg_rating,
       MIN(pa.date) AS first_date,
       MAX(pa.date) AS last_date
FROM Player p
JOIN Player_Attributes pa
  ON p.player_api_id = pa.player_api_id
WHERE p.player_name IN ('Ariel Borysiuk', 'Paulin Puel')
GROUP BY p.player_name
ORDER BY p.player_name;",[],,not_applicable,adherence_passed,unknown,query_plan.adherence,false,retrieval_complete_mining_abstained_semantic_failure,AGGREGATION_REASONING,aggregation_or_grouping_mismatch,"{""schema_version"": 3, ""checks"": {""projection_count"": true, ""group_by_presence"": true, ""having_presence"": true, ""order_by_presence"": true, ""limit_presence"": true, ""required_tables_presence"": true}, ""passed"": true, ""expected_projection_count"": 7, ""actual_projection_count"": 7, ""enforced"": false}"
20260714T210045Z-11af1da6,bird_1094,european_football_2,challenging,4,4,2,FINAL,"WITH ariel AS (SELECT pa.overall_rating FROM Player p JOIN Player_Attributes pa ON p.player_api_id = pa.player_api_id WHERE p.player_name = 'Ariel Borysiuk' ORDER BY pa.date DESC LIMIT 1), paulin AS (SELECT pa.overall_rating FROM Player p JOIN Player_Attributes pa ON p.player_api_id = pa.player_api_id WHERE p.player_name = 'Paulin Puel' ORDER BY pa.date DESC LIMIT 1) SELECT ((ariel.overall_rating - paulin.overall_rating) * 100.0 / paulin.overall_rating) AS percentage_higher FROM ariel, paulin;","[""ariel"", ""player"", ""player_attributes""]",1,"tables_or_join,projection_count,group_by,limit,aggregate",benchmark_nonmatching_final,false,unverified_rewrite_after_nonmatching_execution,false,retrieval_complete_mining_abstained_semantic_failure,AGGREGATION_REASONING,aggregation_or_grouping_mismatch,
20260714T210045Z-11af1da6,bird_1107,european_football_2,moderate,1,1,1,query_plan.initial,,[],,not_applicable,plan_valid,unknown,query_plan.initial,false,detailed_schema_column_miss_or_compact_index_only,AGGREGATION_REASONING,sort_direction_or_order_scope_mismatch,"{""valid"": true, ""payload"": {""target_entity"": ""Kevin Constant player attribute record"", ""grain"": ""one Player_Attributes row for the matched player"", ""schema_links"": [""Player.player_api_id = Player_Attributes.player_api_id""], ""required_tables"": [""Player"", ""Player_Attributes""], ""joins"": [{""left_table"": ""Player"", ""left_column"": ""player_api_id"", ""right_table"": ""Player_Attributes"", ""right_column"": ""player_api_id"", ""join_type"": ""INNER""}], ""filters"": [{""table"": ""Player"", ""column"": ""player_name"", ""operator"": ""="", ""value"": ""Kevin Constant""}], ""group_by"": [], ""aggregates"": [], ""aggregation_scope"": ""none"", ""aggregation_justification"": null, ""having"": [], ""order_by"": [{""expression"": ""Player_Attributes.crossing"", ""direction"": ""DESC""}, {""expression"": ""Player_Attributes.date"", ""direction"": ""ASC""}], ""limit"": 1, ""answer_type"": ""scalar"", ""answer_scope"": ""global_scalar"", ""output_columns"": [{""position"": 1, ""semantic_item"": ""date when Kevin Constant first reached his maximum crossing score"", ""source_columns"": [""Player_Attributes.date"", ""Player_Attributes.crossing"", ""Player.player_name""], ""sql_expression"": ""Player_Attributes.date"", ""source_justification"": ""The question asks for the date of the first occurrence of Kevin Constant's highest crossing score."", ""aggregation"": ""none""}], ""candidate_purpose"": ""answer"", ""expected_result_shape"": {""answer_type"": ""scalar"", ""column_count"": 1, ""row_grain"": ""single row containing the date""}, ""unresolved_assumptions"": [], ""revision"": null}, ""errors"": []}"
20260714T210045Z-11af1da6,bird_1107,european_football_2,moderate,2,2,1,db.execute,"SELECT PA.date
FROM Player AS P
INNER JOIN Player_Attributes AS PA
  ON P.player_api_id = PA.player_api_id
WHERE P.player_name = 'Kevin Constant'
ORDER BY PA.crossing DESC, PA.date ASC
LIMIT 1","[""player"", ""player_attributes""]",1,initial_sql,nonmatching,false,initial_execution_nonmatching,true,detailed_schema_column_miss_or_compact_index_only,AGGREGATION_REASONING,sort_direction_or_order_scope_mismatch,
20260714T210045Z-11af1da6,bird_1107,european_football_2,moderate,3,3,1,query_plan.adherence,"SELECT PA.date
FROM Player AS P
INNER JOIN Player_Attributes AS PA
  ON P.player_api_id = PA.player_api_id
WHERE P.player_name = 'Kevin Constant'
ORDER BY PA.crossing DESC, PA.date ASC
LIMIT 1",[],,not_applicable,adherence_passed,unknown,query_plan.adherence,false,detailed_schema_column_miss_or_compact_index_only,AGGREGATION_REASONING,sort_direction_or_order_scope_mismatch,"{""schema_version"": 3, ""checks"": {""projection_count"": true, ""group_by_presence"": true, ""having_presence"": true, ""order_by_presence"": true, ""limit_presence"": true, ""required_tables_presence"": true}, ""passed"": true, ""expected_projection_count"": 1, ""actual_projection_count"": 1, ""enforced"": false}"
20260714T210045Z-11af1da6,bird_1107,european_football_2,moderate,4,4,1,FINAL,"SELECT PA.date FROM Player AS P INNER JOIN Player_Attributes AS PA ON P.player_api_id = PA.player_api_id WHERE P.player_name = 'Kevin Constant' ORDER BY PA.crossing DESC, PA.date ASC LIMIT 1","[""player"", ""player_attributes""]",1,unchanged,benchmark_nonmatching_final,false,final_same_as_last_execution,false,detailed_schema_column_miss_or_compact_index_only,AGGREGATION_REASONING,sort_direction_or_order_scope_mismatch,
20260714T210045Z-11af1da6,bird_1135,european_football_2,moderate,1,1,1,query_plan.initial,,[],,not_applicable,plan_valid,unknown,query_plan.initial,false,retrieval_complete_mining_abstained_semantic_failure,AGGREGATION_REASONING,aggregation_or_grouping_mismatch,"{""valid"": true, ""payload"": {""target_entity"": ""football players"", ""grain"": ""one row per matching player_api_id"", ""schema_links"": [""Player_Attributes.player_api_id is the player identifier to return"", ""Player_Attributes.potential provides the potential score"", ""Player_Attributes.preferred_foot provides the attacking foot preference""], ""required_tables"": [""Player_Attributes""], ""joins"": [], ""filters"": [{""column"": ""Player_Attributes.potential"", ""operator"": ""="", ""value"": ""(SELECT MIN(potential) FROM Player_Attributes)""}, {""column"": ""Player_Attributes.preferred_foot"", ""operator"": ""="", ""value"": ""right""}], ""group_by"": [], ""aggregates"": [{""function"": ""MIN"", ""column"": ""Player_Attributes.potential"", ""scope"": ""global""}], ""aggregation_scope"": ""global"", ""aggregation_justification"": ""The phrase 'lowest potential players' requires identifying the global minimum potential via MIN(potential)."", ""having"": [], ""order_by"": [{""column"": ""Player_Attributes.player_api_id"", ""direction"": ""ASC""}], ""limit"": 4, ""answer_type"": ""rows"", ""answer_scope"": ""per_entity_rows"", ""output_columns"": [{""position"": 1, ""semantic_item"": ""football player's ID"", ""source_columns"": [""Player_Attributes.player_api_id""], ""sql_expression"": ""player_api_id"", ""source_justification"": ""player_api_id is the player identifier requested by the question."", ""aggregation"": ""none""}], ""candidate_purpose"": ""answer"", ""expected_result_shape"": {""answer_type"": ""rows"", ""column_count"": 1, ""row_grain"": ""up to four matching player rows""}, ""unresolved_assumptions"": [""The requested player ID is interpreted as player_api_id rather than the internal record id.""], ""revision"": null}, ""errors"": []}"
20260714T210045Z-11af1da6,bird_1135,european_football_2,moderate,2,2,1,db.execute,"SELECT DISTINCT player_api_id
FROM Player_Attributes
WHERE potential = (SELECT MIN(potential) FROM Player_Attributes)
  AND preferred_foot = 'right'
ORDER BY player_api_id
LIMIT 4;","[""player_attributes""]",1,initial_sql,nonmatching,false,initial_execution_nonmatching,true,retrieval_complete_mining_abstained_semantic_failure,AGGREGATION_REASONING,aggregation_or_grouping_mismatch,
20260714T210045Z-11af1da6,bird_1135,european_football_2,moderate,3,3,1,query_plan.adherence,"SELECT DISTINCT player_api_id
FROM Player_Attributes
WHERE potential = (SELECT MIN(potential) FROM Player_Attributes)
  AND preferred_foot = 'right'
ORDER BY player_api_id
LIMIT 4;",[],,not_applicable,adherence_passed,unknown,query_plan.adherence,false,retrieval_complete_mining_abstained_semantic_failure,AGGREGATION_REASONING,aggregation_or_grouping_mismatch,"{""schema_version"": 3, ""checks"": {""projection_count"": true, ""group_by_presence"": true, ""having_presence"": true, ""order_by_presence"": true, ""limit_presence"": true, ""required_tables_presence"": true}, ""passed"": true, ""expected_projection_count"": 1, ""actual_projection_count"": 1, ""enforced"": false}"
20260714T210045Z-11af1da6,bird_1135,european_football_2,moderate,4,4,2,FINAL,SELECT DISTINCT Player_Attributes.player_api_id FROM Player_Attributes WHERE Player_Attributes.potential = (SELECT MIN(potential) FROM Player_Attributes) AND Player_Attributes.preferred_foot = 'right' ORDER BY Player_Attributes.player_api_id ASC LIMIT 4;,"[""player_attributes""]",1,expression_or_projection,benchmark_nonmatching_final,false,unverified_rewrite_after_nonmatching_execution,false,retrieval_complete_mining_abstained_semantic_failure,AGGREGATION_REASONING,aggregation_or_grouping_mismatch,
20260714T210045Z-11af1da6,bird_1144,european_football_2,simple,1,1,1,query_plan.initial,,[],,not_applicable,plan_valid,unknown,query_plan.initial,false,retrieval_complete_mining_abstained_semantic_failure,OUTPUT_CONTRACT,output_column_count_mismatch,"{""valid"": true, ""payload"": {""target_entity"": ""player with maximum Player.weight"", ""grain"": ""one row for the selected player"", ""schema_links"": [""Player.player_api_id = Player_Attributes.player_api_id""], ""required_tables"": [""Player"", ""Player_Attributes""], ""joins"": [{""left_table"": ""Player"", ""left_column"": ""player_api_id"", ""right_table"": ""Player_Attributes"", ""right_column"": ""player_api_id"", ""join_type"": ""INNER""}], ""filters"": [], ""group_by"": [], ""aggregates"": [{""expression"": ""MAX(Player.weight)"", ""justification"": ""heaviest weight refers to MAX(weight)""}], ""aggregation_scope"": ""global"", ""aggregation_justification"": ""heaviest weight refers to MAX(weight)"", ""having"": [], ""order_by"": [], ""limit"": null, ""answer_type"": ""rows"", ""answer_scope"": ""single_entity_row"", ""output_columns"": [{""position"": 1, ""semantic_item"": ""finishing rate"", ""source_columns"": [""Player_Attributes.finishing""], ""sql_expression"": ""Player_Attributes.finishing"", ""source_justification"": ""finishing rate refers to finishing and is stored in Player_Attributes"", ""aggregation"": ""none""}, {""position"": 2, ""semantic_item"": ""curve score"", ""source_columns"": [""Player_Attributes.curve""], ""sql_expression"": ""Player_Attributes.curve"", ""source_justification"": ""curve score refers to curve and is stored in Player_Attributes"", ""aggregation"": ""none""}], ""candidate_purpose"": ""answer"", ""expected_result_shape"": {""answer_type"": ""rows"", ""column_count"": 2, ""row_grain"": ""single player""}, ""unresolved_assumptions"": [""Player_Attributes may contain multiple rows per player; use a deterministic row choice if needed""], ""revision"": null}, ""errors"": []}"
20260714T210045Z-11af1da6,bird_1144,european_football_2,simple,2,2,1,db.execute,"WITH max_player AS (
  SELECT player_api_id
  FROM Player
  WHERE weight = (SELECT MAX(weight) FROM Player)
  ORDER BY player_api_id
  LIMIT 1
)
SELECT PA.finishing, PA.curve
FROM Player_Attributes AS PA
INNER JOIN max_player AS MP
  ON PA.player_api_id = MP.player_api_id
ORDER BY PA.date DESC
LIMIT 1;","[""max_player"", ""player"", ""player_attributes""]",2,initial_sql,nonmatching,false,initial_execution_nonmatching,true,retrieval_complete_mining_abstained_semantic_failure,OUTPUT_CONTRACT,output_column_count_mismatch,
20260714T210045Z-11af1da6,bird_1144,european_football_2,simple,3,3,1,query_plan.adherence,"WITH max_player AS (
  SELECT player_api_id
  FROM Player
  WHERE weight = (SELECT MAX(weight) FROM Player)
  ORDER BY player_api_id
  LIMIT 1
)
SELECT PA.finishing, PA.curve
FROM Player_Attributes AS PA
INNER JOIN max_player AS MP
  ON PA.player_api_id = MP.player_api_id
ORDER BY PA.date DESC
LIMIT 1;",[],,not_applicable,adherence_failed,unknown,query_plan.adherence,false,retrieval_complete_mining_abstained_semantic_failure,OUTPUT_CONTRACT,output_column_count_mismatch,"{""schema_version"": 3, ""checks"": {""projection_count"": true, ""group_by_presence"": true, ""having_presence"": true, ""order_by_presence"": false, ""limit_presence"": false, ""required_tables_presence"": true}, ""passed"": false, ""expected_projection_count"": 2, ""actual_projection_count"": 2, ""enforced"": false}"
20260714T210045Z-11af1da6,bird_1144,european_football_2,simple,4,4,2,FINAL,"SELECT PA.finishing, PA.curve FROM Player AS P INNER JOIN Player_Attributes AS PA ON P.player_api_id = PA.player_api_id WHERE P.weight = (SELECT MAX(weight) FROM Player) ORDER BY PA.date DESC LIMIT 1;","[""player"", ""player_attributes""]",2,tables_or_join,benchmark_nonmatching_final,false,unverified_rewrite_after_nonmatching_execution,false,retrieval_complete_mining_abstained_semantic_failure,OUTPUT_CONTRACT,output_column_count_mismatch,
20260714T210045Z-11af1da6,bird_847,formula_1,simple,1,1,1,query_plan.initial,,[],,not_applicable,plan_invalid,unknown,query_plan.initial,false,retrieval_complete_mining_abstained_semantic_failure,AGGREGATION_REASONING,aggregation_or_grouping_mismatch,"{""valid"": false, ""payload"": null, ""errors"": [""output_columns[0].aggregation must be a non-empty string""]}"
20260714T210045Z-11af1da6,bird_847,formula_1,simple,2,2,2,query_plan.initial,,[],,not_applicable,plan_invalid,unknown,query_plan.initial,false,retrieval_complete_mining_abstained_semantic_failure,AGGREGATION_REASONING,aggregation_or_grouping_mismatch,"{""valid"": false, ""payload"": null, ""errors"": [""required fenced JSON block is missing""]}"
20260714T210045Z-11af1da6,bird_847,formula_1,simple,3,3,3,query_plan.initial,,[],,not_applicable,plan_valid,unknown,query_plan.initial,false,retrieval_complete_mining_abstained_semantic_failure,AGGREGATION_REASONING,aggregation_or_grouping_mismatch,"{""valid"": true, ""payload"": {""target_entity"": ""driver surname for the driver with the minimum q2 time in raceId 19"", ""grain"": ""one qualifying row in raceId 19 with the smallest q2 time"", ""schema_links"": [""qualifying.driverId = drivers.driverId""], ""required_tables"": [""qualifying"", ""drivers""], ""joins"": [{""left_table"": ""qualifying"", ""right_table"": ""drivers"", ""on"": [""qualifying.driverId = drivers.driverId""], ""type"": ""INNER JOIN""}], ""filters"": [""qualifying.raceId = 19"", ""qualifying.q2 IS NOT NULL""], ""group_by"": [], ""aggregates"": [], ""aggregation_scope"": ""none"", ""aggregation_justification"": null, ""having"": [], ""order_by"": [{""expression"": ""qualifying.q2"", ""direction"": ""ASC""}], ""limit"": 1, ""answer_type"": ""scalar"", ""answer_scope"": ""global_scalar"", ""output_columns"": [{""position"": 1, ""semantic_item"": ""surname"", ""source_columns"": [""drivers.surname""], ""sql_expression"": ""d.surname"", ""source_justification"": ""The question asks for the surname of the driver, which is stored in drivers.surname."", ""aggregation"": ""none""}], ""candidate_purpose"": ""answer"", ""expected_result_shape"": {""answer_type"": ""scalar"", ""column_count"": 1, ""row_grain"": ""single driver surname""}, ""unresolved_assumptions"": [], ""revision"": null}, ""errors"": []}"
20260714T210045Z-11af1da6,bird_847,formula_1,simple,4,4,3,db.execute,"SELECT d.surname
FROM qualifying q
JOIN drivers d ON q.driverId = d.driverId
WHERE q.raceId = 19
  AND q.q2 = (
    SELECT MIN(q2)
    FROM qualifying
    WHERE raceId = 19
      AND q2 IS NOT NULL
  )
LIMIT 1","[""drivers"", ""qualifying""]",1,initial_sql,nonmatching,false,initial_execution_nonmatching,true,retrieval_complete_mining_abstained_semantic_failure,AGGREGATION_REASONING,aggregation_or_grouping_mismatch,
20260714T210045Z-11af1da6,bird_847,formula_1,simple,5,5,3,query_plan.adherence,"SELECT d.surname
FROM qualifying q
JOIN drivers d ON q.driverId = d.driverId
WHERE q.raceId = 19
  AND q.q2 = (
    SELECT MIN(q2)
    FROM qualifying
    WHERE raceId = 19
      AND q2 IS NOT NULL
  )
LIMIT 1",[],,not_applicable,adherence_failed,unknown,query_plan.adherence,false,retrieval_complete_mining_abstained_semantic_failure,AGGREGATION_REASONING,aggregation_or_grouping_mismatch,"{""schema_version"": 3, ""checks"": {""projection_count"": true, ""group_by_presence"": true, ""having_presence"": true, ""order_by_presence"": false, ""limit_presence"": true, ""required_tables_presence"": true}, ""passed"": false, ""expected_projection_count"": 1, ""actual_projection_count"": 1, ""enforced"": false}"
20260714T210045Z-11af1da6,bird_847,formula_1,simple,6,6,3,FINAL,SELECT d.surname FROM qualifying q JOIN drivers d ON q.driverId = d.driverId WHERE q.raceId = 19 AND q.q2 = (SELECT MIN(q2) FROM qualifying WHERE raceId = 19 AND q2 IS NOT NULL) LIMIT 1,"[""drivers"", ""qualifying""]",1,expression_or_projection,benchmark_nonmatching_final,false,unverified_rewrite_after_nonmatching_execution,false,retrieval_complete_mining_abstained_semantic_failure,AGGREGATION_REASONING,aggregation_or_grouping_mismatch,
20260714T210045Z-11af1da6,bird_865,formula_1,moderate,1,1,1,query_plan.initial,,[],,not_applicable,plan_valid,unknown,query_plan.initial,false,retrieval_complete_mining_abstained_semantic_failure,OUTPUT_CONTRACT,output_column_count_mismatch,"{""valid"": true, ""payload"": {""target_entity"": ""driver"", ""grain"": ""one qualifying driver row from race 592, ranked by birth date ascending"", ""schema_links"": [""results.driverId = drivers.driverId"", ""results.raceId = races.raceId""], ""required_tables"": [""results"", ""drivers""], ""joins"": [{""left_table"": ""results"", ""left_column"": ""driverId"", ""right_table"": ""drivers"", ""right_column"": ""driverId""}], ""filters"": [{""table"": ""results"", ""column"": ""raceId"", ""operator"": ""="", ""value"": 592}, {""table"": ""results"", ""column"": ""time"", ""operator"": ""IS NOT"", ""value"": null}], ""group_by"": [], ""aggregates"": [], ""aggregation_scope"": ""none"", ""aggregation_justification"": null, ""having"": [], ""order_by"": [{""expression"": ""drivers.dob ASC""}], ""limit"": 1, ""answer_type"": ""rows"", ""answer_scope"": ""single_entity_row"", ""output_columns"": [{""position"": 1, ""semantic_item"": ""driver name"", ""source_columns"": [""drivers.forename"", ""drivers.surname""], ""sql_expression"": ""drivers.forename || ' ' || drivers.surname"", ""source_justification"": ""The question asks who the oldest driver is; a full human-readable driver name is required for the answer."", ""aggregation"": ""none""}], ""candidate_purpose"": ""answer"", ""expected_result_shape"": {""answer_type"": ""rows"", ""column_count"": 1, ""row_grain"": ""one oldest qualifying driver""}, ""unresolved_assumptions"": [""The result should return the driver's full name concatenated from forename and surname because the drivers table has no single name column.""], ""revision"": null}, ""errors"": []}"
20260714T210045Z-11af1da6,bird_865,formula_1,moderate,2,2,1,db.execute,"SELECT drivers.forename || ' ' || drivers.surname AS name
FROM results
JOIN drivers ON results.driverId = drivers.driverId
WHERE results.raceId = 592
  AND results.time IS NOT NULL
ORDER BY drivers.dob ASC
LIMIT 1;","[""drivers"", ""results""]",1,initial_sql,nonmatching,false,initial_execution_nonmatching,true,retrieval_complete_mining_abstained_semantic_failure,OUTPUT_CONTRACT,output_column_count_mismatch,
20260714T210045Z-11af1da6,bird_865,formula_1,moderate,3,3,1,query_plan.adherence,"SELECT drivers.forename || ' ' || drivers.surname AS name
FROM results
JOIN drivers ON results.driverId = drivers.driverId
WHERE results.raceId = 592
  AND results.time IS NOT NULL
ORDER BY drivers.dob ASC
LIMIT 1;",[],,not_applicable,adherence_passed,unknown,query_plan.adherence,false,retrieval_complete_mining_abstained_semantic_failure,OUTPUT_CONTRACT,output_column_count_mismatch,"{""schema_version"": 3, ""checks"": {""projection_count"": true, ""group_by_presence"": true, ""having_presence"": true, ""order_by_presence"": true, ""limit_presence"": true, ""required_tables_presence"": true}, ""passed"": true, ""expected_projection_count"": 1, ""actual_projection_count"": 1, ""enforced"": false}"
20260714T210045Z-11af1da6,bird_865,formula_1,moderate,4,4,1,FINAL,"SELECT drivers.forename || ' ' || drivers.surname AS name
FROM results
JOIN drivers ON results.driverId = drivers.driverId
WHERE results.raceId = 592
  AND results.time IS NOT NULL
ORDER BY drivers.dob ASC
LIMIT 1;","[""drivers"", ""results""]",1,unchanged,benchmark_nonmatching_final,false,final_same_as_last_execution,false,retrieval_complete_mining_abstained_semantic_failure,OUTPUT_CONTRACT,output_column_count_mismatch,
20260714T210045Z-11af1da6,bird_879,formula_1,moderate,1,1,1,query_plan.initial,,[],,not_applicable,plan_valid,unknown,query_plan.initial,false,retrieval_complete_mining_abstained_semantic_failure,AGGREGATION_REASONING,aggregation_or_grouping_mismatch,"{""valid"": true, ""payload"": {""target_entity"": ""driver who set the maximum fastestLapSpeed in results"", ""grain"": ""one nationality value for the driver associated with the overall maximum fastestLapSpeed"", ""schema_links"": [""results.driverId = drivers.driverId"", ""results.fastestLapSpeed is the speed metric named in the question hint""], ""required_tables"": [""results"", ""drivers""], ""joins"": [{""left_table"": ""results"", ""left_column"": ""driverId"", ""right_table"": ""drivers"", ""right_column"": ""driverId"", ""join_type"": ""INNER""}], ""filters"": [], ""group_by"": [], ""aggregates"": [{""function"": ""MAX"", ""expression"": ""CAST(results.fastestLapSpeed AS REAL)"", ""scope"": ""global""}], ""aggregation_scope"": ""global"", ""aggregation_justification"": ""The phrase 'the fastest lap speed' explicitly refers to the maximum fastestLapSpeed across all rows."", ""having"": [], ""order_by"": [], ""limit"": null, ""answer_type"": ""scalar"", ""answer_scope"": ""global_scalar"", ""output_columns"": [{""position"": 1, ""semantic_item"": ""driver nationality"", ""source_columns"": [""drivers.nationality"", ""results.fastestLapSpeed""], ""sql_expression"": ""drivers.nationality"", ""source_justification"": ""Nationality is stored on drivers, and the driver is identified by the maximum fastestLapSpeed in results."", ""aggregation"": ""none""}], ""candidate_purpose"": ""answer"", ""expected_result_shape"": {""answer_type"": ""scalar"", ""column_count"": 1, ""row_grain"": ""single row, one nationality value""}, ""unresolved_assumptions"": [""fastestLapSpeed values are numeric strings and should be compared using CAST(... AS REAL)"", ""there is a single driver row matching the maximum fastestLapSpeed, or any tie is acceptable for this singular question""], ""revision"": null}, ""errors"": []}"
20260714T210045Z-11af1da6,bird_879,formula_1,moderate,2,2,1,db.execute,"SELECT d.nationality
FROM results r
JOIN drivers d ON d.driverId = r.driverId
WHERE CAST(r.fastestLapSpeed AS REAL) = (
  SELECT MAX(CAST(fastestLapSpeed AS REAL))
  FROM results
  WHERE fastestLapSpeed IS NOT NULL
)
LIMIT 1","[""drivers"", ""results""]",1,initial_sql,nonmatching,false,initial_execution_nonmatching,true,retrieval_complete_mining_abstained_semantic_failure,AGGREGATION_REASONING,aggregation_or_grouping_mismatch,
20260714T210045Z-11af1da6,bird_879,formula_1,moderate,3,3,1,query_plan.adherence,"SELECT d.nationality
FROM results r
JOIN drivers d ON d.driverId = r.driverId
WHERE CAST(r.fastestLapSpeed AS REAL) = (
  SELECT MAX(CAST(fastestLapSpeed AS REAL))
  FROM results
  WHERE fastestLapSpeed IS NOT NULL
)
LIMIT 1",[],,not_applicable,adherence_failed,unknown,query_plan.adherence,false,retrieval_complete_mining_abstained_semantic_failure,AGGREGATION_REASONING,aggregation_or_grouping_mismatch,"{""schema_version"": 3, ""checks"": {""projection_count"": true, ""group_by_presence"": true, ""having_presence"": true, ""order_by_presence"": true, ""limit_presence"": false, ""required_tables_presence"": true}, ""passed"": false, ""expected_projection_count"": 1, ""actual_projection_count"": 1, ""enforced"": false}"
20260714T210045Z-11af1da6,bird_879,formula_1,moderate,4,4,2,FINAL,SELECT d.nationality FROM results AS r INNER JOIN drivers AS d ON d.driverId = r.driverId WHERE CAST(r.fastestLapSpeed AS REAL) = (SELECT MAX(CAST(fastestLapSpeed AS REAL)) FROM results WHERE fastestLapSpeed IS NOT NULL) LIMIT 1,"[""drivers"", ""results""]",1,expression_or_projection,benchmark_nonmatching_final,false,unverified_rewrite_after_nonmatching_execution,false,retrieval_complete_mining_abstained_semantic_failure,AGGREGATION_REASONING,aggregation_or_grouping_mismatch,
20260714T210045Z-11af1da6,bird_896,formula_1,challenging,1,1,1,query_plan.initial,,[],,not_applicable,plan_valid,unknown,query_plan.initial,false,retrieval_complete_mining_abstained_semantic_failure,AGGREGATION_REASONING,aggregation_or_grouping_mismatch,"{""valid"": true, ""payload"": {""target_entity"": ""Lewis Hamilton race results since 2010"", ""grain"": ""one aggregated scalar over Hamilton's race results from races.year >= 2010"", ""schema_links"": [""results.driverId = drivers.driverId"", ""results.raceId = races.raceId""], ""required_tables"": [""results"", ""drivers"", ""races""], ""joins"": [{""left_table"": ""results"", ""left_column"": ""driverId"", ""right_table"": ""drivers"", ""right_column"": ""driverId""}, {""left_table"": ""results"", ""left_column"": ""raceId"", ""right_table"": ""races"", ""right_column"": ""raceId""}], ""filters"": [{""table"": ""drivers"", ""column"": ""surname"", ""operator"": ""="", ""value"": ""Hamilton""}, {""table"": ""races"", ""column"": ""year"", ""operator"": "">="", ""value"": 2010}], ""group_by"": [], ""aggregates"": [""COUNT of Hamilton race rows with position > 1"", ""COUNT of all Hamilton race rows since 2010""], ""aggregation_scope"": ""global"", ""aggregation_justification"": ""The question asks for a single percentage, and the hint defines it as a ratio of two counts over Hamilton's races since 2010."", ""having"": [], ""order_by"": [], ""limit"": null, ""answer_type"": ""scalar"", ""answer_scope"": ""global_scalar"", ""output_columns"": [{""position"": 1, ""semantic_item"": ""percentage"", ""source_columns"": [""results.raceId"", ""results.position"", ""drivers.surname"", ""races.year""], ""sql_expression"": ""CAST(SUM(CASE WHEN results.position > 1 THEN 1 ELSE 0 END) AS REAL) * 100.0 / COUNT(results.raceId)"", ""source_justification"": ""The hint defines percentage as numerator count where Hamilton and position > 1 divided by denominator count where Hamilton, restricted to year >= 2010."", ""aggregation"": ""global""}], ""candidate_purpose"": ""answer"", ""expected_result_shape"": {""answer_type"": ""scalar"", ""column_count"": 1, ""row_grain"": ""single scalar value""}, ""unresolved_assumptions"": [], ""revision"": null}, ""errors"": []}"
20260714T210045Z-11af1da6,bird_896,formula_1,challenging,2,2,1,db.execute,"SELECT CAST(SUM(CASE WHEN results.position > 1 THEN 1 ELSE 0 END) AS REAL) * 100.0 / COUNT(results.raceId) AS percentage
FROM results
JOIN drivers ON results.driverId = drivers.driverId
JOIN races ON results.raceId = races.raceId
WHERE drivers.surname = 'Hamilton'
  AND races.year >= 2010;","[""drivers"", ""races"", ""results""]",1,initial_sql,nonmatching,false,initial_execution_nonmatching,true,retrieval_complete_mining_abstained_semantic_failure,AGGREGATION_REASONING,aggregation_or_grouping_mismatch,
20260714T210045Z-11af1da6,bird_896,formula_1,challenging,3,3,1,query_plan.adherence,"SELECT CAST(SUM(CASE WHEN results.position > 1 THEN 1 ELSE 0 END) AS REAL) * 100.0 / COUNT(results.raceId) AS percentage
FROM results
JOIN drivers ON results.driverId = drivers.driverId
JOIN races ON results.raceId = races.raceId
WHERE drivers.surname = 'Hamilton'
  AND races.year >= 2010;",[],,not_applicable,adherence_passed,unknown,query_plan.adherence,false,retrieval_complete_mining_abstained_semantic_failure,AGGREGATION_REASONING,aggregation_or_grouping_mismatch,"{""schema_version"": 3, ""checks"": {""projection_count"": true, ""group_by_presence"": true, ""having_presence"": true, ""order_by_presence"": true, ""limit_presence"": true, ""required_tables_presence"": true}, ""passed"": true, ""expected_projection_count"": 1, ""actual_projection_count"": 1, ""enforced"": false}"
20260714T210045Z-11af1da6,bird_896,formula_1,challenging,4,4,1,FINAL,SELECT CAST(SUM(CASE WHEN results.position > 1 THEN 1 ELSE 0 END) AS REAL) * 100.0 / COUNT(results.raceId) AS percentage FROM results JOIN drivers ON results.driverId = drivers.driverId JOIN races ON results.raceId = races.raceId WHERE drivers.surname = 'Hamilton' AND races.year >= 2010;,"[""drivers"", ""races"", ""results""]",1,unchanged,benchmark_nonmatching_final,false,final_same_as_last_execution,false,retrieval_complete_mining_abstained_semantic_failure,AGGREGATION_REASONING,aggregation_or_grouping_mismatch,
20260714T210045Z-11af1da6,bird_897,formula_1,moderate,1,1,1,query_plan.initial,,[],,not_applicable,plan_valid,unknown,query_plan.initial,false,retrieval_complete_mining_abstained_semantic_failure,OUTPUT_CONTRACT,output_column_count_mismatch,"{""valid"": true, ""payload"": {""target_entity"": ""driver"", ""grain"": ""one row for the driver with the highest wins value across driver standings"", ""schema_links"": [""driverStandings.driverId = drivers.driverId""], ""required_tables"": [""driverStandings"", ""drivers""], ""joins"": [""INNER JOIN drivers ON driverStandings.driverId = drivers.driverId""], ""filters"": [], ""group_by"": [""drivers.driverId"", ""drivers.forename"", ""drivers.surname"", ""drivers.nationality""], ""aggregates"": [""MAX(driverStandings.wins)"", ""MAX(driverStandings.points)""], ""aggregation_scope"": ""per_entity"", ""aggregation_justification"": ""The phrase 'most winning' requires aggregating driver standings by driver to find the maximum wins value; the phrase 'maximum point scores' requires aggregating points by driver with MAX(points)."", ""having"": [], ""order_by"": [""MAX(driverStandings.wins) DESC"", ""MAX(driverStandings.points) DESC""], ""limit"": 1, ""answer_type"": ""rows"", ""answer_scope"": ""single_entity_row"", ""output_columns"": [{""position"": 1, ""semantic_item"": ""driver full name"", ""source_columns"": [""drivers.forename"", ""drivers.surname""], ""sql_expression"": ""drivers.forename || ' ' || drivers.surname"", ""source_justification"": ""Hint defines the full name as drivers.forename and drivers.surname."", ""aggregation"": ""none""}, {""position"": 2, ""semantic_item"": ""driver nationality"", ""source_columns"": [""drivers.nationality""], ""sql_expression"": ""drivers.nationality"", ""source_justification"": ""The question asks to mention the driver's nationality."", ""aggregation"": ""none""}, {""position"": 3, ""semantic_item"": ""maximum point scores"", ""source_columns"": [""driverStandings.points""], ""sql_expression"": ""MAX(driverStandings.points)"", ""source_justification"": ""Hint defines maximum point scores as MAX(points)."", ""aggregation"": ""MAX""}], ""candidate_purpose"": ""answer"", ""expected_result_shape"": {""answer_type"": ""rows"", ""column_count"": 3, ""row_grain"": ""single driver row""}, ""unresolved_assumptions"": [""Interpreting 'most winning' as the driver whose driverStandings.wins reaches the highest value in a season.""], ""revision"": null}, ""errors"": []}"
20260714T210045Z-11af1da6,bird_897,formula_1,moderate,2,2,1,db.execute,"SELECT d.forename || ' ' || d.surname AS driver_name,
       d.nationality,
       MAX(ds.points) AS max_point_scores
FROM driverStandings AS ds
JOIN drivers AS d
  ON ds.driverId = d.driverId
GROUP BY d.driverId, d.forename, d.surname, d.nationality
ORDER BY MAX(ds.wins) DESC, MAX(ds.points) DESC
LIMIT 1","[""drivers"", ""driverstandings""]",3,initial_sql,nonmatching,false,initial_execution_nonmatching,true,retrieval_complete_mining_abstained_semantic_failure,OUTPUT_CONTRACT,output_column_count_mismatch,
20260714T210045Z-11af1da6,bird_897,formula_1,moderate,3,3,1,query_plan.adherence,"SELECT d.forename || ' ' || d.surname AS driver_name,
       d.nationality,
       MAX(ds.points) AS max_point_scores
FROM driverStandings AS ds
JOIN drivers AS d
  ON ds.driverId = d.driverId
GROUP BY d.driverId, d.forename, d.surname, d.nationality
ORDER BY MAX(ds.wins) DESC, MAX(ds.points) DESC
LIMIT 1",[],,not_applicable,adherence_passed,unknown,query_plan.adherence,false,retrieval_complete_mining_abstained_semantic_failure,OUTPUT_CONTRACT,output_column_count_mismatch,"{""schema_version"": 3, ""checks"": {""projection_count"": true, ""group_by_presence"": true, ""having_presence"": true, ""order_by_presence"": true, ""limit_presence"": true, ""required_tables_presence"": true}, ""passed"": true, ""expected_projection_count"": 3, ""actual_projection_count"": 3, ""enforced"": false}"
20260714T210045Z-11af1da6,bird_897,formula_1,moderate,4,4,1,FINAL,"SELECT d.forename || ' ' || d.surname AS driver_name, d.nationality, MAX(ds.points) AS max_point_scores FROM driverStandings AS ds JOIN drivers AS d ON ds.driverId = d.driverId GROUP BY d.driverId, d.forename, d.surname, d.nationality ORDER BY MAX(ds.wins) DESC, MAX(ds.points) DESC LIMIT 1","[""drivers"", ""driverstandings""]",3,unchanged,benchmark_nonmatching_final,false,final_same_as_last_execution,false,retrieval_complete_mining_abstained_semantic_failure,OUTPUT_CONTRACT,output_column_count_mismatch,
20260714T210045Z-11af1da6,bird_902,formula_1,simple,1,1,1,query_plan.initial,,[],,not_applicable,plan_valid,unknown,query_plan.initial,false,retrieval_complete_mining_abstained_semantic_failure,SCHEMA_LINKING,table_or_join_path_mismatch,"{""valid"": true, ""payload"": {""target_entity"": ""race"", ""grain"": ""one row per distinct race in which Alex Yoong had at least one lap time record with position < 20"", ""schema_links"": [""drivers.driverId = lapTimes.driverId"", ""lapTimes.raceId = races.raceId""], ""required_tables"": [""drivers"", ""lapTimes"", ""races""], ""joins"": [{""left_table"": ""drivers"", ""right_table"": ""lapTimes"", ""condition"": ""drivers.driverId = lapTimes.driverId""}, {""left_table"": ""lapTimes"", ""right_table"": ""races"", ""condition"": ""lapTimes.raceId = races.raceId""}], ""filters"": [{""table"": ""drivers"", ""column"": ""forename"", ""operator"": ""="", ""value"": ""Alex""}, {""table"": ""drivers"", ""column"": ""surname"", ""operator"": ""="", ""value"": ""Yoong""}, {""table"": ""lapTimes"", ""column"": ""position"", ""operator"": ""<"", ""value"": 20}], ""group_by"": [""races.name""], ""aggregates"": [], ""aggregation_scope"": ""none"", ""aggregation_justification"": null, ""having"": [], ""order_by"": [{""expression"": ""races.name"", ""direction"": ""ASC""}], ""limit"": null, ""answer_type"": ""rows"", ""answer_scope"": ""per_entity_rows"", ""output_columns"": [{""position"": 1, ""semantic_item"": ""race name"", ""source_columns"": [""races.name""], ""sql_expression"": ""DISTINCT races.name"", ""source_justification"": ""The question asks which race; races.name identifies the race entity."", ""aggregation"": ""none""}], ""candidate_purpose"": ""answer"", ""expected_result_shape"": {""answer_type"": ""rows"", ""column_count"": 1, ""row_grain"": ""distinct race names""}, ""unresolved_assumptions"": [""Interpret 'track number less than 20' using the lapTimes.position column as implied by the hint."", ""Return distinct race names because multiple lap records may satisfy the condition within the same race.""], ""revision"": null}, ""errors"": []}"
20260714T210045Z-11af1da6,bird_902,formula_1,simple,2,2,1,db.execute,"SELECT DISTINCT races.name
FROM drivers
INNER JOIN lapTimes ON drivers.driverId = lapTimes.driverId
INNER JOIN races ON lapTimes.raceId = races.raceId
WHERE drivers.forename = 'Alex'
  AND drivers.surname = 'Yoong'
  AND lapTimes.position < 20
ORDER BY races.name","[""drivers"", ""laptimes"", ""races""]",1,initial_sql,nonmatching,false,initial_execution_nonmatching,true,retrieval_complete_mining_abstained_semantic_failure,SCHEMA_LINKING,table_or_join_path_mismatch,
20260714T210045Z-11af1da6,bird_902,formula_1,simple,3,3,1,query_plan.adherence,"SELECT DISTINCT races.name
FROM drivers
INNER JOIN lapTimes ON drivers.driverId = lapTimes.driverId
INNER JOIN races ON lapTimes.raceId = races.raceId
WHERE drivers.forename = 'Alex'
  AND drivers.surname = 'Yoong'
  AND lapTimes.position < 20
ORDER BY races.name",[],,not_applicable,adherence_failed,unknown,query_plan.adherence,false,retrieval_complete_mining_abstained_semantic_failure,SCHEMA_LINKING,table_or_join_path_mismatch,"{""schema_version"": 3, ""checks"": {""projection_count"": true, ""group_by_presence"": false, ""having_presence"": true, ""order_by_presence"": true, ""limit_presence"": true, ""required_tables_presence"": true}, ""passed"": false, ""expected_projection_count"": 1, ""actual_projection_count"": 1, ""enforced"": false}"
20260714T210045Z-11af1da6,bird_902,formula_1,simple,4,4,1,FINAL,SELECT DISTINCT races.name FROM drivers INNER JOIN lapTimes ON drivers.driverId = lapTimes.driverId INNER JOIN races ON lapTimes.raceId = races.raceId WHERE drivers.forename = 'Alex' AND drivers.surname = 'Yoong' AND lapTimes.position < 20 ORDER BY races.name,"[""drivers"", ""laptimes"", ""races""]",1,unchanged,benchmark_nonmatching_final,false,final_same_as_last_execution,false,retrieval_complete_mining_abstained_semantic_failure,SCHEMA_LINKING,table_or_join_path_mismatch,
20260714T210045Z-11af1da6,bird_906,formula_1,moderate,1,1,1,query_plan.initial,,[],,not_applicable,plan_valid,unknown,query_plan.initial,false,retrieval_complete_mining_abstained_semantic_failure,AGGREGATION_REASONING,aggregation_or_grouping_mismatch,"{""valid"": true, ""payload"": {""target_entity"": ""Lewis Hamilton's first race event and the points recorded in that event"", ""grain"": ""single race event for Lewis Hamilton"", ""schema_links"": [""drivers.driverId = results.driverId"", ""results.raceId = races.raceId""], ""required_tables"": [""drivers"", ""results"", ""races""], ""joins"": [{""left_table"": ""drivers"", ""right_table"": ""results"", ""join_condition"": ""drivers.driverId = results.driverId""}, {""left_table"": ""results"", ""right_table"": ""races"", ""join_condition"": ""results.raceId = races.raceId""}], ""filters"": [{""table"": ""drivers"", ""column"": ""forename"", ""operator"": ""="", ""value"": ""Lewis""}, {""table"": ""drivers"", ""column"": ""surname"", ""operator"": ""="", ""value"": ""Hamilton""}], ""group_by"": [], ""aggregates"": [{""function"": ""MIN"", ""column"": ""races.year"", ""scope"": ""global"", ""purpose"": ""identify the first race year for Lewis Hamilton""}], ""aggregation_scope"": ""global"", ""aggregation_justification"": ""The phrase \""first race\"" requires selecting the minimum race year."", ""having"": [], ""order_by"": [{""expression"": ""races.year"", ""direction"": ""ASC""}, {""expression"": ""races.round"", ""direction"": ""ASC""}], ""limit"": 1, ""answer_type"": ""rows"", ""answer_scope"": ""single_entity_row"", ""output_columns"": [{""position"": 1, ""semantic_item"": ""first race name"", ""source_columns"": [""races.name""], ""sql_expression"": ""races.name"", ""source_justification"": ""The question asks which race was Lewis Hamilton's first race."", ""aggregation"": ""none""}, {""position"": 2, ""semantic_item"": ""points recorded in the first race event"", ""source_columns"": [""results.points""], ""sql_expression"": ""results.points"", ""source_justification"": ""The question asks for the points recorded in that first race event."", ""aggregation"": ""none""}], ""candidate_purpose"": ""answer"", ""expected_result_shape"": {""answer_type"": ""rows"", ""column_count"": 2, ""row_grain"": ""one row for Lewis Hamilton's earliest race event""}, ""unresolved_assumptions"": [""Use results.points as the per-race points value for the event.""], ""revision"": null}, ""errors"": []}"
20260714T210045Z-11af1da6,bird_906,formula_1,moderate,2,2,1,db.execute,"SELECT races.name, results.points
FROM drivers
JOIN results ON drivers.driverId = results.driverId
JOIN races ON results.raceId = races.raceId
WHERE drivers.forename = 'Lewis'
  AND drivers.surname = 'Hamilton'
  AND races.year = (
    SELECT MIN(r2.year)
    FROM results res2
    JOIN races r2 ON res2.raceId = r2.raceId
    JOIN drivers d2 ON res2.driverId = d2.driverId
    WHERE d2.forename = 'Lewis'
      AND d2.surname = 'Hamilton'
  )
ORDER BY races.year ASC, races.round ASC
LIMIT 1;","[""drivers"", ""races"", ""results""]",2,initial_sql,nonmatching,false,initial_execution_nonmatching,true,retrieval_complete_mining_abstained_semantic_failure,AGGREGATION_REASONING,aggregation_or_grouping_mismatch,
20260714T210045Z-11af1da6,bird_906,formula_1,moderate,3,3,1,query_plan.adherence,"SELECT races.name, results.points
FROM drivers
JOIN results ON drivers.driverId = results.driverId
JOIN races ON results.raceId = races.raceId
WHERE drivers.forename = 'Lewis'
  AND drivers.surname = 'Hamilton'
  AND races.year = (
    SELECT MIN(r2.year)
    FROM results res2
    JOIN races r2 ON res2.raceId = r2.raceId
    JOIN drivers d2 ON res2.driverId = d2.driverId
    WHERE d2.forename = 'Lewis'
      AND d2.surname = 'Hamilton'
  )
ORDER BY races.year ASC, races.round ASC
LIMIT 1;",[],,not_applicable,adherence_passed,unknown,query_plan.adherence,false,retrieval_complete_mining_abstained_semantic_failure,AGGREGATION_REASONING,aggregation_or_grouping_mismatch,"{""schema_version"": 3, ""checks"": {""projection_count"": true, ""group_by_presence"": true, ""having_presence"": true, ""order_by_presence"": true, ""limit_presence"": true, ""required_tables_presence"": true}, ""passed"": true, ""expected_projection_count"": 2, ""actual_projection_count"": 2, ""enforced"": false}"
20260714T210045Z-11af1da6,bird_906,formula_1,moderate,4,4,2,FINAL,"SELECT races.name AS race_name, results.points AS points
FROM drivers
JOIN results ON drivers.driverId = results.driverId
JOIN races ON results.raceId = races.raceId
WHERE drivers.forename = 'Lewis'
  AND drivers.surname = 'Hamilton'
  AND races.year = (
    SELECT MIN(r2.year)
    FROM results res2
    JOIN races r2 ON res2.raceId = r2.raceId
    JOIN drivers d2 ON res2.driverId = d2.driverId
    WHERE d2.forename = 'Lewis'
      AND d2.surname = 'Hamilton'
  )
ORDER BY races.round ASC
LIMIT 1;","[""drivers"", ""races"", ""results""]",2,expression_or_projection,benchmark_nonmatching_final,false,unverified_rewrite_after_nonmatching_execution,false,retrieval_complete_mining_abstained_semantic_failure,AGGREGATION_REASONING,aggregation_or_grouping_mismatch,
20260714T210045Z-11af1da6,bird_928,formula_1,moderate,1,1,1,query_plan.initial,,[],,not_applicable,plan_valid,unknown,query_plan.initial,false,retrieval_complete_mining_abstained_semantic_failure,OUTPUT_CONTRACT,output_column_count_mismatch,"{""valid"": true, ""payload"": {""target_entity"": ""driver who ranked first in the Canadian Grand Prix in 2007"", ""grain"": ""single driver row"", ""schema_links"": [""results.raceId = races.raceId"", ""results.driverId = drivers.driverId""], ""required_tables"": [""results"", ""races"", ""drivers""], ""joins"": [{""left_table"": ""results"", ""right_table"": ""races"", ""join_condition"": ""results.raceId = races.raceId""}, {""left_table"": ""results"", ""right_table"": ""drivers"", ""join_condition"": ""results.driverId = drivers.driverId""}], ""filters"": [{""table"": ""races"", ""column"": ""name"", ""operator"": ""="", ""value"": ""Canadian Grand Prix""}, {""table"": ""races"", ""column"": ""year"", ""operator"": ""="", ""value"": 2007}, {""table"": ""results"", ""column"": ""position"", ""operator"": ""="", ""value"": 1}], ""group_by"": [], ""aggregates"": [], ""aggregation_scope"": ""none"", ""aggregation_justification"": null, ""having"": [], ""order_by"": [], ""limit"": 1, ""answer_type"": ""rows"", ""answer_scope"": ""single_entity_row"", ""output_columns"": [{""position"": 1, ""semantic_item"": ""driver reference name"", ""source_columns"": [""drivers.driverRef""], ""sql_expression"": ""drivers.driverRef"", ""source_justification"": ""The hint defines reference name as driverRef, which is stored in drivers.driverRef."", ""aggregation"": ""none""}], ""candidate_purpose"": ""answer"", ""expected_result_shape"": {""answer_type"": ""rows"", ""column_count"": 1, ""row_grain"": ""one row for the winning driver""}, ""unresolved_assumptions"": [""Use results.position = 1 to represent ranked first.""], ""revision"": null}, ""errors"": []}"
20260714T210045Z-11af1da6,bird_928,formula_1,moderate,2,2,1,db.execute,SELECT D.driverRef FROM results AS R INNER JOIN races AS Ra ON R.raceId = Ra.raceId INNER JOIN drivers AS D ON R.driverId = D.driverId WHERE Ra.name = 'Canadian Grand Prix' AND Ra.year = 2007 AND R.position = 1 LIMIT 1;,"[""drivers"", ""races"", ""results""]",1,initial_sql,nonmatching,false,initial_execution_nonmatching,true,retrieval_complete_mining_abstained_semantic_failure,OUTPUT_CONTRACT,output_column_count_mismatch,
20260714T210045Z-11af1da6,bird_928,formula_1,moderate,3,3,1,query_plan.adherence,SELECT D.driverRef FROM results AS R INNER JOIN races AS Ra ON R.raceId = Ra.raceId INNER JOIN drivers AS D ON R.driverId = D.driverId WHERE Ra.name = 'Canadian Grand Prix' AND Ra.year = 2007 AND R.position = 1 LIMIT 1;,[],,not_applicable,adherence_passed,unknown,query_plan.adherence,false,retrieval_complete_mining_abstained_semantic_failure,OUTPUT_CONTRACT,output_column_count_mismatch,"{""schema_version"": 3, ""checks"": {""projection_count"": true, ""group_by_presence"": true, ""having_presence"": true, ""order_by_presence"": true, ""limit_presence"": true, ""required_tables_presence"": true}, ""passed"": true, ""expected_projection_count"": 1, ""actual_projection_count"": 1, ""enforced"": false}"
20260714T210045Z-11af1da6,bird_928,formula_1,moderate,4,4,1,FINAL,SELECT D.driverRef FROM results AS R INNER JOIN races AS Ra ON R.raceId = Ra.raceId INNER JOIN drivers AS D ON R.driverId = D.driverId WHERE Ra.name = 'Canadian Grand Prix' AND Ra.year = 2007 AND R.position = 1 LIMIT 1,"[""drivers"", ""races"", ""results""]",1,unchanged,benchmark_nonmatching_final,false,final_same_as_last_execution,false,retrieval_complete_mining_abstained_semantic_failure,OUTPUT_CONTRACT,output_column_count_mismatch,
20260714T210045Z-11af1da6,bird_930,formula_1,simple,1,1,1,query_plan.initial,,[],,not_applicable,plan_valid,unknown,query_plan.initial,false,retrieval_complete_mining_abstained_semantic_failure,AGGREGATION_REASONING,aggregation_or_grouping_mismatch,"{""valid"": true, ""payload"": {""target_entity"": ""Formula_1 race"", ""grain"": ""one row per race that matches Lewis Hamilton's minimum rank"", ""schema_links"": [""results.driverId = drivers.driverId"", ""results.raceId = races.raceId""], ""required_tables"": [""drivers"", ""results"", ""races""], ""joins"": [{""left_table"": ""results"", ""right_table"": ""drivers"", ""on"": [{""left_column"": ""results.driverId"", ""right_column"": ""drivers.driverId""}]}, {""left_table"": ""results"", ""right_table"": ""races"", ""on"": [{""left_column"": ""results.raceId"", ""right_column"": ""races.raceId""}]}], ""filters"": [{""table"": ""drivers"", ""column"": ""forename"", ""operator"": ""="", ""value"": ""Lewis""}, {""table"": ""drivers"", ""column"": ""surname"", ""operator"": ""="", ""value"": ""Hamilton""}, {""table"": ""results"", ""column"": ""rank"", ""operator"": ""IS NOT"", ""value"": null}], ""group_by"": [], ""aggregates"": [{""function"": ""MIN"", ""expression"": ""results.rank"", ""alias"": ""min_rank""}], ""aggregation_scope"": ""global"", ""aggregation_justification"": ""The phrase 'rank the highest' is defined to mean min(rank), which requires an aggregate to identify Lewis Hamilton's best rank before returning the corresponding race(s)."", ""having"": [], ""order_by"": [{""expression"": ""races.year"", ""direction"": ""ASC""}, {""expression"": ""races.name"", ""direction"": ""ASC""}], ""limit"": null, ""answer_type"": ""rows"", ""answer_scope"": ""single_entity_row"", ""output_columns"": [{""position"": 1, ""semantic_item"": ""race name"", ""source_columns"": [""races.name""], ""sql_expression"": ""DISTINCT races.name"", ""source_justification"": ""The user asks for the Formula_1 race in which Lewis Hamilton had the highest ranking; race identity is represented by races.name."", ""aggregation"": ""none""}], ""candidate_purpose"": ""answer"", ""expected_result_shape"": {""answer_type"": ""rows"", ""column_count"": 1, ""row_grain"": ""race name(s) for Lewis Hamilton's minimum rank""}, ""unresolved_assumptions"": [""If multiple races share the same minimum rank for Lewis Hamilton, return all such race names.""], ""revision"": null}, ""errors"": []}"
20260714T210045Z-11af1da6,bird_930,formula_1,simple,2,2,1,db.execute,"SELECT DISTINCT races.name
FROM results
INNER JOIN drivers ON results.driverId = drivers.driverId
INNER JOIN races ON results.raceId = races.raceId
WHERE drivers.forename = 'Lewis'
  AND drivers.surname = 'Hamilton'
  AND results.rank IS NOT NULL
  AND results.rank = (
    SELECT MIN(r2.rank)
    FROM results AS r2
    INNER JOIN drivers AS d2 ON r2.driverId = d2.driverId
    WHERE d2.forename = 'Lewis'
      AND d2.surname = 'Hamilton'
      AND r2.rank IS NOT NULL
  )
ORDER BY races.year ASC, races.name ASC","[""drivers"", ""races"", ""results""]",1,initial_sql,nonmatching,false,initial_execution_nonmatching,true,retrieval_complete_mining_abstained_semantic_failure,AGGREGATION_REASONING,aggregation_or_grouping_mismatch,
20260714T210045Z-11af1da6,bird_930,formula_1,simple,3,3,1,query_plan.adherence,"SELECT DISTINCT races.name
FROM results
INNER JOIN drivers ON results.driverId = drivers.driverId
INNER JOIN races ON results.raceId = races.raceId
WHERE drivers.forename = 'Lewis'
  AND drivers.surname = 'Hamilton'
  AND results.rank IS NOT NULL
  AND results.rank = (
    SELECT MIN(r2.rank)
    FROM results AS r2
    INNER JOIN drivers AS d2 ON r2.driverId = d2.driverId
    WHERE d2.forename = 'Lewis'
      AND d2.surname = 'Hamilton'
      AND r2.rank IS NOT NULL
  )
ORDER BY races.year ASC, races.name ASC",[],,not_applicable,adherence_passed,unknown,query_plan.adherence,false,retrieval_complete_mining_abstained_semantic_failure,AGGREGATION_REASONING,aggregation_or_grouping_mismatch,"{""schema_version"": 3, ""checks"": {""projection_count"": true, ""group_by_presence"": true, ""having_presence"": true, ""order_by_presence"": true, ""limit_presence"": true, ""required_tables_presence"": true}, ""passed"": true, ""expected_projection_count"": 1, ""actual_projection_count"": 1, ""enforced"": false}"
20260714T210045Z-11af1da6,bird_930,formula_1,simple,4,4,1,FINAL,"SELECT DISTINCT races.name FROM results INNER JOIN drivers ON results.driverId = drivers.driverId INNER JOIN races ON results.raceId = races.raceId WHERE drivers.forename = 'Lewis' AND drivers.surname = 'Hamilton' AND results.rank IS NOT NULL AND results.rank = (SELECT MIN(r2.rank) FROM results AS r2 INNER JOIN drivers AS d2 ON r2.driverId = d2.driverId WHERE d2.forename = 'Lewis' AND d2.surname = 'Hamilton' AND r2.rank IS NOT NULL) ORDER BY races.year ASC, races.name ASC","[""drivers"", ""races"", ""results""]",1,expression_or_projection,benchmark_nonmatching_final,false,unverified_rewrite_after_nonmatching_execution,false,retrieval_complete_mining_abstained_semantic_failure,AGGREGATION_REASONING,aggregation_or_grouping_mismatch,
20260714T210045Z-11af1da6,bird_937,formula_1,simple,1,1,1,query_plan.initial,,[],,not_applicable,plan_invalid,unknown,query_plan.initial,false,detailed_schema_column_miss_or_compact_index_only,SEMANTIC_REVIEW_REQUIRED,filter_scope_or_expression_mismatch,"{""valid"": false, ""payload"": null, ""errors"": [""answer_scope is inconsistent with answer_type""]}"
20260714T210045Z-11af1da6,bird_937,formula_1,simple,2,2,2,query_plan.action_contract,,[],,not_applicable,plan_invalid,unknown,query_plan.action_contract,false,detailed_schema_column_miss_or_compact_index_only,SEMANTIC_REVIEW_REQUIRED,filter_scope_or_expression_mismatch,"{""valid"": false, ""payload"": null, ""errors"": [""each E4-A action must contain at least one Python block; found none""]}"
20260714T210045Z-11af1da6,bird_937,formula_1,simple,3,3,3,query_plan.initial,,[],,not_applicable,plan_valid,unknown,query_plan.initial,false,detailed_schema_column_miss_or_compact_index_only,SEMANTIC_REVIEW_REQUIRED,filter_scope_or_expression_mismatch,"{""valid"": true, ""payload"": {""target_entity"": ""finish time of the driver ranked second in the 2008 Chinese Grand Prix"", ""grain"": ""one result row for the specified race and finishing position"", ""schema_links"": [""results.raceId = races.raceId""], ""required_tables"": [""races"", ""results""], ""joins"": [{""left_table"": ""results"", ""left_column"": ""raceId"", ""right_table"": ""races"", ""right_column"": ""raceId""}], ""filters"": [{""table"": ""races"", ""column"": ""year"", ""operator"": ""="", ""value"": 2008}, {""table"": ""races"", ""column"": ""name"", ""operator"": ""="", ""value"": ""Chinese Grand Prix""}], ""group_by"": [], ""aggregates"": [], ""aggregation_scope"": ""none"", ""aggregation_justification"": null, ""having"": [], ""order_by"": [], ""limit"": null, ""answer_type"": ""scalar"", ""answer_scope"": ""global_scalar"", ""output_columns"": [{""position"": 1, ""semantic_item"": ""finish time"", ""source_columns"": [""results.time""], ""sql_expression"": ""results.time"", ""source_justification"": ""The hint defines finish time as results.time."", ""aggregation"": ""none""}], ""candidate_purpose"": ""explore"", ""expected_result_shape"": {""answer_type"": ""scalar"", ""column_count"": 1, ""row_grain"": ""single finish-time value""}, ""unresolved_assumptions"": [""Whether the 'ranked second' condition should be implemented with results.position = 2 or results.positionOrder = 2.""], ""revision"": null}, ""errors"": []}"
20260714T210045Z-11af1da6,bird_937,formula_1,simple,4,4,3,db.execute,"SELECT results.driverId, results.position, results.positionOrder, results.time
FROM results
JOIN races ON results.raceId = races.raceId
WHERE races.year = 2008
  AND races.name = 'Chinese Grand Prix'
ORDER BY results.positionOrder","[""races"", ""results""]",4,initial_sql,nonmatching,false,initial_execution_nonmatching,true,detailed_schema_column_miss_or_compact_index_only,SEMANTIC_REVIEW_REQUIRED,filter_scope_or_expression_mismatch,
20260714T210045Z-11af1da6,bird_937,formula_1,simple,5,5,3,query_plan.adherence,"SELECT results.driverId, results.position, results.positionOrder, results.time
FROM results
JOIN races ON results.raceId = races.raceId
WHERE races.year = 2008
  AND races.name = 'Chinese Grand Prix'
ORDER BY results.positionOrder",[],,not_applicable,adherence_failed,unknown,query_plan.adherence,false,detailed_schema_column_miss_or_compact_index_only,SEMANTIC_REVIEW_REQUIRED,filter_scope_or_expression_mismatch,"{""schema_version"": 3, ""checks"": {""projection_count"": false, ""group_by_presence"": true, ""having_presence"": true, ""order_by_presence"": false, ""limit_presence"": true, ""required_tables_presence"": true}, ""passed"": false, ""expected_projection_count"": 1, ""actual_projection_count"": 4, ""enforced"": false}"
20260714T210045Z-11af1da6,bird_937,formula_1,simple,6,6,3,db.execute,"SELECT results.time
FROM results
JOIN races ON results.raceId = races.raceId
WHERE races.year = 2008
  AND races.name = 'Chinese Grand Prix'
  AND results.position = 2","[""races"", ""results""]",1,"projection_count,order_by",nonmatching,false,remained_nonmatching,false,detailed_schema_column_miss_or_compact_index_only,SEMANTIC_REVIEW_REQUIRED,filter_scope_or_expression_mismatch,
20260714T210045Z-11af1da6,bird_937,formula_1,simple,7,7,3,query_plan.adherence,"SELECT results.time
FROM results
JOIN races ON results.raceId = races.raceId
WHERE races.year = 2008
  AND races.name = 'Chinese Grand Prix'
  AND results.position = 2",[],,not_applicable,adherence_passed,unknown,query_plan.adherence,false,detailed_schema_column_miss_or_compact_index_only,SEMANTIC_REVIEW_REQUIRED,filter_scope_or_expression_mismatch,"{""schema_version"": 3, ""checks"": {""projection_count"": true, ""group_by_presence"": true, ""having_presence"": true, ""order_by_presence"": true, ""limit_presence"": true, ""required_tables_presence"": true}, ""passed"": true, ""expected_projection_count"": 1, ""actual_projection_count"": 1, ""enforced"": false}"
20260714T210045Z-11af1da6,bird_937,formula_1,simple,8,8,3,db.execute,"SELECT results.time
FROM results
JOIN races ON results.raceId = races.raceId
WHERE races.year = 2008
  AND races.name = 'Chinese Grand Prix'
  AND results.positionOrder = 2","[""races"", ""results""]",1,expression_or_projection,nonmatching,false,remained_nonmatching,false,detailed_schema_column_miss_or_compact_index_only,SEMANTIC_REVIEW_REQUIRED,filter_scope_or_expression_mismatch,
20260714T210045Z-11af1da6,bird_937,formula_1,simple,9,9,3,query_plan.adherence,"SELECT results.time
FROM results
JOIN races ON results.raceId = races.raceId
WHERE races.year = 2008
  AND races.name = 'Chinese Grand Prix'
  AND results.positionOrder = 2",[],,not_applicable,adherence_passed,unknown,query_plan.adherence,false,detailed_schema_column_miss_or_compact_index_only,SEMANTIC_REVIEW_REQUIRED,filter_scope_or_expression_mismatch,"{""schema_version"": 3, ""checks"": {""projection_count"": true, ""group_by_presence"": true, ""having_presence"": true, ""order_by_presence"": true, ""limit_presence"": true, ""required_tables_presence"": true}, ""passed"": true, ""expected_projection_count"": 1, ""actual_projection_count"": 1, ""enforced"": false}"
20260714T210045Z-11af1da6,bird_937,formula_1,simple,10,10,3,FINAL,SELECT results.time FROM results JOIN races ON results.raceId = races.raceId WHERE races.year = 2008 AND races.name = 'Chinese Grand Prix' AND results.position = 2,"[""races"", ""results""]",1,expression_or_projection,benchmark_nonmatching_final,false,unverified_rewrite_after_nonmatching_execution,false,detailed_schema_column_miss_or_compact_index_only,SEMANTIC_REVIEW_REQUIRED,filter_scope_or_expression_mismatch,
20260714T210045Z-11af1da6,bird_944,formula_1,challenging,1,1,1,query_plan.initial,,[],,not_applicable,plan_invalid,unknown,query_plan.initial,false,retrieval_complete_mining_abstained_semantic_failure,AGGREGATION_REASONING,aggregation_or_grouping_mismatch,"{""valid"": false, ""payload"": null, ""errors"": [""answer_scope is inconsistent with answer_type""]}"
20260714T210045Z-11af1da6,bird_944,formula_1,challenging,2,2,2,query_plan.initial,,[],,not_applicable,plan_valid,unknown,query_plan.initial,false,retrieval_complete_mining_abstained_semantic_failure,AGGREGATION_REASONING,aggregation_or_grouping_mismatch,"{""valid"": true, ""payload"": {""target_entity"": ""percentage faster of the race champion compared with the last finisher in the 2008 Australian Grand Prix"", ""grain"": ""one finished-driver race result row selected for champion and one for last finisher"", ""schema_links"": [""results.raceId = races.raceId""], ""required_tables"": [""results"", ""races""], ""joins"": [{""left_table"": ""results"", ""right_table"": ""races"", ""on"": [""results.raceId = races.raceId""]}], ""filters"": [""races.year = 2008"", ""races.name = 'Australian Grand Prix'"", ""results.time IS NOT NULL""], ""group_by"": [], ""aggregates"": [], ""aggregation_scope"": ""none"", ""aggregation_justification"": null, ""having"": [], ""order_by"": [""results.positionOrder DESC""], ""limit"": 1, ""answer_type"": ""scalar"", ""answer_scope"": ""global_scalar"", ""output_columns"": [{""position"": 1, ""semantic_item"": ""percentage faster of champion relative to last finisher"", ""source_columns"": [""results.milliseconds"", ""results.positionOrder""], ""sql_expression"": ""ROUND(((last_ms - champ_ms) * 100.0) / last_ms, 2)"", ""source_justification"": ""results.milliseconds stores the finished race time for classified drivers; results.positionOrder identifies the champion (1) and the last finisher (highest positionOrder among finished drivers)."", ""aggregation"": ""none""}], ""candidate_purpose"": ""explore"", ""expected_result_shape"": {""answer_type"": ""scalar"", ""column_count"": 1, ""row_grain"": ""single scalar value""}, ""unresolved_assumptions"": [""Need to verify that results.milliseconds holds the final total finishing time for the champion and last finisher in this race.""], ""revision"": null}, ""errors"": []}"
20260714T210045Z-11af1da6,bird_944,formula_1,challenging,3,5,3,query_plan.revision,,[],,not_applicable,plan_valid,unknown,query_plan.revision,false,retrieval_complete_mining_abstained_semantic_failure,AGGREGATION_REASONING,aggregation_or_grouping_mismatch,"{""valid"": true, ""payload"": {""observation_ref"": 4, ""changed_constraints"": [""answer_type"", ""answer_scope"", ""expected_result_shape"", ""output_columns"", ""target_entity"", ""grain""], ""updated_fields"": {""answer_type"": ""scalar"", ""answer_scope"": ""global_scalar"", ""expected_result_shape"": {""answer_type"": ""scalar"", ""column_count"": 1, ""row_grain"": ""single scalar value""}, ""output_columns"": [{""position"": 1, ""semantic_item"": ""percentage faster of champion relative to last finisher"", ""source_columns"": [""results.milliseconds""], ""sql_expression"": ""ROUND((last_ms - champ_ms) * 100.0 / last_ms, 2)"", ""source_justification"": ""results.milliseconds stores the actual finishing time, and the hint defines percentage faster from the champion time and the last finisher's time."", ""aggregation"": ""none""}], ""target_entity"": ""percentage faster of the race champion compared with the last finisher in the 2008 Australian Grand Prix"", ""grain"": ""one scalar computed from the champion and last finisher rows in the specified race""}, ""reason"": ""The authoritative tool observations confirm results.milliseconds contains absolute finishing times, so the query should return a single scalar percentage rather than rows."", ""candidate_purpose"": ""answer""}, ""errors"": []}"
20260714T210045Z-11af1da6,bird_944,formula_1,challenging,4,6,3,db.execute,"WITH race AS (
  SELECT raceId
  FROM races
  WHERE year = 2008
    AND name = 'Australian Grand Prix'
),
champ AS (
  SELECT r.milliseconds AS champ_ms
  FROM results r
  JOIN race ON r.raceId = race.raceId
  WHERE r.positionOrder = 1
),
last_finisher AS (
  SELECT r.milliseconds AS last_ms
  FROM results r
  JOIN race ON r.raceId = race.raceId
  WHERE r.time IS NOT NULL
  ORDER BY r.positionOrder DESC
  LIMIT 1
)
SELECT ROUND((last_ms - champ_ms) * 100.0 / last_ms, 2)
FROM champ, last_finisher;","[""champ"", ""race"", ""races"", ""results""]",1,initial_sql,empty_nonmatching,false,initial_execution_nonmatching,true,retrieval_complete_mining_abstained_semantic_failure,AGGREGATION_REASONING,aggregation_or_grouping_mismatch,
20260714T210045Z-11af1da6,bird_944,formula_1,challenging,5,7,3,query_plan.adherence,"WITH race AS (
  SELECT raceId
  FROM races
  WHERE year = 2008
    AND name = 'Australian Grand Prix'
),
champ AS (
  SELECT r.milliseconds AS champ_ms
  FROM results r
  JOIN race ON r.raceId = race.raceId
  WHERE r.positionOrder = 1
),
last_finisher AS (
  SELECT r.milliseconds AS last_ms
  FROM results r
  JOIN race ON r.raceId = race.raceId
  WHERE r.time IS NOT NULL
  ORDER BY r.positionOrder DESC
  LIMIT 1
)
SELECT ROUND((last_ms - champ_ms) * 100.0 / last_ms, 2)
FROM champ, last_finisher;",[],,not_applicable,adherence_passed,unknown,query_plan.adherence,false,retrieval_complete_mining_abstained_semantic_failure,AGGREGATION_REASONING,aggregation_or_grouping_mismatch,"{""schema_version"": 3, ""checks"": {""projection_count"": true, ""group_by_presence"": true, ""having_presence"": true, ""order_by_presence"": true, ""limit_presence"": true, ""required_tables_presence"": true}, ""passed"": true, ""expected_projection_count"": 1, ""actual_projection_count"": 1, ""enforced"": false}"
20260714T210045Z-11af1da6,bird_944,formula_1,challenging,6,8,4,query_plan.revision,,[],,not_applicable,plan_valid,unknown,query_plan.revision,false,retrieval_complete_mining_abstained_semantic_failure,AGGREGATION_REASONING,aggregation_or_grouping_mismatch,"{""valid"": true, ""payload"": {""observation_ref"": 6, ""changed_constraints"": [""candidate_purpose"", ""unresolved_assumptions""], ""updated_fields"": {""candidate_purpose"": ""answer"", ""unresolved_assumptions"": [""Need to verify the exact race row and whether the last finisher should be identified by highest positionOrder among rows with time IS NOT NULL.""]}, ""reason"": ""The previous SQL returned 0 rows, so the race filter and row-selection logic need verification against the stored data."", ""candidate_purpose"": ""answer""}, ""errors"": []}"
20260714T210045Z-11af1da6,bird_944,formula_1,challenging,7,9,4,db.execute,"SELECT raceId, year, name, date
FROM races
WHERE year = 2008
  AND name LIKE '%Australian%';","[""races""]",4,"tables_or_join,projection_count,order_by,limit",empty_nonmatching,false,remained_nonmatching,false,retrieval_complete_mining_abstained_semantic_failure,AGGREGATION_REASONING,aggregation_or_grouping_mismatch,
20260714T210045Z-11af1da6,bird_944,formula_1,challenging,8,10,4,query_plan.adherence,"SELECT raceId, year, name, date
FROM races
WHERE year = 2008
  AND name LIKE '%Australian%';",[],,not_applicable,adherence_failed,unknown,query_plan.adherence,false,retrieval_complete_mining_abstained_semantic_failure,AGGREGATION_REASONING,aggregation_or_grouping_mismatch,"{""schema_version"": 3, ""checks"": {""projection_count"": false, ""group_by_presence"": true, ""having_presence"": true, ""order_by_presence"": false, ""limit_presence"": false, ""required_tables_presence"": false}, ""passed"": false, ""expected_projection_count"": 1, ""actual_projection_count"": 4, ""enforced"": false}"
20260714T210045Z-11af1da6,bird_944,formula_1,challenging,9,11,4,db.execute,"SELECT r.raceId, r.positionOrder, r.position, r.time, r.milliseconds
FROM results r
JOIN races ra ON r.raceId = ra.raceId
WHERE ra.year = 2008
  AND ra.name LIKE '%Australian%'
  AND r.time IS NOT NULL
ORDER BY r.positionOrder;","[""races"", ""results""]",5,"tables_or_join,projection_count,order_by",empty_nonmatching,false,remained_nonmatching,false,retrieval_complete_mining_abstained_semantic_failure,AGGREGATION_REASONING,aggregation_or_grouping_mismatch,
20260714T210045Z-11af1da6,bird_944,formula_1,challenging,10,12,4,query_plan.adherence,"SELECT r.raceId, r.positionOrder, r.position, r.time, r.milliseconds
FROM results r
JOIN races ra ON r.raceId = ra.raceId
WHERE ra.year = 2008
  AND ra.name LIKE '%Australian%'
  AND r.time IS NOT NULL
ORDER BY r.positionOrder;",[],,not_applicable,adherence_failed,unknown,query_plan.adherence,false,retrieval_complete_mining_abstained_semantic_failure,AGGREGATION_REASONING,aggregation_or_grouping_mismatch,"{""schema_version"": 3, ""checks"": {""projection_count"": false, ""group_by_presence"": true, ""having_presence"": true, ""order_by_presence"": true, ""limit_presence"": false, ""required_tables_presence"": true}, ""passed"": false, ""expected_projection_count"": 1, ""actual_projection_count"": 5, ""enforced"": false}"
20260714T210045Z-11af1da6,bird_944,formula_1,challenging,11,13,5,FINAL,"WITH race AS (SELECT ra.raceId FROM races ra JOIN circuits c ON ra.circuitId = c.circuitId WHERE ra.year = 2008 AND (ra.name = 'Australian Grand Prix' OR c.country = 'Australia' OR c.location = 'Melbourne') LIMIT 1), finished AS (SELECT r.positionOrder, r.milliseconds FROM results r JOIN race ON r.raceId = race.raceId WHERE r.time IS NOT NULL), champ AS (SELECT milliseconds AS champ_ms FROM finished ORDER BY positionOrder LIMIT 1), last_finisher AS (SELECT milliseconds AS last_ms FROM finished ORDER BY positionOrder DESC LIMIT 1) SELECT ROUND((last_ms - champ_ms) * 100.0 / last_ms, 2) FROM champ, last_finisher;","[""champ"", ""circuits"", ""finished"", ""race"", ""races"", ""results""]",1,"tables_or_join,projection_count,limit",benchmark_nonmatching_final,false,unverified_rewrite_after_nonmatching_execution,false,retrieval_complete_mining_abstained_semantic_failure,AGGREGATION_REASONING,aggregation_or_grouping_mismatch,
20260714T210045Z-11af1da6,bird_951,formula_1,simple,1,1,1,query_plan.initial,,[],,not_applicable,plan_valid,unknown,query_plan.initial,false,retrieval_complete_mining_abstained_semantic_failure,AGGREGATION_REASONING,aggregation_or_grouping_mismatch,"{""valid"": true, ""payload"": {""target_entity"": ""constructor"", ""grain"": ""one row per constructor"", ""schema_links"": [{""from"": ""constructorResults.constructorId"", ""to"": ""constructors.constructorId""}, {""from"": ""constructorResults.raceId"", ""to"": ""races.raceId""}], ""required_tables"": [""constructorResults"", ""constructors""], ""joins"": [{""left_table"": ""constructorResults"", ""right_table"": ""constructors"", ""on"": ""constructorResults.constructorId = constructors.constructorId""}], ""filters"": [{""table"": ""constructors"", ""column"": ""nationality"", ""op"": ""="", ""value"": ""Japanese""}], ""group_by"": [{""table"": ""constructorResults"", ""column"": ""constructorId""}], ""aggregates"": [{""expression"": ""COUNT(constructorResults.raceId)"", ""alias"": ""race_count""}, {""expression"": ""SUM(constructorResults.points)"", ""alias"": ""total_points""}], ""aggregation_scope"": ""per_entity"", ""aggregation_justification"": ""The phrase '2 races' requires COUNT(raceID) = 2, which is an aggregate per constructor."", ""having"": [{""expression"": ""COUNT(constructorResults.raceId) = 2""}, {""expression"": ""SUM(constructorResults.points) = 0""}], ""order_by"": [], ""limit"": null, ""answer_type"": ""scalar"", ""answer_scope"": ""global_scalar"", ""output_columns"": [{""position"": 1, ""semantic_item"": ""count of Japanese constructors meeting the race and points conditions"", ""source_columns"": [""constructors.constructorId""], ""sql_expression"": ""COUNT(*)"", ""source_justification"": ""Returns the number of constructor entities that satisfy the grouped conditions."", ""aggregation"": ""global""}], ""candidate_purpose"": ""answer"", ""expected_result_shape"": {""answer_type"": ""scalar"", ""column_count"": 1, ""row_grain"": ""single scalar row""}, ""unresolved_assumptions"": [""Interpret '0 points in 2 races' as total points across the constructor's races being 0 and exactly two constructorResults rows.""], ""revision"": null}, ""errors"": []}"
20260714T210045Z-11af1da6,bird_951,formula_1,simple,2,2,1,db.execute,"SELECT COUNT(*) AS count
FROM (
  SELECT cr.constructorId
  FROM constructorResults cr
  INNER JOIN constructors c ON cr.constructorId = c.constructorId
  WHERE c.nationality = 'Japanese'
  GROUP BY cr.constructorId
  HAVING COUNT(cr.raceId) = 2 AND SUM(cr.points) = 0
) sub;","[""constructorresults"", ""constructors""]",1,initial_sql,nonmatching,false,initial_execution_nonmatching,true,retrieval_complete_mining_abstained_semantic_failure,AGGREGATION_REASONING,aggregation_or_grouping_mismatch,
20260714T210045Z-11af1da6,bird_951,formula_1,simple,3,3,1,query_plan.adherence,"SELECT COUNT(*) AS count
FROM (
  SELECT cr.constructorId
  FROM constructorResults cr
  INNER JOIN constructors c ON cr.constructorId = c.constructorId
  WHERE c.nationality = 'Japanese'
  GROUP BY cr.constructorId
  HAVING COUNT(cr.raceId) = 2 AND SUM(cr.points) = 0
) sub;",[],,not_applicable,adherence_passed,unknown,query_plan.adherence,false,retrieval_complete_mining_abstained_semantic_failure,AGGREGATION_REASONING,aggregation_or_grouping_mismatch,"{""schema_version"": 3, ""checks"": {""projection_count"": true, ""group_by_presence"": true, ""having_presence"": true, ""order_by_presence"": true, ""limit_presence"": true, ""required_tables_presence"": true}, ""passed"": true, ""expected_projection_count"": 1, ""actual_projection_count"": 1, ""enforced"": false}"
20260714T210045Z-11af1da6,bird_951,formula_1,simple,4,4,2,FINAL,SELECT COUNT(*) FROM (SELECT cr.constructorId FROM constructorResults cr INNER JOIN constructors c ON cr.constructorId = c.constructorId WHERE c.nationality = 'Japanese' GROUP BY cr.constructorId HAVING COUNT(cr.raceId) = 2 AND SUM(cr.points) = 0) sub,"[""constructorresults"", ""constructors""]",1,expression_or_projection,benchmark_nonmatching_final,false,unverified_rewrite_after_nonmatching_execution,false,retrieval_complete_mining_abstained_semantic_failure,AGGREGATION_REASONING,aggregation_or_grouping_mismatch,
20260714T210045Z-11af1da6,bird_955,formula_1,challenging,1,1,1,query_plan.initial,,[],,not_applicable,plan_valid,unknown,query_plan.initial,false,retrieval_complete_mining_abstained_semantic_failure,AGGREGATION_REASONING,aggregation_or_grouping_mismatch,"{""valid"": true, ""payload"": {""target_entity"": ""race winners (champion results)"", ""grain"": ""one row per year"", ""schema_links"": [""results.raceId = races.raceId""], ""required_tables"": [""results"", ""races""], ""joins"": [{""left_table"": ""results"", ""left_column"": ""raceId"", ""right_table"": ""races"", ""right_column"": ""raceId"", ""type"": ""INNER""}], ""filters"": [{""table"": ""results"", ""column"": ""position"", ""operator"": ""="", ""value"": 1}, {""table"": ""results"", ""column"": ""time"", ""operator"": ""IS NOT NULL"", ""value"": null}, {""table"": ""results"", ""column"": ""milliseconds"", ""operator"": ""IS NOT NULL"", ""value"": null}, {""table"": ""races"", ""column"": ""year"", ""operator"": ""<"", ""value"": 1975}], ""group_by"": [{""table"": ""races"", ""column"": ""year""}], ""aggregates"": [{""function"": ""AVG"", ""expression"": ""results.milliseconds / 1000.0"", ""alias"": ""avg_time_seconds""}], ""aggregation_scope"": ""per_entity"", ""aggregation_justification"": ""The phrase \""average time in seconds\"" requires averaging the champion finishing times within each year."", ""having"": [], ""order_by"": [{""expression"": ""races.year"", ""direction"": ""ASC""}], ""limit"": null, ""answer_type"": ""rows"", ""answer_scope"": ""per_entity_rows"", ""output_columns"": [{""position"": 1, ""semantic_item"": ""year"", ""source_columns"": [""races.year""], ""sql_expression"": ""races.year"", ""source_justification"": ""The question asks for the result for each year."", ""aggregation"": ""none""}, {""position"": 2, ""semantic_item"": ""average champion time in seconds"", ""source_columns"": [""results.milliseconds""], ""sql_expression"": ""AVG(results.milliseconds / 1000.0)"", ""source_justification"": ""The champion's finished time is stored in milliseconds; converting to seconds satisfies the requested unit."", ""aggregation"": ""AVG""}], ""candidate_purpose"": ""answer"", ""expected_result_shape"": {""answer_type"": ""rows"", ""column_count"": 2, ""row_grain"": ""one row per year before 1975""}, ""unresolved_assumptions"": [{""assumption"": ""Champion means the race winner, identified by results.position = 1.""}], ""revision"": null}, ""errors"": []}"
20260714T210045Z-11af1da6,bird_955,formula_1,challenging,2,2,1,db.execute,"SELECT r.year, AVG(res.milliseconds / 1000.0) AS avg_time_seconds
FROM results AS res
INNER JOIN races AS r
  ON res.raceId = r.raceId
WHERE res.position = 1
  AND res.time IS NOT NULL
  AND res.milliseconds IS NOT NULL
  AND r.year < 1975
GROUP BY r.year
ORDER BY r.year","[""races"", ""results""]",2,initial_sql,nonmatching,false,initial_execution_nonmatching,true,retrieval_complete_mining_abstained_semantic_failure,AGGREGATION_REASONING,aggregation_or_grouping_mismatch,
20260714T210045Z-11af1da6,bird_955,formula_1,challenging,3,3,1,query_plan.adherence,"SELECT r.year, AVG(res.milliseconds / 1000.0) AS avg_time_seconds
FROM results AS res
INNER JOIN races AS r
  ON res.raceId = r.raceId
WHERE res.position = 1
  AND res.time IS NOT NULL
  AND res.milliseconds IS NOT NULL
  AND r.year < 1975
GROUP BY r.year
ORDER BY r.year",[],,not_applicable,adherence_passed,unknown,query_plan.adherence,false,retrieval_complete_mining_abstained_semantic_failure,AGGREGATION_REASONING,aggregation_or_grouping_mismatch,"{""schema_version"": 3, ""checks"": {""projection_count"": true, ""group_by_presence"": true, ""having_presence"": true, ""order_by_presence"": true, ""limit_presence"": true, ""required_tables_presence"": true}, ""passed"": true, ""expected_projection_count"": 2, ""actual_projection_count"": 2, ""enforced"": false}"
20260714T210045Z-11af1da6,bird_955,formula_1,challenging,4,4,2,query_plan.revision,,[],,not_applicable,plan_invalid,unknown,query_plan.revision,false,retrieval_complete_mining_abstained_semantic_failure,AGGREGATION_REASONING,aggregation_or_grouping_mismatch,"{""valid"": false, ""payload"": null, ""errors"": [""updated_fields must be an object""]}"
20260714T210045Z-11af1da6,bird_955,formula_1,challenging,5,5,3,query_plan.revision,,[],,not_applicable,plan_valid,unknown,query_plan.revision,false,retrieval_complete_mining_abstained_semantic_failure,AGGREGATION_REASONING,aggregation_or_grouping_mismatch,"{""valid"": true, ""payload"": {""observation_ref"": 2, ""changed_constraints"": [""candidate_purpose""], ""updated_fields"": {""candidate_purpose"": ""explore""}, ""reason"": ""Need to verify whether champion finish time should be derived from the text time field or the milliseconds field before finalizing the answer."", ""candidate_purpose"": ""explore""}, ""errors"": []}"
20260714T210045Z-11af1da6,bird_955,formula_1,challenging,6,6,3,db.execute,"SELECT
  COUNT(*) AS total_champions,
  SUM(CASE WHEN res.time IS NOT NULL AND res.milliseconds IS NULL THEN 1 ELSE 0 END) AS time_notnull_ms_null,
  SUM(CASE WHEN res.time IS NOT NULL AND res.milliseconds IS NOT NULL THEN 1 ELSE 0 END) AS both_notnull,
  SUM(CASE WHEN res.time IS NULL AND res.milliseconds IS NOT NULL THEN 1 ELSE 0 END) AS time_null_ms_notnull
FROM results AS res
INNER JOIN races AS r
  ON res.raceId = r.raceId
WHERE res.position = 1
  AND r.year < 1975","[""races"", ""results""]",4,"projection_count,group_by,order_by",nonmatching,false,remained_nonmatching,false,retrieval_complete_mining_abstained_semantic_failure,AGGREGATION_REASONING,aggregation_or_grouping_mismatch,
20260714T210045Z-11af1da6,bird_955,formula_1,challenging,7,7,3,query_plan.adherence,"SELECT
  COUNT(*) AS total_champions,
  SUM(CASE WHEN res.time IS NOT NULL AND res.milliseconds IS NULL THEN 1 ELSE 0 END) AS time_notnull_ms_null,
  SUM(CASE WHEN res.time IS NOT NULL AND res.milliseconds IS NOT NULL THEN 1 ELSE 0 END) AS both_notnull,
  SUM(CASE WHEN res.time IS NULL AND res.milliseconds IS NOT NULL THEN 1 ELSE 0 END) AS time_null_ms_notnull
FROM results AS res
INNER JOIN races AS r
  ON res.raceId = r.raceId
WHERE res.position = 1
  AND r.year < 1975",[],,not_applicable,adherence_failed,unknown,query_plan.adherence,false,retrieval_complete_mining_abstained_semantic_failure,AGGREGATION_REASONING,aggregation_or_grouping_mismatch,"{""schema_version"": 3, ""checks"": {""projection_count"": false, ""group_by_presence"": false, ""having_presence"": true, ""order_by_presence"": false, ""limit_presence"": true, ""required_tables_presence"": true}, ""passed"": false, ""expected_projection_count"": 2, ""actual_projection_count"": 4, ""enforced"": false}"
20260714T210045Z-11af1da6,bird_955,formula_1,challenging,8,8,1,FINAL,"SELECT r.year, AVG(res.milliseconds / 1000.0) AS avg_time_seconds FROM results AS res INNER JOIN races AS r ON res.raceId = r.raceId WHERE res.position = 1 AND res.time IS NOT NULL AND res.milliseconds IS NOT NULL AND r.year < 1975 GROUP BY r.year ORDER BY r.year","[""races"", ""results""]",2,"projection_count,group_by,order_by",benchmark_nonmatching_final,false,unverified_rewrite_after_nonmatching_execution,false,retrieval_complete_mining_abstained_semantic_failure,AGGREGATION_REASONING,aggregation_or_grouping_mismatch,
20260714T210045Z-11af1da6,bird_959,formula_1,simple,1,1,1,query_plan.initial,,[],,not_applicable,plan_valid,unknown,query_plan.initial,false,retrieval_complete_mining_abstained_semantic_failure,AGGREGATION_REASONING,sort_direction_or_order_scope_mismatch,"{""valid"": true, ""payload"": {""target_entity"": ""2009 season champion's fastest lap number"", ""grain"": ""one scalar value for the champion's fastest-lap row in 2009"", ""schema_links"": [""driverStandings.raceId = races.raceId"", ""driverStandings.driverId = drivers.driverId"", ""results.raceId = races.raceId"", ""results.driverId = drivers.driverId""], ""required_tables"": [""driverStandings"", ""races"", ""drivers"", ""results""], ""joins"": [{""left_table"": ""driverStandings"", ""left_column"": ""raceId"", ""right_table"": ""races"", ""right_column"": ""raceId""}, {""left_table"": ""driverStandings"", ""left_column"": ""driverId"", ""right_table"": ""drivers"", ""right_column"": ""driverId""}, {""left_table"": ""results"", ""left_column"": ""raceId"", ""right_table"": ""races"", ""right_column"": ""raceId""}, {""left_table"": ""results"", ""left_column"": ""driverId"", ""right_table"": ""drivers"", ""right_column"": ""driverId""}], ""filters"": [{""table"": ""races"", ""column"": ""year"", ""operator"": ""="", ""value"": 2009}], ""group_by"": [], ""aggregates"": [], ""aggregation_scope"": ""none"", ""aggregation_justification"": null, ""having"": [], ""order_by"": [{""expression"": ""races.round DESC"", ""direction"": ""DESC""}, {""expression"": ""driverStandings.position ASC"", ""direction"": ""ASC""}, {""expression"": ""results.fastestLapTime ASC"", ""direction"": ""ASC""}], ""limit"": 1, ""answer_type"": ""scalar"", ""answer_scope"": ""global_scalar"", ""output_columns"": [{""position"": 1, ""semantic_item"": ""fastest lap number"", ""source_columns"": [""results.fastestLap""], ""sql_expression"": ""results.fastestLap"", ""source_justification"": ""The question asks for the champion's fastest lap number, which is stored in results.fastestLap."", ""aggregation"": ""none""}], ""candidate_purpose"": ""explore"", ""expected_result_shape"": {""answer_type"": ""scalar"", ""column_count"": 1, ""row_grain"": ""one row containing the champion's selected fastest-lap number""}, ""unresolved_assumptions"": [""The 2009 champion is determined from the final 2009 driver standings (highest round with position = 1)."", ""Among the champion's 2009 result rows, the returned row is the one with the smallest fastestLapTime.""], ""revision"": null}, ""errors"": []}"
20260714T210045Z-11af1da6,bird_959,formula_1,simple,2,2,1,db.execute,"SELECT ds.driverId, d.forename, d.surname, ds.position, ra.round, ra.name
FROM driverStandings ds
JOIN races ra ON ds.raceId = ra.raceId
JOIN drivers d ON ds.driverId = d.driverId
WHERE ra.year = 2009
  AND ds.position = 1
ORDER BY ra.round DESC, ds.driverStandingsId DESC
LIMIT 5;","[""drivers"", ""driverstandings"", ""races""]",6,initial_sql,nonmatching,false,initial_execution_nonmatching,true,retrieval_complete_mining_abstained_semantic_failure,AGGREGATION_REASONING,sort_direction_or_order_scope_mismatch,
20260714T210045Z-11af1da6,bird_959,formula_1,simple,3,3,1,query_plan.adherence,"SELECT ds.driverId, d.forename, d.surname, ds.position, ra.round, ra.name
FROM driverStandings ds
JOIN races ra ON ds.raceId = ra.raceId
JOIN drivers d ON ds.driverId = d.driverId
WHERE ra.year = 2009
  AND ds.position = 1
ORDER BY ra.round DESC, ds.driverStandingsId DESC
LIMIT 5;",[],,not_applicable,adherence_failed,unknown,query_plan.adherence,false,retrieval_complete_mining_abstained_semantic_failure,AGGREGATION_REASONING,sort_direction_or_order_scope_mismatch,"{""schema_version"": 3, ""checks"": {""projection_count"": false, ""group_by_presence"": true, ""having_presence"": true, ""order_by_presence"": true, ""limit_presence"": true, ""required_tables_presence"": false}, ""passed"": false, ""expected_projection_count"": 1, ""actual_projection_count"": 6, ""enforced"": false}"
20260714T210045Z-11af1da6,bird_959,formula_1,simple,4,4,1,db.execute,"SELECT d.forename, d.surname, r.raceId, ra.round, ra.name, r.fastestLap, r.fastestLapTime
FROM results r
JOIN races ra ON r.raceId = ra.raceId
JOIN drivers d ON r.driverId = d.driverId
WHERE ra.year = 2009
  AND d.driverId = (
      SELECT ds.driverId
      FROM driverStandings ds
      JOIN races ra2 ON ds.raceId = ra2.raceId
      WHERE ra2.year = 2009
      ORDER BY ra2.round DESC, ds.position ASC, ds.driverStandingsId DESC
      LIMIT 1
  )
  AND r.fastestLap IS NOT NULL
ORDER BY r.fastestLapTime ASC, ra.round ASC
LIMIT 10;","[""drivers"", ""driverstandings"", ""races"", ""results""]",7,"tables_or_join,projection_count",nonmatching,false,remained_nonmatching,false,retrieval_complete_mining_abstained_semantic_failure,AGGREGATION_REASONING,sort_direction_or_order_scope_mismatch,
20260714T210045Z-11af1da6,bird_959,formula_1,simple,5,5,1,query_plan.adherence,"SELECT d.forename, d.surname, r.raceId, ra.round, ra.name, r.fastestLap, r.fastestLapTime
FROM results r
JOIN races ra ON r.raceId = ra.raceId
JOIN drivers d ON r.driverId = d.driverId
WHERE ra.year = 2009
  AND d.driverId = (
      SELECT ds.driverId
      FROM driverStandings ds
      JOIN races ra2 ON ds.raceId = ra2.raceId
      WHERE ra2.year = 2009
      ORDER BY ra2.round DESC, ds.position ASC, ds.driverStandingsId DESC
      LIMIT 1
  )
  AND r.fastestLap IS NOT NULL
ORDER BY r.fastestLapTime ASC, ra.round ASC
LIMIT 10;",[],,not_applicable,adherence_failed,unknown,query_plan.adherence,false,retrieval_complete_mining_abstained_semantic_failure,AGGREGATION_REASONING,sort_direction_or_order_scope_mismatch,"{""schema_version"": 3, ""checks"": {""projection_count"": false, ""group_by_presence"": true, ""having_presence"": true, ""order_by_presence"": true, ""limit_presence"": true, ""required_tables_presence"": true}, ""passed"": false, ""expected_projection_count"": 1, ""actual_projection_count"": 7, ""enforced"": false}"
20260714T210045Z-11af1da6,bird_959,formula_1,simple,6,6,3,FINAL,SELECT r.fastestLap FROM results r JOIN races ra ON r.raceId = ra.raceId WHERE ra.year = 2009 AND r.driverId = 18 AND r.fastestLap IS NOT NULL ORDER BY r.fastestLapTime ASC LIMIT 1,"[""races"", ""results""]",1,"tables_or_join,projection_count",benchmark_nonmatching_final,false,unverified_rewrite_after_nonmatching_execution,false,retrieval_complete_mining_abstained_semantic_failure,AGGREGATION_REASONING,sort_direction_or_order_scope_mismatch,
20260714T210045Z-11af1da6,bird_963,formula_1,moderate,1,1,1,query_plan.initial,,[],,not_applicable,plan_valid,unknown,query_plan.initial,false,retrieval_complete_mining_abstained_semantic_failure,SEMANTIC_REVIEW_REQUIRED,filter_scope_or_expression_mismatch,"{""valid"": true, ""payload"": {""target_entity"": ""French drivers with at least one lap time under 120 seconds"", ""grain"": ""driver-level before aggregation; one qualifying driver per row"", ""schema_links"": [""drivers.driverId = lapTimes.driverId""], ""required_tables"": [""drivers"", ""lapTimes""], ""joins"": [{""left_table"": ""drivers"", ""left_column"": ""driverId"", ""right_table"": ""lapTimes"", ""right_column"": ""driverId"", ""join_type"": ""EXISTS-semantics via correlated subquery""}], ""filters"": [{""table"": ""drivers"", ""column"": ""nationality"", ""op"": ""="", ""value"": ""French""}, {""table"": ""lapTimes"", ""column"": ""milliseconds"", ""op"": ""<"", ""value"": 120000}], ""group_by"": [], ""aggregates"": [{""function"": ""COUNT"", ""distinct"": true, ""column"": ""drivers.driverId""}], ""aggregation_scope"": ""global"", ""aggregation_justification"": ""The phrase 'How many' requires a single count rather than per-driver rows."", ""having"": [], ""order_by"": [], ""limit"": null, ""answer_type"": ""scalar"", ""answer_scope"": ""global_scalar"", ""output_columns"": [{""position"": 1, ""semantic_item"": ""number of distinct French drivers with at least one lap time under 120 seconds"", ""source_columns"": [""drivers.driverId"", ""drivers.nationality"", ""lapTimes.milliseconds""], ""sql_expression"": ""COUNT(DISTINCT T1.driverId)"", ""source_justification"": ""drivers.driverId identifies each driver; drivers.nationality filters French drivers; lapTimes.milliseconds applies the <120000 threshold."", ""aggregation"": ""COUNT(DISTINCT)""}], ""candidate_purpose"": ""answer"", ""expected_result_shape"": {""answer_type"": ""scalar"", ""column_count"": 1, ""row_grain"": ""single row containing the count""}, ""unresolved_assumptions"": [], ""revision"": null}, ""errors"": []}"
20260714T210045Z-11af1da6,bird_963,formula_1,moderate,2,2,1,db.execute,"SELECT COUNT(DISTINCT T1.driverId) AS count
FROM drivers AS T1
WHERE T1.nationality = 'French'
  AND EXISTS (
    SELECT 1
    FROM lapTimes AS T2
    WHERE T2.driverId = T1.driverId
      AND T2.milliseconds < 120000
  );","[""drivers"", ""laptimes""]",1,initial_sql,nonmatching,false,initial_execution_nonmatching,true,retrieval_complete_mining_abstained_semantic_failure,SEMANTIC_REVIEW_REQUIRED,filter_scope_or_expression_mismatch,
20260714T210045Z-11af1da6,bird_963,formula_1,moderate,3,3,1,query_plan.adherence,"SELECT COUNT(DISTINCT T1.driverId) AS count
FROM drivers AS T1
WHERE T1.nationality = 'French'
  AND EXISTS (
    SELECT 1
    FROM lapTimes AS T2
    WHERE T2.driverId = T1.driverId
      AND T2.milliseconds < 120000
  );",[],,not_applicable,adherence_passed,unknown,query_plan.adherence,false,retrieval_complete_mining_abstained_semantic_failure,SEMANTIC_REVIEW_REQUIRED,filter_scope_or_expression_mismatch,"{""schema_version"": 3, ""checks"": {""projection_count"": true, ""group_by_presence"": true, ""having_presence"": true, ""order_by_presence"": true, ""limit_presence"": true, ""required_tables_presence"": true}, ""passed"": true, ""expected_projection_count"": 1, ""actual_projection_count"": 1, ""enforced"": false}"
20260714T210045Z-11af1da6,bird_963,formula_1,moderate,4,4,1,FINAL,SELECT COUNT(DISTINCT T1.driverId) AS count FROM drivers AS T1 WHERE T1.nationality = 'French' AND EXISTS (SELECT 1 FROM lapTimes AS T2 WHERE T2.driverId = T1.driverId AND T2.milliseconds < 120000);,"[""drivers"", ""laptimes""]",1,expression_or_projection,benchmark_nonmatching_final,false,unverified_rewrite_after_nonmatching_execution,false,retrieval_complete_mining_abstained_semantic_failure,SEMANTIC_REVIEW_REQUIRED,filter_scope_or_expression_mismatch,
20260714T210045Z-11af1da6,bird_967,formula_1,simple,1,1,1,query_plan.initial,,[],,not_applicable,plan_valid,unknown,query_plan.initial,false,retrieval_complete_mining_abstained_semantic_failure,OUTPUT_CONTRACT,output_column_count_mismatch,"{""valid"": true, ""payload"": {""target_entity"": ""drivers"", ""grain"": ""one row per driver in the top 3 youngest drivers list"", ""schema_links"": [""drivers.dob determines youth ranking"", ""drivers.code provides the requested code numbers"", ""drivers.nationality identifies Netherlandic/Dutch drivers""], ""required_tables"": [""drivers""], ""joins"": [], ""filters"": [], ""group_by"": [], ""aggregates"": [], ""aggregation_scope"": ""none"", ""aggregation_justification"": null, ""having"": [], ""order_by"": [{""column"": ""drivers.dob"", ""direction"": ""DESC""}], ""limit"": 3, ""answer_type"": ""rows"", ""answer_scope"": ""per_entity_rows"", ""output_columns"": [{""position"": 1, ""semantic_item"": ""driver code"", ""source_columns"": [""drivers.code""], ""sql_expression"": ""drivers.code"", ""source_justification"": ""The question asks for the code numbers of the top 3 youngest drivers."", ""aggregation"": ""none""}, {""position"": 2, ""semantic_item"": ""Dutch/Netherlandic flag"", ""source_columns"": [""drivers.nationality""], ""sql_expression"": ""CASE WHEN drivers.nationality = 'Dutch' THEN 1 ELSE 0 END"", ""source_justification"": ""The question asks how many Netherlandic drivers are among the top 3 youngest drivers, and the hint says Dutch and Netherlandic are the same."", ""aggregation"": ""none""}], ""candidate_purpose"": ""explore"", ""expected_result_shape"": {""answer_type"": ""rows"", ""column_count"": 2, ""row_grain"": ""top 3 youngest drivers""}, ""unresolved_assumptions"": [""Assume ordering by drivers.dob descending is equivalent to ranking by youngest; if needed, year(dob) preserves the same top 3.""], ""revision"": null}, ""errors"": []}"
20260714T210045Z-11af1da6,bird_967,formula_1,simple,2,2,1,db.execute,"SELECT code, CASE WHEN nationality = 'Dutch' THEN 1 ELSE 0 END AS is_dutch, dob, nationality FROM drivers ORDER BY dob DESC LIMIT 3","[""drivers""]",4,initial_sql,nonmatching,false,initial_execution_nonmatching,true,retrieval_complete_mining_abstained_semantic_failure,OUTPUT_CONTRACT,output_column_count_mismatch,
20260714T210045Z-11af1da6,bird_967,formula_1,simple,3,3,1,query_plan.adherence,"SELECT code, CASE WHEN nationality = 'Dutch' THEN 1 ELSE 0 END AS is_dutch, dob, nationality FROM drivers ORDER BY dob DESC LIMIT 3",[],,not_applicable,adherence_failed,unknown,query_plan.adherence,false,retrieval_complete_mining_abstained_semantic_failure,OUTPUT_CONTRACT,output_column_count_mismatch,"{""schema_version"": 3, ""checks"": {""projection_count"": false, ""group_by_presence"": true, ""having_presence"": true, ""order_by_presence"": true, ""limit_presence"": true, ""required_tables_presence"": true}, ""passed"": false, ""expected_projection_count"": 2, ""actual_projection_count"": 4, ""enforced"": false}"
20260714T210045Z-11af1da6,bird_967,formula_1,simple,4,4,1,db.execute,"SELECT code, nationality, dob
FROM drivers
ORDER BY dob DESC
LIMIT 5","[""drivers""]",3,projection_count,nonmatching,false,remained_nonmatching,false,retrieval_complete_mining_abstained_semantic_failure,OUTPUT_CONTRACT,output_column_count_mismatch,
20260714T210045Z-11af1da6,bird_967,formula_1,simple,5,5,1,query_plan.adherence,"SELECT code, nationality, dob
FROM drivers
ORDER BY dob DESC
LIMIT 5",[],,not_applicable,adherence_failed,unknown,query_plan.adherence,false,retrieval_complete_mining_abstained_semantic_failure,OUTPUT_CONTRACT,output_column_count_mismatch,"{""schema_version"": 3, ""checks"": {""projection_count"": false, ""group_by_presence"": true, ""having_presence"": true, ""order_by_presence"": true, ""limit_presence"": true, ""required_tables_presence"": true}, ""passed"": false, ""expected_projection_count"": 2, ""actual_projection_count"": 3, ""enforced"": false}"
20260714T210045Z-11af1da6,bird_967,formula_1,simple,6,6,3,FINAL,"SELECT GROUP_CONCAT(code, ', ') AS code_numbers, SUM(CASE WHEN nationality = 'Dutch' THEN 1 ELSE 0 END) AS netherlandic_drivers_among_top3 FROM (SELECT code, nationality FROM drivers ORDER BY CAST(STRFTIME('%Y', dob) AS INTEGER) DESC, dob DESC, driverId DESC LIMIT 3);","[""drivers""]",2,"projection_count,aggregate",benchmark_nonmatching_final,false,unverified_rewrite_after_nonmatching_execution,false,retrieval_complete_mining_abstained_semantic_failure,OUTPUT_CONTRACT,output_column_count_mismatch,
20260714T210045Z-11af1da6,bird_989,formula_1,moderate,1,1,1,query_plan.initial,,[],,not_applicable,plan_valid,unknown,query_plan.initial,false,retrieval_complete_mining_abstained_semantic_failure,OUTPUT_CONTRACT,output_column_count_mismatch,"{""valid"": true, ""payload"": {""target_entity"": ""winner of the Canadian Grand Prix in 2008"", ""grain"": ""one row for the race winner"", ""schema_links"": [""races.raceId = results.raceId"", ""results.driverId = drivers.driverId""], ""required_tables"": [""races"", ""results"", ""drivers""], ""joins"": [{""left_table"": ""races"", ""right_table"": ""results"", ""condition"": ""races.raceId = results.raceId""}, {""left_table"": ""results"", ""right_table"": ""drivers"", ""condition"": ""results.driverId = drivers.driverId""}], ""filters"": [""races.name = 'Canadian Grand Prix'"", ""races.year = 2008"", ""results.positionOrder = 1""], ""group_by"": [], ""aggregates"": [], ""aggregation_scope"": ""none"", ""aggregation_justification"": null, ""having"": [], ""order_by"": [{""expression"": ""results.positionOrder"", ""direction"": ""ASC""}], ""limit"": 1, ""answer_type"": ""rows"", ""answer_scope"": ""single_entity_row"", ""output_columns"": [{""position"": 1, ""semantic_item"": ""champion_forename"", ""source_columns"": [""drivers.forename""], ""sql_expression"": ""drivers.forename"", ""source_justification"": ""The user asks who the champion is; forename is part of the driver's identity."", ""aggregation"": ""none""}, {""position"": 2, ""semantic_item"": ""champion_surname"", ""source_columns"": [""drivers.surname""], ""sql_expression"": ""drivers.surname"", ""source_justification"": ""The user asks who the champion is; surname is part of the driver's identity."", ""aggregation"": ""none""}, {""position"": 3, ""semantic_item"": ""finish_time"", ""source_columns"": [""results.time""], ""sql_expression"": ""results.time"", ""source_justification"": ""The hint asks for the champion's finish time, which is stored in results.time."", ""aggregation"": ""none""}], ""candidate_purpose"": ""answer"", ""expected_result_shape"": {""answer_type"": ""rows"", ""column_count"": 3, ""row_grain"": ""one row for the winning driver in the specified race""}, ""unresolved_assumptions"": [], ""revision"": null}, ""errors"": []}"
20260714T210045Z-11af1da6,bird_989,formula_1,moderate,2,2,1,db.execute,"SELECT drivers.forename, drivers.surname, results.time
FROM results
INNER JOIN races ON races.raceId = results.raceId
INNER JOIN drivers ON drivers.driverId = results.driverId
WHERE races.name = 'Canadian Grand Prix'
  AND races.year = 2008
  AND results.positionOrder = 1
ORDER BY results.positionOrder ASC
LIMIT 1","[""drivers"", ""races"", ""results""]",3,initial_sql,nonmatching,false,initial_execution_nonmatching,true,retrieval_complete_mining_abstained_semantic_failure,OUTPUT_CONTRACT,output_column_count_mismatch,
20260714T210045Z-11af1da6,bird_989,formula_1,moderate,3,3,1,query_plan.adherence,"SELECT drivers.forename, drivers.surname, results.time
FROM results
INNER JOIN races ON races.raceId = results.raceId
INNER JOIN drivers ON drivers.driverId = results.driverId
WHERE races.name = 'Canadian Grand Prix'
  AND races.year = 2008
  AND results.positionOrder = 1
ORDER BY results.positionOrder ASC
LIMIT 1",[],,not_applicable,adherence_passed,unknown,query_plan.adherence,false,retrieval_complete_mining_abstained_semantic_failure,OUTPUT_CONTRACT,output_column_count_mismatch,"{""schema_version"": 3, ""checks"": {""projection_count"": true, ""group_by_presence"": true, ""having_presence"": true, ""order_by_presence"": true, ""limit_presence"": true, ""required_tables_presence"": true}, ""passed"": true, ""expected_projection_count"": 3, ""actual_projection_count"": 3, ""enforced"": false}"
20260714T210045Z-11af1da6,bird_989,formula_1,moderate,4,4,2,FINAL,"SELECT drivers.forename AS champion_forename, drivers.surname AS champion_surname, results.time AS finish_time FROM results INNER JOIN races ON races.raceId = results.raceId INNER JOIN drivers ON drivers.driverId = results.driverId WHERE races.name = 'Canadian Grand Prix' AND races.year = 2008 AND results.positionOrder = 1 LIMIT 1","[""drivers"", ""races"", ""results""]",3,order_by,benchmark_nonmatching_final,false,unverified_rewrite_after_nonmatching_execution,false,retrieval_complete_mining_abstained_semantic_failure,OUTPUT_CONTRACT,output_column_count_mismatch,
20260714T210045Z-11af1da6,bird_1011,formula_1,challenging,1,1,1,query_plan.initial,,[],,not_applicable,plan_valid,unknown,query_plan.initial,false,retrieval_complete_mining_abstained_semantic_failure,OUTPUT_CONTRACT,output_column_count_mismatch,"{""valid"": true, ""payload"": {""target_entity"": ""driver"", ""grain"": ""one row per driver"", ""schema_links"": [""lapTimes.driverId = drivers.driverId""], ""required_tables"": [""lapTimes"", ""drivers""], ""joins"": [{""left_table"": ""lapTimes"", ""left_column"": ""driverId"", ""right_table"": ""drivers"", ""right_column"": ""driverId"", ""join_type"": ""INNER""}], ""filters"": [], ""group_by"": [""drivers.driverId"", ""drivers.forename"", ""drivers.surname""], ""aggregates"": [{""expression"": ""MIN(lapTimes.milliseconds)"", ""alias"": ""min_lap_milliseconds""}, {""expression"": ""MIN(lapTimes.time)"", ""alias"": ""min_lap_time_text""}], ""aggregation_scope"": ""per_entity"", ""aggregation_justification"": ""The phrase 'shortest lap time ever record' requires finding each driver's minimum lap time before ranking drivers."", ""having"": [], ""order_by"": [{""expression"": ""MIN(lapTimes.milliseconds)"", ""direction"": ""ASC""}, {""expression"": ""drivers.forename"", ""direction"": ""ASC""}, {""expression"": ""drivers.surname"", ""direction"": ""ASC""}], ""limit"": 20, ""answer_type"": ""rows"", ""answer_scope"": ""per_entity_rows"", ""output_columns"": [{""position"": 1, ""semantic_item"": ""driver full name forename"", ""source_columns"": [""drivers.forename""], ""sql_expression"": ""drivers.forename"", ""source_justification"": ""The user asked for full names, which include the driver's forename."", ""aggregation"": ""none""}, {""position"": 2, ""semantic_item"": ""driver full name surname"", ""source_columns"": [""drivers.surname""], ""sql_expression"": ""drivers.surname"", ""source_justification"": ""The user asked for full names, which include the driver's surname."", ""aggregation"": ""none""}], ""candidate_purpose"": ""answer"", ""expected_result_shape"": {""answer_type"": ""rows"", ""column_count"": 2, ""row_grain"": ""one row per driver""}, ""unresolved_assumptions"": [""Rank drivers by their minimum lap time using milliseconds for correct ordering because the time column is textual, while still respecting the definition of shortest lap time as the minimum lap time per driver.""], ""revision"": null}, ""errors"": []}"
20260714T210045Z-11af1da6,bird_1011,formula_1,challenging,2,4,1,db.execute,"SELECT d.forename, d.surname
FROM lapTimes AS lt
INNER JOIN drivers AS d ON lt.driverId = d.driverId
GROUP BY d.driverId, d.forename, d.surname
ORDER BY MIN(lt.milliseconds) ASC, d.forename ASC, d.surname ASC
LIMIT 20;","[""drivers"", ""laptimes""]",2,initial_sql,nonmatching,false,initial_execution_nonmatching,true,retrieval_complete_mining_abstained_semantic_failure,OUTPUT_CONTRACT,output_column_count_mismatch,
20260714T210045Z-11af1da6,bird_1011,formula_1,challenging,3,5,1,query_plan.adherence,"SELECT d.forename, d.surname
FROM lapTimes AS lt
INNER JOIN drivers AS d ON lt.driverId = d.driverId
GROUP BY d.driverId, d.forename, d.surname
ORDER BY MIN(lt.milliseconds) ASC, d.forename ASC, d.surname ASC
LIMIT 20;",[],,not_applicable,adherence_passed,unknown,query_plan.adherence,false,retrieval_complete_mining_abstained_semantic_failure,OUTPUT_CONTRACT,output_column_count_mismatch,"{""schema_version"": 3, ""checks"": {""projection_count"": true, ""group_by_presence"": true, ""having_presence"": true, ""order_by_presence"": true, ""limit_presence"": true, ""required_tables_presence"": true}, ""passed"": true, ""expected_projection_count"": 2, ""actual_projection_count"": 2, ""enforced"": false}"
20260714T210045Z-11af1da6,bird_1011,formula_1,challenging,4,6,1,FINAL,"SELECT d.forename, d.surname FROM lapTimes AS lt INNER JOIN drivers AS d ON lt.driverId = d.driverId GROUP BY d.driverId, d.forename, d.surname ORDER BY MIN(lt.milliseconds) ASC, d.forename ASC, d.surname ASC LIMIT 20;","[""drivers"", ""laptimes""]",2,unchanged,benchmark_nonmatching_final,false,final_same_as_last_execution,false,retrieval_complete_mining_abstained_semantic_failure,OUTPUT_CONTRACT,output_column_count_mismatch,
20260714T210045Z-11af1da6,bird_1014,formula_1,challenging,1,1,1,query_plan.initial,,[],,not_applicable,plan_valid,unknown,query_plan.initial,false,detailed_schema_table_miss,OUTPUT_CONTRACT,output_column_count_mismatch,"{""valid"": true, ""payload"": {""target_entity"": ""circuit"", ""grain"": ""one row per circuit in Italy"", ""schema_links"": [""circuits.circuitId = races.circuitId"", ""races.raceId = lapTimes.raceId""], ""required_tables"": [""circuits"", ""races"", ""lapTimes""], ""joins"": [{""left_table"": ""circuits"", ""right_table"": ""races"", ""condition"": ""circuits.circuitId = races.circuitId"", ""join_type"": ""INNER""}, {""left_table"": ""races"", ""right_table"": ""lapTimes"", ""condition"": ""races.raceId = lapTimes.raceId"", ""join_type"": ""INNER""}], ""filters"": [{""table"": ""circuits"", ""column"": ""country"", ""operator"": ""="", ""value"": ""Italy""}], ""group_by"": [], ""aggregates"": [], ""aggregation_scope"": ""none"", ""aggregation_justification"": null, ""having"": [], ""order_by"": [{""expression"": ""c.name"", ""direction"": ""ASC""}], ""limit"": null, ""answer_type"": ""rows"", ""answer_scope"": ""per_entity_rows"", ""output_columns"": [{""position"": 1, ""semantic_item"": ""circuit name"", ""source_columns"": [""circuits.name""], ""sql_expression"": ""name"", ""source_justification"": ""Identifies which circuit the lap record belongs to."", ""aggregation"": ""none""}, {""position"": 2, ""semantic_item"": ""lap record time"", ""source_columns"": [""lapTimes.time"", ""lapTimes.milliseconds""], ""sql_expression"": ""time"", ""source_justification"": ""The hint defines lap record as the fastest recorded time; milliseconds are used to rank the fastest lap and time is the displayed lap record."", ""aggregation"": ""none""}], ""candidate_purpose"": ""answer"", ""expected_result_shape"": {""answer_type"": ""rows"", ""column_count"": 2, ""row_grain"": ""one row per circuit in Italy""}, ""unresolved_assumptions"": [""Lap record is interpreted as the fastest lap time ever recorded on each circuit, using lapTimes.milliseconds to select the minimum and lapTimes.time for display.""], ""revision"": null}, ""errors"": []}"
20260714T210045Z-11af1da6,bird_1014,formula_1,challenging,2,2,1,db.execute,"WITH ranked AS (
  SELECT
    c.name,
    lt.time,
    ROW_NUMBER() OVER (
      PARTITION BY c.circuitId
      ORDER BY lt.milliseconds ASC, lt.raceId ASC, lt.driverId ASC
    ) AS rn
  FROM circuits AS c
  INNER JOIN races AS r
    ON c.circuitId = r.circuitId
  INNER JOIN lapTimes AS lt
    ON r.raceId = lt.raceId
  WHERE c.country = 'Italy'
)
SELECT name, time
FROM ranked
WHERE rn = 1
ORDER BY name;","[""circuits"", ""laptimes"", ""races"", ""ranked""]",2,initial_sql,nonmatching,false,initial_execution_nonmatching,true,detailed_schema_table_miss,OUTPUT_CONTRACT,output_column_count_mismatch,
20260714T210045Z-11af1da6,bird_1014,formula_1,challenging,3,3,1,query_plan.adherence,"WITH ranked AS (
  SELECT
    c.name,
    lt.time,
    ROW_NUMBER() OVER (
      PARTITION BY c.circuitId
      ORDER BY lt.milliseconds ASC, lt.raceId ASC, lt.driverId ASC
    ) AS rn
  FROM circuits AS c
  INNER JOIN races AS r
    ON c.circuitId = r.circuitId
  INNER JOIN lapTimes AS lt
    ON r.raceId = lt.raceId
  WHERE c.country = 'Italy'
)
SELECT name, time
FROM ranked
WHERE rn = 1
ORDER BY name;",[],,not_applicable,adherence_passed,unknown,query_plan.adherence,false,detailed_schema_table_miss,OUTPUT_CONTRACT,output_column_count_mismatch,"{""schema_version"": 3, ""checks"": {""projection_count"": true, ""group_by_presence"": true, ""having_presence"": true, ""order_by_presence"": true, ""limit_presence"": true, ""required_tables_presence"": true}, ""passed"": true, ""expected_projection_count"": 2, ""actual_projection_count"": 2, ""enforced"": false}"
20260714T210045Z-11af1da6,bird_1014,formula_1,challenging,4,4,2,FINAL,"SELECT name, time FROM (SELECT c.name, lt.time, ROW_NUMBER() OVER (PARTITION BY c.circuitId ORDER BY lt.milliseconds ASC, lt.raceId ASC, lt.driverId ASC) AS rn FROM circuits AS c INNER JOIN races AS r ON c.circuitId = r.circuitId INNER JOIN lapTimes AS lt ON r.raceId = lt.raceId WHERE c.country = 'Italy') AS ranked WHERE rn = 1 ORDER BY name","[""circuits"", ""laptimes"", ""races""]",2,tables_or_join,benchmark_nonmatching_final,false,unverified_rewrite_after_nonmatching_execution,false,detailed_schema_table_miss,OUTPUT_CONTRACT,output_column_count_mismatch,
20260714T210045Z-11af1da6,bird_728,superhero,moderate,1,1,1,query_plan.initial,,[],,not_applicable,plan_valid,unknown,query_plan.initial,false,retrieval_complete_mining_abstained_semantic_failure,OUTPUT_CONTRACT,output_column_count_mismatch,"{""valid"": true, ""payload"": {""target_entity"": ""Marvel Comics superheroes' eye colors"", ""grain"": ""one row per eye color among superheroes published by Marvel Comics"", ""schema_links"": [""superhero.publisher_id = publisher.id"", ""superhero.eye_colour_id = colour.id""], ""required_tables"": [""superhero"", ""publisher"", ""colour""], ""joins"": [{""left_table"": ""superhero"", ""right_table"": ""publisher"", ""on"": [""superhero.publisher_id = publisher.id""], ""join_type"": ""INNER JOIN""}, {""left_table"": ""superhero"", ""right_table"": ""colour"", ""on"": [""superhero.eye_colour_id = colour.id""], ""join_type"": ""INNER JOIN""}], ""filters"": [{""table"": ""publisher"", ""column"": ""publisher_name"", ""op"": ""="", ""value"": ""Marvel Comics""}], ""group_by"": [""colour.colour""], ""aggregates"": [{""sql_expression"": ""COUNT(superhero.id)"", ""semantic_item"": ""superhero count per eye color"", ""scope"": ""per_entity""}], ""aggregation_scope"": ""per_entity"", ""aggregation_justification"": ""The phrase 'most common color' requires COUNT(superhero.id) DESC to aggregate superheroes by eye color."", ""having"": [], ""order_by"": [{""sql_expression"": ""COUNT(superhero.id) DESC""}, {""sql_expression"": ""colour.colour ASC""}], ""limit"": null, ""answer_type"": ""rows"", ""answer_scope"": ""per_entity_rows"", ""output_columns"": [{""position"": 1, ""semantic_item"": ""eye color"", ""source_columns"": [""colour.colour""], ""sql_expression"": ""colour.colour"", ""source_justification"": ""The question asks for ranking by eye color popularity, so the eye color name identifies each group."", ""aggregation"": ""none""}, {""position"": 2, ""semantic_item"": ""superhero count"", ""source_columns"": [""superhero.id""], ""sql_expression"": ""COUNT(superhero.id)"", ""source_justification"": ""Popularity is defined by the count of superheroes in each eye color group."", ""aggregation"": ""COUNT""}], ""candidate_purpose"": ""answer"", ""expected_result_shape"": {""answer_type"": ""rows"", ""column_count"": 2, ""row_grain"": ""one row per eye color for Marvel Comics superheroes""}, ""unresolved_assumptions"": [""The ranking should be returned as ordered rows rather than an explicit rank number.""], ""revision"": null}, ""errors"": []}"
20260714T210045Z-11af1da6,bird_728,superhero,moderate,2,2,1,db.execute,"SELECT
  c.colour,
  COUNT(s.id) AS superhero_count
FROM superhero AS s
INNER JOIN publisher AS p
  ON s.publisher_id = p.id
INNER JOIN colour AS c
  ON s.eye_colour_id = c.id
WHERE p.publisher_name = 'Marvel Comics'
GROUP BY c.colour
ORDER BY COUNT(s.id) DESC, c.colour ASC","[""colour"", ""publisher"", ""superhero""]",2,initial_sql,nonmatching,false,initial_execution_nonmatching,true,retrieval_complete_mining_abstained_semantic_failure,OUTPUT_CONTRACT,output_column_count_mismatch,
20260714T210045Z-11af1da6,bird_728,superhero,moderate,3,3,1,query_plan.adherence,"SELECT
  c.colour,
  COUNT(s.id) AS superhero_count
FROM superhero AS s
INNER JOIN publisher AS p
  ON s.publisher_id = p.id
INNER JOIN colour AS c
  ON s.eye_colour_id = c.id
WHERE p.publisher_name = 'Marvel Comics'
GROUP BY c.colour
ORDER BY COUNT(s.id) DESC, c.colour ASC",[],,not_applicable,adherence_passed,unknown,query_plan.adherence,false,retrieval_complete_mining_abstained_semantic_failure,OUTPUT_CONTRACT,output_column_count_mismatch,"{""schema_version"": 3, ""checks"": {""projection_count"": true, ""group_by_presence"": true, ""having_presence"": true, ""order_by_presence"": true, ""limit_presence"": true, ""required_tables_presence"": true}, ""passed"": true, ""expected_projection_count"": 2, ""actual_projection_count"": 2, ""enforced"": false}"
20260714T210045Z-11af1da6,bird_728,superhero,moderate,4,4,1,FINAL,"SELECT c.colour, COUNT(s.id) AS superhero_count FROM superhero AS s INNER JOIN publisher AS p ON s.publisher_id = p.id INNER JOIN colour AS c ON s.eye_colour_id = c.id WHERE p.publisher_name = 'Marvel Comics' GROUP BY c.colour ORDER BY COUNT(s.id) DESC, c.colour ASC","[""colour"", ""publisher"", ""superhero""]",2,unchanged,benchmark_nonmatching_final,false,final_same_as_last_execution,false,retrieval_complete_mining_abstained_semantic_failure,OUTPUT_CONTRACT,output_column_count_mismatch,
20260714T210045Z-11af1da6,bird_751,superhero,moderate,1,1,1,query_plan.initial,,[],,not_applicable,plan_valid,unknown,query_plan.initial,false,retrieval_complete_mining_abstained_semantic_failure,SEMANTIC_REVIEW_REQUIRED,filter_scope_or_expression_mismatch,"{""valid"": true, ""payload"": {""target_entity"": ""superpower.power_name"", ""grain"": ""one row per distinct superpower name"", ""schema_links"": [""superhero.gender_id = gender.id"", ""hero_power.hero_id = superhero.id"", ""hero_power.power_id = superpower.id""], ""required_tables"": [""superhero"", ""gender"", ""hero_power"", ""superpower""], ""joins"": [{""left_table"": ""superhero"", ""left_column"": ""gender_id"", ""right_table"": ""gender"", ""right_column"": ""id""}, {""left_table"": ""hero_power"", ""left_column"": ""hero_id"", ""right_table"": ""superhero"", ""right_column"": ""id""}, {""left_table"": ""hero_power"", ""left_column"": ""power_id"", ""right_table"": ""superpower"", ""right_column"": ""id""}], ""filters"": [{""table"": ""gender"", ""column"": ""gender"", ""operator"": ""="", ""value"": ""Male""}], ""group_by"": [], ""aggregates"": [], ""aggregation_scope"": ""none"", ""aggregation_justification"": null, ""having"": [], ""order_by"": [{""expression"": ""superpower.power_name"", ""direction"": ""ASC""}], ""limit"": 5, ""answer_type"": ""rows"", ""answer_scope"": ""per_entity_rows"", ""output_columns"": [{""position"": 1, ""semantic_item"": ""superpower name"", ""source_columns"": [""superpower.power_name""], ""sql_expression"": ""DISTINCT superpower.power_name"", ""source_justification"": ""The question asks for superpowers, and the hint maps superpowers to superpower.power_name."", ""aggregation"": ""none""}], ""candidate_purpose"": ""answer"", ""expected_result_shape"": {""answer_type"": ""rows"", ""column_count"": 1, ""row_grain"": ""distinct superpower names for male superheroes""}, ""unresolved_assumptions"": [""Use DISTINCT to avoid repeated power names across multiple male superheroes.""], ""revision"": null}, ""errors"": []}"
20260714T210045Z-11af1da6,bird_751,superhero,moderate,2,2,1,db.execute,"SELECT DISTINCT T3.power_name
FROM superhero AS T1
INNER JOIN gender AS T2 ON T1.gender_id = T2.id
INNER JOIN hero_power AS T4 ON T4.hero_id = T1.id
INNER JOIN superpower AS T3 ON T4.power_id = T3.id
WHERE T2.gender = 'Male'
ORDER BY T3.power_name
LIMIT 5","[""gender"", ""hero_power"", ""superhero"", ""superpower""]",1,initial_sql,nonmatching,false,initial_execution_nonmatching,true,retrieval_complete_mining_abstained_semantic_failure,SEMANTIC_REVIEW_REQUIRED,filter_scope_or_expression_mismatch,
20260714T210045Z-11af1da6,bird_751,superhero,moderate,3,3,1,query_plan.adherence,"SELECT DISTINCT T3.power_name
FROM superhero AS T1
INNER JOIN gender AS T2 ON T1.gender_id = T2.id
INNER JOIN hero_power AS T4 ON T4.hero_id = T1.id
INNER JOIN superpower AS T3 ON T4.power_id = T3.id
WHERE T2.gender = 'Male'
ORDER BY T3.power_name
LIMIT 5",[],,not_applicable,adherence_passed,unknown,query_plan.adherence,false,retrieval_complete_mining_abstained_semantic_failure,SEMANTIC_REVIEW_REQUIRED,filter_scope_or_expression_mismatch,"{""schema_version"": 3, ""checks"": {""projection_count"": true, ""group_by_presence"": true, ""having_presence"": true, ""order_by_presence"": true, ""limit_presence"": true, ""required_tables_presence"": true}, ""passed"": true, ""expected_projection_count"": 1, ""actual_projection_count"": 1, ""enforced"": false}"
20260714T210045Z-11af1da6,bird_751,superhero,moderate,4,4,1,FINAL,SELECT DISTINCT T3.power_name FROM superhero AS T1 INNER JOIN gender AS T2 ON T1.gender_id = T2.id INNER JOIN hero_power AS T4 ON T4.hero_id = T1.id INNER JOIN superpower AS T3 ON T4.power_id = T3.id WHERE T2.gender = 'Male' ORDER BY T3.power_name LIMIT 5,"[""gender"", ""hero_power"", ""superhero"", ""superpower""]",1,unchanged,benchmark_nonmatching_final,false,final_same_as_last_execution,false,retrieval_complete_mining_abstained_semantic_failure,SEMANTIC_REVIEW_REQUIRED,filter_scope_or_expression_mismatch,
20260714T210045Z-11af1da6,bird_533,codebase_community,simple,1,1,1,query_plan.initial,,[],,not_applicable,plan_valid,unknown,query_plan.initial,false,retrieval_complete_mining_abstained_semantic_failure,SEMANTIC_REVIEW_REQUIRED,filter_scope_or_expression_mismatch,"{""valid"": true, ""payload"": {""target_entity"": ""users"", ""grain"": ""one global scalar count of matching users"", ""schema_links"": [], ""required_tables"": [""users""], ""joins"": [], ""filters"": [{""table"": ""users"", ""column"": ""LastAccessDate"", ""operator"": "">"", ""value"": ""2014-09-01""}], ""group_by"": [], ""aggregates"": [{""function"": ""COUNT"", ""expression"": ""*"", ""scope"": ""global""}], ""aggregation_scope"": ""global"", ""aggregation_justification"": ""The question asks 'How many users', which requires counting matching user rows."", ""having"": [], ""order_by"": [], ""limit"": null, ""answer_type"": ""scalar"", ""answer_scope"": ""global_scalar"", ""output_columns"": [{""position"": 1, ""semantic_item"": ""count of users with LastAccessDate after 2014-09-01"", ""source_columns"": [""users.Id"", ""users.LastAccessDate""], ""sql_expression"": ""COUNT(*)"", ""source_justification"": ""Each qualifying row in users represents one user; the filter is applied on users.LastAccessDate."", ""aggregation"": ""COUNT""}], ""candidate_purpose"": ""answer"", ""expected_result_shape"": {""answer_type"": ""scalar"", ""column_count"": 1, ""row_grain"": ""single row""}, ""unresolved_assumptions"": [], ""revision"": null}, ""errors"": []}"
20260714T210045Z-11af1da6,bird_533,codebase_community,simple,2,2,1,db.execute,SELECT COUNT(*) AS count FROM users WHERE LastAccessDate > '2014-09-01',"[""users""]",1,initial_sql,nonmatching,false,initial_execution_nonmatching,true,retrieval_complete_mining_abstained_semantic_failure,SEMANTIC_REVIEW_REQUIRED,filter_scope_or_expression_mismatch,
20260714T210045Z-11af1da6,bird_533,codebase_community,simple,3,3,1,query_plan.adherence,SELECT COUNT(*) AS count FROM users WHERE LastAccessDate > '2014-09-01',[],,not_applicable,adherence_passed,unknown,query_plan.adherence,false,retrieval_complete_mining_abstained_semantic_failure,SEMANTIC_REVIEW_REQUIRED,filter_scope_or_expression_mismatch,"{""schema_version"": 3, ""checks"": {""projection_count"": true, ""group_by_presence"": true, ""having_presence"": true, ""order_by_presence"": true, ""limit_presence"": true, ""required_tables_presence"": true}, ""passed"": true, ""expected_projection_count"": 1, ""actual_projection_count"": 1, ""enforced"": false}"
20260714T210045Z-11af1da6,bird_533,codebase_community,simple,4,4,1,FINAL,SELECT COUNT(*) AS count FROM users WHERE LastAccessDate > '2014-09-01',"[""users""]",1,unchanged,benchmark_nonmatching_final,false,final_same_as_last_execution,false,retrieval_complete_mining_abstained_semantic_failure,SEMANTIC_REVIEW_REQUIRED,filter_scope_or_expression_mismatch,
20260714T210045Z-11af1da6,bird_565,codebase_community,moderate,1,1,1,query_plan.initial,,[],,not_applicable,plan_invalid,unknown,query_plan.initial,false,retrieval_complete_mining_abstained_semantic_failure,SEMANTIC_REVIEW_REQUIRED,filter_scope_or_expression_mismatch,"{""valid"": false, ""payload"": null, ""errors"": [""answer_scope is inconsistent with answer_type""]}"
20260714T210045Z-11af1da6,bird_565,codebase_community,moderate,2,2,2,query_plan.initial,,[],,not_applicable,plan_valid,unknown,query_plan.initial,false,retrieval_complete_mining_abstained_semantic_failure,SEMANTIC_REVIEW_REQUIRED,filter_scope_or_expression_mismatch,"{""valid"": true, ""payload"": {""target_entity"": ""the post commented on by user 23853 at 2013-07-12 09:08:18"", ""grain"": ""single matched comment/post row"", ""schema_links"": [{""from_table"": ""comments"", ""from_column"": ""PostId"", ""to_table"": ""posts"", ""to_column"": ""Id""}], ""required_tables"": [""comments"", ""posts""], ""joins"": [{""left_table"": ""comments"", ""left_column"": ""PostId"", ""right_table"": ""posts"", ""right_column"": ""Id"", ""join_type"": ""INNER""}], ""filters"": [{""table"": ""comments"", ""column"": ""UserId"", ""op"": ""="", ""value"": ""23853""}, {""table"": ""comments"", ""column"": ""CreationDate"", ""op"": ""="", ""value"": ""2013-07-12 09:08:18.0""}], ""group_by"": [], ""aggregates"": [], ""aggregation_scope"": ""none"", ""aggregation_justification"": null, ""having"": [], ""order_by"": [], ""limit"": 1, ""answer_type"": ""boolean"", ""answer_scope"": ""boolean"", ""output_columns"": [{""position"": 1, ""semantic_item"": ""whether the post was well-finished"", ""source_columns"": [""posts.ClosedDate""], ""sql_expression"": ""posts.ClosedDate IS NOT NULL"", ""source_justification"": ""The hint defines well-finished as the opposite of ClosedDate IS NULL."", ""aggregation"": ""none""}], ""candidate_purpose"": ""answer"", ""expected_result_shape"": {""answer_type"": ""boolean"", ""column_count"": 1, ""row_grain"": ""one row containing the boolean answer for the matched post""}, ""unresolved_assumptions"": [""Assume the comment timestamp identifies the intended comment uniquely.""], ""revision"": null}, ""errors"": []}"
20260714T210045Z-11af1da6,bird_565,codebase_community,moderate,3,3,2,db.execute,"SELECT p.ClosedDate IS NOT NULL AS well_finished
FROM comments AS c
INNER JOIN posts AS p ON c.PostId = p.Id
WHERE c.UserId = 23853
  AND c.CreationDate = '2013-07-12 09:08:18.0'
LIMIT 1;","[""comments"", ""posts""]",1,initial_sql,nonmatching,false,initial_execution_nonmatching,true,retrieval_complete_mining_abstained_semantic_failure,SEMANTIC_REVIEW_REQUIRED,filter_scope_or_expression_mismatch,
20260714T210045Z-11af1da6,bird_565,codebase_community,moderate,4,4,2,query_plan.adherence,"SELECT p.ClosedDate IS NOT NULL AS well_finished
FROM comments AS c
INNER JOIN posts AS p ON c.PostId = p.Id
WHERE c.UserId = 23853
  AND c.CreationDate = '2013-07-12 09:08:18.0'
LIMIT 1;",[],,not_applicable,adherence_passed,unknown,query_plan.adherence,false,retrieval_complete_mining_abstained_semantic_failure,SEMANTIC_REVIEW_REQUIRED,filter_scope_or_expression_mismatch,"{""schema_version"": 3, ""checks"": {""projection_count"": true, ""group_by_presence"": true, ""having_presence"": true, ""order_by_presence"": true, ""limit_presence"": true, ""required_tables_presence"": true}, ""passed"": true, ""expected_projection_count"": 1, ""actual_projection_count"": 1, ""enforced"": false}"
20260714T210045Z-11af1da6,bird_565,codebase_community,moderate,5,5,2,FINAL,SELECT p.ClosedDate IS NOT NULL AS well_finished FROM comments AS c INNER JOIN posts AS p ON c.PostId = p.Id WHERE c.UserId = 23853 AND c.CreationDate = '2013-07-12 09:08:18.0' LIMIT 1,"[""comments"", ""posts""]",1,unchanged,benchmark_nonmatching_final,false,final_same_as_last_execution,false,retrieval_complete_mining_abstained_semantic_failure,SEMANTIC_REVIEW_REQUIRED,filter_scope_or_expression_mismatch,
20260714T210045Z-11af1da6,bird_584,codebase_community,moderate,1,1,1,query_plan.initial,,[],,not_applicable,plan_valid,unknown,query_plan.initial,false,retrieval_complete_mining_abstained_semantic_failure,SCHEMA_LINKING,table_or_join_path_mismatch,"{""valid"": true, ""payload"": {""target_entity"": ""comments left by users who edited the post titled 'Why square the difference instead of taking the absolute value in standard deviation?'"", ""grain"": ""one row per comment"", ""schema_links"": [""posts.Title -> posts.Id"", ""postHistory.PostId -> posts.Id"", ""postHistory.UserId -> users.Id"", ""comments.UserId -> users.Id""], ""required_tables"": [""posts"", ""postHistory"", ""comments"", ""users""], ""joins"": [{""left_table"": ""posts"", ""left_column"": ""Id"", ""right_table"": ""postHistory"", ""right_column"": ""PostId""}, {""left_table"": ""postHistory"", ""left_column"": ""UserId"", ""right_table"": ""comments"", ""right_column"": ""UserId""}], ""filters"": [{""table"": ""posts"", ""column"": ""Title"", ""operator"": ""="", ""value"": ""Why square the difference instead of taking the absolute value in standard deviation?""}], ""group_by"": [], ""aggregates"": [], ""aggregation_scope"": ""none"", ""aggregation_justification"": null, ""having"": [], ""order_by"": [], ""limit"": null, ""answer_type"": ""rows"", ""answer_scope"": ""per_entity_rows"", ""output_columns"": [{""position"": 1, ""semantic_item"": ""comment text"", ""source_columns"": [""comments.Text""], ""sql_expression"": ""comments.Text"", ""source_justification"": ""The question asks to write the comments left by the users, which are stored as comment text in the comments table."", ""aggregation"": ""none""}], ""candidate_purpose"": ""explore"", ""expected_result_shape"": {""answer_type"": ""rows"", ""column_count"": 1, ""row_grain"": ""one row per comment text""}, ""unresolved_assumptions"": [""Whether 'users who edited the post' should mean all users appearing in postHistory for that post or only rows with edit-specific PostHistoryTypeId values.""], ""revision"": null}, ""errors"": []}"
20260714T210045Z-11af1da6,bird_584,codebase_community,moderate,2,2,1,db.execute,"SELECT p.Id AS PostId,
       p.Title,
       ph.PostHistoryTypeId,
       ph.UserId,
       u.DisplayName,
       COUNT(*) AS history_rows
FROM posts AS p
JOIN postHistory AS ph ON ph.PostId = p.Id
LEFT JOIN users AS u ON u.Id = ph.UserId
WHERE p.Title = 'Why square the difference instead of taking the absolute value in standard deviation?'
GROUP BY p.Id, p.Title, ph.PostHistoryTypeId, ph.UserId, u.DisplayName
ORDER BY ph.PostHistoryTypeId, ph.UserId","[""posthistory"", ""posts"", ""users""]",6,initial_sql,nonmatching,false,initial_execution_nonmatching,true,retrieval_complete_mining_abstained_semantic_failure,SCHEMA_LINKING,table_or_join_path_mismatch,
20260714T210045Z-11af1da6,bird_584,codebase_community,moderate,3,3,1,query_plan.adherence,"SELECT p.Id AS PostId,
       p.Title,
       ph.PostHistoryTypeId,
       ph.UserId,
       u.DisplayName,
       COUNT(*) AS history_rows
FROM posts AS p
JOIN postHistory AS ph ON ph.PostId = p.Id
LEFT JOIN users AS u ON u.Id = ph.UserId
WHERE p.Title = 'Why square the difference instead of taking the absolute value in standard deviation?'
GROUP BY p.Id, p.Title, ph.PostHistoryTypeId, ph.UserId, u.DisplayName
ORDER BY ph.PostHistoryTypeId, ph.UserId",[],,not_applicable,adherence_failed,unknown,query_plan.adherence,false,retrieval_complete_mining_abstained_semantic_failure,SCHEMA_LINKING,table_or_join_path_mismatch,"{""schema_version"": 3, ""checks"": {""projection_count"": false, ""group_by_presence"": false, ""having_presence"": true, ""order_by_presence"": false, ""limit_presence"": true, ""required_tables_presence"": false}, ""passed"": false, ""expected_projection_count"": 1, ""actual_projection_count"": 6, ""enforced"": false}"
20260714T210045Z-11af1da6,bird_584,codebase_community,moderate,4,4,1,db.execute,"SELECT p.Id AS PostId,
       p.Title,
       ph.PostHistoryTypeId,
       ph.UserId,
       u.DisplayName,
       COUNT(*) AS history_rows
FROM posts AS p
JOIN postHistory AS ph ON ph.PostId = p.Id
LEFT JOIN users AS u ON u.Id = ph.UserId
WHERE p.Title = 'Why square the difference instead of taking the absolute value in standard deviation?'
GROUP BY p.Id, p.Title, ph.PostHistoryTypeId, ph.UserId, u.DisplayName
ORDER BY ph.PostHistoryTypeId, ph.UserId","[""posthistory"", ""posts"", ""users""]",6,unchanged,nonmatching,false,remained_nonmatching,false,retrieval_complete_mining_abstained_semantic_failure,SCHEMA_LINKING,table_or_join_path_mismatch,
20260714T210045Z-11af1da6,bird_584,codebase_community,moderate,5,5,1,query_plan.adherence,"SELECT p.Id AS PostId,
       p.Title,
       ph.PostHistoryTypeId,
       ph.UserId,
       u.DisplayName,
       COUNT(*) AS history_rows
FROM posts AS p
JOIN postHistory AS ph ON ph.PostId = p.Id
LEFT JOIN users AS u ON u.Id = ph.UserId
WHERE p.Title = 'Why square the difference instead of taking the absolute value in standard deviation?'
GROUP BY p.Id, p.Title, ph.PostHistoryTypeId, ph.UserId, u.DisplayName
ORDER BY ph.PostHistoryTypeId, ph.UserId",[],,not_applicable,adherence_failed,unknown,query_plan.adherence,false,retrieval_complete_mining_abstained_semantic_failure,SCHEMA_LINKING,table_or_join_path_mismatch,"{""schema_version"": 3, ""checks"": {""projection_count"": false, ""group_by_presence"": false, ""having_presence"": true, ""order_by_presence"": false, ""limit_presence"": true, ""required_tables_presence"": false}, ""passed"": false, ""expected_projection_count"": 1, ""actual_projection_count"": 6, ""enforced"": false}"
20260714T210045Z-11af1da6,bird_584,codebase_community,moderate,6,6,2,query_plan.revision,,[],,not_applicable,plan_valid,unknown,query_plan.revision,false,retrieval_complete_mining_abstained_semantic_failure,SCHEMA_LINKING,table_or_join_path_mismatch,"{""valid"": true, ""payload"": {""observation_ref"": 4, ""changed_constraints"": [""filters"", ""joins"", ""output_columns"", ""candidate_purpose""], ""updated_fields"": {""filters"": [{""table"": ""posts"", ""column"": ""Title"", ""operator"": ""="", ""value"": ""Why square the difference instead of taking the absolute value in standard deviation?""}], ""joins"": [{""left_table"": ""comments"", ""left_column"": ""UserId"", ""right_table"": ""postHistory"", ""right_column"": ""UserId""}, {""left_table"": ""postHistory"", ""left_column"": ""PostId"", ""right_table"": ""posts"", ""right_column"": ""Id""}], ""output_columns"": [{""position"": 1, ""semantic_item"": ""comment text"", ""source_columns"": [""comments.Text""], ""sql_expression"": ""comments.Text"", ""source_justification"": ""The requested output is the comments themselves, so return the text of each matching comment."", ""aggregation"": ""none""}], ""candidate_purpose"": ""answer""}, ""reason"": ""The observation shows the relevant users are those appearing in postHistory for the target post. We should return comment text for comments written by any such user, avoiding unnecessary PostHistoryTypeId assumptions."", ""candidate_purpose"": ""answer""}, ""errors"": []}"
20260714T210045Z-11af1da6,bird_584,codebase_community,moderate,7,7,2,db.execute,"SELECT c.Text
FROM comments AS c
WHERE EXISTS (
    SELECT 1
    FROM postHistory AS ph
    JOIN posts AS p ON p.Id = ph.PostId
    WHERE p.Title = 'Why square the difference instead of taking the absolute value in standard deviation?'
      AND ph.UserId = c.UserId
)
ORDER BY c.Id","[""comments"", ""posthistory"", ""posts""]",1,"tables_or_join,projection_count,group_by,aggregate",execution_error,unknown,unresolved_after_nonmatching_execution,false,retrieval_complete_mining_abstained_semantic_failure,SCHEMA_LINKING,table_or_join_path_mismatch,
20260714T210045Z-11af1da6,bird_584,codebase_community,moderate,8,8,2,query_plan.adherence,"SELECT c.Text
FROM comments AS c
WHERE EXISTS (
    SELECT 1
    FROM postHistory AS ph
    JOIN posts AS p ON p.Id = ph.PostId
    WHERE p.Title = 'Why square the difference instead of taking the absolute value in standard deviation?'
      AND ph.UserId = c.UserId
)
ORDER BY c.Id",[],,not_applicable,adherence_failed,unknown,query_plan.adherence,false,retrieval_complete_mining_abstained_semantic_failure,SCHEMA_LINKING,table_or_join_path_mismatch,"{""schema_version"": 3, ""checks"": {""projection_count"": true, ""group_by_presence"": true, ""having_presence"": true, ""order_by_presence"": false, ""limit_presence"": true, ""required_tables_presence"": false}, ""passed"": false, ""expected_projection_count"": 1, ""actual_projection_count"": 1, ""enforced"": false}"
20260714T210045Z-11af1da6,bird_584,codebase_community,moderate,9,9,3,query_plan.revision,,[],,not_applicable,plan_valid,unknown,query_plan.revision,false,retrieval_complete_mining_abstained_semantic_failure,SCHEMA_LINKING,table_or_join_path_mismatch,"{""valid"": true, ""payload"": {""observation_ref"": 7, ""changed_constraints"": [""joins"", ""order_by"", ""candidate_purpose""], ""updated_fields"": {""joins"": [{""left_table"": ""comments"", ""left_column"": ""UserId"", ""right_table"": ""editor_users"", ""right_column"": ""UserId""}, {""left_table"": ""editor_users"", ""left_column"": ""UserId"", ""right_table"": ""postHistory"", ""right_column"": ""UserId""}], ""order_by"": [{""expression"": ""c.Id"", ""direction"": ""ASC""}], ""candidate_purpose"": ""answer""}, ""reason"": ""The previous correlated EXISTS formulation likely caused the interruption. Switching to a distinct list of editor user ids joined to comments should be simpler and avoid duplication."", ""candidate_purpose"": ""answer""}, ""errors"": []}"
20260714T210045Z-11af1da6,bird_584,codebase_community,moderate,10,10,3,db.execute,"SELECT c.Text
FROM comments AS c
JOIN (
    SELECT DISTINCT ph.UserId
    FROM postHistory AS ph
    JOIN posts AS p ON p.Id = ph.PostId
    WHERE p.Title = 'Why square the difference instead of taking the absolute value in standard deviation?'
) AS editor_users
ON editor_users.UserId = c.UserId
ORDER BY c.Id","[""comments"", ""posthistory"", ""posts""]",1,distinct,nonmatching,false,resolved_to_nonmatching_execution,false,retrieval_complete_mining_abstained_semantic_failure,SCHEMA_LINKING,table_or_join_path_mismatch,
20260714T210045Z-11af1da6,bird_584,codebase_community,moderate,11,11,3,query_plan.adherence,"SELECT c.Text
FROM comments AS c
JOIN (
    SELECT DISTINCT ph.UserId
    FROM postHistory AS ph
    JOIN posts AS p ON p.Id = ph.PostId
    WHERE p.Title = 'Why square the difference instead of taking the absolute value in standard deviation?'
) AS editor_users
ON editor_users.UserId = c.UserId
ORDER BY c.Id",[],,not_applicable,adherence_failed,unknown,query_plan.adherence,false,retrieval_complete_mining_abstained_semantic_failure,SCHEMA_LINKING,table_or_join_path_mismatch,"{""schema_version"": 3, ""checks"": {""projection_count"": true, ""group_by_presence"": true, ""having_presence"": true, ""order_by_presence"": true, ""limit_presence"": true, ""required_tables_presence"": false}, ""passed"": false, ""expected_projection_count"": 1, ""actual_projection_count"": 1, ""enforced"": false}"
20260714T210045Z-11af1da6,bird_584,codebase_community,moderate,12,12,3,FINAL,SELECT c.Text FROM comments AS c JOIN (SELECT DISTINCT ph.UserId FROM postHistory AS ph JOIN posts AS p ON p.Id = ph.PostId WHERE p.Title = 'Why square the difference instead of taking the absolute value in standard deviation?') AS editor_users ON editor_users.UserId = c.UserId ORDER BY c.Id,"[""comments"", ""posthistory"", ""posts""]",1,expression_or_projection,benchmark_nonmatching_final,false,unverified_rewrite_after_nonmatching_execution,false,retrieval_complete_mining_abstained_semantic_failure,SCHEMA_LINKING,table_or_join_path_mismatch,
20260714T210045Z-11af1da6,bird_586,codebase_community,challenging,1,1,1,query_plan.initial,,[],,not_applicable,plan_valid,unknown,query_plan.initial,false,retrieval_complete_mining_abstained_semantic_failure,OUTPUT_CONTRACT,output_column_count_mismatch,"{""valid"": true, ""payload"": {""target_entity"": ""user who added the bounty"", ""grain"": ""one qualifying bounty vote joined to its post and user"", ""schema_links"": [""votes.PostId = posts.Id"", ""votes.UserId = users.Id""], ""required_tables"": [""votes"", ""posts"", ""users""], ""joins"": [{""left_table"": ""votes"", ""left_column"": ""PostId"", ""right_table"": ""posts"", ""right_column"": ""Id""}, {""left_table"": ""votes"", ""left_column"": ""UserId"", ""right_table"": ""users"", ""right_column"": ""Id""}], ""filters"": [{""table"": ""votes"", ""column"": ""BountyAmount"", ""operator"": ""="", ""value"": 50}, {""table"": ""posts"", ""column"": ""Title"", ""operator"": ""LIKE"", ""value"": ""%variance%""}], ""group_by"": [], ""aggregates"": [], ""aggregation_scope"": ""none"", ""aggregation_justification"": null, ""having"": [], ""order_by"": [], ""limit"": null, ""answer_type"": ""rows"", ""answer_scope"": ""single_entity_row"", ""output_columns"": [{""position"": 1, ""semantic_item"": ""user display name"", ""source_columns"": [""users.DisplayName""], ""sql_expression"": ""users.DisplayName"", ""source_justification"": ""The question asks for the user; hint defines user refers to DisplayName."", ""aggregation"": ""none""}], ""candidate_purpose"": ""answer"", ""expected_result_shape"": {""answer_type"": ""rows"", ""column_count"": 1, ""row_grain"": ""one row per qualifying bounty vote/user""}, ""unresolved_assumptions"": [""Assume the user who added the bounty is stored in votes.UserId.""], ""revision"": null}, ""errors"": []}"
20260714T210045Z-11af1da6,bird_586,codebase_community,challenging,2,2,1,db.execute,"SELECT DISTINCT users.DisplayName
FROM votes
JOIN posts ON votes.PostId = posts.Id
JOIN users ON votes.UserId = users.Id
WHERE votes.BountyAmount = 50
  AND posts.Title LIKE '%variance%'","[""posts"", ""users"", ""votes""]",1,initial_sql,nonmatching,false,initial_execution_nonmatching,true,retrieval_complete_mining_abstained_semantic_failure,OUTPUT_CONTRACT,output_column_count_mismatch,
20260714T210045Z-11af1da6,bird_586,codebase_community,challenging,3,3,1,query_plan.adherence,"SELECT DISTINCT users.DisplayName
FROM votes
JOIN posts ON votes.PostId = posts.Id
JOIN users ON votes.UserId = users.Id
WHERE votes.BountyAmount = 50
  AND posts.Title LIKE '%variance%'",[],,not_applicable,adherence_passed,unknown,query_plan.adherence,false,retrieval_complete_mining_abstained_semantic_failure,OUTPUT_CONTRACT,output_column_count_mismatch,"{""schema_version"": 3, ""checks"": {""projection_count"": true, ""group_by_presence"": true, ""having_presence"": true, ""order_by_presence"": true, ""limit_presence"": true, ""required_tables_presence"": true}, ""passed"": true, ""expected_projection_count"": 1, ""actual_projection_count"": 1, ""enforced"": false}"
20260714T210045Z-11af1da6,bird_586,codebase_community,challenging,4,4,2,FINAL,SELECT DISTINCT users.DisplayName FROM votes INNER JOIN posts ON votes.PostId = posts.Id INNER JOIN users ON votes.UserId = users.Id WHERE votes.BountyAmount = 50 AND posts.Title LIKE '%variance%' ORDER BY users.DisplayName,"[""posts"", ""users"", ""votes""]",1,order_by,benchmark_nonmatching_final,false,unverified_rewrite_after_nonmatching_execution,false,retrieval_complete_mining_abstained_semantic_failure,OUTPUT_CONTRACT,output_column_count_mismatch,
20260714T210045Z-11af1da6,bird_587,codebase_community,moderate,1,1,1,query_plan.initial,,[],,not_applicable,plan_valid,unknown,query_plan.initial,false,retrieval_complete_mining_abstained_semantic_failure,AGGREGATION_REASONING,aggregation_or_grouping_mismatch,"{""valid"": true, ""payload"": {""target_entity"": ""posts tagged as <humor>"", ""grain"": ""one row per comment attached to a humor-tagged post"", ""schema_links"": [{""left"": ""comments.PostId"", ""right"": ""posts.Id""}], ""required_tables"": [""posts"", ""comments""], ""joins"": [{""left"": ""comments.PostId"", ""right"": ""posts.Id"", ""type"": ""INNER""}], ""filters"": [{""table"": ""posts"", ""column"": ""Tags"", ""operator"": ""LIKE"", ""value"": ""%<humor>%"", ""expression"": ""posts.Tags LIKE '%<humor>%'""}], ""group_by"": [], ""aggregates"": [{""function"": ""AVG"", ""column"": ""posts.ViewCount"", ""alias"": ""avg_view_count"", ""scope"": ""global"", ""sql_expression"": ""AVG(ViewCount)""}], ""aggregation_scope"": ""global"", ""aggregation_justification"": ""The phrase 'Calculate the average view count' requires averaging ViewCount across all posts tagged as <humor>."", ""having"": [], ""order_by"": [], ""limit"": null, ""answer_type"": ""rows"", ""answer_scope"": ""per_entity_rows"", ""output_columns"": [{""position"": 1, ""semantic_item"": ""average view count"", ""source_columns"": [""posts.ViewCount""], ""sql_expression"": ""(SELECT AVG(ViewCount) FROM posts WHERE Tags LIKE '%<humor>%')"", ""source_justification"": ""The hint defines average view count as AVG(ViewCount) for posts tagged as <humor>."", ""aggregation"": ""global""}, {""position"": 2, ""semantic_item"": ""title"", ""source_columns"": [""posts.Title""], ""sql_expression"": ""p.Title"", ""source_justification"": ""The question asks for the title of each post."", ""aggregation"": ""none""}, {""position"": 3, ""semantic_item"": ""comment"", ""source_columns"": [""comments.Text""], ""sql_expression"": ""c.Text"", ""source_justification"": ""The hint says the post comment is represented by Text."", ""aggregation"": ""none""}], ""candidate_purpose"": ""answer"", ""expected_result_shape"": {""answer_type"": ""rows"", ""column_count"": 3, ""row_grain"": ""humor-tagged post-comment rows""}, ""unresolved_assumptions"": [""A post may have multiple comments, so the result can contain multiple rows per post.""], ""revision"": null}, ""errors"": []}"
20260714T210045Z-11af1da6,bird_587,codebase_community,moderate,2,2,1,db.execute,"SELECT
  (SELECT AVG(ViewCount) FROM posts WHERE Tags LIKE '%<humor>%') AS avg_view_count,
  p.Title AS title,
  c.Text AS comment
FROM posts AS p
JOIN comments AS c ON c.PostId = p.Id
WHERE p.Tags LIKE '%<humor>%';","[""comments"", ""posts""]",3,initial_sql,nonmatching,false,initial_execution_nonmatching,true,retrieval_complete_mining_abstained_semantic_failure,AGGREGATION_REASONING,aggregation_or_grouping_mismatch,
20260714T210045Z-11af1da6,bird_587,codebase_community,moderate,3,3,1,query_plan.adherence,"SELECT
  (SELECT AVG(ViewCount) FROM posts WHERE Tags LIKE '%<humor>%') AS avg_view_count,
  p.Title AS title,
  c.Text AS comment
FROM posts AS p
JOIN comments AS c ON c.PostId = p.Id
WHERE p.Tags LIKE '%<humor>%';",[],,not_applicable,adherence_passed,unknown,query_plan.adherence,false,retrieval_complete_mining_abstained_semantic_failure,AGGREGATION_REASONING,aggregation_or_grouping_mismatch,"{""schema_version"": 3, ""checks"": {""projection_count"": true, ""group_by_presence"": true, ""having_presence"": true, ""order_by_presence"": true, ""limit_presence"": true, ""required_tables_presence"": true}, ""passed"": true, ""expected_projection_count"": 3, ""actual_projection_count"": 3, ""enforced"": false}"
20260714T210045Z-11af1da6,bird_587,codebase_community,moderate,4,4,1,FINAL,"SELECT (SELECT AVG(ViewCount) FROM posts WHERE Tags LIKE '%<humor>%') AS avg_view_count, p.Title AS title, c.Text AS comment FROM posts AS p JOIN comments AS c ON c.PostId = p.Id WHERE p.Tags LIKE '%<humor>%';","[""comments"", ""posts""]",3,unchanged,benchmark_nonmatching_final,false,final_same_as_last_execution,false,retrieval_complete_mining_abstained_semantic_failure,AGGREGATION_REASONING,aggregation_or_grouping_mismatch,
20260714T210045Z-11af1da6,bird_595,codebase_community,moderate,1,1,1,query_plan.initial,,[],,not_applicable,plan_valid,unknown,query_plan.initial,false,retrieval_complete_mining_abstained_semantic_failure,SCHEMA_LINKING,table_or_join_path_mismatch,"{""valid"": true, ""payload"": {""target_entity"": ""UserId"", ""grain"": ""one row per qualifying user"", ""schema_links"": [""postHistory.PostId = posts.Id""], ""required_tables"": [""postHistory"", ""posts""], ""joins"": [{""left_table"": ""postHistory"", ""left_column"": ""PostId"", ""right_table"": ""posts"", ""right_column"": ""Id"", ""join_type"": ""INNER"", ""reason"": ""Attach post view counts to each post history row.""}], ""filters"": [{""table"": ""postHistory"", ""column"": ""UserId"", ""operator"": ""IS NOT"", ""value"": null}, {""table"": ""posts"", ""column"": ""ViewCount"", ""operator"": "">="", ""value"": 1000}], ""group_by"": [{""table"": ""postHistory"", ""column"": ""UserId""}], ""aggregates"": [{""expression"": ""COUNT(*)"", ""meaning"": ""number of qualifying post history rows per user""}, {""expression"": ""COUNT(DISTINCT ph.PostId)"", ""meaning"": ""number of distinct qualifying posts per user""}], ""aggregation_scope"": ""per_entity"", ""aggregation_justification"": ""The phrase 'only one post history per post' requires comparing the number of history rows to the number of distinct posts for each user."", ""having"": [{""expression"": ""COUNT(*) = COUNT(DISTINCT ph.PostId)""}], ""order_by"": [{""expression"": ""ph.UserId"", ""direction"": ""ASC""}], ""limit"": null, ""answer_type"": ""rows"", ""answer_scope"": ""per_entity_rows"", ""output_columns"": [{""position"": 1, ""semantic_item"": ""UserId"", ""source_columns"": [""postHistory.UserId""], ""sql_expression"": ""ph.UserId"", ""source_justification"": ""The question says user refers to UserId, and postHistory contains the user id for each history row."", ""aggregation"": ""none""}], ""candidate_purpose"": ""answer"", ""expected_result_shape"": {""answer_type"": ""rows"", ""column_count"": 1, ""row_grain"": ""one row per qualifying UserId""}, ""unresolved_assumptions"": [], ""revision"": null}, ""errors"": []}"
20260714T210045Z-11af1da6,bird_595,codebase_community,moderate,2,2,1,db.execute,"SELECT ph.UserId
FROM postHistory AS ph
JOIN posts AS p
  ON ph.PostId = p.Id
WHERE ph.UserId IS NOT NULL
  AND p.ViewCount >= 1000
GROUP BY ph.UserId
HAVING COUNT(*) = COUNT(DISTINCT ph.PostId)
ORDER BY ph.UserId","[""posthistory"", ""posts""]",1,initial_sql,nonmatching,false,initial_execution_nonmatching,true,retrieval_complete_mining_abstained_semantic_failure,SCHEMA_LINKING,table_or_join_path_mismatch,
20260714T210045Z-11af1da6,bird_595,codebase_community,moderate,3,3,1,query_plan.adherence,"SELECT ph.UserId
FROM postHistory AS ph
JOIN posts AS p
  ON ph.PostId = p.Id
WHERE ph.UserId IS NOT NULL
  AND p.ViewCount >= 1000
GROUP BY ph.UserId
HAVING COUNT(*) = COUNT(DISTINCT ph.PostId)
ORDER BY ph.UserId",[],,not_applicable,adherence_passed,unknown,query_plan.adherence,false,retrieval_complete_mining_abstained_semantic_failure,SCHEMA_LINKING,table_or_join_path_mismatch,"{""schema_version"": 3, ""checks"": {""projection_count"": true, ""group_by_presence"": true, ""having_presence"": true, ""order_by_presence"": true, ""limit_presence"": true, ""required_tables_presence"": true}, ""passed"": true, ""expected_projection_count"": 1, ""actual_projection_count"": 1, ""enforced"": false}"
20260714T210045Z-11af1da6,bird_595,codebase_community,moderate,4,4,1,FINAL,SELECT ph.UserId FROM postHistory AS ph JOIN posts AS p ON ph.PostId = p.Id WHERE ph.UserId IS NOT NULL AND p.ViewCount >= 1000 GROUP BY ph.UserId HAVING COUNT(*) = COUNT(DISTINCT ph.PostId) ORDER BY ph.UserId,"[""posthistory"", ""posts""]",1,unchanged,benchmark_nonmatching_final,false,final_same_as_last_execution,false,retrieval_complete_mining_abstained_semantic_failure,SCHEMA_LINKING,table_or_join_path_mismatch,
20260714T210045Z-11af1da6,bird_604,codebase_community,moderate,1,1,1,query_plan.initial,,[],,not_applicable,plan_invalid,unknown,query_plan.initial,false,retrieval_complete_mining_abstained_semantic_failure,AGGREGATION_REASONING,aggregation_or_grouping_mismatch,"{""valid"": false, ""payload"": null, ""errors"": [""answer_scope is inconsistent with answer_type""]}"
20260714T210045Z-11af1da6,bird_604,codebase_community,moderate,2,2,2,query_plan.initial,,[],,not_applicable,plan_valid,unknown,query_plan.initial,false,retrieval_complete_mining_abstained_semantic_failure,AGGREGATION_REASONING,aggregation_or_grouping_mismatch,"{""valid"": true, ""payload"": {""target_entity"": ""qualifying users who have created more than 10 posts"", ""grain"": ""one global summary row over all qualifying users"", ""schema_links"": [""posts.OwnerUserId = users.Id""], ""required_tables"": [""posts"", ""users""], ""joins"": [{""left_table"": ""users"", ""left_column"": ""Id"", ""right_table"": ""posts"", ""right_column"": ""OwnerUserId"", ""join_type"": ""INNER"", ""justification"": ""match each qualifying user to their owned posts""}], ""filters"": [], ""group_by"": [], ""aggregates"": [{""expression"": ""COUNT(posts.OwnerUserId)"", ""purpose"": ""identify users creating more than 10 posts""}, {""expression"": ""CAST(SUM(users.UpVotes) AS REAL) / COUNT(users.Id)"", ""purpose"": ""average of the up votes""}, {""expression"": ""CAST(SUM(users.Age) AS REAL) / COUNT(users.Id)"", ""purpose"": ""average user age""}], ""aggregation_scope"": ""global"", ""aggregation_justification"": ""The phrase 'for users creating more than 10 posts' defines a qualifying user population, and the request asks for overall averages across that population."", ""having"": [""COUNT(posts.OwnerUserId) > 10""], ""order_by"": [], ""limit"": null, ""answer_type"": ""rows"", ""answer_scope"": ""single_entity_row"", ""output_columns"": [{""position"": 1, ""semantic_item"": ""average of the up votes"", ""source_columns"": [""users.UpVotes""], ""sql_expression"": ""CAST(SUM(u.UpVotes) AS REAL) / COUNT(u.Id)"", ""source_justification"": ""sum up votes for qualifying users and divide by the count of qualifying users, per hint"", ""aggregation"": ""global""}, {""position"": 2, ""semantic_item"": ""average user age"", ""source_columns"": [""users.Age""], ""sql_expression"": ""CAST(SUM(u.Age) AS REAL) / COUNT(u.Id)"", ""source_justification"": ""sum ages for qualifying users and divide by the count of qualifying users, per hint"", ""aggregation"": ""global""}], ""candidate_purpose"": ""answer"", ""expected_result_shape"": {""answer_type"": ""rows"", ""column_count"": 2, ""row_grain"": ""single global summary row""}, ""unresolved_assumptions"": [""Interpret 'creating more than 10 posts' as users whose owned posts count is greater than 10 via posts.OwnerUserId.""], ""revision"": null}, ""errors"": []}"
20260714T210045Z-11af1da6,bird_604,codebase_community,moderate,3,3,2,db.execute,"SELECT
  CAST(SUM(u.UpVotes) AS REAL) / COUNT(u.Id) AS average_up_votes,
  CAST(SUM(u.Age) AS REAL) / COUNT(u.Id) AS average_user_age
FROM users AS u
INNER JOIN (
  SELECT p.OwnerUserId
  FROM posts AS p
  WHERE p.OwnerUserId IS NOT NULL
  GROUP BY p.OwnerUserId
  HAVING COUNT(p.OwnerUserId) > 10
) AS t
  ON u.Id = t.OwnerUserId","[""posts"", ""users""]",2,initial_sql,nonmatching,false,initial_execution_nonmatching,true,retrieval_complete_mining_abstained_semantic_failure,AGGREGATION_REASONING,aggregation_or_grouping_mismatch,
20260714T210045Z-11af1da6,bird_604,codebase_community,moderate,4,4,2,query_plan.adherence,"SELECT
  CAST(SUM(u.UpVotes) AS REAL) / COUNT(u.Id) AS average_up_votes,
  CAST(SUM(u.Age) AS REAL) / COUNT(u.Id) AS average_user_age
FROM users AS u
INNER JOIN (
  SELECT p.OwnerUserId
  FROM posts AS p
  WHERE p.OwnerUserId IS NOT NULL
  GROUP BY p.OwnerUserId
  HAVING COUNT(p.OwnerUserId) > 10
) AS t
  ON u.Id = t.OwnerUserId",[],,not_applicable,adherence_failed,unknown,query_plan.adherence,false,retrieval_complete_mining_abstained_semantic_failure,AGGREGATION_REASONING,aggregation_or_grouping_mismatch,"{""schema_version"": 3, ""checks"": {""projection_count"": true, ""group_by_presence"": false, ""having_presence"": true, ""order_by_presence"": true, ""limit_presence"": true, ""required_tables_presence"": true}, ""passed"": false, ""expected_projection_count"": 2, ""actual_projection_count"": 2, ""enforced"": false}"
20260714T210045Z-11af1da6,bird_604,codebase_community,moderate,5,5,2,FINAL,"SELECT CAST(SUM(u.UpVotes) AS REAL) / COUNT(u.Id) AS average_up_votes, CAST(SUM(u.Age) AS REAL) / COUNT(u.Id) AS average_user_age FROM users AS u INNER JOIN ( SELECT p.OwnerUserId FROM posts AS p WHERE p.OwnerUserId IS NOT NULL GROUP BY p.OwnerUserId HAVING COUNT(p.OwnerUserId) > 10 ) AS t ON u.Id = t.OwnerUserId;","[""posts"", ""users""]",2,unchanged,benchmark_nonmatching_final,false,final_same_as_last_execution,false,retrieval_complete_mining_abstained_semantic_failure,AGGREGATION_REASONING,aggregation_or_grouping_mismatch,
20260714T210045Z-11af1da6,bird_637,codebase_community,moderate,1,1,1,query_plan.initial,,[],,not_applicable,plan_valid,unknown,query_plan.initial,false,retrieval_complete_mining_abstained_semantic_failure,SCHEMA_LINKING,table_or_join_path_mismatch,"{""valid"": true, ""payload"": {""target_entity"": ""posts by user Mark Meckes with zero comments"", ""grain"": ""one row per matching post tag string"", ""schema_links"": [""posts.OwnerUserId = users.Id""], ""required_tables"": [""posts"", ""users""], ""joins"": [{""left_table"": ""posts"", ""right_table"": ""users"", ""condition"": ""posts.OwnerUserId = users.Id""}], ""filters"": [{""table"": ""users"", ""column"": ""DisplayName"", ""operator"": ""="", ""value"": ""Mark Meckes""}, {""table"": ""posts"", ""column"": ""CommentCount"", ""operator"": ""="", ""value"": 0}], ""group_by"": [], ""aggregates"": [], ""aggregation_scope"": ""none"", ""aggregation_justification"": null, ""having"": [], ""order_by"": [], ""limit"": null, ""answer_type"": ""rows"", ""answer_scope"": ""per_entity_rows"", ""output_columns"": [{""position"": 1, ""semantic_item"": ""post tag string"", ""source_columns"": [""posts.Tags""], ""sql_expression"": ""DISTINCT posts.Tags"", ""source_justification"": ""The posts table stores the tags for each post in the Tags column."", ""aggregation"": ""none""}], ""candidate_purpose"": ""answer"", ""expected_result_shape"": {""answer_type"": ""rows"", ""column_count"": 1, ""row_grain"": ""distinct tag string per matching post""}, ""unresolved_assumptions"": [""The question asks for the tags attached to Mark Meckes's posts; this is represented by posts.Tags rather than the separate tags lookup table."", ""Distinct tag strings are returned to avoid duplicates across multiple posts.""], ""revision"": null}, ""errors"": []}"
20260714T210045Z-11af1da6,bird_637,codebase_community,moderate,2,2,1,db.execute,"SELECT DISTINCT posts.Tags
FROM posts
INNER JOIN users ON posts.OwnerUserId = users.Id
WHERE users.DisplayName = 'Mark Meckes'
  AND posts.CommentCount = 0
  AND posts.Tags IS NOT NULL","[""posts"", ""users""]",1,initial_sql,nonmatching,false,initial_execution_nonmatching,true,retrieval_complete_mining_abstained_semantic_failure,SCHEMA_LINKING,table_or_join_path_mismatch,
20260714T210045Z-11af1da6,bird_637,codebase_community,moderate,3,3,1,query_plan.adherence,"SELECT DISTINCT posts.Tags
FROM posts
INNER JOIN users ON posts.OwnerUserId = users.Id
WHERE users.DisplayName = 'Mark Meckes'
  AND posts.CommentCount = 0
  AND posts.Tags IS NOT NULL",[],,not_applicable,adherence_passed,unknown,query_plan.adherence,false,retrieval_complete_mining_abstained_semantic_failure,SCHEMA_LINKING,table_or_join_path_mismatch,"{""schema_version"": 3, ""checks"": {""projection_count"": true, ""group_by_presence"": true, ""having_presence"": true, ""order_by_presence"": true, ""limit_presence"": true, ""required_tables_presence"": true}, ""passed"": true, ""expected_projection_count"": 1, ""actual_projection_count"": 1, ""enforced"": false}"
20260714T210045Z-11af1da6,bird_637,codebase_community,moderate,4,4,2,FINAL,SELECT DISTINCT T1.Tags FROM posts AS T1 INNER JOIN users AS T2 ON T1.OwnerUserId = T2.Id WHERE T2.DisplayName = 'Mark Meckes' AND T1.CommentCount = 0 AND T1.Tags IS NOT NULL ORDER BY T1.Tags,"[""posts"", ""users""]",1,order_by,benchmark_nonmatching_final,false,unverified_rewrite_after_nonmatching_execution,false,retrieval_complete_mining_abstained_semantic_failure,SCHEMA_LINKING,table_or_join_path_mismatch,
20260714T210045Z-11af1da6,bird_639,codebase_community,challenging,1,1,1,query_plan.initial,,[],,not_applicable,plan_valid,unknown,query_plan.initial,false,retrieval_complete_mining_abstained_semantic_failure,SCHEMA_LINKING,table_or_join_path_mismatch,"{""valid"": true, ""payload"": {""target_entity"": ""Community-post percentage using R language"", ""grain"": ""all posts owned by the Community user"", ""schema_links"": [""posts.OwnerUserId = users.Id"", ""posts.Tags contains the tag token for R language; verify exact storage format""], ""required_tables"": [""posts"", ""users""], ""joins"": [{""left_table"": ""posts"", ""left_column"": ""OwnerUserId"", ""right_table"": ""users"", ""right_column"": ""Id"", ""join_type"": ""INNER""}], ""filters"": [{""table"": ""users"", ""column"": ""DisplayName"", ""operator"": ""="", ""value"": ""Community""}, {""table"": ""posts"", ""column"": ""Tags"", ""operator"": ""contains_token"", ""value"": ""r"", ""note"": ""verify exact token delimiter format before writing SQL""}], ""group_by"": [], ""aggregates"": [{""expression"": ""COUNT(*)"", ""purpose"": ""denominator: Community posts""}, {""expression"": ""COUNT(CASE WHEN posts.Tags LIKE '%<r>%' THEN 1 END)"", ""purpose"": ""numerator: Community posts using R language""}], ""aggregation_scope"": ""global"", ""aggregation_justification"": ""The question asks for a percentage, which requires aggregating over all Community posts."", ""having"": [], ""order_by"": [], ""limit"": null, ""answer_type"": ""scalar"", ""answer_scope"": ""global_scalar"", ""output_columns"": [{""position"": 1, ""semantic_item"": ""percentage of Community posts using R language"", ""source_columns"": [""posts.Tags"", ""users.DisplayName""], ""sql_expression"": ""100.0 * COUNT(CASE WHEN posts.Tags LIKE '%<r>%' THEN 1 END) / COUNT(*)"", ""source_justification"": ""Compute the share of Community-owned posts whose tags include the R tag token."", ""aggregation"": ""global""}], ""candidate_purpose"": ""explore"", ""expected_result_shape"": {""answer_type"": ""scalar"", ""column_count"": 1, ""row_grain"": ""one global percentage value""}, ""unresolved_assumptions"": [""The R tag is stored in posts.Tags as a token delimited by angle brackets, e.g. <r>.""], ""revision"": null}, ""errors"": []}"
20260714T210045Z-11af1da6,bird_639,codebase_community,challenging,2,5,1,db.execute,"SELECT 100.0 * SUM(CASE WHEN p.Tags LIKE '%<r>%' THEN 1 ELSE 0 END) / COUNT(*) AS percentage
FROM posts AS p
INNER JOIN users AS u
  ON p.OwnerUserId = u.Id
WHERE u.DisplayName = 'Community'","[""posts"", ""users""]",1,initial_sql,nonmatching,false,initial_execution_nonmatching,true,retrieval_complete_mining_abstained_semantic_failure,SCHEMA_LINKING,table_or_join_path_mismatch,
20260714T210045Z-11af1da6,bird_639,codebase_community,challenging,3,6,1,query_plan.adherence,"SELECT 100.0 * SUM(CASE WHEN p.Tags LIKE '%<r>%' THEN 1 ELSE 0 END) / COUNT(*) AS percentage
FROM posts AS p
INNER JOIN users AS u
  ON p.OwnerUserId = u.Id
WHERE u.DisplayName = 'Community'",[],,not_applicable,adherence_passed,unknown,query_plan.adherence,false,retrieval_complete_mining_abstained_semantic_failure,SCHEMA_LINKING,table_or_join_path_mismatch,"{""schema_version"": 3, ""checks"": {""projection_count"": true, ""group_by_presence"": true, ""having_presence"": true, ""order_by_presence"": true, ""limit_presence"": true, ""required_tables_presence"": true}, ""passed"": true, ""expected_projection_count"": 1, ""actual_projection_count"": 1, ""enforced"": false}"
20260714T210045Z-11af1da6,bird_639,codebase_community,challenging,4,7,3,FINAL,"SELECT 100.0 * SUM(CASE WHEN p.Tags LIKE '%<r>%' THEN 1 ELSE 0 END) / NULLIF(COUNT(*), 0) AS percentage FROM posts AS p INNER JOIN users AS u ON p.OwnerUserId = u.Id WHERE u.DisplayName = 'Community'","[""posts"", ""users""]",1,expression_or_projection,benchmark_nonmatching_final,false,unverified_rewrite_after_nonmatching_execution,false,retrieval_complete_mining_abstained_semantic_failure,SCHEMA_LINKING,table_or_join_path_mismatch,
20260714T210045Z-11af1da6,bird_640,codebase_community,moderate,1,1,1,query_plan.initial,,[],,not_applicable,plan_valid,unknown,query_plan.initial,false,retrieval_complete_mining_abstained_semantic_failure,SCHEMA_LINKING,table_or_join_path_mismatch,"{""valid"": true, ""payload"": {""target_entity"": ""view count difference between posts attributed to Mornington and posts attributed to Amos"", ""grain"": ""global scalar"", ""schema_links"": [{""from_table"": ""posts"", ""from_column"": ""OwnerDisplayName"", ""to_table"": ""posts"", ""to_column"": ""OwnerDisplayName"", ""justification"": ""Need to filter posts by the poster's displayed name as given in the hint.""}, {""from_table"": ""posts"", ""from_column"": ""ViewCount"", ""to_table"": ""posts"", ""to_column"": ""ViewCount"", ""justification"": ""Need to sum view counts for each named poster.""}], ""required_tables"": [""posts""], ""joins"": [], ""filters"": [{""table"": ""posts"", ""column"": ""OwnerDisplayName"", ""operator"": ""IN"", ""value"": [""Mornington"", ""Amos""], ""justification"": ""Restrict to the two named posters mentioned in the question/hint.""}], ""group_by"": [], ""aggregates"": [{""function"": ""SUM"", ""expression"": ""CASE WHEN posts.OwnerDisplayName = 'Mornington' THEN posts.ViewCount ELSE 0 END"", ""alias"": null}, {""function"": ""SUM"", ""expression"": ""CASE WHEN posts.OwnerDisplayName = 'Amos' THEN posts.ViewCount ELSE 0 END"", ""alias"": null}], ""aggregation_scope"": ""global"", ""aggregation_justification"": ""The hint explicitly defines a calculation using SUBTRACT(SUM(...), SUM(...)), which requires aggregation over all matching posts."", ""having"": [], ""order_by"": [], ""limit"": null, ""answer_type"": ""scalar"", ""answer_scope"": ""global_scalar"", ""output_columns"": [{""position"": 1, ""semantic_item"": ""difference in total view count between Mornington's posts and Amos's posts"", ""source_columns"": [""posts.ViewCount"", ""posts.OwnerDisplayName""], ""sql_expression"": ""SUM(CASE WHEN posts.OwnerDisplayName = 'Mornington' THEN posts.ViewCount ELSE 0 END) - SUM(CASE WHEN posts.OwnerDisplayName = 'Amos' THEN posts.ViewCount ELSE 0 END)"", ""source_justification"": ""Uses posts.OwnerDisplayName to identify the poster and posts.ViewCount for the summed measure."", ""aggregation"": ""global""}], ""candidate_purpose"": ""answer"", ""expected_result_shape"": {""answer_type"": ""scalar"", ""column_count"": 1, ""row_grain"": ""one row containing the scalar difference""}, ""unresolved_assumptions"": [{""assumption"": ""The relevant display-name column is posts.OwnerDisplayName rather than users.DisplayName."", ""justification"": ""The schema fragment exposes posts.OwnerDisplayName as the denormalized poster name for each post, which aligns with the question wording.""}], ""revision"": null}, ""errors"": []}"
20260714T210045Z-11af1da6,bird_640,codebase_community,moderate,2,4,1,db.execute,"SELECT
  SUM(CASE WHEN OwnerDisplayName = 'Mornington' THEN ViewCount ELSE 0 END)
  - SUM(CASE WHEN OwnerDisplayName = 'Amos' THEN ViewCount ELSE 0 END)
FROM posts
WHERE OwnerDisplayName IN ('Mornington', 'Amos');","[""posts""]",1,initial_sql,all_null_nonmatching,false,initial_execution_nonmatching,true,retrieval_complete_mining_abstained_semantic_failure,SCHEMA_LINKING,table_or_join_path_mismatch,
20260714T210045Z-11af1da6,bird_640,codebase_community,moderate,3,5,1,query_plan.adherence,"SELECT
  SUM(CASE WHEN OwnerDisplayName = 'Mornington' THEN ViewCount ELSE 0 END)
  - SUM(CASE WHEN OwnerDisplayName = 'Amos' THEN ViewCount ELSE 0 END)
FROM posts
WHERE OwnerDisplayName IN ('Mornington', 'Amos');",[],,not_applicable,adherence_passed,unknown,query_plan.adherence,false,retrieval_complete_mining_abstained_semantic_failure,SCHEMA_LINKING,table_or_join_path_mismatch,"{""schema_version"": 3, ""checks"": {""projection_count"": true, ""group_by_presence"": true, ""having_presence"": true, ""order_by_presence"": true, ""limit_presence"": true, ""required_tables_presence"": true}, ""passed"": true, ""expected_projection_count"": 1, ""actual_projection_count"": 1, ""enforced"": false}"
20260714T210045Z-11af1da6,bird_640,codebase_community,moderate,4,6,2,query_plan.revision,,[],,not_applicable,plan_valid,unknown,query_plan.revision,false,retrieval_complete_mining_abstained_semantic_failure,SCHEMA_LINKING,table_or_join_path_mismatch,"{""valid"": true, ""payload"": {""observation_ref"": 4, ""changed_constraints"": [""schema_links"", ""filters"", ""output_columns"", ""aggregation_justification"", ""candidate_purpose""], ""updated_fields"": {""schema_links"": [{""from_table"": ""posts"", ""from_column"": ""OwnerUserId"", ""to_table"": ""users"", ""to_column"": ""Id"", ""justification"": ""Need to resolve poster identity through the owning user because the previous denormalized name path produced no matches for the target names.""}, {""from_table"": ""users"", ""from_column"": ""DisplayName"", ""to_table"": ""users"", ""to_column"": ""DisplayName"", ""justification"": ""The user display name is the attribute to match Mornington and Amos.""}, {""from_table"": ""posts"", ""from_column"": ""ViewCount"", ""to_table"": ""posts"", ""to_column"": ""ViewCount"", ""justification"": ""Need to sum post view counts.""}], ""filters"": [{""table"": ""users"", ""column"": ""DisplayName"", ""operator"": ""IN"", ""value"": [""Mornington"", ""Amos""], ""justification"": ""Restrict to the two named posters in the question.""}], ""output_columns"": [{""position"": 1, ""semantic_item"": ""difference in total view count between Mornington's posts and Amos's posts"", ""source_columns"": [""posts.ViewCount"", ""users.DisplayName""], ""sql_expression"": ""SUM(CASE WHEN users.DisplayName = 'Mornington' THEN posts.ViewCount ELSE 0 END) - SUM(CASE WHEN users.DisplayName = 'Amos' THEN posts.ViewCount ELSE 0 END)"", ""source_justification"": ""Uses the owning user's display name to identify which posts belong to Mornington or Amos."", ""aggregation"": ""global""}], ""aggregation_justification"": ""The hint explicitly defines the result as SUBTRACT(SUM(...), SUM(...)), requiring a global aggregation over all matching posts."", ""candidate_purpose"": ""explore""}, ""reason"": ""The prior query returned NULL, indicating the chosen name column likely did not match the target entities. Verify whether the target names exist in posts.OwnerDisplayName and users.DisplayName before finalizing the SQL."", ""candidate_purpose"": ""explore""}, ""errors"": []}"
20260714T210045Z-11af1da6,bird_640,codebase_community,moderate,5,7,2,db.execute,"SELECT 'posts.OwnerDisplayName' AS source, COUNT(*) AS cnt
FROM posts
WHERE OwnerDisplayName IN ('Mornington', 'Amos')
UNION ALL
SELECT 'users.DisplayName' AS source, COUNT(*) AS cnt
FROM users
WHERE DisplayName IN ('Mornington', 'Amos');","[""posts"", ""users""]",2,"tables_or_join,projection_count",nonmatching,false,remained_nonmatching,false,retrieval_complete_mining_abstained_semantic_failure,SCHEMA_LINKING,table_or_join_path_mismatch,
20260714T210045Z-11af1da6,bird_640,codebase_community,moderate,6,8,2,query_plan.adherence,"SELECT 'posts.OwnerDisplayName' AS source, COUNT(*) AS cnt
FROM posts
WHERE OwnerDisplayName IN ('Mornington', 'Amos')
UNION ALL
SELECT 'users.DisplayName' AS source, COUNT(*) AS cnt
FROM users
WHERE DisplayName IN ('Mornington', 'Amos');",[],,not_applicable,adherence_failed,unknown,query_plan.adherence,false,retrieval_complete_mining_abstained_semantic_failure,SCHEMA_LINKING,table_or_join_path_mismatch,"{""schema_version"": 3, ""checks"": {""projection_count"": false, ""group_by_presence"": true, ""having_presence"": true, ""order_by_presence"": true, ""limit_presence"": true, ""required_tables_presence"": true}, ""passed"": false, ""expected_projection_count"": 1, ""actual_projection_count"": 2, ""enforced"": false}"
20260714T210045Z-11af1da6,bird_640,codebase_community,moderate,7,9,3,FINAL,"SELECT IFNULL(SUM(CASE WHEN u.DisplayName = 'Mornington' THEN COALESCE(p.ViewCount, 0) ELSE 0 END), 0) - IFNULL(SUM(CASE WHEN u.DisplayName = 'Amos' THEN COALESCE(p.ViewCount, 0) ELSE 0 END), 0) FROM posts p LEFT JOIN users u ON p.OwnerUserId = u.Id WHERE u.DisplayName IN ('Mornington', 'Amos');","[""posts"", ""users""]",1,projection_count,benchmark_nonmatching_final,false,unverified_rewrite_after_nonmatching_execution,false,retrieval_complete_mining_abstained_semantic_failure,SCHEMA_LINKING,table_or_join_path_mismatch,
20260714T210045Z-11af1da6,bird_671,codebase_community,simple,1,1,1,query_plan.initial,,[],,not_applicable,plan_valid,unknown,query_plan.initial,false,retrieval_complete_mining_abstained_semantic_failure,AGGREGATION_REASONING,aggregation_or_grouping_mismatch,"{""valid"": true, ""payload"": {""target_entity"": ""user who acquired the first Autobiographer badge"", ""grain"": ""one row per matching user"", ""schema_links"": [""badges.UserId = users.Id""], ""required_tables"": [""badges"", ""users""], ""joins"": [{""left_table"": ""badges"", ""left_column"": ""UserId"", ""right_table"": ""users"", ""right_column"": ""Id"", ""join_type"": ""INNER""}], ""filters"": [{""table"": ""badges"", ""column"": ""Name"", ""operator"": ""="", ""value"": ""Autobiographer""}, {""table"": ""badges"", ""column"": ""Date"", ""operator"": ""="", ""value"": ""MIN(Date) over badges where Name = Autobiographer"", ""scope"": ""global""}], ""group_by"": [], ""aggregates"": [{""function"": ""MIN"", ""expression"": ""badges.Date"", ""scope"": ""global""}], ""aggregation_scope"": ""global"", ""aggregation_justification"": ""The phrase \""acquired the first\"" requires finding the earliest badge acquisition date, i.e. MIN(Date)."", ""having"": [], ""order_by"": [{""expression"": ""users.Id"", ""direction"": ""ASC""}], ""limit"": 1, ""answer_type"": ""rows"", ""answer_scope"": ""per_entity_rows"", ""output_columns"": [{""position"": 1, ""semantic_item"": ""display name"", ""source_columns"": [""users.DisplayName""], ""sql_expression"": ""u.DisplayName"", ""source_justification"": ""The question asks for the user's display name."", ""aggregation"": ""none""}], ""candidate_purpose"": ""answer"", ""expected_result_shape"": {""answer_type"": ""rows"", ""column_count"": 1, ""row_grain"": ""matching user(s) with the earliest Autobiographer badge date""}, ""unresolved_assumptions"": [""If multiple users share the same earliest Autobiographer badge Date, return one deterministic row ordered by users.Id.""], ""revision"": null}, ""errors"": []}"
20260714T210045Z-11af1da6,bird_671,codebase_community,simple,2,2,1,db.execute,"SELECT u.DisplayName
FROM badges b
JOIN users u ON u.Id = b.UserId
WHERE b.Name = 'Autobiographer'
  AND b.Date = (
    SELECT MIN(Date)
    FROM badges
    WHERE Name = 'Autobiographer'
  )
ORDER BY u.Id
LIMIT 1","[""badges"", ""users""]",1,initial_sql,matches_gold,true,initial_execution_correct,false,retrieval_complete_mining_abstained_semantic_failure,AGGREGATION_REASONING,aggregation_or_grouping_mismatch,
20260714T210045Z-11af1da6,bird_671,codebase_community,simple,3,3,1,query_plan.adherence,"SELECT u.DisplayName
FROM badges b
JOIN users u ON u.Id = b.UserId
WHERE b.Name = 'Autobiographer'
  AND b.Date = (
    SELECT MIN(Date)
    FROM badges
    WHERE Name = 'Autobiographer'
  )
ORDER BY u.Id
LIMIT 1",[],,not_applicable,adherence_passed,unknown,query_plan.adherence,false,retrieval_complete_mining_abstained_semantic_failure,AGGREGATION_REASONING,aggregation_or_grouping_mismatch,"{""schema_version"": 3, ""checks"": {""projection_count"": true, ""group_by_presence"": true, ""having_presence"": true, ""order_by_presence"": true, ""limit_presence"": true, ""required_tables_presence"": true}, ""passed"": true, ""expected_projection_count"": 1, ""actual_projection_count"": 1, ""enforced"": false}"
20260714T210045Z-11af1da6,bird_671,codebase_community,simple,4,4,1,db.execute,"SELECT u.DisplayName
FROM badges b
JOIN users u ON u.Id = b.UserId
WHERE b.Name = 'Autobiographer'
  AND b.Date = (
    SELECT MIN(Date)
    FROM badges
    WHERE Name = 'Autobiographer'
  )
ORDER BY u.Id
LIMIT 1","[""badges"", ""users""]",1,unchanged,matches_gold,true,remained_correct,false,retrieval_complete_mining_abstained_semantic_failure,AGGREGATION_REASONING,aggregation_or_grouping_mismatch,
20260714T210045Z-11af1da6,bird_671,codebase_community,simple,5,5,1,query_plan.adherence,"SELECT u.DisplayName
FROM badges b
JOIN users u ON u.Id = b.UserId
WHERE b.Name = 'Autobiographer'
  AND b.Date = (
    SELECT MIN(Date)
    FROM badges
    WHERE Name = 'Autobiographer'
  )
ORDER BY u.Id
LIMIT 1",[],,not_applicable,adherence_passed,unknown,query_plan.adherence,false,retrieval_complete_mining_abstained_semantic_failure,AGGREGATION_REASONING,aggregation_or_grouping_mismatch,"{""schema_version"": 3, ""checks"": {""projection_count"": true, ""group_by_presence"": true, ""having_presence"": true, ""order_by_presence"": true, ""limit_presence"": true, ""required_tables_presence"": true}, ""passed"": true, ""expected_projection_count"": 1, ""actual_projection_count"": 1, ""enforced"": false}"
20260714T210045Z-11af1da6,bird_671,codebase_community,simple,6,6,2,FINAL,SELECT u.DisplayName FROM badges b JOIN users u ON u.Id = b.UserId WHERE b.Name = 'Autobiographer' AND b.Date = (SELECT MIN(Date) FROM badges WHERE Name = 'Autobiographer'),"[""badges"", ""users""]",1,"order_by,limit",benchmark_nonmatching_final,false,harmful_unverified_rewrite_after_correct_execution,false,retrieval_complete_mining_abstained_semantic_failure,AGGREGATION_REASONING,aggregation_or_grouping_mismatch,
20260714T210045Z-11af1da6,bird_672,codebase_community,moderate,1,1,1,query_plan.initial,,[],,not_applicable,plan_valid,unknown,query_plan.initial,false,retrieval_complete_mining_abstained_semantic_failure,SEMANTIC_REVIEW_REQUIRED,filter_scope_or_expression_mismatch,"{""valid"": true, ""payload"": {""target_entity"": ""users in United Kingdom with at least one post having FavoriteCount >= 4"", ""grain"": ""one row per user"", ""schema_links"": [""posts.OwnerUserId = users.Id""], ""required_tables"": [""users"", ""posts""], ""joins"": [{""left_table"": ""posts"", ""left_column"": ""OwnerUserId"", ""right_table"": ""users"", ""right_column"": ""Id"", ""type"": ""INNER""}], ""filters"": [{""table"": ""users"", ""column"": ""Location"", ""op"": ""="", ""value"": ""United Kingdom""}, {""table"": ""posts"", ""column"": ""FavoriteCount"", ""op"": "">="", ""value"": 4}], ""group_by"": [], ""aggregates"": [{""sql_expression"": ""COUNT(DISTINCT users.Id)"", ""semantic_item"": ""number of qualifying users"", ""aggregation_scope"": ""global""}], ""aggregation_scope"": ""global"", ""aggregation_justification"": ""The question asks 'how many users', which requires a single count of qualifying users."", ""having"": [], ""order_by"": [], ""limit"": null, ""answer_type"": ""scalar"", ""answer_scope"": ""global_scalar"", ""output_columns"": [{""position"": 1, ""semantic_item"": ""number of users in United Kingdom with at least one post whose FavoriteCount is at least 4"", ""source_columns"": [""users.Id"", ""users.Location"", ""posts.OwnerUserId"", ""posts.FavoriteCount""], ""sql_expression"": ""COUNT(DISTINCT users.Id)"", ""source_justification"": ""Counts distinct users after joining posts to users and applying the location and favorite-count filters."", ""aggregation"": ""COUNT(DISTINCT users.Id)""}], ""candidate_purpose"": ""answer"", ""expected_result_shape"": {""answer_type"": ""scalar"", ""column_count"": 1, ""row_grain"": ""single scalar row""}, ""unresolved_assumptions"": [""Interpret 'whose post have a total favorite amount of 4 or more' as users with at least one post where FavoriteCount >= 4.""], ""revision"": null}, ""errors"": []}"
20260714T210045Z-11af1da6,bird_672,codebase_community,moderate,2,3,1,db.execute,"SELECT COUNT(DISTINCT users.Id) AS user_count
FROM users
INNER JOIN posts ON posts.OwnerUserId = users.Id
WHERE users.Location = 'United Kingdom'
  AND posts.FavoriteCount >= 4","[""posts"", ""users""]",1,initial_sql,nonmatching,false,initial_execution_nonmatching,true,retrieval_complete_mining_abstained_semantic_failure,SEMANTIC_REVIEW_REQUIRED,filter_scope_or_expression_mismatch,
20260714T210045Z-11af1da6,bird_672,codebase_community,moderate,3,4,1,query_plan.adherence,"SELECT COUNT(DISTINCT users.Id) AS user_count
FROM users
INNER JOIN posts ON posts.OwnerUserId = users.Id
WHERE users.Location = 'United Kingdom'
  AND posts.FavoriteCount >= 4",[],,not_applicable,adherence_passed,unknown,query_plan.adherence,false,retrieval_complete_mining_abstained_semantic_failure,SEMANTIC_REVIEW_REQUIRED,filter_scope_or_expression_mismatch,"{""schema_version"": 3, ""checks"": {""projection_count"": true, ""group_by_presence"": true, ""having_presence"": true, ""order_by_presence"": true, ""limit_presence"": true, ""required_tables_presence"": true}, ""passed"": true, ""expected_projection_count"": 1, ""actual_projection_count"": 1, ""enforced"": false}"
20260714T210045Z-11af1da6,bird_672,codebase_community,moderate,4,5,1,FINAL,SELECT COUNT(DISTINCT users.Id) AS user_count FROM users INNER JOIN posts ON posts.OwnerUserId = users.Id WHERE users.Location = 'United Kingdom' AND posts.FavoriteCount >= 4,"[""posts"", ""users""]",1,unchanged,benchmark_nonmatching_final,false,final_same_as_last_execution,false,retrieval_complete_mining_abstained_semantic_failure,SEMANTIC_REVIEW_REQUIRED,filter_scope_or_expression_mismatch,
20260714T210045Z-11af1da6,bird_682,codebase_community,moderate,1,1,1,query_plan.initial,,[],,not_applicable,plan_valid,unknown,query_plan.initial,false,retrieval_complete_mining_abstained_semantic_failure,AGGREGATION_REASONING,aggregation_or_grouping_mismatch,"{""valid"": true, ""payload"": {""target_entity"": ""most valuable post in 2010"", ""grain"": ""single post row"", ""schema_links"": [{""from_table"": ""posts"", ""from_column"": ""OwnerUserId"", ""to_table"": ""users"", ""to_column"": ""Id"", ""relationship"": ""many-to-one""}], ""required_tables"": [""posts"", ""users""], ""joins"": [{""left_table"": ""posts"", ""left_column"": ""OwnerUserId"", ""right_table"": ""users"", ""right_column"": ""Id"", ""type"": ""LEFT JOIN""}], ""filters"": [{""table"": ""posts"", ""column"": ""CreaionDate"", ""operator"": ""year ="", ""value"": 2010}], ""group_by"": [], ""aggregates"": [], ""aggregation_scope"": ""none"", ""aggregation_justification"": null, ""having"": [], ""order_by"": [{""expression"": ""posts.FavoriteCount DESC""}, {""expression"": ""posts.Id ASC""}], ""limit"": 1, ""answer_type"": ""rows"", ""answer_scope"": ""single_entity_row"", ""output_columns"": [{""position"": 1, ""semantic_item"": ""post id"", ""source_columns"": [""posts.Id""], ""sql_expression"": ""posts.Id"", ""source_justification"": ""The question asks for the most valuable post's id."", ""aggregation"": ""none""}, {""position"": 2, ""semantic_item"": ""owner's display name"", ""source_columns"": [""users.DisplayName""], ""sql_expression"": ""users.DisplayName"", ""source_justification"": ""The question asks for the owner's display name; users.DisplayName stores the user's display name."", ""aggregation"": ""none""}], ""candidate_purpose"": ""explore"", ""expected_result_shape"": {""answer_type"": ""rows"", ""column_count"": 2, ""row_grain"": ""one row for the single post with the highest FavoriteCount in 2010""}, ""unresolved_assumptions"": [""The posts table's creation date column is spelled CreaionDate in the provided schema fragment, but this should be verified against the database.""], ""revision"": null}, ""errors"": []}"
20260714T210045Z-11af1da6,bird_682,codebase_community,moderate,2,2,1,db.execute,PRAGMA table_info(posts),[],,initial_sql,nonmatching,false,initial_execution_nonmatching,true,retrieval_complete_mining_abstained_semantic_failure,AGGREGATION_REASONING,aggregation_or_grouping_mismatch,
20260714T210045Z-11af1da6,bird_682,codebase_community,moderate,3,3,1,query_plan.adherence,PRAGMA table_info(posts),[],,not_applicable,adherence_failed,unknown,query_plan.adherence,false,retrieval_complete_mining_abstained_semantic_failure,AGGREGATION_REASONING,aggregation_or_grouping_mismatch,"{""schema_version"": 3, ""checks"": {""projection_count"": null, ""group_by_presence"": true, ""having_presence"": true, ""order_by_presence"": false, ""limit_presence"": false, ""required_tables_presence"": false}, ""passed"": false, ""expected_projection_count"": 2, ""actual_projection_count"": null, ""enforced"": false}"
20260714T210045Z-11af1da6,bird_682,codebase_community,moderate,4,6,1,db.execute,"SELECT p.Id, u.DisplayName
        FROM posts p
        LEFT JOIN users u ON p.OwnerUserId = u.Id
        WHERE strftime('%Y', p.CreaionDate) = '2010'
        ORDER BY p.FavoriteCount DESC, p.Id ASC
        LIMIT 1","[""posts"", ""users""]",2,"tables_or_join,projection_count,where,order_by,limit",nonmatching,false,remained_nonmatching,false,retrieval_complete_mining_abstained_semantic_failure,AGGREGATION_REASONING,aggregation_or_grouping_mismatch,
20260714T210045Z-11af1da6,bird_682,codebase_community,moderate,5,7,1,query_plan.adherence,"SELECT p.Id, u.DisplayName
        FROM posts p
        LEFT JOIN users u ON p.OwnerUserId = u.Id
        WHERE strftime('%Y', p.CreaionDate) = '2010'
        ORDER BY p.FavoriteCount DESC, p.Id ASC
        LIMIT 1",[],,not_applicable,adherence_passed,unknown,query_plan.adherence,false,retrieval_complete_mining_abstained_semantic_failure,AGGREGATION_REASONING,aggregation_or_grouping_mismatch,"{""schema_version"": 3, ""checks"": {""projection_count"": true, ""group_by_presence"": true, ""having_presence"": true, ""order_by_presence"": true, ""limit_presence"": true, ""required_tables_presence"": true}, ""passed"": true, ""expected_projection_count"": 2, ""actual_projection_count"": 2, ""enforced"": false}"
20260714T210045Z-11af1da6,bird_682,codebase_community,moderate,6,8,3,FINAL,"SELECT p.Id, u.DisplayName FROM posts p LEFT JOIN users u ON p.OwnerUserId = u.Id WHERE strftime('%Y', p.CreaionDate) = '2010' AND p.FavoriteCount = (SELECT MAX(FavoriteCount) FROM posts WHERE strftime('%Y', CreaionDate) = '2010') ORDER BY p.Id ASC LIMIT 1","[""posts"", ""users""]",2,aggregate,benchmark_nonmatching_final,false,unverified_rewrite_after_nonmatching_execution,false,retrieval_complete_mining_abstained_semantic_failure,AGGREGATION_REASONING,aggregation_or_grouping_mismatch,
20260714T210045Z-11af1da6,bird_685,codebase_community,moderate,1,1,1,query_plan.initial,,[],,not_applicable,plan_valid,unknown,query_plan.initial,false,retrieval_complete_mining_abstained_semantic_failure,AGGREGATION_REASONING,sort_direction_or_order_scope_mismatch,"{""valid"": true, ""payload"": {""target_entity"": ""post identified by Text = 'Computer Game Datasets'"", ""grain"": ""single post row with latest history author and view count"", ""schema_links"": [""postHistory.PostId = posts.Id"", ""postHistory.UserId = users.Id""], ""required_tables"": [""postHistory"", ""posts"", ""users""], ""joins"": [{""left_table"": ""postHistory"", ""left_column"": ""PostId"", ""right_table"": ""posts"", ""right_column"": ""Id"", ""join_type"": ""INNER""}, {""left_table"": ""postHistory"", ""left_column"": ""UserId"", ""right_table"": ""users"", ""right_column"": ""Id"", ""join_type"": ""INNER""}], ""filters"": [{""table"": ""postHistory"", ""column"": ""Text"", ""operator"": ""="", ""value"": ""Computer Game Datasets""}], ""group_by"": [], ""aggregates"": [], ""aggregation_scope"": ""none"", ""aggregation_justification"": null, ""having"": [], ""order_by"": [{""expression"": ""postHistory.CreationDate DESC""}], ""limit"": 1, ""answer_type"": ""rows"", ""answer_scope"": ""single_entity_row"", ""output_columns"": [{""position"": 1, ""semantic_item"": ""total views"", ""source_columns"": [""posts.ViewCount""], ""sql_expression"": ""posts.ViewCount"", ""source_justification"": ""The hint maps total views to posts.ViewCount."", ""aggregation"": ""none""}, {""position"": 2, ""semantic_item"": ""name of the user who posted it last time"", ""source_columns"": [""users.DisplayName""], ""sql_expression"": ""users.DisplayName"", ""source_justification"": ""The hint maps Name the user to users.DisplayName, and the latest postHistory row supplies the last author."", ""aggregation"": ""none""}], ""candidate_purpose"": ""answer"", ""expected_result_shape"": {""answer_type"": ""rows"", ""column_count"": 2, ""row_grain"": ""one row for the latest history entry of the matching post""}, ""unresolved_assumptions"": [""Assumes the phrase 'posted it last time' refers to the latest postHistory record for the matching post.""], ""revision"": null}, ""errors"": []}"
20260714T210045Z-11af1da6,bird_685,codebase_community,moderate,2,2,1,db.execute,"SELECT
  posts.ViewCount,
  users.DisplayName
FROM postHistory
INNER JOIN posts ON postHistory.PostId = posts.Id
INNER JOIN users ON postHistory.UserId = users.Id
WHERE postHistory.Text = 'Computer Game Datasets'
ORDER BY postHistory.CreationDate DESC
LIMIT 1;","[""posthistory"", ""posts"", ""users""]",2,initial_sql,nonmatching,false,initial_execution_nonmatching,true,retrieval_complete_mining_abstained_semantic_failure,AGGREGATION_REASONING,sort_direction_or_order_scope_mismatch,
20260714T210045Z-11af1da6,bird_685,codebase_community,moderate,3,3,1,query_plan.adherence,"SELECT
  posts.ViewCount,
  users.DisplayName
FROM postHistory
INNER JOIN posts ON postHistory.PostId = posts.Id
INNER JOIN users ON postHistory.UserId = users.Id
WHERE postHistory.Text = 'Computer Game Datasets'
ORDER BY postHistory.CreationDate DESC
LIMIT 1;",[],,not_applicable,adherence_passed,unknown,query_plan.adherence,false,retrieval_complete_mining_abstained_semantic_failure,AGGREGATION_REASONING,sort_direction_or_order_scope_mismatch,"{""schema_version"": 3, ""checks"": {""projection_count"": true, ""group_by_presence"": true, ""having_presence"": true, ""order_by_presence"": true, ""limit_presence"": true, ""required_tables_presence"": true}, ""passed"": true, ""expected_projection_count"": 2, ""actual_projection_count"": 2, ""enforced"": false}"
20260714T210045Z-11af1da6,bird_685,codebase_community,moderate,4,4,1,FINAL,"SELECT posts.ViewCount, users.DisplayName FROM postHistory INNER JOIN posts ON postHistory.PostId = posts.Id INNER JOIN users ON postHistory.UserId = users.Id WHERE postHistory.Text = 'Computer Game Datasets' ORDER BY postHistory.CreationDate DESC LIMIT 1;","[""posthistory"", ""posts"", ""users""]",2,unchanged,benchmark_nonmatching_final,false,final_same_as_last_execution,false,retrieval_complete_mining_abstained_semantic_failure,AGGREGATION_REASONING,sort_direction_or_order_scope_mismatch,
20260714T210045Z-11af1da6,bird_694,codebase_community,moderate,1,1,1,query_plan.initial,,[],,not_applicable,plan_valid,unknown,query_plan.initial,false,retrieval_complete_mining_abstained_semantic_failure,SEMANTIC_REVIEW_REQUIRED,filter_scope_or_expression_mismatch,"{""valid"": true, ""payload"": {""target_entity"": ""comments on the post titled 'Analysing wind data with R'"", ""grain"": ""one row per comment"", ""schema_links"": [""comments.PostId = posts.Id"", ""comments.UserId = users.Id""], ""required_tables"": [""posts"", ""comments"", ""users""], ""joins"": [{""left_table"": ""posts"", ""left_column"": ""Id"", ""right_table"": ""comments"", ""right_column"": ""PostId"", ""join_type"": ""INNER""}, {""left_table"": ""comments"", ""left_column"": ""UserId"", ""right_table"": ""users"", ""right_column"": ""Id"", ""join_type"": ""INNER""}], ""filters"": [{""table"": ""posts"", ""column"": ""Title"", ""operator"": ""="", ""value"": ""Analysing wind data with R""}], ""group_by"": [], ""aggregates"": [], ""aggregation_scope"": ""none"", ""aggregation_justification"": null, ""having"": [], ""order_by"": [{""expression"": ""comments.CreationDate"", ""direction"": ""DESC""}, {""expression"": ""comments.Id"", ""direction"": ""DESC""}], ""limit"": 10, ""answer_type"": ""rows"", ""answer_scope"": ""per_entity_rows"", ""output_columns"": [{""position"": 1, ""semantic_item"": ""comment text"", ""source_columns"": [""comments.Text""], ""sql_expression"": ""comments.Text"", ""source_justification"": ""The question asks for the text of each latest comment."", ""aggregation"": ""none""}, {""position"": 2, ""semantic_item"": ""commenter's display name"", ""source_columns"": [""users.DisplayName""], ""sql_expression"": ""users.DisplayName"", ""source_justification"": ""The question asks for the display name of the user who left each comment."", ""aggregation"": ""none""}], ""candidate_purpose"": ""explore"", ""expected_result_shape"": {""answer_type"": ""rows"", ""column_count"": 2, ""row_grain"": ""latest 10 comments for the titled post""}, ""unresolved_assumptions"": [""Assume the post title is unique enough to identify the intended post."", ""Assume 'display name of the user who left it' refers to users.DisplayName via comments.UserId.""], ""revision"": null}, ""errors"": []}"
20260714T210045Z-11af1da6,bird_694,codebase_community,moderate,2,2,1,db.execute,"SELECT c.Text, u.DisplayName, c.CreationDate
FROM posts AS p
JOIN comments AS c ON p.Id = c.PostId
JOIN users AS u ON c.UserId = u.Id
WHERE p.Title = 'Analysing wind data with R'
ORDER BY c.CreationDate DESC, c.Id DESC
LIMIT 10","[""comments"", ""posts"", ""users""]",3,initial_sql,nonmatching,false,initial_execution_nonmatching,true,retrieval_complete_mining_abstained_semantic_failure,SEMANTIC_REVIEW_REQUIRED,filter_scope_or_expression_mismatch,
20260714T210045Z-11af1da6,bird_694,codebase_community,moderate,3,3,1,query_plan.adherence,"SELECT c.Text, u.DisplayName, c.CreationDate
FROM posts AS p
JOIN comments AS c ON p.Id = c.PostId
JOIN users AS u ON c.UserId = u.Id
WHERE p.Title = 'Analysing wind data with R'
ORDER BY c.CreationDate DESC, c.Id DESC
LIMIT 10",[],,not_applicable,adherence_failed,unknown,query_plan.adherence,false,retrieval_complete_mining_abstained_semantic_failure,SEMANTIC_REVIEW_REQUIRED,filter_scope_or_expression_mismatch,"{""schema_version"": 3, ""checks"": {""projection_count"": false, ""group_by_presence"": true, ""having_presence"": true, ""order_by_presence"": true, ""limit_presence"": true, ""required_tables_presence"": true}, ""passed"": false, ""expected_projection_count"": 2, ""actual_projection_count"": 3, ""enforced"": false}"
20260714T210045Z-11af1da6,bird_694,codebase_community,moderate,4,4,1,db.execute,"SELECT c.Text, u.DisplayName, c.CreationDate
FROM posts AS p
JOIN comments AS c ON p.Id = c.PostId
JOIN users AS u ON c.UserId = u.Id
WHERE p.Title = 'Analysing wind data with R'
ORDER BY c.CreationDate DESC, c.Id DESC
LIMIT 10","[""comments"", ""posts"", ""users""]",3,unchanged,nonmatching,false,remained_nonmatching,false,retrieval_complete_mining_abstained_semantic_failure,SEMANTIC_REVIEW_REQUIRED,filter_scope_or_expression_mismatch,
20260714T210045Z-11af1da6,bird_694,codebase_community,moderate,5,5,1,query_plan.adherence,"SELECT c.Text, u.DisplayName, c.CreationDate
FROM posts AS p
JOIN comments AS c ON p.Id = c.PostId
JOIN users AS u ON c.UserId = u.Id
WHERE p.Title = 'Analysing wind data with R'
ORDER BY c.CreationDate DESC, c.Id DESC
LIMIT 10",[],,not_applicable,adherence_failed,unknown,query_plan.adherence,false,retrieval_complete_mining_abstained_semantic_failure,SEMANTIC_REVIEW_REQUIRED,filter_scope_or_expression_mismatch,"{""schema_version"": 3, ""checks"": {""projection_count"": false, ""group_by_presence"": true, ""having_presence"": true, ""order_by_presence"": true, ""limit_presence"": true, ""required_tables_presence"": true}, ""passed"": false, ""expected_projection_count"": 2, ""actual_projection_count"": 3, ""enforced"": false}"
20260714T210045Z-11af1da6,bird_694,codebase_community,moderate,6,6,3,FINAL,"SELECT c.Text, u.DisplayName FROM posts AS p INNER JOIN comments AS c ON p.Id = c.PostId INNER JOIN users AS u ON c.UserId = u.Id WHERE p.Title = 'Analysing wind data with R' ORDER BY c.CreationDate DESC, c.Id DESC LIMIT 10","[""comments"", ""posts"", ""users""]",2,projection_count,benchmark_nonmatching_final,false,unverified_rewrite_after_nonmatching_execution,false,retrieval_complete_mining_abstained_semantic_failure,SEMANTIC_REVIEW_REQUIRED,filter_scope_or_expression_mismatch,
20260714T210045Z-11af1da6,bird_710,codebase_community,simple,1,1,3,query_plan.initial,,[],,not_applicable,plan_valid,unknown,query_plan.initial,false,retrieval_complete_mining_abstained_semantic_failure,SEMANTIC_REVIEW_REQUIRED,filter_scope_or_expression_mismatch,"{""valid"": true, ""payload"": {""target_entity"": ""comments"", ""grain"": ""one comment row"", ""schema_links"": [""comments.PostId = posts.Id""], ""required_tables"": [""comments"", ""posts""], ""joins"": [{""left_table"": ""comments"", ""left_column"": ""PostId"", ""right_table"": ""posts"", ""right_column"": ""Id"", ""join_type"": ""INNER""}], ""filters"": [{""table"": ""posts"", ""column"": ""CommentCount"", ""operator"": ""="", ""value"": 1}, {""table"": ""comments"", ""column"": ""Score"", ""operator"": ""="", ""value"": 0}], ""group_by"": [], ""aggregates"": [{""function"": ""COUNT"", ""column"": ""*"", ""alias"": null}], ""aggregation_scope"": ""global"", ""aggregation_justification"": ""The question asks \""how many\"" comments satisfy the conditions, which requires counting matching comment rows."", ""having"": [], ""order_by"": [], ""limit"": null, ""answer_type"": ""scalar"", ""answer_scope"": ""global_scalar"", ""output_columns"": [{""position"": 1, ""semantic_item"": ""count of comments with score 0 in posts with exactly 1 comment"", ""source_columns"": [""comments.Id""], ""sql_expression"": ""COUNT(*)"", ""source_justification"": ""Counts comment rows after joining to qualifying posts and filtering score 0."", ""aggregation"": ""COUNT""}], ""candidate_purpose"": ""answer"", ""expected_result_shape"": {""answer_type"": ""scalar"", ""column_count"": 1, ""row_grain"": ""single scalar value""}, ""unresolved_assumptions"": [], ""revision"": null}, ""errors"": []}"
20260714T210045Z-11af1da6,bird_710,codebase_community,simple,2,2,3,db.execute,SELECT COUNT(*) FROM comments AS T1 INNER JOIN posts AS T2 ON T1.PostId = T2.Id WHERE T2.CommentCount = 1 AND T1.Score = 0;,"[""comments"", ""posts""]",1,initial_sql,nonmatching,false,initial_execution_nonmatching,true,retrieval_complete_mining_abstained_semantic_failure,SEMANTIC_REVIEW_REQUIRED,filter_scope_or_expression_mismatch,
20260714T210045Z-11af1da6,bird_710,codebase_community,simple,3,3,3,query_plan.adherence,SELECT COUNT(*) FROM comments AS T1 INNER JOIN posts AS T2 ON T1.PostId = T2.Id WHERE T2.CommentCount = 1 AND T1.Score = 0;,[],,not_applicable,adherence_passed,unknown,query_plan.adherence,false,retrieval_complete_mining_abstained_semantic_failure,SEMANTIC_REVIEW_REQUIRED,filter_scope_or_expression_mismatch,"{""schema_version"": 3, ""checks"": {""projection_count"": true, ""group_by_presence"": true, ""having_presence"": true, ""order_by_presence"": true, ""limit_presence"": true, ""required_tables_presence"": true}, ""passed"": true, ""expected_projection_count"": 1, ""actual_projection_count"": 1, ""enforced"": false}"
20260714T210045Z-11af1da6,bird_710,codebase_community,simple,4,4,3,FINAL,SELECT COUNT(*) FROM comments AS T1 INNER JOIN posts AS T2 ON T1.PostId = T2.Id WHERE T2.CommentCount = 1 AND T1.Score = 0;,"[""comments"", ""posts""]",1,unchanged,benchmark_nonmatching_final,false,final_same_as_last_execution,false,retrieval_complete_mining_abstained_semantic_failure,SEMANTIC_REVIEW_REQUIRED,filter_scope_or_expression_mismatch,
20260714T210045Z-11af1da6,bird_340,card_games,simple,1,1,1,query_plan.initial,,[],,not_applicable,plan_valid,unknown,query_plan.initial,false,retrieval_complete_mining_abstained_semantic_failure,SEMANTIC_REVIEW_REQUIRED,filter_scope_or_expression_mismatch,"{""valid"": true, ""payload"": {""target_entity"": ""card printings in cards"", ""grain"": ""one row per card printing"", ""schema_links"": [{""table"": ""cards"", ""columns"": [""name"", ""cardKingdomFoilId"", ""cardKingdomId""]}], ""required_tables"": [""cards""], ""joins"": [], ""filters"": [""cards.cardKingdomFoilId IS NOT NULL"", ""cards.cardKingdomId IS NOT NULL""], ""group_by"": [], ""aggregates"": [], ""aggregation_scope"": ""none"", ""aggregation_justification"": null, ""having"": [], ""order_by"": [{""column"": ""cards.name"", ""direction"": ""ASC""}], ""limit"": null, ""answer_type"": ""rows"", ""answer_scope"": ""per_entity_rows"", ""output_columns"": [{""position"": 1, ""semantic_item"": ""card name"", ""source_columns"": [""cards.name""], ""sql_expression"": ""cards.name"", ""source_justification"": ""The question asks which cards match the foil condition, so returning the card name identifies each matching card."", ""aggregation"": ""none""}], ""candidate_purpose"": ""answer"", ""expected_result_shape"": {""answer_type"": ""rows"", ""column_count"": 1, ""row_grain"": ""one row per matching card printing""}, ""unresolved_assumptions"": [""The question is interpreted as asking for card names only, not IDs or set codes.""], ""revision"": null}, ""errors"": []}"
20260714T210045Z-11af1da6,bird_340,card_games,simple,2,2,1,db.execute,SELECT name FROM cards WHERE cardKingdomFoilId IS NOT NULL AND cardKingdomId IS NOT NULL ORDER BY name,"[""cards""]",1,initial_sql,nonmatching,false,initial_execution_nonmatching,true,retrieval_complete_mining_abstained_semantic_failure,SEMANTIC_REVIEW_REQUIRED,filter_scope_or_expression_mismatch,
20260714T210045Z-11af1da6,bird_340,card_games,simple,3,3,1,query_plan.adherence,SELECT name FROM cards WHERE cardKingdomFoilId IS NOT NULL AND cardKingdomId IS NOT NULL ORDER BY name,[],,not_applicable,adherence_passed,unknown,query_plan.adherence,false,retrieval_complete_mining_abstained_semantic_failure,SEMANTIC_REVIEW_REQUIRED,filter_scope_or_expression_mismatch,"{""schema_version"": 3, ""checks"": {""projection_count"": true, ""group_by_presence"": true, ""having_presence"": true, ""order_by_presence"": true, ""limit_presence"": true, ""required_tables_presence"": true}, ""passed"": true, ""expected_projection_count"": 1, ""actual_projection_count"": 1, ""enforced"": false}"
20260714T210045Z-11af1da6,bird_340,card_games,simple,4,4,1,FINAL,SELECT name FROM cards WHERE cardKingdomFoilId IS NOT NULL AND cardKingdomId IS NOT NULL ORDER BY name,"[""cards""]",1,unchanged,benchmark_nonmatching_final,false,final_same_as_last_execution,false,retrieval_complete_mining_abstained_semantic_failure,SEMANTIC_REVIEW_REQUIRED,filter_scope_or_expression_mismatch,
20260714T210045Z-11af1da6,bird_341,card_games,simple,1,1,1,query_plan.initial,,[],,not_applicable,plan_valid,unknown,query_plan.initial,false,retrieval_complete_mining_abstained_semantic_failure,SEMANTIC_REVIEW_REQUIRED,filter_scope_or_expression_mismatch,"{""valid"": true, ""payload"": {""target_entity"": ""cards"", ""grain"": ""one row per card printing"", ""schema_links"": [], ""required_tables"": [""cards""], ""joins"": [], ""filters"": [{""table"": ""cards"", ""column"": ""borderColor"", ""operator"": ""="", ""value"": ""borderless"", ""justification"": ""The hint defines borderless as borderColor.""}, {""table"": ""cards"", ""expression"": ""NOT (cardKingdomFoilId IS NOT NULL AND cardKingdomId IS NOT NULL)"", ""justification"": ""The hint defines powerful foils as cardKingdomFoilId paired with cardKingdomId and cardKingdomId is not null, so we exclude that combination.""}], ""group_by"": [], ""aggregates"": [], ""aggregation_scope"": ""none"", ""aggregation_justification"": null, ""having"": [], ""order_by"": [{""column"": ""cards.name"", ""direction"": ""ASC""}], ""limit"": null, ""answer_type"": ""rows"", ""answer_scope"": ""per_entity_rows"", ""output_columns"": [{""position"": 1, ""semantic_item"": ""card name"", ""source_columns"": [""cards.name""], ""sql_expression"": ""cards.name"", ""source_justification"": ""The question asks for the cards themselves, so the card name identifies each matching row."", ""aggregation"": ""none""}], ""candidate_purpose"": ""explore"", ""expected_result_shape"": {""answer_type"": ""rows"", ""column_count"": 1, ""row_grain"": ""one row per matching card printing""}, ""unresolved_assumptions"": [], ""revision"": null}, ""errors"": []}"
20260714T210045Z-11af1da6,bird_341,card_games,simple,2,2,1,db.execute,"SELECT name
FROM cards
WHERE borderColor = 'borderless'
  AND NOT (cardKingdomFoilId IS NOT NULL AND cardKingdomId IS NOT NULL)
ORDER BY name","[""cards""]",1,initial_sql,nonmatching,false,initial_execution_nonmatching,true,retrieval_complete_mining_abstained_semantic_failure,SEMANTIC_REVIEW_REQUIRED,filter_scope_or_expression_mismatch,
20260714T210045Z-11af1da6,bird_341,card_games,simple,3,3,1,query_plan.adherence,"SELECT name
FROM cards
WHERE borderColor = 'borderless'
  AND NOT (cardKingdomFoilId IS NOT NULL AND cardKingdomId IS NOT NULL)
ORDER BY name",[],,not_applicable,adherence_passed,unknown,query_plan.adherence,false,retrieval_complete_mining_abstained_semantic_failure,SEMANTIC_REVIEW_REQUIRED,filter_scope_or_expression_mismatch,"{""schema_version"": 3, ""checks"": {""projection_count"": true, ""group_by_presence"": true, ""having_presence"": true, ""order_by_presence"": true, ""limit_presence"": true, ""required_tables_presence"": true}, ""passed"": true, ""expected_projection_count"": 1, ""actual_projection_count"": 1, ""enforced"": false}"
20260714T210045Z-11af1da6,bird_341,card_games,simple,4,4,1,FINAL,SELECT name FROM cards WHERE borderColor = 'borderless' AND NOT (cardKingdomFoilId IS NOT NULL AND cardKingdomId IS NOT NULL) ORDER BY name,"[""cards""]",1,unchanged,benchmark_nonmatching_final,false,final_same_as_last_execution,false,retrieval_complete_mining_abstained_semantic_failure,SEMANTIC_REVIEW_REQUIRED,filter_scope_or_expression_mismatch,
20260714T210045Z-11af1da6,bird_344,card_games,moderate,1,1,1,query_plan.initial,,[],,not_applicable,plan_valid,unknown,query_plan.initial,false,retrieval_complete_mining_abstained_semantic_failure,SEMANTIC_REVIEW_REQUIRED,filter_scope_or_expression_mismatch,"{""valid"": true, ""payload"": {""target_entity"": ""card printings that are mythic rarity and banned in gladiator format"", ""grain"": ""one card printing row in cards joined to its legality row"", ""schema_links"": [""cards.uuid = legalities.uuid""], ""required_tables"": [""cards"", ""legalities""], ""joins"": [{""left_table"": ""cards"", ""right_table"": ""legalities"", ""join_type"": ""INNER JOIN"", ""on"": [""cards.uuid = legalities.uuid""]}], ""filters"": [{""table"": ""cards"", ""column"": ""rarity"", ""operator"": ""="", ""value"": ""mythic""}, {""table"": ""legalities"", ""column"": ""status"", ""operator"": ""="", ""value"": ""Banned""}, {""table"": ""legalities"", ""column"": ""format"", ""operator"": ""="", ""value"": ""gladiator""}], ""group_by"": [], ""aggregates"": [], ""aggregation_scope"": ""none"", ""aggregation_justification"": null, ""having"": [], ""order_by"": [{""column"": ""cards.name"", ""direction"": ""ASC""}], ""limit"": null, ""answer_type"": ""rows"", ""answer_scope"": ""per_entity_rows"", ""output_columns"": [{""position"": 1, ""semantic_item"": ""card name"", ""source_columns"": [""cards.name""], ""sql_expression"": ""cards.name"", ""source_justification"": ""The user asked to list the cards; name is the direct human-readable identifier for each printing."", ""aggregation"": ""none""}], ""candidate_purpose"": ""answer"", ""expected_result_shape"": {""answer_type"": ""rows"", ""column_count"": 1, ""row_grain"": ""one row per matching card printing""}, ""unresolved_assumptions"": [""The question does not specify any other display fields, so return card names only.""], ""revision"": null}, ""errors"": []}"
20260714T210045Z-11af1da6,bird_344,card_games,moderate,2,2,2,FINAL,SELECT cards.name FROM cards JOIN legalities ON cards.uuid = legalities.uuid WHERE cards.rarity = 'mythic' AND legalities.status = 'Banned' AND legalities.format = 'gladiator' ORDER BY cards.name,"[""cards"", ""legalities""]",1,initial_sql,benchmark_nonmatching_final,false,final_without_execution,false,retrieval_complete_mining_abstained_semantic_failure,SEMANTIC_REVIEW_REQUIRED,filter_scope_or_expression_mismatch,
20260714T210045Z-11af1da6,bird_349,card_games,moderate,1,1,1,query_plan.initial,,[],,not_applicable,plan_valid,unknown,query_plan.initial,false,detailed_schema_column_miss_or_compact_index_only,AGGREGATION_REASONING,aggregation_or_grouping_mismatch,"{""valid"": true, ""payload"": {""target_entity"": ""card printing with the highest number of rulings"", ""grain"": ""one card printing row"", ""schema_links"": [""cards.uuid = rulings.uuid""], ""required_tables"": [""cards"", ""rulings""], ""joins"": [{""left_table"": ""cards"", ""right_table"": ""rulings"", ""join_type"": ""INNER JOIN"", ""join_condition"": ""cards.uuid = rulings.uuid""}], ""filters"": [], ""group_by"": [""cards.uuid"", ""cards.name"", ""cards.artist"", ""cards.isPromo""], ""aggregates"": [{""expression"": ""COUNT(rulings.uuid)"", ""meaning"": ""number of rulings associated with each card printing""}], ""aggregation_scope"": ""global"", ""aggregation_justification"": ""The phrase 'with the most ruling information' refers to Max(count(rulings.uuid)), which requires counting rulings per card and then selecting the maximum."", ""having"": [], ""order_by"": [{""expression"": ""COUNT(rulings.uuid)"", ""direction"": ""DESC""}, {""expression"": ""cards.name"", ""direction"": ""ASC""}], ""limit"": 1, ""answer_type"": ""rows"", ""answer_scope"": ""single_entity_row"", ""output_columns"": [{""position"": 1, ""semantic_item"": ""card name"", ""source_columns"": [""cards.name""], ""sql_expression"": ""cards.name"", ""source_justification"": ""The question asks for the card name, which is stored in cards.name."", ""aggregation"": ""none""}, {""position"": 2, ""semantic_item"": ""artist"", ""source_columns"": [""cards.artist""], ""sql_expression"": ""cards.artist"", ""source_justification"": ""The question asks for the artist, which is stored in cards.artist."", ""aggregation"": ""none""}, {""position"": 3, ""semantic_item"": ""promotional printing flag"", ""source_columns"": [""cards.isPromo""], ""sql_expression"": ""cards.isPromo"", ""source_justification"": ""The hint defines whether the card is a promotional printing as isPromo = 1, so returning cards.isPromo directly states that property."", ""aggregation"": ""none""}], ""candidate_purpose"": ""answer"", ""expected_result_shape"": {""answer_type"": ""rows"", ""column_count"": 3, ""row_grain"": ""one row for the single card printing with the maximum ruling count""}, ""unresolved_assumptions"": [], ""revision"": null}, ""errors"": []}"
20260714T210045Z-11af1da6,bird_349,card_games,moderate,2,2,1,db.execute,"SELECT c.name, c.artist, c.isPromo
FROM cards AS c
INNER JOIN rulings AS r
  ON c.uuid = r.uuid
GROUP BY c.uuid, c.name, c.artist, c.isPromo
ORDER BY COUNT(r.uuid) DESC, c.name ASC
LIMIT 1","[""cards"", ""rulings""]",3,initial_sql,nonmatching,false,initial_execution_nonmatching,true,detailed_schema_column_miss_or_compact_index_only,AGGREGATION_REASONING,aggregation_or_grouping_mismatch,
20260714T210045Z-11af1da6,bird_349,card_games,moderate,3,3,1,query_plan.adherence,"SELECT c.name, c.artist, c.isPromo
FROM cards AS c
INNER JOIN rulings AS r
  ON c.uuid = r.uuid
GROUP BY c.uuid, c.name, c.artist, c.isPromo
ORDER BY COUNT(r.uuid) DESC, c.name ASC
LIMIT 1",[],,not_applicable,adherence_passed,unknown,query_plan.adherence,false,detailed_schema_column_miss_or_compact_index_only,AGGREGATION_REASONING,aggregation_or_grouping_mismatch,"{""schema_version"": 3, ""checks"": {""projection_count"": true, ""group_by_presence"": true, ""having_presence"": true, ""order_by_presence"": true, ""limit_presence"": true, ""required_tables_presence"": true}, ""passed"": true, ""expected_projection_count"": 3, ""actual_projection_count"": 3, ""enforced"": false}"
20260714T210045Z-11af1da6,bird_349,card_games,moderate,4,4,1,FINAL,"SELECT c.name, c.artist, c.isPromo FROM cards AS c INNER JOIN rulings AS r ON c.uuid = r.uuid GROUP BY c.uuid, c.name, c.artist, c.isPromo ORDER BY COUNT(r.uuid) DESC, c.name ASC LIMIT 1","[""cards"", ""rulings""]",3,unchanged,benchmark_nonmatching_final,false,final_same_as_last_execution,false,detailed_schema_column_miss_or_compact_index_only,AGGREGATION_REASONING,aggregation_or_grouping_mismatch,
20260714T210045Z-11af1da6,bird_352,card_games,moderate,1,1,1,query_plan.initial,,[],,not_applicable,plan_valid,unknown,query_plan.initial,false,retrieval_complete_mining_abstained_semantic_failure,AGGREGATION_REASONING,aggregation_or_grouping_mismatch,"{""valid"": true, ""payload"": {""target_entity"": ""cards available in Chinese Simplified"", ""grain"": ""one scalar percentage over all rows in set_translations"", ""schema_links"": [""set_translations.language""], ""required_tables"": [""set_translations""], ""joins"": [], ""filters"": [{""table"": ""set_translations"", ""column"": ""language"", ""operator"": ""="", ""value"": ""Chinese Simplified""}], ""group_by"": [], ""aggregates"": [{""function"": ""SUM"", ""expression"": ""CASE WHEN set_translations.language = 'Chinese Simplified' THEN 1 ELSE 0 END""}, {""function"": ""COUNT"", ""expression"": ""set_translations.id""}], ""aggregation_scope"": ""global"", ""aggregation_justification"": ""The question asks for a single percentage, so the result must be aggregated over all rows."", ""having"": [], ""order_by"": [], ""limit"": null, ""answer_type"": ""scalar"", ""answer_scope"": ""global_scalar"", ""output_columns"": [{""position"": 1, ""semantic_item"": ""percentage of rows in Chinese Simplified"", ""source_columns"": [""set_translations.id"", ""set_translations.language""], ""sql_expression"": ""CAST(COUNT(CASE WHEN set_translations.language = 'Chinese Simplified' THEN set_translations.id ELSE NULL END) AS REAL) * 100 / COUNT(set_translations.id)"", ""source_justification"": ""Uses set_translations rows and the language filter specified in the hint."", ""aggregation"": ""global""}], ""candidate_purpose"": ""answer"", ""expected_result_shape"": {""answer_type"": ""scalar"", ""column_count"": 1, ""row_grain"": ""one row containing the computed percentage""}, ""unresolved_assumptions"": [""Interpreting 'cards available in Chinese Simplified' via the provided set_translations language field and computing the percentage as the fraction of matching rows among all rows.""], ""revision"": null}, ""errors"": []}"
20260714T210045Z-11af1da6,bird_352,card_games,moderate,2,2,1,db.execute,SELECT CAST(COUNT(CASE WHEN language = 'Chinese Simplified' THEN id ELSE NULL END) AS REAL) * 100 / COUNT(id) FROM set_translations,"[""set_translations""]",1,initial_sql,nonmatching,false,initial_execution_nonmatching,true,retrieval_complete_mining_abstained_semantic_failure,AGGREGATION_REASONING,aggregation_or_grouping_mismatch,
20260714T210045Z-11af1da6,bird_352,card_games,moderate,3,3,1,query_plan.adherence,SELECT CAST(COUNT(CASE WHEN language = 'Chinese Simplified' THEN id ELSE NULL END) AS REAL) * 100 / COUNT(id) FROM set_translations,[],,not_applicable,adherence_passed,unknown,query_plan.adherence,false,retrieval_complete_mining_abstained_semantic_failure,AGGREGATION_REASONING,aggregation_or_grouping_mismatch,"{""schema_version"": 3, ""checks"": {""projection_count"": true, ""group_by_presence"": true, ""having_presence"": true, ""order_by_presence"": true, ""limit_presence"": true, ""required_tables_presence"": true}, ""passed"": true, ""expected_projection_count"": 1, ""actual_projection_count"": 1, ""enforced"": false}"
20260714T210045Z-11af1da6,bird_352,card_games,moderate,4,4,1,FINAL,SELECT CAST(COUNT(CASE WHEN language = 'Chinese Simplified' THEN id ELSE NULL END) AS REAL) * 100 / COUNT(id) FROM set_translations,"[""set_translations""]",1,unchanged,benchmark_nonmatching_final,false,final_same_as_last_execution,false,retrieval_complete_mining_abstained_semantic_failure,AGGREGATION_REASONING,aggregation_or_grouping_mismatch,
20260714T210045Z-11af1da6,bird_402,card_games,moderate,1,1,1,query_plan.initial,,[],,not_applicable,plan_valid,unknown,query_plan.initial,false,retrieval_complete_mining_abstained_semantic_failure,OUTPUT_CONTRACT,output_column_count_mismatch,"{""valid"": true, ""payload"": {""target_entity"": ""cards"", ""grain"": ""one row per Story Spotlight card without a text box"", ""schema_links"": [], ""required_tables"": [""cards""], ""joins"": [], ""filters"": [{""table"": ""cards"", ""column"": ""isStorySpotlight"", ""operator"": ""="", ""value"": 1}, {""table"": ""cards"", ""column"": ""isTextless"", ""operator"": ""="", ""value"": 0}], ""group_by"": [], ""aggregates"": [{""expression"": ""COUNT(*)"", ""scope"": ""global"", ""purpose"": ""numerator count of Story Spotlight cards without a text box""}, {""expression"": ""COUNT(*)"", ""scope"": ""global"", ""purpose"": ""denominator count of Story Spotlight cards""}], ""aggregation_scope"": ""global"", ""aggregation_justification"": ""The question asks for a percentage, which requires dividing the count of qualifying cards by the total count of Story Spotlight cards."", ""having"": [], ""order_by"": [{""column"": ""cards.id"", ""direction"": ""ASC""}], ""limit"": null, ""answer_type"": ""rows"", ""answer_scope"": ""per_entity_rows"", ""output_columns"": [{""position"": 1, ""semantic_item"": ""card id"", ""source_columns"": [""cards.id""], ""sql_expression"": ""c.id"", ""source_justification"": ""Returns the requested list of Story Spotlight card IDs."", ""aggregation"": ""none""}, {""position"": 2, ""semantic_item"": ""percentage of Story Spotlight cards without a text box"", ""source_columns"": [""cards.id"", ""cards.isStorySpotlight"", ""cards.isTextless""], ""sql_expression"": ""CAST((SELECT COUNT(*) FROM cards AS c2 WHERE c2.isStorySpotlight = 1 AND c2.isTextless = 0) AS REAL) * 100.0 / NULLIF((SELECT COUNT(*) FROM cards AS c3 WHERE c3.isStorySpotlight = 1), 0)"", ""source_justification"": ""Computes the requested percentage using Story Spotlight cards as the population and the no-text-box subset as the numerator."", ""aggregation"": ""global""}], ""candidate_purpose"": ""answer"", ""expected_result_shape"": {""answer_type"": ""rows"", ""column_count"": 2, ""row_grain"": ""one row per Story Spotlight card without a text box""}, ""unresolved_assumptions"": [""The denominator is interpreted as all Story Spotlight cards, matching the phrase 'of Story Spotlight cards'.""], ""revision"": null}, ""errors"": []}"
20260714T210045Z-11af1da6,bird_402,card_games,moderate,2,2,1,db.execute,"SELECT c.id,
       CAST((SELECT COUNT(*) FROM cards AS c2 WHERE c2.isStorySpotlight = 1 AND c2.isTextless = 0) AS REAL) * 100.0 / NULLIF((SELECT COUNT(*) FROM cards AS c3 WHERE c3.isStorySpotlight = 1), 0) AS percentage
FROM cards AS c
WHERE c.isStorySpotlight = 1 AND c.isTextless = 0
ORDER BY c.id;","[""cards""]",2,initial_sql,nonmatching,false,initial_execution_nonmatching,true,retrieval_complete_mining_abstained_semantic_failure,OUTPUT_CONTRACT,output_column_count_mismatch,
20260714T210045Z-11af1da6,bird_402,card_games,moderate,3,3,1,query_plan.adherence,"SELECT c.id,
       CAST((SELECT COUNT(*) FROM cards AS c2 WHERE c2.isStorySpotlight = 1 AND c2.isTextless = 0) AS REAL) * 100.0 / NULLIF((SELECT COUNT(*) FROM cards AS c3 WHERE c3.isStorySpotlight = 1), 0) AS percentage
FROM cards AS c
WHERE c.isStorySpotlight = 1 AND c.isTextless = 0
ORDER BY c.id;",[],,not_applicable,adherence_passed,unknown,query_plan.adherence,false,retrieval_complete_mining_abstained_semantic_failure,OUTPUT_CONTRACT,output_column_count_mismatch,"{""schema_version"": 3, ""checks"": {""projection_count"": true, ""group_by_presence"": true, ""having_presence"": true, ""order_by_presence"": true, ""limit_presence"": true, ""required_tables_presence"": true}, ""passed"": true, ""expected_projection_count"": 2, ""actual_projection_count"": 2, ""enforced"": false}"
20260714T210045Z-11af1da6,bird_402,card_games,moderate,4,4,1,FINAL,"SELECT c.id, CAST((SELECT COUNT(*) FROM cards AS c2 WHERE c2.isStorySpotlight = 1 AND c2.isTextless = 0) AS REAL) * 100.0 / NULLIF((SELECT COUNT(*) FROM cards AS c3 WHERE c3.isStorySpotlight = 1), 0) AS percentage FROM cards AS c WHERE c.isStorySpotlight = 1 AND c.isTextless = 0 ORDER BY c.id;","[""cards""]",2,unchanged,benchmark_nonmatching_final,false,final_same_as_last_execution,false,retrieval_complete_mining_abstained_semantic_failure,OUTPUT_CONTRACT,output_column_count_mismatch,
20260714T210045Z-11af1da6,bird_408,card_games,moderate,1,1,1,query_plan.initial,,[],,not_applicable,plan_valid,unknown,query_plan.initial,false,retrieval_complete_mining_abstained_semantic_failure,SCHEMA_LINKING,table_or_join_path_mismatch,"{""valid"": true, ""payload"": {""target_entity"": ""cards"", ""grain"": ""one row per card"", ""schema_links"": [], ""required_tables"": [""cards""], ""joins"": [], ""filters"": [{""sql_expression"": ""(cards.power IS NULL OR cards.power = '*')"", ""justification"": ""Hint defines unknown power cards as power is null or power = '*'.""}, {""sql_expression"": ""cards.text LIKE '%triggered ability%'"", ""justification"": ""Hint defines contain info about the triggered ability as text contains 'triggered ability'.""}], ""group_by"": [], ""aggregates"": [{""function"": ""COUNT"", ""sql_expression"": ""COUNT(*)"", ""source_columns"": [""cards.power"", ""cards.text""], ""scope"": ""global""}], ""aggregation_scope"": ""global"", ""aggregation_justification"": ""The phrase 'How many' asks for a count."", ""having"": [], ""order_by"": [], ""limit"": null, ""answer_type"": ""scalar"", ""answer_scope"": ""global_scalar"", ""output_columns"": [{""position"": 1, ""semantic_item"": ""count of unknown power cards containing 'triggered ability' in text"", ""source_columns"": [""cards.power"", ""cards.text""], ""sql_expression"": ""COUNT(*)"", ""source_justification"": ""The count is computed after applying the two hint-defined filters on cards.power and cards.text."", ""aggregation"": ""COUNT""}], ""candidate_purpose"": ""answer"", ""expected_result_shape"": {""answer_type"": ""scalar"", ""column_count"": 1, ""row_grain"": ""single row""}, ""unresolved_assumptions"": [], ""revision"": null}, ""errors"": []}"
20260714T210045Z-11af1da6,bird_408,card_games,moderate,2,2,1,db.execute,SELECT COUNT(*) FROM cards WHERE (power IS NULL OR power = '*') AND text LIKE '%triggered ability%';,"[""cards""]",1,initial_sql,nonmatching,false,initial_execution_nonmatching,true,retrieval_complete_mining_abstained_semantic_failure,SCHEMA_LINKING,table_or_join_path_mismatch,
20260714T210045Z-11af1da6,bird_408,card_games,moderate,3,3,1,query_plan.adherence,SELECT COUNT(*) FROM cards WHERE (power IS NULL OR power = '*') AND text LIKE '%triggered ability%';,[],,not_applicable,adherence_passed,unknown,query_plan.adherence,false,retrieval_complete_mining_abstained_semantic_failure,SCHEMA_LINKING,table_or_join_path_mismatch,"{""schema_version"": 3, ""checks"": {""projection_count"": true, ""group_by_presence"": true, ""having_presence"": true, ""order_by_presence"": true, ""limit_presence"": true, ""required_tables_presence"": true}, ""passed"": true, ""expected_projection_count"": 1, ""actual_projection_count"": 1, ""enforced"": false}"
20260714T210045Z-11af1da6,bird_408,card_games,moderate,4,4,3,FINAL,SELECT COUNT(cards.id) FROM cards WHERE (power IS NULL OR power = '*') AND text LIKE '%triggered ability%',"[""cards""]",1,expression_or_projection,benchmark_nonmatching_final,false,unverified_rewrite_after_nonmatching_execution,false,retrieval_complete_mining_abstained_semantic_failure,SCHEMA_LINKING,table_or_join_path_mismatch,
20260714T210045Z-11af1da6,bird_459,card_games,moderate,1,1,1,query_plan.initial,,[],,not_applicable,plan_valid,unknown,query_plan.initial,false,retrieval_complete_mining_abstained_semantic_failure,RUNNER_OR_API,missing_final_sql,"{""valid"": true, ""payload"": {""target_entity"": ""card name among 'Serra Angel' and 'Shrine Keeper'"", ""grain"": ""one row per matched card name after comparison"", ""schema_links"": [], ""required_tables"": [""cards""], ""joins"": [], ""filters"": [""cards.name IN ('Serra Angel', 'Shrine Keeper')""], ""group_by"": [], ""aggregates"": [], ""aggregation_scope"": ""none"", ""aggregation_justification"": null, ""having"": [], ""order_by"": [""cards.convertedManaCost DESC"", ""cards.name ASC""], ""limit"": 1, ""answer_type"": ""scalar"", ""answer_scope"": ""global_scalar"", ""output_columns"": [{""position"": 1, ""semantic_item"": ""card name"", ""source_columns"": [""cards.name""], ""sql_expression"": ""name"", ""source_justification"": ""The question asks which of the two named cards costs more converted mana."", ""aggregation"": ""none""}], ""candidate_purpose"": ""answer"", ""expected_result_shape"": {""answer_type"": ""scalar"", ""column_count"": 1, ""row_grain"": ""the single winning card name""}, ""unresolved_assumptions"": [""If both cards have the same convertedManaCost, break ties by name to return one row.""], ""revision"": null}, ""errors"": []}"
20260714T210045Z-11af1da6,bird_459,card_games,moderate,2,2,2,query_plan.revision,,[],,not_applicable,plan_invalid,unknown,query_plan.revision,false,retrieval_complete_mining_abstained_semantic_failure,RUNNER_OR_API,missing_final_sql,"{""valid"": false, ""payload"": null, ""errors"": [""no structured observation is available for a revision""]}"
20260714T210045Z-11af1da6,bird_459,card_games,moderate,3,3,3,query_plan.revision,,[],,not_applicable,plan_invalid,unknown,query_plan.revision,false,retrieval_complete_mining_abstained_semantic_failure,RUNNER_OR_API,missing_final_sql,"{""valid"": false, ""payload"": null, ""errors"": [""no structured observation is available for a revision""]}"
20260714T210045Z-11af1da6,bird_459,card_games,moderate,4,4,4,query_plan.revision,,[],,not_applicable,plan_invalid,unknown,query_plan.revision,false,retrieval_complete_mining_abstained_semantic_failure,RUNNER_OR_API,missing_final_sql,"{""valid"": false, ""payload"": null, ""errors"": [""no structured observation is available for a revision""]}"
20260714T210045Z-11af1da6,bird_459,card_games,moderate,5,5,5,query_plan.revision,,[],,not_applicable,plan_invalid,unknown,query_plan.revision,false,retrieval_complete_mining_abstained_semantic_failure,RUNNER_OR_API,missing_final_sql,"{""valid"": false, ""payload"": null, ""errors"": [""no structured observation is available for a revision""]}"
20260714T210045Z-11af1da6,bird_459,card_games,moderate,6,6,6,query_plan.revision,,[],,not_applicable,plan_invalid,unknown,query_plan.revision,false,retrieval_complete_mining_abstained_semantic_failure,RUNNER_OR_API,missing_final_sql,"{""valid"": false, ""payload"": null, ""errors"": [""no structured observation is available for a revision""]}"
20260714T210045Z-11af1da6,bird_459,card_games,moderate,7,7,7,query_plan.revision,,[],,not_applicable,plan_invalid,unknown,query_plan.revision,false,retrieval_complete_mining_abstained_semantic_failure,RUNNER_OR_API,missing_final_sql,"{""valid"": false, ""payload"": null, ""errors"": [""no structured observation is available for a revision""]}"
20260714T210045Z-11af1da6,bird_459,card_games,moderate,8,8,8,query_plan.revision,,[],,not_applicable,plan_invalid,unknown,query_plan.revision,false,retrieval_complete_mining_abstained_semantic_failure,RUNNER_OR_API,missing_final_sql,"{""valid"": false, ""payload"": null, ""errors"": [""no structured observation is available for a revision""]}"
20260714T210045Z-11af1da6,bird_459,card_games,moderate,9,9,8,FINAL,,[],,initial_sql,benchmark_nonmatching_final,false,final_without_execution,false,retrieval_complete_mining_abstained_semantic_failure,RUNNER_OR_API,missing_final_sql,
20260714T210045Z-11af1da6,bird_465,card_games,moderate,1,1,1,query_plan.initial,,[],,not_applicable,plan_valid,unknown,query_plan.initial,false,retrieval_complete_mining_abstained_semantic_failure,OUTPUT_CONTRACT,yes_no_vs_row_output_mismatch,"{""valid"": true, ""payload"": {""target_entity"": ""card printing for the card named Ancestor's Chosen"", ""grain"": ""one row for the existence of a Korean-language foreign_data row for that card"", ""schema_links"": [""cards.uuid = foreign_data.uuid""], ""required_tables"": [""cards"", ""foreign_data""], ""joins"": [{""left_table"": ""cards"", ""left_column"": ""uuid"", ""right_table"": ""foreign_data"", ""right_column"": ""uuid"", ""type"": ""INNER JOIN""}], ""filters"": [{""table"": ""cards"", ""column"": ""name"", ""operator"": ""="", ""value"": ""Ancestor's Chosen""}, {""table"": ""foreign_data"", ""column"": ""language"", ""operator"": ""="", ""value"": ""Korean""}], ""group_by"": [], ""aggregates"": [], ""aggregation_scope"": ""none"", ""aggregation_justification"": null, ""having"": [], ""order_by"": [], ""limit"": null, ""answer_type"": ""boolean"", ""answer_scope"": ""boolean"", ""output_columns"": [{""position"": 1, ""semantic_item"": ""existence of a Korean version of the card named Ancestor's Chosen"", ""source_columns"": [""cards.uuid"", ""foreign_data.uuid"", ""cards.name"", ""foreign_data.language""], ""sql_expression"": ""CASE WHEN EXISTS (SELECT 1 FROM cards AS c INNER JOIN foreign_data AS f ON c.uuid = f.uuid WHERE c.name = 'Ancestor''s Chosen' AND f.language = 'Korean') THEN 1 ELSE 0 END"", ""source_justification"": ""The question asks whether such a Korean version exists."", ""aggregation"": ""none""}], ""candidate_purpose"": ""answer"", ""expected_result_shape"": {""answer_type"": ""boolean"", ""column_count"": 1, ""row_grain"": ""single boolean row""}, ""unresolved_assumptions"": [], ""revision"": null}, ""errors"": []}"
20260714T210045Z-11af1da6,bird_465,card_games,moderate,2,2,1,db.execute,"SELECT CASE WHEN EXISTS (
  SELECT 1
  FROM cards AS c
  INNER JOIN foreign_data AS f ON c.uuid = f.uuid
  WHERE c.name = 'Ancestor''s Chosen'
    AND f.language = 'Korean'
) THEN 1 ELSE 0 END AS has_korean_version;","[""cards"", ""foreign_data""]",,initial_sql,nonmatching,false,initial_execution_nonmatching,true,retrieval_complete_mining_abstained_semantic_failure,OUTPUT_CONTRACT,yes_no_vs_row_output_mismatch,
20260714T210045Z-11af1da6,bird_465,card_games,moderate,3,3,1,query_plan.adherence,"SELECT CASE WHEN EXISTS (
  SELECT 1
  FROM cards AS c
  INNER JOIN foreign_data AS f ON c.uuid = f.uuid
  WHERE c.name = 'Ancestor''s Chosen'
    AND f.language = 'Korean'
) THEN 1 ELSE 0 END AS has_korean_version;",[],,not_applicable,adherence_passed,unknown,query_plan.adherence,false,retrieval_complete_mining_abstained_semantic_failure,OUTPUT_CONTRACT,yes_no_vs_row_output_mismatch,"{""schema_version"": 3, ""checks"": {""projection_count"": null, ""group_by_presence"": true, ""having_presence"": true, ""order_by_presence"": true, ""limit_presence"": true, ""required_tables_presence"": true}, ""passed"": true, ""expected_projection_count"": 1, ""actual_projection_count"": null, ""enforced"": false}"
20260714T210045Z-11af1da6,bird_465,card_games,moderate,4,4,1,FINAL,SELECT CASE WHEN EXISTS ( SELECT 1 FROM cards AS c INNER JOIN foreign_data AS f ON c.uuid = f.uuid WHERE c.name = 'Ancestor''s Chosen' AND f.language = 'Korean' ) THEN 1 ELSE 0 END AS has_korean_version;,"[""cards"", ""foreign_data""]",,unchanged,benchmark_nonmatching_final,false,final_same_as_last_execution,false,retrieval_complete_mining_abstained_semantic_failure,OUTPUT_CONTRACT,yes_no_vs_row_output_mismatch,
20260714T210045Z-11af1da6,bird_469,card_games,moderate,1,1,1,query_plan.initial,,[],,not_applicable,plan_valid,unknown,query_plan.initial,false,retrieval_complete_mining_abstained_semantic_failure,OUTPUT_CONTRACT,yes_no_vs_row_output_mismatch,"{""valid"": true, ""payload"": {""target_entity"": ""Angel of Mercy card printings and their set online availability"", ""grain"": ""one boolean result for whether any Angel of Mercy printing is in a set with mtgoCode not null"", ""schema_links"": [{""left_table"": ""cards"", ""left_column"": ""setCode"", ""right_table"": ""sets"", ""right_column"": ""code"", ""relationship"": ""many-to-one""}], ""required_tables"": [""cards"", ""sets""], ""joins"": [{""left_table"": ""cards"", ""left_column"": ""setCode"", ""right_table"": ""sets"", ""right_column"": ""code"", ""join_type"": ""INNER JOIN""}], ""filters"": [{""table"": ""cards"", ""column"": ""name"", ""operator"": ""="", ""value"": ""Angel of Mercy""}, {""table"": ""sets"", ""column"": ""mtgoCode"", ""operator"": ""IS NOT"", ""value"": ""NULL""}], ""group_by"": [], ""aggregates"": [], ""aggregation_scope"": ""none"", ""aggregation_justification"": null, ""having"": [], ""order_by"": [], ""limit"": 1, ""answer_type"": ""boolean"", ""answer_scope"": ""boolean"", ""output_columns"": [{""position"": 1, ""semantic_item"": ""whether at least one Angel of Mercy printing is from a set with a non-null MTGO code"", ""source_columns"": [""cards.name"", ""cards.setCode"", ""sets.code"", ""sets.mtgoCode""], ""sql_expression"": ""EXISTS (SELECT 1 FROM cards AS T1 INNER JOIN sets AS T2 ON T1.setCode = T2.code WHERE T1.name = 'Angel of Mercy' AND T2.mtgoCode IS NOT NULL)"", ""source_justification"": ""cards identifies the card by name and links to its set; sets indicates whether the set appeared on MTGO via mtgoCode"", ""aggregation"": ""none""}], ""candidate_purpose"": ""answer"", ""expected_result_shape"": {""answer_type"": ""boolean"", ""column_count"": 1, ""row_grain"": ""single boolean row""}, ""unresolved_assumptions"": [""The question is interpreted as asking whether any printing of Angel of Mercy belongs to a set with a non-null mtgoCode.""], ""revision"": null}, ""errors"": []}"
20260714T210045Z-11af1da6,bird_469,card_games,moderate,2,2,1,db.execute,"SELECT EXISTS (
  SELECT 1
  FROM cards AS T1
  INNER JOIN sets AS T2 ON T1.setCode = T2.code
  WHERE T1.name = 'Angel of Mercy'
    AND T2.mtgoCode IS NOT NULL
) AS answer;","[""cards"", ""sets""]",,initial_sql,nonmatching,false,initial_execution_nonmatching,true,retrieval_complete_mining_abstained_semantic_failure,OUTPUT_CONTRACT,yes_no_vs_row_output_mismatch,
20260714T210045Z-11af1da6,bird_469,card_games,moderate,3,3,1,query_plan.adherence,"SELECT EXISTS (
  SELECT 1
  FROM cards AS T1
  INNER JOIN sets AS T2 ON T1.setCode = T2.code
  WHERE T1.name = 'Angel of Mercy'
    AND T2.mtgoCode IS NOT NULL
) AS answer;",[],,not_applicable,adherence_failed,unknown,query_plan.adherence,false,retrieval_complete_mining_abstained_semantic_failure,OUTPUT_CONTRACT,yes_no_vs_row_output_mismatch,"{""schema_version"": 3, ""checks"": {""projection_count"": null, ""group_by_presence"": true, ""having_presence"": true, ""order_by_presence"": true, ""limit_presence"": false, ""required_tables_presence"": true}, ""passed"": false, ""expected_projection_count"": 1, ""actual_projection_count"": null, ""enforced"": false}"
20260714T210045Z-11af1da6,bird_469,card_games,moderate,4,4,1,FINAL,SELECT EXISTS (SELECT 1 FROM cards AS T1 INNER JOIN sets AS T2 ON T1.setCode = T2.code WHERE T1.name = 'Angel of Mercy' AND T2.mtgoCode IS NOT NULL) AS answer;,"[""cards"", ""sets""]",,expression_or_projection,benchmark_nonmatching_final,false,unverified_rewrite_after_nonmatching_execution,false,retrieval_complete_mining_abstained_semantic_failure,OUTPUT_CONTRACT,yes_no_vs_row_output_mismatch,
20260714T210045Z-11af1da6,bird_474,card_games,moderate,1,1,1,query_plan.initial,,[],,not_applicable,plan_valid,unknown,query_plan.initial,false,retrieval_complete_mining_abstained_semantic_failure,SEMANTIC_REVIEW_REQUIRED,filter_scope_or_expression_mismatch,"{""valid"": true, ""payload"": {""target_entity"": ""set"", ""grain"": ""one row per distinct set code"", ""schema_links"": [{""from_table"": ""set_translations"", ""from_column"": ""setCode"", ""to_table"": ""sets"", ""to_column"": ""code"", ""join_type"": ""INNER""}], ""required_tables"": [""set_translations"", ""sets""], ""joins"": [{""left_table"": ""set_translations"", ""left_column"": ""setCode"", ""right_table"": ""sets"", ""right_column"": ""code"", ""join_type"": ""INNER""}], ""filters"": [{""table"": ""set_translations"", ""column"": ""language"", ""operator"": ""="", ""value"": ""Italian""}, {""table"": ""set_translations"", ""column"": ""translation"", ""operator"": ""IS NOT"", ""value"": null}, {""table"": ""sets"", ""column"": ""baseSetSize"", ""operator"": ""<"", ""value"": 10}], ""group_by"": [], ""aggregates"": [{""function"": ""COUNT"", ""expression"": ""DISTINCT sets.code"", ""alias"": null}], ""aggregation_scope"": ""global"", ""aggregation_justification"": ""The question asks 'how many', which requires a single count rather than per-set rows."", ""having"": [], ""order_by"": [], ""limit"": null, ""answer_type"": ""scalar"", ""answer_scope"": ""global_scalar"", ""output_columns"": [{""position"": 1, ""semantic_item"": ""count of distinct sets"", ""source_columns"": [""sets.code""], ""sql_expression"": ""COUNT(DISTINCT sets.code)"", ""source_justification"": ""Counts each qualifying set once."", ""aggregation"": ""COUNT""}], ""candidate_purpose"": ""answer"", ""expected_result_shape"": {""answer_type"": ""scalar"", ""column_count"": 1, ""row_grain"": ""single global count""}, ""unresolved_assumptions"": [""Assume the count should be over distinct sets rather than translation rows.""], ""revision"": null}, ""errors"": []}"
20260714T210045Z-11af1da6,bird_474,card_games,moderate,2,2,1,db.execute,"SELECT COUNT(DISTINCT s.code)
FROM sets AS s
INNER JOIN set_translations AS st ON s.code = st.setCode
WHERE st.language = 'Italian'
  AND st.translation IS NOT NULL
  AND s.baseSetSize < 10","[""set_translations"", ""sets""]",1,initial_sql,nonmatching,false,initial_execution_nonmatching,true,retrieval_complete_mining_abstained_semantic_failure,SEMANTIC_REVIEW_REQUIRED,filter_scope_or_expression_mismatch,
20260714T210045Z-11af1da6,bird_474,card_games,moderate,3,3,1,query_plan.adherence,"SELECT COUNT(DISTINCT s.code)
FROM sets AS s
INNER JOIN set_translations AS st ON s.code = st.setCode
WHERE st.language = 'Italian'
  AND st.translation IS NOT NULL
  AND s.baseSetSize < 10",[],,not_applicable,adherence_passed,unknown,query_plan.adherence,false,retrieval_complete_mining_abstained_semantic_failure,SEMANTIC_REVIEW_REQUIRED,filter_scope_or_expression_mismatch,"{""schema_version"": 3, ""checks"": {""projection_count"": true, ""group_by_presence"": true, ""having_presence"": true, ""order_by_presence"": true, ""limit_presence"": true, ""required_tables_presence"": true}, ""passed"": true, ""expected_projection_count"": 1, ""actual_projection_count"": 1, ""enforced"": false}"
20260714T210045Z-11af1da6,bird_474,card_games,moderate,4,4,1,FINAL,SELECT COUNT(DISTINCT s.code) FROM sets AS s INNER JOIN set_translations AS st ON s.code = st.setCode WHERE st.language = 'Italian' AND st.translation IS NOT NULL AND s.baseSetSize < 10,"[""set_translations"", ""sets""]",1,unchanged,benchmark_nonmatching_final,false,final_same_as_last_execution,false,retrieval_complete_mining_abstained_semantic_failure,SEMANTIC_REVIEW_REQUIRED,filter_scope_or_expression_mismatch,
20260714T210045Z-11af1da6,bird_484,card_games,moderate,1,1,1,query_plan.initial,,[],,not_applicable,plan_valid,unknown,query_plan.initial,false,detailed_schema_column_miss_or_compact_index_only,AGGREGATION_REASONING,aggregation_or_grouping_mismatch,"{""valid"": true, ""payload"": {""target_entity"": ""cards in the set Coldsnap that have the maximum converted mana cost, with their Italian names"", ""grain"": ""one row per qualifying card"", ""schema_links"": [""cards.setCode = sets.code"", ""foreign_data.uuid = cards.uuid""], ""required_tables"": [""cards"", ""sets"", ""foreign_data""], ""joins"": [{""left_table"": ""cards"", ""right_table"": ""sets"", ""condition"": ""cards.setCode = sets.code"", ""join_type"": ""INNER""}, {""left_table"": ""cards"", ""right_table"": ""foreign_data"", ""condition"": ""foreign_data.uuid = cards.uuid"", ""join_type"": ""INNER""}], ""filters"": [{""table"": ""sets"", ""column"": ""name"", ""operator"": ""="", ""value"": ""Coldsnap""}, {""table"": ""foreign_data"", ""column"": ""language"", ""operator"": ""="", ""value"": ""Italian""}, {""table"": ""cards"", ""column"": ""convertedManaCost"", ""operator"": ""="", ""value"": ""MAX(convertedManaCost) within Coldsnap""}], ""group_by"": [], ""aggregates"": [{""function"": ""MAX"", ""expression"": ""cards.convertedManaCost"", ""scope"": ""global""}], ""aggregation_scope"": ""global"", ""aggregation_justification"": ""The phrase \""highest converted mana cost\"" requires determining the maximum convertedManaCost among cards in Coldsnap so rows can be filtered to those matching that maximum."", ""having"": [], ""order_by"": [], ""limit"": null, ""answer_type"": ""rows"", ""answer_scope"": ""per_entity_rows"", ""output_columns"": [{""position"": 1, ""semantic_item"": ""Italian card name"", ""source_columns"": [""foreign_data.name""], ""sql_expression"": ""DISTINCT fd.name"", ""source_justification"": ""foreign_data.name stores the foreign-language card name, and the question asks for the Italian names."", ""aggregation"": ""none""}], ""candidate_purpose"": ""answer"", ""expected_result_shape"": {""answer_type"": ""rows"", ""column_count"": 1, ""row_grain"": ""one row per card in Coldsnap tied for the maximum convertedManaCost""}, ""unresolved_assumptions"": [], ""revision"": null}, ""errors"": []}"
20260714T210045Z-11af1da6,bird_484,card_games,moderate,2,2,1,db.execute,"SELECT DISTINCT fd.name
FROM cards AS c
JOIN sets AS s ON c.setCode = s.code
JOIN foreign_data AS fd ON fd.uuid = c.uuid
WHERE s.name = 'Coldsnap'
  AND fd.language = 'Italian'
  AND c.convertedManaCost = (
    SELECT MAX(c2.convertedManaCost)
    FROM cards AS c2
    JOIN sets AS s2 ON c2.setCode = s2.code
    WHERE s2.name = 'Coldsnap'
  );","[""cards"", ""foreign_data"", ""sets""]",1,initial_sql,nonmatching,false,initial_execution_nonmatching,true,detailed_schema_column_miss_or_compact_index_only,AGGREGATION_REASONING,aggregation_or_grouping_mismatch,
20260714T210045Z-11af1da6,bird_484,card_games,moderate,3,3,1,query_plan.adherence,"SELECT DISTINCT fd.name
FROM cards AS c
JOIN sets AS s ON c.setCode = s.code
JOIN foreign_data AS fd ON fd.uuid = c.uuid
WHERE s.name = 'Coldsnap'
  AND fd.language = 'Italian'
  AND c.convertedManaCost = (
    SELECT MAX(c2.convertedManaCost)
    FROM cards AS c2
    JOIN sets AS s2 ON c2.setCode = s2.code
    WHERE s2.name = 'Coldsnap'
  );",[],,not_applicable,adherence_passed,unknown,query_plan.adherence,false,detailed_schema_column_miss_or_compact_index_only,AGGREGATION_REASONING,aggregation_or_grouping_mismatch,"{""schema_version"": 3, ""checks"": {""projection_count"": true, ""group_by_presence"": true, ""having_presence"": true, ""order_by_presence"": true, ""limit_presence"": true, ""required_tables_presence"": true}, ""passed"": true, ""expected_projection_count"": 1, ""actual_projection_count"": 1, ""enforced"": false}"
20260714T210045Z-11af1da6,bird_484,card_games,moderate,4,4,2,FINAL,SELECT DISTINCT fd.name FROM cards AS c INNER JOIN sets AS s ON c.setCode = s.code INNER JOIN foreign_data AS fd ON fd.uuid = c.uuid WHERE s.name = 'Coldsnap' AND fd.language = 'Italian' AND c.convertedManaCost = (SELECT MAX(c2.convertedManaCost) FROM cards AS c2 INNER JOIN sets AS s2 ON c2.setCode = s2.code WHERE s2.name = 'Coldsnap'),"[""cards"", ""foreign_data"", ""sets""]",1,expression_or_projection,benchmark_nonmatching_final,false,unverified_rewrite_after_nonmatching_execution,false,detailed_schema_column_miss_or_compact_index_only,AGGREGATION_REASONING,aggregation_or_grouping_mismatch,
20260714T210045Z-11af1da6,bird_486,card_games,moderate,1,1,1,query_plan.initial,,[],,not_applicable,plan_valid,unknown,query_plan.initial,false,retrieval_complete_mining_abstained_semantic_failure,AGGREGATION_REASONING,aggregation_or_grouping_mismatch,"{""valid"": true, ""payload"": {""target_entity"": ""cards in the set Coldsnap"", ""grain"": ""global scalar for the filtered set"", ""schema_links"": [{""from"": ""cards.setCode"", ""to"": ""sets.code"", ""relationship"": ""many-to-one""}], ""required_tables"": [""cards"", ""sets""], ""joins"": [{""left_table"": ""cards"", ""right_table"": ""sets"", ""on"": [""cards.setCode = sets.code""], ""type"": ""INNER JOIN""}], ""filters"": [{""table"": ""sets"", ""column"": ""name"", ""operator"": ""="", ""value"": ""Coldsnap""}], ""group_by"": [], ""aggregates"": [""SUM(cards.convertedManaCost = 7)"", ""SUM(cards.convertedManaCost)""], ""aggregation_scope"": ""global"", ""aggregation_justification"": ""The hint defines percentage as DIVIDE(SUM(convertedManaCost = 7), SUM(convertedManaCost)) * 100, which requires aggregation over all matching cards."", ""having"": [], ""order_by"": [], ""limit"": null, ""answer_type"": ""scalar"", ""answer_scope"": ""global_scalar"", ""output_columns"": [{""position"": 1, ""semantic_item"": ""percentage of cards with converted mana cost 7 in Coldsnap"", ""source_columns"": [""cards.convertedManaCost"", ""sets.name""], ""sql_expression"": ""CAST(SUM(CASE WHEN cards.convertedManaCost = 7 THEN 1 ELSE 0 END) AS REAL) * 100.0 / SUM(cards.convertedManaCost)"", ""source_justification"": ""Uses the set filter from sets.name and the card-level converted mana cost from cards; numerator counts cards with convertedManaCost = 7 and denominator sums converted mana cost as specified by the hint."", ""aggregation"": ""SUM""}], ""candidate_purpose"": ""answer"", ""expected_result_shape"": {""answer_type"": ""scalar"", ""column_count"": 1, ""row_grain"": ""one row containing the percentage""}, ""unresolved_assumptions"": [], ""revision"": null}, ""errors"": []}"
20260714T210045Z-11af1da6,bird_486,card_games,moderate,2,2,1,db.execute,"SELECT CAST(SUM(CASE WHEN cards.convertedManaCost = 7 THEN 1 ELSE 0 END) AS REAL) * 100.0 / SUM(cards.convertedManaCost) AS percentage
FROM cards
INNER JOIN sets ON cards.setCode = sets.code
WHERE sets.name = 'Coldsnap';","[""cards"", ""sets""]",1,initial_sql,nonmatching,false,initial_execution_nonmatching,true,retrieval_complete_mining_abstained_semantic_failure,AGGREGATION_REASONING,aggregation_or_grouping_mismatch,
20260714T210045Z-11af1da6,bird_486,card_games,moderate,3,3,1,query_plan.adherence,"SELECT CAST(SUM(CASE WHEN cards.convertedManaCost = 7 THEN 1 ELSE 0 END) AS REAL) * 100.0 / SUM(cards.convertedManaCost) AS percentage
FROM cards
INNER JOIN sets ON cards.setCode = sets.code
WHERE sets.name = 'Coldsnap';",[],,not_applicable,adherence_passed,unknown,query_plan.adherence,false,retrieval_complete_mining_abstained_semantic_failure,AGGREGATION_REASONING,aggregation_or_grouping_mismatch,"{""schema_version"": 3, ""checks"": {""projection_count"": true, ""group_by_presence"": true, ""having_presence"": true, ""order_by_presence"": true, ""limit_presence"": true, ""required_tables_presence"": true}, ""passed"": true, ""expected_projection_count"": 1, ""actual_projection_count"": 1, ""enforced"": false}"
20260714T210045Z-11af1da6,bird_486,card_games,moderate,4,4,1,FINAL,SELECT CAST(SUM(CASE WHEN cards.convertedManaCost = 7 THEN 1 ELSE 0 END) AS REAL) * 100.0 / SUM(cards.convertedManaCost) AS percentage FROM cards INNER JOIN sets ON cards.setCode = sets.code WHERE sets.name = 'Coldsnap';,"[""cards"", ""sets""]",1,unchanged,benchmark_nonmatching_final,false,final_same_as_last_execution,false,retrieval_complete_mining_abstained_semantic_failure,AGGREGATION_REASONING,aggregation_or_grouping_mismatch,
20260714T210045Z-11af1da6,bird_518,card_games,moderate,1,1,1,query_plan.initial,,[],,not_applicable,plan_invalid,unknown,query_plan.initial,false,retrieval_complete_mining_abstained_semantic_failure,AGGREGATION_REASONING,aggregation_or_grouping_mismatch,"{""valid"": false, ""payload"": null, ""errors"": [""aggregates must be non-empty when aggregation_scope uses aggregation""]}"
20260714T210045Z-11af1da6,bird_518,card_games,moderate,2,2,2,query_plan.initial,,[],,not_applicable,plan_valid,unknown,query_plan.initial,false,retrieval_complete_mining_abstained_semantic_failure,AGGREGATION_REASONING,aggregation_or_grouping_mismatch,"{""valid"": true, ""payload"": {""target_entity"": ""cards in the play format(s) with the highest number of banned statuses"", ""grain"": ""one row per card name in the top format(s)"", ""schema_links"": [""legalities.uuid = cards.uuid""], ""required_tables"": [""legalities"", ""cards""], ""joins"": [{""left_table"": ""legalities"", ""right_table"": ""cards"", ""on"": [""legalities.uuid = cards.uuid""], ""type"": ""INNER""}], ""filters"": [{""table"": ""legalities"", ""column"": ""status"", ""operator"": ""="", ""value"": ""Banned""}], ""group_by"": [""legalities.format""], ""aggregates"": [{""function"": ""COUNT"", ""expression"": ""*"", ""alias"": ""banned_count"", ""scope"": ""per_format""}, {""function"": ""MAX"", ""expression"": ""banned_count"", ""alias"": ""max_banned_count"", ""scope"": ""global""}], ""aggregation_scope"": ""global"", ""aggregation_justification"": ""The phrase 'highest number of banned status' requires computing the maximum count across formats."", ""having"": [], ""order_by"": [{""expression"": ""legalities.format"", ""direction"": ""ASC""}, {""expression"": ""cards.name"", ""direction"": ""ASC""}], ""limit"": null, ""answer_type"": ""rows"", ""answer_scope"": ""per_entity_rows"", ""output_columns"": [{""position"": 1, ""semantic_item"": ""play format"", ""source_columns"": [""legalities.format""], ""sql_expression"": ""L.format"", ""source_justification"": ""The question asks to indicate the play format, which the hint maps to format."", ""aggregation"": ""none""}, {""position"": 2, ""semantic_item"": ""card name"", ""source_columns"": [""cards.name""], ""sql_expression"": ""C.name"", ""source_justification"": ""The question asks for the names of all cards meeting the condition."", ""aggregation"": ""none""}], ""candidate_purpose"": ""answer"", ""expected_result_shape"": {""answer_type"": ""rows"", ""column_count"": 2, ""row_grain"": ""one row per card name in the top format(s)""}, ""unresolved_assumptions"": [""If multiple formats tie for the maximum banned count, all tied formats should be returned."", ""Each matching card should appear as a separate row.""], ""revision"": null}, ""errors"": []}"
20260714T210045Z-11af1da6,bird_518,card_games,moderate,3,3,2,db.execute,"WITH banned_counts AS (
  SELECT L.format, COUNT(*) AS banned_count
  FROM legalities AS L
  WHERE L.status = 'Banned'
  GROUP BY L.format
),
top_formats AS (
  SELECT format
  FROM banned_counts
  WHERE banned_count = (SELECT MAX(banned_count) FROM banned_counts)
)
SELECT DISTINCT L.format, C.name
FROM legalities AS L
INNER JOIN cards AS C ON C.uuid = L.uuid
INNER JOIN top_formats AS T ON T.format = L.format
WHERE L.status = 'Banned'
ORDER BY L.format, C.name;","[""banned_counts"", ""cards"", ""legalities"", ""top_formats""]",2,initial_sql,nonmatching,false,initial_execution_nonmatching,true,retrieval_complete_mining_abstained_semantic_failure,AGGREGATION_REASONING,aggregation_or_grouping_mismatch,
20260714T210045Z-11af1da6,bird_518,card_games,moderate,4,4,2,query_plan.adherence,"WITH banned_counts AS (
  SELECT L.format, COUNT(*) AS banned_count
  FROM legalities AS L
  WHERE L.status = 'Banned'
  GROUP BY L.format
),
top_formats AS (
  SELECT format
  FROM banned_counts
  WHERE banned_count = (SELECT MAX(banned_count) FROM banned_counts)
)
SELECT DISTINCT L.format, C.name
FROM legalities AS L
INNER JOIN cards AS C ON C.uuid = L.uuid
INNER JOIN top_formats AS T ON T.format = L.format
WHERE L.status = 'Banned'
ORDER BY L.format, C.name;",[],,not_applicable,adherence_passed,unknown,query_plan.adherence,false,retrieval_complete_mining_abstained_semantic_failure,AGGREGATION_REASONING,aggregation_or_grouping_mismatch,"{""schema_version"": 3, ""checks"": {""projection_count"": true, ""group_by_presence"": true, ""having_presence"": true, ""order_by_presence"": true, ""limit_presence"": true, ""required_tables_presence"": true}, ""passed"": true, ""expected_projection_count"": 2, ""actual_projection_count"": 2, ""enforced"": false}"
20260714T210045Z-11af1da6,bird_518,card_games,moderate,5,5,2,FINAL,"WITH banned_counts AS ( SELECT L.format, COUNT(*) AS banned_count FROM legalities AS L WHERE L.status = 'Banned' GROUP BY L.format ), top_formats AS ( SELECT format FROM banned_counts WHERE banned_count = (SELECT MAX(banned_count) FROM banned_counts) ) SELECT DISTINCT L.format, C.name FROM legalities AS L INNER JOIN cards AS C ON C.uuid = L.uuid INNER JOIN top_formats AS T ON T.format = L.format WHERE L.status = 'Banned' ORDER BY L.format, C.name;","[""banned_counts"", ""cards"", ""legalities"", ""top_formats""]",2,unchanged,benchmark_nonmatching_final,false,final_same_as_last_execution,false,retrieval_complete_mining_abstained_semantic_failure,AGGREGATION_REASONING,aggregation_or_grouping_mismatch,
20260714T210045Z-11af1da6,bird_529,card_games,moderate,1,1,1,query_plan.initial,,[],,not_applicable,plan_valid,unknown,query_plan.initial,false,retrieval_complete_mining_abstained_semantic_failure,SEMANTIC_REVIEW_REQUIRED,filter_scope_or_expression_mismatch,"{""valid"": true, ""payload"": {""target_entity"": ""sets"", ""grain"": ""one row per set"", ""schema_links"": [""set_translations.setCode = sets.code""], ""required_tables"": [""sets"", ""set_translations""], ""joins"": [{""left_table"": ""sets"", ""left_column"": ""code"", ""right_table"": ""set_translations"", ""right_column"": ""setCode"", ""join_type"": ""INNER JOIN""}], ""filters"": [{""table"": ""set_translations"", ""column"": ""language"", ""operator"": ""="", ""value"": ""Korean""}, {""table"": ""set_translations"", ""column"": ""language"", ""operator"": ""NOT LIKE"", ""value"": ""%Japanese%""}], ""group_by"": [], ""aggregates"": [], ""aggregation_scope"": ""none"", ""aggregation_justification"": null, ""having"": [], ""order_by"": [], ""limit"": null, ""answer_type"": ""rows"", ""answer_scope"": ""per_entity_rows"", ""output_columns"": [{""position"": 1, ""semantic_item"": ""name of set"", ""source_columns"": [""sets.name""], ""sql_expression"": ""T1.name"", ""source_justification"": ""The question asks for names of sets, and sets.name stores the set name."", ""aggregation"": ""none""}], ""candidate_purpose"": ""explore"", ""expected_result_shape"": {""answer_type"": ""rows"", ""column_count"": 1, ""row_grain"": ""one row per qualifying set""}, ""unresolved_assumptions"": [""Need to verify actual language values in set_translations to ensure Japanese rows are labeled with strings matching '%Japanese%'.""], ""revision"": null}, ""errors"": []}"
20260714T210045Z-11af1da6,bird_529,card_games,moderate,2,3,2,query_plan.revision,,[],,not_applicable,plan_valid,unknown,query_plan.revision,false,retrieval_complete_mining_abstained_semantic_failure,SEMANTIC_REVIEW_REQUIRED,filter_scope_or_expression_mismatch,"{""valid"": true, ""payload"": {""observation_ref"": 2, ""changed_constraints"": [""filters"", ""candidate_purpose"", ""unresolved_assumptions""], ""updated_fields"": {""filters"": [{""table"": ""set_translations"", ""column"": ""language"", ""operator"": ""="", ""value"": ""Korean""}, {""table"": ""set_translations"", ""column"": ""language"", ""operator"": ""NOT LIKE"", ""value"": ""%Japanese%""}], ""candidate_purpose"": ""answer"", ""unresolved_assumptions"": []}, ""reason"": ""Sampled set_translations.language and confirmed Japanese and Korean are explicit values, so the original language filter can be applied directly without further exploration."", ""candidate_purpose"": ""answer""}, ""errors"": []}"
20260714T210045Z-11af1da6,bird_529,card_games,moderate,3,4,2,db.execute,"SELECT DISTINCT T1.name
FROM sets AS T1
INNER JOIN set_translations AS T2
  ON T1.code = T2.setCode
WHERE T2.language = 'Korean'
  AND NOT EXISTS (
    SELECT 1
    FROM set_translations AS T3
    WHERE T3.setCode = T1.code
      AND T3.language LIKE '%Japanese%'
  )","[""set_translations"", ""sets""]",1,initial_sql,empty_nonmatching,false,initial_execution_nonmatching,true,retrieval_complete_mining_abstained_semantic_failure,SEMANTIC_REVIEW_REQUIRED,filter_scope_or_expression_mismatch,
20260714T210045Z-11af1da6,bird_529,card_games,moderate,4,5,2,query_plan.adherence,"SELECT DISTINCT T1.name
FROM sets AS T1
INNER JOIN set_translations AS T2
  ON T1.code = T2.setCode
WHERE T2.language = 'Korean'
  AND NOT EXISTS (
    SELECT 1
    FROM set_translations AS T3
    WHERE T3.setCode = T1.code
      AND T3.language LIKE '%Japanese%'
  )",[],,not_applicable,adherence_passed,unknown,query_plan.adherence,false,retrieval_complete_mining_abstained_semantic_failure,SEMANTIC_REVIEW_REQUIRED,filter_scope_or_expression_mismatch,"{""schema_version"": 3, ""checks"": {""projection_count"": true, ""group_by_presence"": true, ""having_presence"": true, ""order_by_presence"": true, ""limit_presence"": true, ""required_tables_presence"": true}, ""passed"": true, ""expected_projection_count"": 1, ""actual_projection_count"": 1, ""enforced"": false}"
20260714T210045Z-11af1da6,bird_529,card_games,moderate,5,6,3,query_plan.revision,,[],,not_applicable,plan_valid,unknown,query_plan.revision,false,retrieval_complete_mining_abstained_semantic_failure,SEMANTIC_REVIEW_REQUIRED,filter_scope_or_expression_mismatch,"{""valid"": true, ""payload"": {""observation_ref"": 4, ""changed_constraints"": [""filters"", ""unresolved_assumptions"", ""candidate_purpose""], ""updated_fields"": {""filters"": [{""table"": ""set_translations"", ""column"": ""language"", ""operator"": ""="", ""value"": ""Korean""}], ""unresolved_assumptions"": [""Need to verify whether the absence condition should be applied as a set-level anti-join against any Japanese translation row, since the previous NOT EXISTS formulation returned no matches.""], ""candidate_purpose"": ""explore""}, ""reason"": ""The executed answer query returned zero rows, so the exclusion logic likely needs verification against the actual data pattern before finalizing the result."", ""candidate_purpose"": ""explore""}, ""errors"": []}"
20260714T210045Z-11af1da6,bird_529,card_games,moderate,6,7,3,db.execute,"SELECT
  COUNT(DISTINCT CASE WHEN language = 'Korean' THEN setCode END) AS korean_sets,
  COUNT(DISTINCT CASE WHEN language = 'Japanese' THEN setCode END) AS japanese_sets,
  COUNT(DISTINCT setCode) AS total_sets_with_translation
FROM set_translations
WHERE language IN ('Korean', 'Japanese')","[""set_translations""]",3,"tables_or_join,projection_count,aggregate",nonmatching,false,remained_nonmatching,false,retrieval_complete_mining_abstained_semantic_failure,SEMANTIC_REVIEW_REQUIRED,filter_scope_or_expression_mismatch,
20260714T210045Z-11af1da6,bird_529,card_games,moderate,7,8,3,query_plan.adherence,"SELECT
  COUNT(DISTINCT CASE WHEN language = 'Korean' THEN setCode END) AS korean_sets,
  COUNT(DISTINCT CASE WHEN language = 'Japanese' THEN setCode END) AS japanese_sets,
  COUNT(DISTINCT setCode) AS total_sets_with_translation
FROM set_translations
WHERE language IN ('Korean', 'Japanese')",[],,not_applicable,adherence_failed,unknown,query_plan.adherence,false,retrieval_complete_mining_abstained_semantic_failure,SEMANTIC_REVIEW_REQUIRED,filter_scope_or_expression_mismatch,"{""schema_version"": 3, ""checks"": {""projection_count"": false, ""group_by_presence"": true, ""having_presence"": true, ""order_by_presence"": true, ""limit_presence"": true, ""required_tables_presence"": false}, ""passed"": false, ""expected_projection_count"": 1, ""actual_projection_count"": 3, ""enforced"": false}"
20260714T210045Z-11af1da6,bird_529,card_games,moderate,8,9,3,db.execute,"SELECT setCode, language, translation
FROM set_translations
WHERE language = 'Korean'
LIMIT 10","[""set_translations""]",3,"limit,aggregate,distinct",nonmatching,false,remained_nonmatching,false,retrieval_complete_mining_abstained_semantic_failure,SEMANTIC_REVIEW_REQUIRED,filter_scope_or_expression_mismatch,
20260714T210045Z-11af1da6,bird_529,card_games,moderate,9,10,3,query_plan.adherence,"SELECT setCode, language, translation
FROM set_translations
WHERE language = 'Korean'
LIMIT 10",[],,not_applicable,adherence_failed,unknown,query_plan.adherence,false,retrieval_complete_mining_abstained_semantic_failure,SEMANTIC_REVIEW_REQUIRED,filter_scope_or_expression_mismatch,"{""schema_version"": 3, ""checks"": {""projection_count"": false, ""group_by_presence"": true, ""having_presence"": true, ""order_by_presence"": true, ""limit_presence"": false, ""required_tables_presence"": false}, ""passed"": false, ""expected_projection_count"": 1, ""actual_projection_count"": 3, ""enforced"": false}"
20260714T210045Z-11af1da6,bird_529,card_games,moderate,10,11,4,FINAL,SELECT DISTINCT T1.name FROM sets AS T1 INNER JOIN set_translations AS T2 ON T1.code = T2.setCode LEFT JOIN set_translations AS T3 ON T1.code = T3.setCode AND T3.language LIKE '%Japanese%' WHERE T2.language = 'Korean' AND T3.setCode IS NULL,"[""set_translations"", ""sets""]",1,"tables_or_join,projection_count,limit,distinct",benchmark_nonmatching_final,false,unverified_rewrite_after_nonmatching_execution,false,retrieval_complete_mining_abstained_semantic_failure,SEMANTIC_REVIEW_REQUIRED,filter_scope_or_expression_mismatch,
20260714T210045Z-11af1da6,bird_530,card_games,moderate,1,1,1,query_plan.initial,,[],,not_applicable,plan_valid,unknown,query_plan.initial,false,detailed_schema_column_miss_or_compact_index_only,AGGREGATION_REASONING,sort_direction_or_order_scope_mismatch,"{""valid"": true, ""payload"": {""target_entity"": ""cards worked on by Allen Williams, with their frame styles and banned legality when applicable"", ""grain"": ""one row per card-printing record from cards matching artist = 'Allen Williams'"", ""schema_links"": [""cards.uuid = legalities.uuid""], ""required_tables"": [""cards"", ""legalities""], ""joins"": [{""left_table"": ""cards"", ""left_column"": ""uuid"", ""right_table"": ""legalities"", ""right_column"": ""uuid"", ""type"": ""LEFT JOIN"", ""justification"": ""Need to preserve Allen Williams cards even if they have no banned legality row.""}], ""filters"": [{""table"": ""cards"", ""column"": ""artist"", ""op"": ""="", ""value"": ""Allen Williams"", ""justification"": ""Question explicitly asks for cards Allen Williams worked on.""}, {""table"": ""legalities"", ""column"": ""status"", ""op"": ""="", ""value"": ""Banned"", ""justification"": ""Hint defines banned cards as status = 'Banned'.""}], ""group_by"": [], ""aggregates"": [], ""aggregation_scope"": ""none"", ""aggregation_justification"": null, ""having"": [], ""order_by"": [{""expression"": ""cards.frameVersion"", ""direction"": ""ASC""}, {""expression"": ""cards.name"", ""direction"": ""ASC""}], ""limit"": null, ""answer_type"": ""rows"", ""answer_scope"": ""per_entity_rows"", ""output_columns"": [{""position"": 1, ""semantic_item"": ""card name"", ""source_columns"": [""cards.name""], ""sql_expression"": ""cards.name"", ""source_justification"": ""Identifies the card Allen Williams worked on."", ""aggregation"": ""none""}, {""position"": 2, ""semantic_item"": ""frame style"", ""source_columns"": [""cards.frameVersion""], ""sql_expression"": ""cards.frameVersion"", ""source_justification"": ""Hint defines frame styles as frameVersion."", ""aggregation"": ""none""}, {""position"": 3, ""semantic_item"": ""ban status"", ""source_columns"": [""legalities.status""], ""sql_expression"": ""legalities.status"", ""source_justification"": ""Needed to identify banned cards using the hint."", ""aggregation"": ""none""}], ""candidate_purpose"": ""answer"", ""expected_result_shape"": {""answer_type"": ""rows"", ""column_count"": 3, ""row_grain"": ""each row is a card printing by Allen Williams with an associated banned legality row if present""}, ""unresolved_assumptions"": [""Whether to return only banned Allen Williams cards or all Allen Williams cards with a banned-status column; using LEFT JOIN preserves all worked-on cards while exposing banned status.""], ""revision"": null}, ""errors"": []}"
20260714T210045Z-11af1da6,bird_530,card_games,moderate,2,2,1,db.execute,"SELECT cards.name, cards.frameVersion, legalities.status
FROM cards
LEFT JOIN legalities ON cards.uuid = legalities.uuid AND legalities.status = 'Banned'
WHERE cards.artist = 'Allen Williams'
ORDER BY cards.frameVersion ASC, cards.name ASC","[""cards"", ""legalities""]",3,initial_sql,nonmatching,false,initial_execution_nonmatching,true,detailed_schema_column_miss_or_compact_index_only,AGGREGATION_REASONING,sort_direction_or_order_scope_mismatch,
20260714T210045Z-11af1da6,bird_530,card_games,moderate,3,3,1,query_plan.adherence,"SELECT cards.name, cards.frameVersion, legalities.status
FROM cards
LEFT JOIN legalities ON cards.uuid = legalities.uuid AND legalities.status = 'Banned'
WHERE cards.artist = 'Allen Williams'
ORDER BY cards.frameVersion ASC, cards.name ASC",[],,not_applicable,adherence_passed,unknown,query_plan.adherence,false,detailed_schema_column_miss_or_compact_index_only,AGGREGATION_REASONING,sort_direction_or_order_scope_mismatch,"{""schema_version"": 3, ""checks"": {""projection_count"": true, ""group_by_presence"": true, ""having_presence"": true, ""order_by_presence"": true, ""limit_presence"": true, ""required_tables_presence"": true}, ""passed"": true, ""expected_projection_count"": 3, ""actual_projection_count"": 3, ""enforced"": false}"
20260714T210045Z-11af1da6,bird_530,card_games,moderate,4,4,1,FINAL,"SELECT cards.name, cards.frameVersion, legalities.status FROM cards LEFT JOIN legalities ON cards.uuid = legalities.uuid AND legalities.status = 'Banned' WHERE cards.artist = 'Allen Williams' ORDER BY cards.frameVersion ASC, cards.name ASC","[""cards"", ""legalities""]",3,unchanged,benchmark_nonmatching_final,false,final_same_as_last_execution,false,detailed_schema_column_miss_or_compact_index_only,AGGREGATION_REASONING,sort_direction_or_order_scope_mismatch,
20260714T210045Z-11af1da6,bird_197,toxicology,moderate,1,1,1,query_plan.initial,,[],,not_applicable,plan_valid,unknown,query_plan.initial,false,retrieval_complete_mining_abstained_semantic_failure,AGGREGATION_REASONING,aggregation_or_grouping_mismatch,"{""valid"": true, ""payload"": {""target_entity"": ""molecules with single bonds and their oxygen content"", ""grain"": ""one row per molecule in the qualifying molecule set, then one global average over molecule-level oxygen counts"", ""schema_links"": [""bond.molecule_id = molecule.molecule_id"", ""atom.molecule_id = molecule.molecule_id""], ""required_tables"": [""bond"", ""atom""], ""joins"": [{""left_table"": ""bond"", ""right_table"": ""atom"", ""on"": [""bond.molecule_id = atom.molecule_id""], ""join_type"": ""inner""}], ""filters"": [{""table"": ""bond"", ""column"": ""bond_type"", ""operator"": ""="", ""value"": ""-"", ""meaning"": ""single-bonded molecules""}, {""table"": ""atom"", ""column"": ""element"", ""operator"": ""="", ""value"": ""o"", ""meaning"": ""oxygen atoms""}], ""group_by"": [], ""aggregates"": [{""function"": ""AVG"", ""expression"": ""COUNT of oxygen atoms per qualifying molecule"", ""scope"": ""global""}], ""aggregation_scope"": ""global"", ""aggregation_justification"": ""The question asks for the average number of oxygen atoms in single-bonded molecules, which requires averaging molecule-level oxygen counts across the qualifying set."", ""having"": [], ""order_by"": [], ""limit"": null, ""answer_type"": ""scalar"", ""answer_scope"": ""global_scalar"", ""output_columns"": [{""position"": 1, ""semantic_item"": ""average number of oxygen atoms in single-bonded molecules"", ""source_columns"": [""atom.element"", ""atom.molecule_id"", ""bond.bond_type"", ""bond.molecule_id""], ""sql_expression"": ""AVG(oxygen_count)"", ""source_justification"": ""oxygen_count is derived by counting atoms with element = 'o' within each molecule that has at least one single bond"", ""aggregation"": ""global""}], ""candidate_purpose"": ""answer"", ""expected_result_shape"": {""answer_type"": ""scalar"", ""column_count"": 1, ""row_grain"": ""single scalar row""}, ""unresolved_assumptions"": [""Whether 'single-bonded molecules' means molecules having at least one bond_type = '-'"", ""Whether the intended metric is the average of per-molecule oxygen counts rather than the proportion of oxygen atoms""], ""revision"": null}, ""errors"": []}"
20260714T210045Z-11af1da6,bird_197,toxicology,moderate,2,2,1,db.execute,"SELECT AVG(oxygen_count) AS avg_oxygen_atoms
FROM (
  SELECT a.molecule_id, SUM(a.element = 'o') AS oxygen_count
  FROM atom AS a
  WHERE a.molecule_id IN (
    SELECT DISTINCT b.molecule_id
    FROM bond AS b
    WHERE b.bond_type = '-'
  )
  GROUP BY a.molecule_id
) AS per_molecule;","[""atom"", ""bond""]",1,initial_sql,nonmatching,false,initial_execution_nonmatching,true,retrieval_complete_mining_abstained_semantic_failure,AGGREGATION_REASONING,aggregation_or_grouping_mismatch,
20260714T210045Z-11af1da6,bird_197,toxicology,moderate,3,3,1,query_plan.adherence,"SELECT AVG(oxygen_count) AS avg_oxygen_atoms
FROM (
  SELECT a.molecule_id, SUM(a.element = 'o') AS oxygen_count
  FROM atom AS a
  WHERE a.molecule_id IN (
    SELECT DISTINCT b.molecule_id
    FROM bond AS b
    WHERE b.bond_type = '-'
  )
  GROUP BY a.molecule_id
) AS per_molecule;",[],,not_applicable,adherence_failed,unknown,query_plan.adherence,false,retrieval_complete_mining_abstained_semantic_failure,AGGREGATION_REASONING,aggregation_or_grouping_mismatch,"{""schema_version"": 3, ""checks"": {""projection_count"": true, ""group_by_presence"": false, ""having_presence"": true, ""order_by_presence"": true, ""limit_presence"": true, ""required_tables_presence"": true}, ""passed"": false, ""expected_projection_count"": 1, ""actual_projection_count"": 1, ""enforced"": false}"
20260714T210045Z-11af1da6,bird_197,toxicology,moderate,4,4,1,FINAL,"SELECT AVG(oxygen_count) AS avg_oxygen_atoms FROM ( SELECT a.molecule_id, SUM(a.element = 'o') AS oxygen_count FROM atom AS a WHERE a.molecule_id IN ( SELECT DISTINCT b.molecule_id FROM bond AS b WHERE b.bond_type = '-' ) GROUP BY a.molecule_id ) AS per_molecule;","[""atom"", ""bond""]",1,unchanged,benchmark_nonmatching_final,false,final_same_as_last_execution,false,retrieval_complete_mining_abstained_semantic_failure,AGGREGATION_REASONING,aggregation_or_grouping_mismatch,
20260714T210045Z-11af1da6,bird_198,toxicology,challenging,1,1,1,query_plan.initial,,[],,not_applicable,plan_valid,unknown,query_plan.initial,false,retrieval_complete_mining_abstained_semantic_failure,AGGREGATION_REASONING,aggregation_or_grouping_mismatch,"{""valid"": true, ""payload"": {""target_entity"": ""carcinogenic molecules"", ""grain"": ""global over all carcinogenic molecules"", ""schema_links"": [{""from"": ""bond.molecule_id"", ""to"": ""molecule.molecule_id""}, {""from"": ""atom.molecule_id"", ""to"": ""molecule.molecule_id""}], ""required_tables"": [""molecule"", ""bond"", ""atom""], ""joins"": [{""left_table"": ""bond"", ""left_column"": ""molecule_id"", ""right_table"": ""molecule"", ""right_column"": ""molecule_id"", ""join_type"": ""INNER""}, {""left_table"": ""atom"", ""left_column"": ""molecule_id"", ""right_table"": ""molecule"", ""right_column"": ""molecule_id"", ""join_type"": ""INNER""}], ""filters"": [{""table"": ""molecule"", ""column"": ""label"", ""operator"": ""="", ""value"": ""+""}], ""group_by"": [], ""aggregates"": [{""function"": ""SUM"", ""expression"": ""CASE WHEN bond.bond_type = '-' THEN 1 ELSE 0 END"", ""scope"": ""global""}, {""function"": ""COUNT"", ""expression"": ""atom.atom_id"", ""scope"": ""global""}], ""aggregation_scope"": ""global"", ""aggregation_justification"": ""The phrase 'On average' requires aggregating counts into one scalar ratio."", ""having"": [], ""order_by"": [], ""limit"": null, ""answer_type"": ""scalar"", ""answer_scope"": ""global_scalar"", ""output_columns"": [{""position"": 1, ""semantic_item"": ""average number of single-bonded instances among carcinogenic molecules"", ""source_columns"": [""bond.bond_type"", ""atom.atom_id"", ""molecule.label""], ""sql_expression"": ""CAST((SELECT SUM(CASE WHEN b.bond_type = '-' THEN 1 ELSE 0 END) FROM bond AS b INNER JOIN molecule AS m ON b.molecule_id = m.molecule_id WHERE m.label = '+') AS REAL) / NULLIF((SELECT COUNT(a.atom_id) FROM atom AS a INNER JOIN molecule AS m ON a.molecule_id = m.molecule_id WHERE m.label = '+'), 0)"", ""source_justification"": ""bond_type identifies single bonds and atom_id provides the denominator; molecule.label restricts to carcinogenic molecules."", ""aggregation"": ""global""}], ""candidate_purpose"": ""answer"", ""expected_result_shape"": {""answer_type"": ""scalar"", ""column_count"": 1, ""row_grain"": ""one row with one ratio value""}, ""unresolved_assumptions"": [], ""revision"": null}, ""errors"": []}"
20260714T210045Z-11af1da6,bird_198,toxicology,challenging,2,2,1,db.execute,"SELECT CAST((
    SELECT SUM(CASE WHEN b.bond_type = '-' THEN 1 ELSE 0 END)
    FROM bond AS b
    INNER JOIN molecule AS m ON b.molecule_id = m.molecule_id
    WHERE m.label = '+'
) AS REAL) / NULLIF((
    SELECT COUNT(a.atom_id)
    FROM atom AS a
    INNER JOIN molecule AS m ON a.molecule_id = m.molecule_id
    WHERE m.label = '+'
), 0) AS average_single_bonded","[""atom"", ""bond"", ""molecule""]",,initial_sql,nonmatching,false,initial_execution_nonmatching,true,retrieval_complete_mining_abstained_semantic_failure,AGGREGATION_REASONING,aggregation_or_grouping_mismatch,
20260714T210045Z-11af1da6,bird_198,toxicology,challenging,3,3,1,query_plan.adherence,"SELECT CAST((
    SELECT SUM(CASE WHEN b.bond_type = '-' THEN 1 ELSE 0 END)
    FROM bond AS b
    INNER JOIN molecule AS m ON b.molecule_id = m.molecule_id
    WHERE m.label = '+'
) AS REAL) / NULLIF((
    SELECT COUNT(a.atom_id)
    FROM atom AS a
    INNER JOIN molecule AS m ON a.molecule_id = m.molecule_id
    WHERE m.label = '+'
), 0) AS average_single_bonded",[],,not_applicable,adherence_passed,unknown,query_plan.adherence,false,retrieval_complete_mining_abstained_semantic_failure,AGGREGATION_REASONING,aggregation_or_grouping_mismatch,"{""schema_version"": 3, ""checks"": {""projection_count"": null, ""group_by_presence"": true, ""having_presence"": true, ""order_by_presence"": true, ""limit_presence"": true, ""required_tables_presence"": true}, ""passed"": true, ""expected_projection_count"": 1, ""actual_projection_count"": null, ""enforced"": false}"
20260714T210045Z-11af1da6,bird_198,toxicology,challenging,4,4,1,FINAL,"SELECT CAST((SELECT SUM(CASE WHEN b.bond_type = '-' THEN 1 ELSE 0 END) FROM bond AS b INNER JOIN molecule AS m ON b.molecule_id = m.molecule_id WHERE m.label = '+') AS REAL) / NULLIF((SELECT COUNT(a.atom_id) FROM atom AS a INNER JOIN molecule AS m ON a.molecule_id = m.molecule_id WHERE m.label = '+'), 0) AS average_single_bonded","[""atom"", ""bond"", ""molecule""]",,expression_or_projection,benchmark_nonmatching_final,false,unverified_rewrite_after_nonmatching_execution,false,retrieval_complete_mining_abstained_semantic_failure,AGGREGATION_REASONING,aggregation_or_grouping_mismatch,
20260714T210045Z-11af1da6,bird_207,toxicology,challenging,1,1,1,query_plan.initial,,[],,not_applicable,plan_valid,unknown,query_plan.initial,false,retrieval_complete_mining_abstained_semantic_failure,OUTPUT_CONTRACT,output_column_count_mismatch,"{""valid"": true, ""payload"": {""target_entity"": ""double-type bond atom elements"", ""grain"": ""one row per bond-atom pair for bonds with bond_type = '='"", ""schema_links"": [""bond.bond_id = connected.bond_id"", ""connected.atom_id = atom.atom_id"", ""connected.atom_id2 = atom.atom_id""], ""required_tables"": [""bond"", ""connected"", ""atom""], ""joins"": [{""left_table"": ""bond"", ""right_table"": ""connected"", ""on"": [""bond.bond_id = connected.bond_id""]}, {""left_table"": ""connected"", ""right_table"": ""atom"", ""on"": [""connected.atom_id = atom.atom_id"", ""connected.atom_id2 = atom.atom_id""]}], ""filters"": [{""table"": ""bond"", ""column"": ""bond_type"", ""op"": ""="", ""value"": ""=""}], ""group_by"": [], ""aggregates"": [], ""aggregation_scope"": ""none"", ""aggregation_justification"": null, ""having"": [], ""order_by"": [], ""limit"": null, ""answer_type"": ""rows"", ""answer_scope"": ""per_entity_rows"", ""output_columns"": [{""position"": 1, ""semantic_item"": ""first atom element in the bond"", ""source_columns"": [""atom.element""], ""sql_expression"": ""A1.element"", ""source_justification"": ""Atom table stores element for each atom referenced by connected.atom_id."", ""aggregation"": ""none""}, {""position"": 2, ""semantic_item"": ""second atom element in the bond"", ""source_columns"": [""atom.element""], ""sql_expression"": ""A2.element"", ""source_justification"": ""Atom table stores element for each atom referenced by connected.atom_id2."", ""aggregation"": ""none""}], ""candidate_purpose"": ""answer"", ""expected_result_shape"": {""answer_type"": ""rows"", ""column_count"": 2, ""row_grain"": ""each row is the pair of elements connected by a double bond""}, ""unresolved_assumptions"": [""connected has one row per bond with atom_id and atom_id2 representing the two atoms in that bond; if duplicate orientations exist, the result may contain mirrored duplicate rows""], ""revision"": null}, ""errors"": []}"
20260714T210045Z-11af1da6,bird_207,toxicology,challenging,2,3,1,db.execute,"SELECT A1.element, A2.element
FROM bond AS B
JOIN connected AS C ON B.bond_id = C.bond_id
JOIN atom AS A1 ON C.atom_id = A1.atom_id
JOIN atom AS A2 ON C.atom_id2 = A2.atom_id
WHERE B.bond_type = '='","[""atom"", ""bond"", ""connected""]",2,initial_sql,nonmatching,false,initial_execution_nonmatching,true,retrieval_complete_mining_abstained_semantic_failure,OUTPUT_CONTRACT,output_column_count_mismatch,
20260714T210045Z-11af1da6,bird_207,toxicology,challenging,3,4,1,query_plan.adherence,"SELECT A1.element, A2.element
FROM bond AS B
JOIN connected AS C ON B.bond_id = C.bond_id
JOIN atom AS A1 ON C.atom_id = A1.atom_id
JOIN atom AS A2 ON C.atom_id2 = A2.atom_id
WHERE B.bond_type = '='",[],,not_applicable,adherence_passed,unknown,query_plan.adherence,false,retrieval_complete_mining_abstained_semantic_failure,OUTPUT_CONTRACT,output_column_count_mismatch,"{""schema_version"": 3, ""checks"": {""projection_count"": true, ""group_by_presence"": true, ""having_presence"": true, ""order_by_presence"": true, ""limit_presence"": true, ""required_tables_presence"": true}, ""passed"": true, ""expected_projection_count"": 2, ""actual_projection_count"": 2, ""enforced"": false}"
20260714T210045Z-11af1da6,bird_207,toxicology,challenging,4,5,1,FINAL,"SELECT A1.element, A2.element FROM bond AS B JOIN connected AS C ON B.bond_id = C.bond_id JOIN atom AS A1 ON C.atom_id = A1.atom_id JOIN atom AS A2 ON C.atom_id2 = A2.atom_id WHERE B.bond_type = '='","[""atom"", ""bond"", ""connected""]",2,unchanged,benchmark_nonmatching_final,false,final_same_as_last_execution,false,retrieval_complete_mining_abstained_semantic_failure,OUTPUT_CONTRACT,output_column_count_mismatch,
20260714T210045Z-11af1da6,bird_215,toxicology,challenging,1,1,1,query_plan.initial,,[],,not_applicable,plan_valid,unknown,query_plan.initial,false,retrieval_complete_mining_abstained_semantic_failure,OUTPUT_CONTRACT,output_column_count_mismatch,"{""valid"": true, ""payload"": {""target_entity"": ""distinct atoms of element i or s in molecules with single bonds"", ""grain"": ""distinct atom_id"", ""schema_links"": [""atom.molecule_id = bond.molecule_id""], ""required_tables"": [""atom"", ""bond""], ""joins"": [{""left_table"": ""atom"", ""right_table"": ""bond"", ""on"": [""atom.molecule_id = bond.molecule_id""]}], ""filters"": [{""table"": ""atom"", ""column"": ""element"", ""operator"": ""IN"", ""value"": [""i"", ""s""]}, {""table"": ""bond"", ""column"": ""bond_type"", ""operator"": ""="", ""value"": ""-""}], ""group_by"": [], ""aggregates"": [{""function"": ""COUNT"", ""expression"": ""DISTINCT atom.atom_id"", ""alias"": ""count_distinct_atoms""}], ""aggregation_scope"": ""global"", ""aggregation_justification"": ""The question asks 'How many', which requires a global count."", ""having"": [], ""order_by"": [], ""limit"": null, ""answer_type"": ""scalar"", ""answer_scope"": ""global_scalar"", ""output_columns"": [{""position"": 1, ""semantic_item"": ""count of distinct atoms with element i or s in single-bond molecules"", ""source_columns"": [""atom.atom_id"", ""atom.element"", ""bond.bond_type"", ""atom.molecule_id"", ""bond.molecule_id""], ""sql_expression"": ""COUNT(DISTINCT atom.atom_id)"", ""source_justification"": ""Counts unique atoms from molecules joined to at least one single bond and filtered to iodine/sulfur elements."", ""aggregation"": ""COUNT(DISTINCT)""}], ""candidate_purpose"": ""explore"", ""expected_result_shape"": {""answer_type"": ""scalar"", ""column_count"": 1, ""row_grain"": ""single row""}, ""unresolved_assumptions"": [""Assumes 'single bond molecules' means molecules that contain at least one bond_type = '-' bond, and that atoms are counted once per atom_id across those molecules.""], ""revision"": null}, ""errors"": []}"
20260714T210045Z-11af1da6,bird_215,toxicology,challenging,2,2,1,db.execute,"SELECT COUNT(DISTINCT a.atom_id) AS count_distinct_atoms
FROM atom AS a
JOIN (
  SELECT DISTINCT molecule_id
  FROM bond
  WHERE bond_type = '-'
) AS b
  ON a.molecule_id = b.molecule_id
WHERE a.element IN ('i', 's')","[""atom"", ""bond""]",1,initial_sql,nonmatching,false,initial_execution_nonmatching,true,retrieval_complete_mining_abstained_semantic_failure,OUTPUT_CONTRACT,output_column_count_mismatch,
20260714T210045Z-11af1da6,bird_215,toxicology,challenging,3,3,1,query_plan.adherence,"SELECT COUNT(DISTINCT a.atom_id) AS count_distinct_atoms
FROM atom AS a
JOIN (
  SELECT DISTINCT molecule_id
  FROM bond
  WHERE bond_type = '-'
) AS b
  ON a.molecule_id = b.molecule_id
WHERE a.element IN ('i', 's')",[],,not_applicable,adherence_passed,unknown,query_plan.adherence,false,retrieval_complete_mining_abstained_semantic_failure,OUTPUT_CONTRACT,output_column_count_mismatch,"{""schema_version"": 3, ""checks"": {""projection_count"": true, ""group_by_presence"": true, ""having_presence"": true, ""order_by_presence"": true, ""limit_presence"": true, ""required_tables_presence"": true}, ""passed"": true, ""expected_projection_count"": 1, ""actual_projection_count"": 1, ""enforced"": false}"
20260714T210045Z-11af1da6,bird_215,toxicology,challenging,4,4,1,FINAL,"SELECT COUNT(DISTINCT a.atom_id) AS count_distinct_atoms FROM atom AS a JOIN (SELECT DISTINCT molecule_id FROM bond WHERE bond_type = '-') AS b ON a.molecule_id = b.molecule_id WHERE a.element IN ('i', 's')","[""atom"", ""bond""]",1,expression_or_projection,benchmark_nonmatching_final,false,unverified_rewrite_after_nonmatching_execution,false,retrieval_complete_mining_abstained_semantic_failure,OUTPUT_CONTRACT,output_column_count_mismatch,
20260714T210045Z-11af1da6,bird_218,toxicology,challenging,1,1,1,query_plan.initial,,[],,not_applicable,plan_valid,unknown,query_plan.initial,false,retrieval_complete_mining_abstained_semantic_failure,SEMANTIC_REVIEW_REQUIRED,filter_scope_or_expression_mismatch,"{""valid"": true, ""payload"": {""target_entity"": ""molecule"", ""grain"": ""carcinogenic molecule"", ""schema_links"": [{""from"": ""atom.molecule_id"", ""to"": ""molecule.molecule_id"", ""reason"": ""link atoms to their parent molecule and filter to carcinogenic molecules by label""}], ""required_tables"": [""atom"", ""molecule""], ""joins"": [{""left_table"": ""atom"", ""left_column"": ""molecule_id"", ""right_table"": ""molecule"", ""right_column"": ""molecule_id"", ""join_type"": ""INNER""}], ""filters"": [{""table"": ""molecule"", ""column"": ""label"", ""operator"": ""="", ""value"": ""+""}], ""group_by"": [], ""aggregates"": [{""expression"": ""COUNT(DISTINCT CASE WHEN atom.element = 'f' THEN atom.molecule_id END)"", ""alias"": ""carcinogenic_molecules_with_fluorine""}, {""expression"": ""COUNT(DISTINCT atom.molecule_id)"", ""alias"": ""carcinogenic_molecules_total""}], ""aggregation_scope"": ""global"", ""aggregation_justification"": ""The question asks for a percentage over the set of carcinogenic-type molecules, which requires aggregating across all matching molecules into one scalar value."", ""having"": [], ""order_by"": [], ""limit"": null, ""answer_type"": ""scalar"", ""answer_scope"": ""global_scalar"", ""output_columns"": [{""position"": 1, ""semantic_item"": ""percentage of carcinogenic-type molecules that do not contain fluorine"", ""source_columns"": [""atom.element"", ""atom.molecule_id"", ""molecule.label""], ""sql_expression"": ""CAST((COUNT(DISTINCT atom.molecule_id) - COUNT(DISTINCT CASE WHEN atom.element = 'f' THEN atom.molecule_id END)) AS REAL) * 100.0 / COUNT(DISTINCT atom.molecule_id)"", ""source_justification"": ""Counts carcinogenic molecules without fluorine divided by all carcinogenic molecules, using distinct molecule ids to avoid double counting atoms."", ""aggregation"": ""global""}], ""candidate_purpose"": ""answer"", ""expected_result_shape"": {""answer_type"": ""scalar"", ""column_count"": 1, ""row_grain"": ""one scalar percentage""}, ""unresolved_assumptions"": [""The hint's element value 'f' is taken literally as the fluorine marker in atom.element."", ""The requested 'does not contain fluorine' is interpreted as the complement of carcinogenic molecules containing fluorine.""], ""revision"": null}, ""errors"": []}"
20260714T210045Z-11af1da6,bird_218,toxicology,challenging,2,3,2,FINAL,SELECT CAST((COUNT(DISTINCT m.molecule_id) - COUNT(DISTINCT CASE WHEN a.element = 'f' THEN m.molecule_id END)) AS REAL) * 100.0 / COUNT(DISTINCT m.molecule_id) AS percentage FROM molecule AS m LEFT JOIN atom AS a ON m.molecule_id = a.molecule_id WHERE m.label = '+';,"[""atom"", ""molecule""]",1,initial_sql,benchmark_nonmatching_final,false,final_without_execution,false,retrieval_complete_mining_abstained_semantic_failure,SEMANTIC_REVIEW_REQUIRED,filter_scope_or_expression_mismatch,
20260714T210045Z-11af1da6,bird_219,toxicology,challenging,1,1,1,query_plan.initial,,[],,not_applicable,plan_valid,unknown,query_plan.initial,false,retrieval_complete_mining_abstained_semantic_failure,AGGREGATION_REASONING,aggregation_or_grouping_mismatch,"{""valid"": true, ""payload"": {""target_entity"": ""bonds belonging to carcinogenic molecules with bond_type '#'"", ""grain"": ""bond row after filtering to molecule.label = '+'"", ""schema_links"": [{""left_table"": ""bond"", ""left_column"": ""molecule_id"", ""right_table"": ""molecule"", ""right_column"": ""molecule_id""}], ""required_tables"": [""bond"", ""molecule""], ""joins"": [{""left_table"": ""bond"", ""right_table"": ""molecule"", ""join_type"": ""INNER JOIN"", ""on"": [""bond.molecule_id = molecule.molecule_id""]}], ""filters"": [{""table"": ""molecule"", ""column"": ""label"", ""operator"": ""="", ""value"": ""+""}], ""group_by"": [], ""aggregates"": [{""sql_expression"": ""CAST(SUM(CASE WHEN bond.bond_type = '#' THEN 1 ELSE 0 END) * 100.0 AS REAL) / COUNT(bond.bond_id)"", ""aggregation_scope"": ""global"", ""justification"": ""The question asks for a percentage, which requires aggregating over all qualifying bonds into one scalar.""}], ""aggregation_scope"": ""global"", ""aggregation_justification"": ""The question asks for a percentage, which requires aggregating over all qualifying bonds into one scalar."", ""having"": [], ""order_by"": [], ""limit"": null, ""answer_type"": ""scalar"", ""answer_scope"": ""global_scalar"", ""output_columns"": [{""position"": 1, ""semantic_item"": ""percent of bonds that are triple bonds among bonds in carcinogenic molecules"", ""source_columns"": [""bond.bond_type"", ""bond.bond_id"", ""molecule.label""], ""sql_expression"": ""CAST(SUM(CASE WHEN bond.bond_type = '#' THEN 1 ELSE 0 END) * 100.0 AS REAL) / COUNT(bond.bond_id)"", ""source_justification"": ""bond supplies bond_type and bond_id for the percentage calculation; molecule supplies the carcinogenic label filter."", ""aggregation"": ""global""}], ""candidate_purpose"": ""answer"", ""expected_result_shape"": {""answer_type"": ""scalar"", ""column_count"": 1, ""row_grain"": ""single scalar row""}, ""unresolved_assumptions"": [], ""revision"": null}, ""errors"": []}"
20260714T210045Z-11af1da6,bird_219,toxicology,challenging,2,2,1,db.execute,SELECT CAST(SUM(CASE WHEN b.bond_type = '#' THEN 1 ELSE 0 END) * 100.0 AS REAL) / COUNT(b.bond_id) AS percent FROM bond AS b INNER JOIN molecule AS m ON b.molecule_id = m.molecule_id WHERE m.label = '+';,"[""bond"", ""molecule""]",1,initial_sql,nonmatching,false,initial_execution_nonmatching,true,retrieval_complete_mining_abstained_semantic_failure,AGGREGATION_REASONING,aggregation_or_grouping_mismatch,
20260714T210045Z-11af1da6,bird_219,toxicology,challenging,3,3,1,query_plan.adherence,SELECT CAST(SUM(CASE WHEN b.bond_type = '#' THEN 1 ELSE 0 END) * 100.0 AS REAL) / COUNT(b.bond_id) AS percent FROM bond AS b INNER JOIN molecule AS m ON b.molecule_id = m.molecule_id WHERE m.label = '+';,[],,not_applicable,adherence_passed,unknown,query_plan.adherence,false,retrieval_complete_mining_abstained_semantic_failure,AGGREGATION_REASONING,aggregation_or_grouping_mismatch,"{""schema_version"": 3, ""checks"": {""projection_count"": true, ""group_by_presence"": true, ""having_presence"": true, ""order_by_presence"": true, ""limit_presence"": true, ""required_tables_presence"": true}, ""passed"": true, ""expected_projection_count"": 1, ""actual_projection_count"": 1, ""enforced"": false}"
20260714T210045Z-11af1da6,bird_219,toxicology,challenging,4,4,1,FINAL,SELECT CAST(SUM(CASE WHEN b.bond_type = '#' THEN 1 ELSE 0 END) * 100.0 AS REAL) / COUNT(b.bond_id) AS percent FROM bond AS b INNER JOIN molecule AS m ON b.molecule_id = m.molecule_id WHERE m.label = '+';,"[""bond"", ""molecule""]",1,unchanged,benchmark_nonmatching_final,false,final_same_as_last_execution,false,retrieval_complete_mining_abstained_semantic_failure,AGGREGATION_REASONING,aggregation_or_grouping_mismatch,
20260714T210045Z-11af1da6,bird_228,toxicology,moderate,1,1,1,query_plan.initial,,[],,not_applicable,plan_valid,unknown,query_plan.initial,false,retrieval_complete_mining_abstained_semantic_failure,AGGREGATION_REASONING,aggregation_or_grouping_mismatch,"{""valid"": true, ""payload"": {""target_entity"": ""molecule TR206"", ""grain"": ""single molecule row aggregated from atoms of TR206"", ""schema_links"": [""atom.molecule_id -> molecule.molecule_id""], ""required_tables"": [""atom""], ""joins"": [], ""filters"": [""atom.molecule_id = 'TR206'"", ""atom.element = 'h'""], ""group_by"": [], ""aggregates"": [""SUM(CASE WHEN atom.element = 'h' THEN 1 ELSE 0 END)"", ""COUNT(atom.atom_id)""], ""aggregation_scope"": ""global"", ""aggregation_justification"": ""The question asks for the percentage of hydrogen atoms in molecule TR206, which requires aggregating atom-level rows for that single molecule into one percentage."", ""having"": [], ""order_by"": [], ""limit"": null, ""answer_type"": ""scalar"", ""answer_scope"": ""global_scalar"", ""output_columns"": [{""position"": 1, ""semantic_item"": ""percentage of hydrogen atoms accounted for in TR206"", ""source_columns"": [""atom.element"", ""atom.atom_id"", ""atom.molecule_id""], ""sql_expression"": ""printf('%.4f', 100.0 * SUM(CASE WHEN atom.element = 'h' THEN 1 ELSE 0 END) / COUNT(atom.atom_id))"", ""source_justification"": ""Counts hydrogen atoms among all atoms in TR206 and converts the fraction to a percentage."", ""aggregation"": ""global""}], ""candidate_purpose"": ""answer"", ""expected_result_shape"": {""answer_type"": ""scalar"", ""column_count"": 1, ""row_grain"": ""one row for molecule TR206""}, ""unresolved_assumptions"": [], ""revision"": null}, ""errors"": []}"
20260714T210045Z-11af1da6,bird_228,toxicology,moderate,2,2,1,db.execute,"SELECT printf('%.4f', 100.0 * SUM(CASE WHEN atom.element = 'h' THEN 1 ELSE 0 END) / COUNT(atom.atom_id)) AS percentage
FROM atom
WHERE atom.molecule_id = 'TR206';","[""atom""]",1,initial_sql,nonmatching,false,initial_execution_nonmatching,true,retrieval_complete_mining_abstained_semantic_failure,AGGREGATION_REASONING,aggregation_or_grouping_mismatch,
20260714T210045Z-11af1da6,bird_228,toxicology,moderate,3,3,1,query_plan.adherence,"SELECT printf('%.4f', 100.0 * SUM(CASE WHEN atom.element = 'h' THEN 1 ELSE 0 END) / COUNT(atom.atom_id)) AS percentage
FROM atom
WHERE atom.molecule_id = 'TR206';",[],,not_applicable,adherence_passed,unknown,query_plan.adherence,false,retrieval_complete_mining_abstained_semantic_failure,AGGREGATION_REASONING,aggregation_or_grouping_mismatch,"{""schema_version"": 3, ""checks"": {""projection_count"": true, ""group_by_presence"": true, ""having_presence"": true, ""order_by_presence"": true, ""limit_presence"": true, ""required_tables_presence"": true}, ""passed"": true, ""expected_projection_count"": 1, ""actual_projection_count"": 1, ""enforced"": false}"
20260714T210045Z-11af1da6,bird_228,toxicology,moderate,4,4,1,FINAL,"SELECT printf('%.4f', 100.0 * SUM(CASE WHEN atom.element = 'h' THEN 1 ELSE 0 END) / COUNT(atom.atom_id)) AS percentage FROM atom WHERE atom.molecule_id = 'TR206';","[""atom""]",1,unchanged,benchmark_nonmatching_final,false,final_same_as_last_execution,false,retrieval_complete_mining_abstained_semantic_failure,AGGREGATION_REASONING,aggregation_or_grouping_mismatch,
20260714T210045Z-11af1da6,bird_231,toxicology,challenging,1,1,1,query_plan.initial,,[],,not_applicable,plan_valid,unknown,query_plan.initial,false,retrieval_complete_mining_abstained_semantic_failure,OUTPUT_CONTRACT,output_column_count_mismatch,"{""valid"": true, ""payload"": {""target_entity"": ""molecule TR010"", ""grain"": ""one row for the bond type with the highest bond count within molecule TR010, plus that molecule's carcinogenic label"", ""schema_links"": [""bond.molecule_id = molecule.molecule_id""], ""required_tables"": [""bond"", ""molecule""], ""joins"": [{""left_table"": ""bond"", ""left_column"": ""molecule_id"", ""right_table"": ""molecule"", ""right_column"": ""molecule_id"", ""join_type"": ""INNER""}], ""filters"": [{""table"": ""molecule"", ""column"": ""molecule_id"", ""operator"": ""="", ""value"": ""TR010""}], ""group_by"": [{""table"": ""bond"", ""column"": ""bond_type""}, {""table"": ""molecule"", ""column"": ""label""}], ""aggregates"": [{""sql_expression"": ""COUNT(bond.bond_type)"", ""semantic_item"": ""bond count per bond type within TR010"", ""aggregation"": ""COUNT""}], ""aggregation_scope"": ""per_entity"", ""aggregation_justification"": ""The phrase 'majority of the bonds found' requires counting bonds by bond_type within the specified molecule and selecting the type with the highest count."", ""having"": [], ""order_by"": [{""sql_expression"": ""COUNT(bond.bond_type)"", ""direction"": ""DESC""}], ""limit"": 1, ""answer_type"": ""rows"", ""answer_scope"": ""single_entity_row"", ""output_columns"": [{""position"": 1, ""semantic_item"": ""majority bond type"", ""source_columns"": [""bond.bond_type""], ""sql_expression"": ""bond.bond_type"", ""source_justification"": ""The question asks which bond type accounted for the majority of bonds in TR010."", ""aggregation"": ""none""}, {""position"": 2, ""semantic_item"": ""carcinogenic label"", ""source_columns"": [""molecule.label""], ""sql_expression"": ""molecule.label"", ""source_justification"": ""The question asks to state whether the molecule is carcinogenic."", ""aggregation"": ""none""}], ""candidate_purpose"": ""answer"", ""expected_result_shape"": {""answer_type"": ""rows"", ""column_count"": 2, ""row_grain"": ""single row for molecule TR010""}, ""unresolved_assumptions"": [], ""revision"": null}, ""errors"": []}"
20260714T210045Z-11af1da6,bird_231,toxicology,challenging,2,2,1,db.execute,"SELECT b.bond_type, m.label
FROM bond AS b
INNER JOIN molecule AS m
  ON b.molecule_id = m.molecule_id
WHERE m.molecule_id = 'TR010'
GROUP BY b.bond_type, m.label
ORDER BY COUNT(b.bond_type) DESC
LIMIT 1","[""bond"", ""molecule""]",2,initial_sql,nonmatching,false,initial_execution_nonmatching,true,retrieval_complete_mining_abstained_semantic_failure,OUTPUT_CONTRACT,output_column_count_mismatch,
20260714T210045Z-11af1da6,bird_231,toxicology,challenging,3,3,1,query_plan.adherence,"SELECT b.bond_type, m.label
FROM bond AS b
INNER JOIN molecule AS m
  ON b.molecule_id = m.molecule_id
WHERE m.molecule_id = 'TR010'
GROUP BY b.bond_type, m.label
ORDER BY COUNT(b.bond_type) DESC
LIMIT 1",[],,not_applicable,adherence_passed,unknown,query_plan.adherence,false,retrieval_complete_mining_abstained_semantic_failure,OUTPUT_CONTRACT,output_column_count_mismatch,"{""schema_version"": 3, ""checks"": {""projection_count"": true, ""group_by_presence"": true, ""having_presence"": true, ""order_by_presence"": true, ""limit_presence"": true, ""required_tables_presence"": true}, ""passed"": true, ""expected_projection_count"": 2, ""actual_projection_count"": 2, ""enforced"": false}"
20260714T210045Z-11af1da6,bird_231,toxicology,challenging,4,4,1,FINAL,"SELECT b.bond_type, m.label FROM bond AS b INNER JOIN molecule AS m ON b.molecule_id = m.molecule_id WHERE m.molecule_id = 'TR010' GROUP BY b.bond_type, m.label ORDER BY COUNT(b.bond_type) DESC LIMIT 1","[""bond"", ""molecule""]",2,unchanged,benchmark_nonmatching_final,false,final_same_as_last_execution,false,retrieval_complete_mining_abstained_semantic_failure,OUTPUT_CONTRACT,output_column_count_mismatch,
20260714T210045Z-11af1da6,bird_234,toxicology,moderate,1,1,1,query_plan.initial,,[],,not_applicable,plan_valid,unknown,query_plan.initial,false,retrieval_complete_mining_abstained_semantic_failure,SEMANTIC_REVIEW_REQUIRED,filter_scope_or_expression_mismatch,"{""valid"": true, ""payload"": {""target_entity"": ""bond"", ""grain"": ""one count for molecule TR009 over bonds involving atom TR009_12"", ""schema_links"": [""bond.bond_id = connected.bond_id"", ""bond.molecule_id = TR009 filter"", ""connected.atom_id = TR009_12 OR connected.atom_id2 = TR009_12""], ""required_tables"": [""bond"", ""connected""], ""joins"": [{""left_table"": ""bond"", ""right_table"": ""connected"", ""condition"": ""bond.bond_id = connected.bond_id""}], ""filters"": [{""table"": ""bond"", ""column"": ""molecule_id"", ""operator"": ""="", ""value"": ""TR009""}, {""table"": ""connected"", ""column"": ""atom_id"", ""operator"": ""="", ""value"": ""TR009_12"", ""or_with"": {""table"": ""connected"", ""column"": ""atom_id2"", ""operator"": ""="", ""value"": ""TR009_12""}}], ""group_by"": [], ""aggregates"": [{""function"": ""COUNT"", ""expression"": ""DISTINCT bond.bond_id""}], ""aggregation_scope"": ""global"", ""aggregation_justification"": ""The question asks 'How many bonds', which requires a single total count."", ""having"": [], ""order_by"": [], ""limit"": null, ""answer_type"": ""scalar"", ""answer_scope"": ""global_scalar"", ""output_columns"": [{""position"": 1, ""semantic_item"": ""count of bonds involving atom TR009_12 in molecule TR009"", ""source_columns"": [""bond.bond_id"", ""bond.molecule_id"", ""connected.atom_id"", ""connected.atom_id2""], ""sql_expression"": ""COUNT(DISTINCT bond.bond_id)"", ""source_justification"": ""Count each bond once if it is connected to atom TR009_12 and belongs to molecule TR009."", ""aggregation"": ""COUNT(DISTINCT)""}], ""candidate_purpose"": ""answer"", ""expected_result_shape"": {""answer_type"": ""scalar"", ""column_count"": 1, ""row_grain"": ""single count value""}, ""unresolved_assumptions"": [], ""revision"": null}, ""errors"": []}"
20260714T210045Z-11af1da6,bird_234,toxicology,moderate,2,2,1,db.execute,"SELECT COUNT(DISTINCT b.bond_id) AS bond_count
FROM bond AS b
INNER JOIN connected AS c
  ON b.bond_id = c.bond_id
WHERE b.molecule_id = 'TR009'
  AND (c.atom_id = 'TR009_12' OR c.atom_id2 = 'TR009_12');","[""bond"", ""connected""]",1,initial_sql,nonmatching,false,initial_execution_nonmatching,true,retrieval_complete_mining_abstained_semantic_failure,SEMANTIC_REVIEW_REQUIRED,filter_scope_or_expression_mismatch,
20260714T210045Z-11af1da6,bird_234,toxicology,moderate,3,3,1,query_plan.adherence,"SELECT COUNT(DISTINCT b.bond_id) AS bond_count
FROM bond AS b
INNER JOIN connected AS c
  ON b.bond_id = c.bond_id
WHERE b.molecule_id = 'TR009'
  AND (c.atom_id = 'TR009_12' OR c.atom_id2 = 'TR009_12');",[],,not_applicable,adherence_passed,unknown,query_plan.adherence,false,retrieval_complete_mining_abstained_semantic_failure,SEMANTIC_REVIEW_REQUIRED,filter_scope_or_expression_mismatch,"{""schema_version"": 3, ""checks"": {""projection_count"": true, ""group_by_presence"": true, ""having_presence"": true, ""order_by_presence"": true, ""limit_presence"": true, ""required_tables_presence"": true}, ""passed"": true, ""expected_projection_count"": 1, ""actual_projection_count"": 1, ""enforced"": false}"
20260714T210045Z-11af1da6,bird_234,toxicology,moderate,4,4,2,FINAL,SELECT COUNT(DISTINCT T1.bond_id) FROM bond AS T1 INNER JOIN connected AS T2 ON T1.bond_id = T2.bond_id WHERE T1.molecule_id = 'TR009' AND (T2.atom_id = 'TR009_12' OR T2.atom_id2 = 'TR009_12'),"[""bond"", ""connected""]",1,expression_or_projection,benchmark_nonmatching_final,false,unverified_rewrite_after_nonmatching_execution,false,retrieval_complete_mining_abstained_semantic_failure,SEMANTIC_REVIEW_REQUIRED,filter_scope_or_expression_mismatch,
20260714T210045Z-11af1da6,bird_247,toxicology,challenging,1,1,1,query_plan.initial,,[],,not_applicable,plan_valid,unknown,query_plan.initial,false,retrieval_complete_mining_abstained_semantic_failure,SEMANTIC_REVIEW_REQUIRED,filter_scope_or_expression_mismatch,"{""valid"": true, ""payload"": {""target_entity"": ""atom"", ""grain"": ""atom row"", ""schema_links"": [""atom.atom_id = connected.atom_id"", ""atom.atom_id = connected.atom_id2""], ""required_tables"": [""atom"", ""connected""], ""joins"": [{""left_table"": ""atom"", ""right_table"": ""connected"", ""on"": [""atom.atom_id = connected.atom_id"", ""atom.atom_id = connected.atom_id2""], ""join_type"": ""anti-join via NOT EXISTS""}], ""filters"": [], ""group_by"": [], ""aggregates"": [], ""aggregation_scope"": ""none"", ""aggregation_justification"": null, ""having"": [], ""order_by"": [], ""limit"": null, ""answer_type"": ""rows"", ""answer_scope"": ""per_entity_rows"", ""output_columns"": [{""position"": 1, ""semantic_item"": ""element"", ""source_columns"": [""atom.element""], ""sql_expression"": ""a.element"", ""source_justification"": ""The question asks for the element value of each atom that cannot bond with any other atoms."", ""aggregation"": ""none""}], ""candidate_purpose"": ""answer"", ""expected_result_shape"": {""answer_type"": ""rows"", ""column_count"": 1, ""row_grain"": ""one row per atom with no bonds""}, ""unresolved_assumptions"": [], ""revision"": null}, ""errors"": []}"
20260714T210045Z-11af1da6,bird_247,toxicology,challenging,2,2,1,db.execute,"SELECT a.element
FROM atom AS a
WHERE NOT EXISTS (
  SELECT 1
  FROM connected AS c
  WHERE c.atom_id = a.atom_id
     OR c.atom_id2 = a.atom_id
)","[""atom"", ""connected""]",1,initial_sql,nonmatching,false,initial_execution_nonmatching,true,retrieval_complete_mining_abstained_semantic_failure,SEMANTIC_REVIEW_REQUIRED,filter_scope_or_expression_mismatch,
20260714T210045Z-11af1da6,bird_247,toxicology,challenging,3,3,1,query_plan.adherence,"SELECT a.element
FROM atom AS a
WHERE NOT EXISTS (
  SELECT 1
  FROM connected AS c
  WHERE c.atom_id = a.atom_id
     OR c.atom_id2 = a.atom_id
)",[],,not_applicable,adherence_passed,unknown,query_plan.adherence,false,retrieval_complete_mining_abstained_semantic_failure,SEMANTIC_REVIEW_REQUIRED,filter_scope_or_expression_mismatch,"{""schema_version"": 3, ""checks"": {""projection_count"": true, ""group_by_presence"": true, ""having_presence"": true, ""order_by_presence"": true, ""limit_presence"": true, ""required_tables_presence"": true}, ""passed"": true, ""expected_projection_count"": 1, ""actual_projection_count"": 1, ""enforced"": false}"
20260714T210045Z-11af1da6,bird_247,toxicology,challenging,4,4,2,FINAL,SELECT a.element FROM atom AS a WHERE a.atom_id NOT IN (SELECT c.atom_id FROM connected AS c),"[""atom"", ""connected""]",1,expression_or_projection,benchmark_nonmatching_final,false,unverified_rewrite_after_nonmatching_execution,false,retrieval_complete_mining_abstained_semantic_failure,SEMANTIC_REVIEW_REQUIRED,filter_scope_or_expression_mismatch,
20260714T210045Z-11af1da6,bird_281,toxicology,challenging,1,1,1,query_plan.initial,,[],,not_applicable,plan_valid,unknown,query_plan.initial,false,retrieval_complete_mining_abstained_semantic_failure,OUTPUT_CONTRACT,output_column_count_mismatch,"{""valid"": true, ""payload"": {""target_entity"": ""4th atom of each molecule with carcinogenic label"", ""grain"": ""one row per toxicology element among matching 4th atoms"", ""schema_links"": [""atom.molecule_id = molecule.molecule_id""], ""required_tables"": [""atom"", ""molecule""], ""joins"": [{""left_table"": ""atom"", ""left_column"": ""molecule_id"", ""right_table"": ""molecule"", ""right_column"": ""molecule_id""}], ""filters"": [{""table"": ""molecule"", ""column"": ""label"", ""operator"": ""="", ""value"": ""+""}, {""table"": ""atom"", ""column"": ""atom_id"", ""operator"": ""substr(atom_id, 7, 1) ="", ""value"": ""4""}], ""group_by"": [""atom.element""], ""aggregates"": [{""function"": ""COUNT"", ""expression"": ""*"", ""alias"": ""tally""}], ""aggregation_scope"": ""per_entity"", ""aggregation_justification"": ""The word \""Tally\"" requires counting matching 4th atoms, grouped by toxicology element."", ""having"": [], ""order_by"": [], ""limit"": null, ""answer_type"": ""rows"", ""answer_scope"": ""per_entity_rows"", ""output_columns"": [{""position"": 1, ""semantic_item"": ""toxicology element"", ""source_columns"": [""atom.element""], ""sql_expression"": ""atom.element"", ""source_justification"": ""The question asks for the toxicology element of the matching atom."", ""aggregation"": ""none""}, {""position"": 2, ""semantic_item"": ""tally of matching 4th atoms"", ""source_columns"": [""atom.atom_id""], ""sql_expression"": ""COUNT(*)"", ""source_justification"": ""Tally means count the rows for matching 4th atoms in carcinogenic molecules."", ""aggregation"": ""COUNT""}], ""candidate_purpose"": ""answer"", ""expected_result_shape"": {""answer_type"": ""rows"", ""column_count"": 2, ""row_grain"": ""one row per element""}, ""unresolved_assumptions"": [], ""revision"": null}, ""errors"": []}"
20260714T210045Z-11af1da6,bird_281,toxicology,challenging,2,2,1,db.execute,"SELECT A.element, COUNT(*) AS tally
FROM atom AS A
JOIN molecule AS M ON A.molecule_id = M.molecule_id
WHERE M.label = '+' AND substr(A.atom_id, 7, 1) = '4'
GROUP BY A.element","[""atom"", ""molecule""]",2,initial_sql,nonmatching,false,initial_execution_nonmatching,true,retrieval_complete_mining_abstained_semantic_failure,OUTPUT_CONTRACT,output_column_count_mismatch,
20260714T210045Z-11af1da6,bird_281,toxicology,challenging,3,3,1,query_plan.adherence,"SELECT A.element, COUNT(*) AS tally
FROM atom AS A
JOIN molecule AS M ON A.molecule_id = M.molecule_id
WHERE M.label = '+' AND substr(A.atom_id, 7, 1) = '4'
GROUP BY A.element",[],,not_applicable,adherence_passed,unknown,query_plan.adherence,false,retrieval_complete_mining_abstained_semantic_failure,OUTPUT_CONTRACT,output_column_count_mismatch,"{""schema_version"": 3, ""checks"": {""projection_count"": true, ""group_by_presence"": true, ""having_presence"": true, ""order_by_presence"": true, ""limit_presence"": true, ""required_tables_presence"": true}, ""passed"": true, ""expected_projection_count"": 2, ""actual_projection_count"": 2, ""enforced"": false}"
20260714T210045Z-11af1da6,bird_281,toxicology,challenging,4,4,1,FINAL,"SELECT A.element, COUNT(*) AS tally FROM atom AS A JOIN molecule AS M ON A.molecule_id = M.molecule_id WHERE M.label = '+' AND substr(A.atom_id, 7, 1) = '4' GROUP BY A.element","[""atom"", ""molecule""]",2,unchanged,benchmark_nonmatching_final,false,final_same_as_last_execution,false,retrieval_complete_mining_abstained_semantic_failure,OUTPUT_CONTRACT,output_column_count_mismatch,
20260714T210045Z-11af1da6,bird_17,california_schools,simple,1,1,1,query_plan.initial,,[],,not_applicable,plan_valid,unknown,query_plan.initial,false,retrieval_complete_mining_abstained_semantic_failure,AGGREGATION_REASONING,aggregation_or_grouping_mismatch,"{""valid"": true, ""payload"": {""target_entity"": ""schools with writing scores and charter numbers"", ""grain"": ""one row per school"", ""schema_links"": [{""from_table"": ""satscores"", ""from_column"": ""cds"", ""to_table"": ""schools"", ""to_column"": ""CDSCode"", ""join_type"": ""INNER"", ""justification"": ""Match each school's SAT score record to its school metadata and charter number""}], ""required_tables"": [""satscores"", ""schools""], ""joins"": [{""left_table"": ""satscores"", ""left_column"": ""cds"", ""right_table"": ""schools"", ""right_column"": ""CDSCode"", ""join_type"": ""INNER""}], ""filters"": [{""table"": ""satscores"", ""column"": ""AvgScrWrite"", ""operator"": "">"", ""value"": 499}, {""table"": ""schools"", ""column"": ""CharterNum"", ""operator"": ""IS NOT NULL"", ""value"": null}], ""group_by"": [], ""aggregates"": [], ""aggregation_scope"": ""none"", ""aggregation_justification"": null, ""having"": [], ""order_by"": [{""expression"": ""satscores.AvgScrWrite DESC""}], ""limit"": null, ""answer_type"": ""rows"", ""answer_scope"": ""per_entity_rows"", ""output_columns"": [{""position"": 1, ""semantic_item"": ""school name"", ""source_columns"": [""satscores.sname""], ""sql_expression"": ""T1.sname"", ""source_justification"": ""The school being ranked is identified by the SAT score table's school name"", ""aggregation"": ""none""}, {""position"": 2, ""semantic_item"": ""charter number"", ""source_columns"": [""schools.CharterNum""], ""sql_expression"": ""T2.CharterNum"", ""source_justification"": ""The prompt asks to show each school's charter number"", ""aggregation"": ""none""}, {""position"": 3, ""semantic_item"": ""average writing score"", ""source_columns"": [""satscores.AvgScrWrite""], ""sql_expression"": ""T1.AvgScrWrite"", ""source_justification"": ""Ranking is based on average score in Writing"", ""aggregation"": ""none""}], ""candidate_purpose"": ""answer"", ""expected_result_shape"": {""answer_type"": ""rows"", ""column_count"": 3, ""row_grain"": ""one row per school""}, ""unresolved_assumptions"": [""Interpret 'Rank schools' as returning schools ordered by descending AvgScrWrite rather than adding a window-function rank column"", ""Interpret 'Valid charter number means the number is not null' as filtering schools.CharterNum IS NOT NULL""], ""revision"": null}, ""errors"": []}"
20260714T210045Z-11af1da6,bird_17,california_schools,simple,2,4,1,db.execute,"SELECT T1.sname, T2.CharterNum, T1.AvgScrWrite
FROM satscores AS T1
INNER JOIN schools AS T2 ON T1.cds = T2.CDSCode
WHERE T1.AvgScrWrite > 499
  AND T2.CharterNum IS NOT NULL
ORDER BY T1.AvgScrWrite DESC
LIMIT 10;","[""satscores"", ""schools""]",3,initial_sql,nonmatching,false,initial_execution_nonmatching,true,retrieval_complete_mining_abstained_semantic_failure,AGGREGATION_REASONING,aggregation_or_grouping_mismatch,
20260714T210045Z-11af1da6,bird_17,california_schools,simple,3,5,1,query_plan.adherence,"SELECT T1.sname, T2.CharterNum, T1.AvgScrWrite
FROM satscores AS T1
INNER JOIN schools AS T2 ON T1.cds = T2.CDSCode
WHERE T1.AvgScrWrite > 499
  AND T2.CharterNum IS NOT NULL
ORDER BY T1.AvgScrWrite DESC
LIMIT 10;",[],,not_applicable,adherence_failed,unknown,query_plan.adherence,false,retrieval_complete_mining_abstained_semantic_failure,AGGREGATION_REASONING,aggregation_or_grouping_mismatch,"{""schema_version"": 3, ""checks"": {""projection_count"": true, ""group_by_presence"": true, ""having_presence"": true, ""order_by_presence"": true, ""limit_presence"": false, ""required_tables_presence"": true}, ""passed"": false, ""expected_projection_count"": 3, ""actual_projection_count"": 3, ""enforced"": false}"
20260714T210045Z-11af1da6,bird_17,california_schools,simple,4,6,2,FINAL,"SELECT T1.sname AS school_name, T2.CharterNum AS charter_number, T1.AvgScrWrite AS average_writing_score FROM satscores AS T1 INNER JOIN schools AS T2 ON T1.cds = T2.CDSCode WHERE T1.AvgScrWrite > 499 AND T2.CharterNum IS NOT NULL ORDER BY T1.AvgScrWrite DESC, T1.sname ASC","[""satscores"", ""schools""]",3,limit,benchmark_nonmatching_final,false,unverified_rewrite_after_nonmatching_execution,false,retrieval_complete_mining_abstained_semantic_failure,AGGREGATION_REASONING,aggregation_or_grouping_mismatch,
20260714T210045Z-11af1da6,bird_24,california_schools,moderate,1,1,1,query_plan.initial,,[],,not_applicable,plan_valid,unknown,query_plan.initial,false,retrieval_complete_mining_abstained_semantic_failure,SCHEMA_LINKING,table_or_join_path_mismatch,"{""valid"": true, ""payload"": {""target_entity"": ""school"", ""grain"": ""one row per school"", ""schema_links"": [""frpm.CDSCode = schools.CDSCode"", ""satscores.cds = schools.CDSCode""], ""required_tables"": [""frpm"", ""satscores"", ""schools""], ""joins"": [{""left_table"": ""frpm"", ""right_table"": ""schools"", ""condition"": ""frpm.CDSCode = schools.CDSCode"", ""join_type"": ""INNER""}, {""left_table"": ""satscores"", ""right_table"": ""schools"", ""condition"": ""satscores.cds = schools.CDSCode"", ""join_type"": ""INNER""}], ""filters"": [{""table"": ""frpm"", ""expression"": ""frpm.`Percent (%) Eligible Free (K-12)` > 0.1"", ""justification"": ""Matches the hint for percent eligible for free meals in K-12 being more than 0.1""}, {""table"": ""satscores"", ""expression"": ""satscores.NumGE1500 >= 1"", ""justification"": ""The question asks for schools with test takers whose SAT score is greater than or equal to 1500""}], ""group_by"": [], ""aggregates"": [], ""aggregation_scope"": ""none"", ""aggregation_justification"": null, ""having"": [], ""order_by"": [], ""limit"": null, ""answer_type"": ""rows"", ""answer_scope"": ""per_entity_rows"", ""output_columns"": [{""position"": 1, ""semantic_item"": ""school name"", ""source_columns"": [""schools.School""], ""sql_expression"": ""schools.School"", ""source_justification"": ""Requested names of the schools; schools table provides the school name"", ""aggregation"": ""none""}], ""candidate_purpose"": ""answer"", ""expected_result_shape"": {""answer_type"": ""rows"", ""column_count"": 1, ""row_grain"": ""one row per school""}, ""unresolved_assumptions"": [""Interpreting 'test takers whose test score is greater than or equal to 1500' as schools with NumGE1500 >= 1 rather than a score column threshold, because the schema provides NumGE1500 as the count of such test takers""], ""revision"": null}, ""errors"": []}"
20260714T210045Z-11af1da6,bird_24,california_schools,moderate,2,2,1,db.execute,"SELECT DISTINCT schools.School
FROM schools
JOIN frpm ON frpm.CDSCode = schools.CDSCode
JOIN satscores ON satscores.cds = schools.CDSCode
WHERE frpm.`Percent (%) Eligible Free (K-12)` > 0.1
  AND satscores.NumGE1500 >= 1","[""frpm"", ""satscores"", ""schools""]",1,initial_sql,nonmatching,false,initial_execution_nonmatching,true,retrieval_complete_mining_abstained_semantic_failure,SCHEMA_LINKING,table_or_join_path_mismatch,
20260714T210045Z-11af1da6,bird_24,california_schools,moderate,3,3,1,query_plan.adherence,"SELECT DISTINCT schools.School
FROM schools
JOIN frpm ON frpm.CDSCode = schools.CDSCode
JOIN satscores ON satscores.cds = schools.CDSCode
WHERE frpm.`Percent (%) Eligible Free (K-12)` > 0.1
  AND satscores.NumGE1500 >= 1",[],,not_applicable,adherence_passed,unknown,query_plan.adherence,false,retrieval_complete_mining_abstained_semantic_failure,SCHEMA_LINKING,table_or_join_path_mismatch,"{""schema_version"": 3, ""checks"": {""projection_count"": true, ""group_by_presence"": true, ""having_presence"": true, ""order_by_presence"": true, ""limit_presence"": true, ""required_tables_presence"": true}, ""passed"": true, ""expected_projection_count"": 1, ""actual_projection_count"": 1, ""enforced"": false}"
20260714T210045Z-11af1da6,bird_24,california_schools,moderate,4,4,2,FINAL,SELECT DISTINCT schools.School FROM schools INNER JOIN frpm ON frpm.CDSCode = schools.CDSCode INNER JOIN satscores ON satscores.cds = schools.CDSCode WHERE frpm.`Free Meal Count (K-12)` / frpm.`Enrollment (K-12)` > 0.1 AND satscores.NumGE1500 > 0,"[""frpm"", ""satscores"", ""schools""]",1,aggregate,benchmark_nonmatching_final,false,unverified_rewrite_after_nonmatching_execution,false,retrieval_complete_mining_abstained_semantic_failure,SCHEMA_LINKING,table_or_join_path_mismatch,
20260714T210045Z-11af1da6,bird_25,california_schools,moderate,1,1,1,query_plan.initial,,[],,not_applicable,plan_valid,unknown,query_plan.initial,false,retrieval_complete_mining_abstained_semantic_failure,AGGREGATION_REASONING,aggregation_or_grouping_mismatch,"{""valid"": true, ""payload"": {""target_entity"": ""schools in Riverside with SAT average math score greater than 400"", ""grain"": ""one row per school"", ""schema_links"": [""satscores.cds = schools.CDSCode""], ""required_tables"": [""satscores"", ""schools""], ""joins"": [{""left_table"": ""satscores"", ""right_table"": ""schools"", ""join_condition"": ""satscores.cds = schools.CDSCode"", ""join_type"": ""INNER""}], ""filters"": [{""table"": ""satscores"", ""column"": ""cname"", ""operator"": ""="", ""value"": ""Riverside""}, {""table"": ""satscores"", ""column"": ""AvgScrMath"", ""operator"": "">"", ""value"": 400}], ""group_by"": [], ""aggregates"": [], ""aggregation_scope"": ""none"", ""aggregation_justification"": null, ""having"": [], ""order_by"": [{""column"": ""satscores.sname"", ""direction"": ""ASC""}], ""limit"": null, ""answer_type"": ""rows"", ""answer_scope"": ""per_entity_rows"", ""output_columns"": [{""position"": 1, ""semantic_item"": ""school name"", ""source_columns"": [""satscores.sname""], ""sql_expression"": ""satscores.sname"", ""source_justification"": ""The SAT table contains the school name aligned to the SAT score row."", ""aggregation"": ""none""}, {""position"": 2, ""semantic_item"": ""funding type"", ""source_columns"": [""schools.FundingType""], ""sql_expression"": ""schools.FundingType"", ""source_justification"": ""The schools table provides the funding type for each school."", ""aggregation"": ""none""}], ""candidate_purpose"": ""answer"", ""expected_result_shape"": {""answer_type"": ""rows"", ""column_count"": 2, ""row_grain"": ""one row per school""}, ""unresolved_assumptions"": [""Riverside refers to the county name stored in satscores.cname.""], ""revision"": null}, ""errors"": []}"
20260714T210045Z-11af1da6,bird_25,california_schools,moderate,2,2,1,db.execute,"SELECT ss.sname AS school_name,
       sch.FundingType AS funding_type
FROM satscores AS ss
INNER JOIN schools AS sch
  ON ss.cds = sch.CDSCode
WHERE ss.cname = 'Riverside'
  AND ss.AvgScrMath > 400
ORDER BY ss.sname ASC","[""satscores"", ""schools""]",2,initial_sql,all_null_nonmatching,false,initial_execution_nonmatching,true,retrieval_complete_mining_abstained_semantic_failure,AGGREGATION_REASONING,aggregation_or_grouping_mismatch,
20260714T210045Z-11af1da6,bird_25,california_schools,moderate,3,3,1,query_plan.adherence,"SELECT ss.sname AS school_name,
       sch.FundingType AS funding_type
FROM satscores AS ss
INNER JOIN schools AS sch
  ON ss.cds = sch.CDSCode
WHERE ss.cname = 'Riverside'
  AND ss.AvgScrMath > 400
ORDER BY ss.sname ASC",[],,not_applicable,adherence_passed,unknown,query_plan.adherence,false,retrieval_complete_mining_abstained_semantic_failure,AGGREGATION_REASONING,aggregation_or_grouping_mismatch,"{""schema_version"": 3, ""checks"": {""projection_count"": true, ""group_by_presence"": true, ""having_presence"": true, ""order_by_presence"": true, ""limit_presence"": true, ""required_tables_presence"": true}, ""passed"": true, ""expected_projection_count"": 2, ""actual_projection_count"": 2, ""enforced"": false}"
20260714T210045Z-11af1da6,bird_25,california_schools,moderate,4,4,2,query_plan.revision,,[],,not_applicable,plan_valid,unknown,query_plan.revision,false,retrieval_complete_mining_abstained_semantic_failure,AGGREGATION_REASONING,aggregation_or_grouping_mismatch,"{""valid"": true, ""payload"": {""observation_ref"": 2, ""changed_constraints"": [""required_tables"", ""joins"", ""filters"", ""output_columns"", ""order_by"", ""unresolved_assumptions""], ""updated_fields"": {""required_tables"": [""satscores"", ""frpm""], ""joins"": [{""left_table"": ""satscores"", ""right_table"": ""frpm"", ""join_condition"": ""satscores.cds = frpm.CDSCode"", ""join_type"": ""INNER""}], ""filters"": [{""table"": ""frpm"", ""column"": ""County Name"", ""operator"": ""="", ""value"": ""Riverside""}, {""table"": ""satscores"", ""column"": ""AvgScrMath"", ""operator"": "">"", ""value"": 400}], ""output_columns"": [{""position"": 1, ""semantic_item"": ""school name"", ""source_columns"": [""frpm.School Name""], ""sql_expression"": ""frpm.`School Name`"", ""source_justification"": ""The FRPM table contains the human-readable school name and county information."", ""aggregation"": ""none""}, {""position"": 2, ""semantic_item"": ""funding type"", ""source_columns"": [""frpm.Charter Funding Type""], ""sql_expression"": ""frpm.`Charter Funding Type`"", ""source_justification"": ""The FRPM table provides funding type information for schools."", ""aggregation"": ""none""}], ""order_by"": [{""column"": ""frpm.`School Name`"", ""direction"": ""ASC""}], ""unresolved_assumptions"": [""Riverside refers to the County Name field in frpm."", ""Funding type should be taken from FRPM's Charter Funding Type because the schools table funding type was null for the observed matches.""]}, ""reason"": ""The initial join returned all-null values, indicating the selected school/funding columns were not the right source for this question. FRPM has both the county and school name fields, and its funding type field is the most plausible non-null source for the requested attribute."", ""candidate_purpose"": ""answer""}, ""errors"": []}"
20260714T210045Z-11af1da6,bird_25,california_schools,moderate,5,10,3,query_plan.revision,,[],,not_applicable,plan_valid,unknown,query_plan.revision,false,retrieval_complete_mining_abstained_semantic_failure,AGGREGATION_REASONING,aggregation_or_grouping_mismatch,"{""valid"": true, ""payload"": {""observation_ref"": 9, ""changed_constraints"": [""required_tables"", ""joins"", ""filters"", ""output_columns"", ""order_by"", ""unresolved_assumptions"", ""candidate_purpose""], ""updated_fields"": {""required_tables"": [""satscores"", ""frpm""], ""joins"": [{""left_table"": ""satscores"", ""right_table"": ""frpm"", ""join_condition"": ""satscores.cds = frpm.CDSCode"", ""join_type"": ""INNER""}], ""filters"": [{""table"": ""frpm"", ""column"": ""County Name"", ""operator"": ""="", ""value"": ""Riverside""}, {""table"": ""satscores"", ""column"": ""AvgScrMath"", ""operator"": "">"", ""value"": 400}], ""output_columns"": [{""position"": 1, ""semantic_item"": ""school name"", ""source_columns"": [""frpm.School Name""], ""sql_expression"": ""frpm.`School Name`"", ""source_justification"": ""FRPM provides the school name along with the county filter."", ""aggregation"": ""none""}, {""position"": 2, ""semantic_item"": ""funding type"", ""source_columns"": [""frpm.Charter Funding Type""], ""sql_expression"": ""frpm.`Charter Funding Type`"", ""source_justification"": ""FRPM provides the funding type field aligned to the school record."", ""aggregation"": ""none""}], ""order_by"": [{""column"": ""frpm.`School Name`"", ""direction"": ""ASC""}], ""unresolved_assumptions"": [""Riverside refers to the County Name field in frpm.""], ""candidate_purpose"": ""answer""}, ""reason"": ""The prior query returned all NULLs because the selected school/funding columns from the schools table were not populated for these rows. FRPM exposes the county and school name fields needed to identify the Riverside schools, and its charter funding type is the most reliable funding field to return."", ""candidate_purpose"": ""answer""}, ""errors"": []}"
20260714T210045Z-11af1da6,bird_25,california_schools,moderate,6,11,3,db.execute,"SELECT frpm.`School Name` AS school_name,
       frpm.`Charter Funding Type` AS funding_type
FROM satscores AS ss
INNER JOIN frpm
  ON ss.cds = frpm.CDSCode
WHERE frpm.`County Name` = 'Riverside'
  AND ss.AvgScrMath > 400
ORDER BY frpm.`School Name` ASC","[""frpm"", ""satscores""]",2,tables_or_join,nonmatching,false,remained_nonmatching,false,retrieval_complete_mining_abstained_semantic_failure,AGGREGATION_REASONING,aggregation_or_grouping_mismatch,
20260714T210045Z-11af1da6,bird_25,california_schools,moderate,7,12,3,query_plan.adherence,"SELECT frpm.`School Name` AS school_name,
       frpm.`Charter Funding Type` AS funding_type
FROM satscores AS ss
INNER JOIN frpm
  ON ss.cds = frpm.CDSCode
WHERE frpm.`County Name` = 'Riverside'
  AND ss.AvgScrMath > 400
ORDER BY frpm.`School Name` ASC",[],,not_applicable,adherence_passed,unknown,query_plan.adherence,false,retrieval_complete_mining_abstained_semantic_failure,AGGREGATION_REASONING,aggregation_or_grouping_mismatch,"{""schema_version"": 3, ""checks"": {""projection_count"": true, ""group_by_presence"": true, ""having_presence"": true, ""order_by_presence"": true, ""limit_presence"": true, ""required_tables_presence"": true}, ""passed"": true, ""expected_projection_count"": 2, ""actual_projection_count"": 2, ""enforced"": false}"
20260714T210045Z-11af1da6,bird_25,california_schools,moderate,8,13,4,FINAL,"SELECT sch.School AS school_name, sch.FundingType AS funding_type FROM schools AS sch INNER JOIN satscores AS ss ON sch.CDSCode = ss.cds WHERE sch.County = 'Riverside' GROUP BY sch.CDSCode, sch.School, sch.FundingType HAVING AVG(ss.AvgScrMath) > 400 ORDER BY sch.School ASC","[""satscores"", ""schools""]",2,"tables_or_join,group_by,having,aggregate",benchmark_nonmatching_final,false,unverified_rewrite_after_nonmatching_execution,false,retrieval_complete_mining_abstained_semantic_failure,AGGREGATION_REASONING,aggregation_or_grouping_mismatch,
20260714T210045Z-11af1da6,bird_28,california_schools,challenging,1,1,1,query_plan.initial,,[],,not_applicable,plan_valid,unknown,query_plan.initial,false,detailed_schema_column_miss_or_compact_index_only,SEMANTIC_REVIEW_REQUIRED,filter_scope_or_expression_mismatch,"{""valid"": true, ""payload"": {""target_entity"": ""school"", ""grain"": ""one row per school"", ""schema_links"": [{""from_table"": ""frpm"", ""from_column"": ""CDSCode"", ""to_table"": ""schools"", ""to_column"": ""CDSCode"", ""relationship"": ""one-to-one""}], ""required_tables"": [""frpm"", ""schools""], ""joins"": [{""left_table"": ""frpm"", ""left_column"": ""CDSCode"", ""right_table"": ""schools"", ""right_column"": ""CDSCode"", ""join_type"": ""INNER""}], ""filters"": [{""table"": ""schools"", ""column"": ""FundingType"", ""operator"": ""="", ""value"": ""Locally funded""}], ""group_by"": [], ""aggregates"": [{""aggregation"": ""AVG"", ""expression"": ""frpm.`Enrollment (K-12)` - frpm.`Enrollment (Ages 5-17)`"", ""scope"": ""global""}], ""aggregation_scope"": ""global"", ""aggregation_justification"": ""The phrase \""average difference\"" requires computing a single average threshold across all locally funded schools."", ""having"": [], ""order_by"": [], ""limit"": null, ""answer_type"": ""rows"", ""answer_scope"": ""per_entity_rows"", ""output_columns"": [{""position"": 1, ""semantic_item"": ""school name"", ""source_columns"": [""frpm.School Name""], ""sql_expression"": ""frpm.`School Name`"", ""source_justification"": ""The question asks for the names of schools, and frpm provides the school name field."", ""aggregation"": ""none""}, {""position"": 2, ""semantic_item"": ""DOC type"", ""source_columns"": [""schools.DOCType""], ""sql_expression"": ""schools.DOCType"", ""source_justification"": ""The question explicitly asks for the DOC type of each school."", ""aggregation"": ""none""}], ""candidate_purpose"": ""answer"", ""expected_result_shape"": {""answer_type"": ""rows"", ""column_count"": 2, ""row_grain"": ""schools with difference above the average among locally funded schools""}, ""unresolved_assumptions"": [{""assumption"": ""Use schools.FundingType rather than frpm.Charter Funding Type to identify locally funded schools.""}], ""revision"": null}, ""errors"": []}"
20260714T210045Z-11af1da6,bird_28,california_schools,challenging,2,2,1,db.execute,"SELECT frpm.`School Name`, schools.DOCType
FROM frpm
JOIN schools ON schools.CDSCode = frpm.CDSCode
WHERE schools.FundingType = 'Locally funded'
  AND (frpm.`Enrollment (K-12)` - frpm.`Enrollment (Ages 5-17)`) > (
    SELECT AVG(frpm2.`Enrollment (K-12)` - frpm2.`Enrollment (Ages 5-17)`)
    FROM frpm AS frpm2
    JOIN schools AS schools2 ON schools2.CDSCode = frpm2.CDSCode
    WHERE schools2.FundingType = 'Locally funded'
  )","[""frpm"", ""schools""]",2,initial_sql,nonmatching,false,initial_execution_nonmatching,true,detailed_schema_column_miss_or_compact_index_only,SEMANTIC_REVIEW_REQUIRED,filter_scope_or_expression_mismatch,
20260714T210045Z-11af1da6,bird_28,california_schools,challenging,3,3,1,query_plan.adherence,"SELECT frpm.`School Name`, schools.DOCType
FROM frpm
JOIN schools ON schools.CDSCode = frpm.CDSCode
WHERE schools.FundingType = 'Locally funded'
  AND (frpm.`Enrollment (K-12)` - frpm.`Enrollment (Ages 5-17)`) > (
    SELECT AVG(frpm2.`Enrollment (K-12)` - frpm2.`Enrollment (Ages 5-17)`)
    FROM frpm AS frpm2
    JOIN schools AS schools2 ON schools2.CDSCode = frpm2.CDSCode
    WHERE schools2.FundingType = 'Locally funded'
  )",[],,not_applicable,adherence_passed,unknown,query_plan.adherence,false,detailed_schema_column_miss_or_compact_index_only,SEMANTIC_REVIEW_REQUIRED,filter_scope_or_expression_mismatch,"{""schema_version"": 3, ""checks"": {""projection_count"": true, ""group_by_presence"": true, ""having_presence"": true, ""order_by_presence"": true, ""limit_presence"": true, ""required_tables_presence"": true}, ""passed"": true, ""expected_projection_count"": 2, ""actual_projection_count"": 2, ""enforced"": false}"
20260714T210045Z-11af1da6,bird_28,california_schools,challenging,4,4,1,FINAL,"SELECT frpm.`School Name`, schools.DOCType FROM frpm JOIN schools ON schools.CDSCode = frpm.CDSCode WHERE schools.FundingType = 'Locally funded' AND (frpm.`Enrollment (K-12)` - frpm.`Enrollment (Ages 5-17)`) > (SELECT AVG(frpm2.`Enrollment (K-12)` - frpm2.`Enrollment (Ages 5-17)`) FROM frpm AS frpm2 JOIN schools AS schools2 ON schools2.CDSCode = frpm2.CDSCode WHERE schools2.FundingType = 'Locally funded')","[""frpm"", ""schools""]",2,expression_or_projection,benchmark_nonmatching_final,false,unverified_rewrite_after_nonmatching_execution,false,detailed_schema_column_miss_or_compact_index_only,SEMANTIC_REVIEW_REQUIRED,filter_scope_or_expression_mismatch,
20260714T210045Z-11af1da6,bird_37,california_schools,moderate,1,1,1,query_plan.initial,,[],,not_applicable,plan_valid,unknown,query_plan.initial,false,detailed_schema_column_miss_or_compact_index_only,SEMANTIC_REVIEW_REQUIRED,filter_scope_or_expression_mismatch,"{""valid"": true, ""payload"": {""target_entity"": ""school"", ""grain"": ""one row per school with SAT score record"", ""schema_links"": [""satscores.cds = schools.CDSCode""], ""required_tables"": [""satscores"", ""schools""], ""joins"": [{""left_table"": ""satscores"", ""left_column"": ""cds"", ""right_table"": ""schools"", ""right_column"": ""CDSCode"", ""join_type"": ""INNER""}], ""filters"": [{""table"": ""satscores"", ""column"": ""NumTstTakr"", ""op"": "">"", ""value"": 0}], ""group_by"": [], ""aggregates"": [], ""aggregation_scope"": ""none"", ""aggregation_justification"": null, ""having"": [], ""order_by"": [{""expression"": ""(1.0 * satscores.NumGE1500) / satscores.NumTstTakr"", ""direction"": ""ASC""}], ""limit"": 1, ""answer_type"": ""rows"", ""answer_scope"": ""single_entity_row"", ""output_columns"": [{""position"": 1, ""semantic_item"": ""Street"", ""source_columns"": [""schools.Street""], ""sql_expression"": ""schools.Street"", ""source_justification"": ""The question asks for the complete address and Street is part of that address."", ""aggregation"": ""none""}, {""position"": 2, ""semantic_item"": ""City"", ""source_columns"": [""schools.City""], ""sql_expression"": ""schools.City"", ""source_justification"": ""The question asks for the complete address and City is part of that address."", ""aggregation"": ""none""}, {""position"": 3, ""semantic_item"": ""Zip"", ""source_columns"": [""schools.Zip""], ""sql_expression"": ""schools.Zip"", ""source_justification"": ""The question asks for the complete address and Zip is part of that address."", ""aggregation"": ""none""}, {""position"": 4, ""semantic_item"": ""State"", ""source_columns"": [""schools.State""], ""sql_expression"": ""schools.State"", ""source_justification"": ""The question asks for the complete address and State is part of that address."", ""aggregation"": ""none""}], ""candidate_purpose"": ""answer"", ""expected_result_shape"": {""answer_type"": ""rows"", ""column_count"": 4, ""row_grain"": ""one row for the single school with the lowest excellence rate""}, ""unresolved_assumptions"": [""NumGE1500 / NumTstTakr defines excellence rate as instructed."", ""Schools with NumTstTakr = 0 are excluded to avoid division by zero.""], ""revision"": null}, ""errors"": []}"
20260714T210045Z-11af1da6,bird_37,california_schools,moderate,2,2,1,db.execute,"SELECT
  schools.Street,
  schools.City,
  schools.Zip,
  schools.State
FROM satscores
INNER JOIN schools
  ON satscores.cds = schools.CDSCode
WHERE satscores.NumTstTakr > 0
ORDER BY (1.0 * satscores.NumGE1500) / satscores.NumTstTakr ASC
LIMIT 1","[""satscores"", ""schools""]",4,initial_sql,nonmatching,false,initial_execution_nonmatching,true,detailed_schema_column_miss_or_compact_index_only,SEMANTIC_REVIEW_REQUIRED,filter_scope_or_expression_mismatch,
20260714T210045Z-11af1da6,bird_37,california_schools,moderate,3,3,1,query_plan.adherence,"SELECT
  schools.Street,
  schools.City,
  schools.Zip,
  schools.State
FROM satscores
INNER JOIN schools
  ON satscores.cds = schools.CDSCode
WHERE satscores.NumTstTakr > 0
ORDER BY (1.0 * satscores.NumGE1500) / satscores.NumTstTakr ASC
LIMIT 1",[],,not_applicable,adherence_passed,unknown,query_plan.adherence,false,detailed_schema_column_miss_or_compact_index_only,SEMANTIC_REVIEW_REQUIRED,filter_scope_or_expression_mismatch,"{""schema_version"": 3, ""checks"": {""projection_count"": true, ""group_by_presence"": true, ""having_presence"": true, ""order_by_presence"": true, ""limit_presence"": true, ""required_tables_presence"": true}, ""passed"": true, ""expected_projection_count"": 4, ""actual_projection_count"": 4, ""enforced"": false}"
20260714T210045Z-11af1da6,bird_37,california_schools,moderate,4,4,1,db.execute,"SELECT
  T2.Street,
  T2.City,
  T2.Zip,
  T2.State
FROM satscores AS T1
INNER JOIN schools AS T2
  ON T1.cds = T2.CDSCode
WHERE T1.NumTstTakr > 0
  AND T1.NumGE1500 IS NOT NULL
ORDER BY (1.0 * T1.NumGE1500) / T1.NumTstTakr ASC
LIMIT 1","[""satscores"", ""schools""]",4,expression_or_projection,nonmatching,false,remained_nonmatching,false,detailed_schema_column_miss_or_compact_index_only,SEMANTIC_REVIEW_REQUIRED,filter_scope_or_expression_mismatch,
20260714T210045Z-11af1da6,bird_37,california_schools,moderate,5,5,1,query_plan.adherence,"SELECT
  T2.Street,
  T2.City,
  T2.Zip,
  T2.State
FROM satscores AS T1
INNER JOIN schools AS T2
  ON T1.cds = T2.CDSCode
WHERE T1.NumTstTakr > 0
  AND T1.NumGE1500 IS NOT NULL
ORDER BY (1.0 * T1.NumGE1500) / T1.NumTstTakr ASC
LIMIT 1",[],,not_applicable,adherence_passed,unknown,query_plan.adherence,false,detailed_schema_column_miss_or_compact_index_only,SEMANTIC_REVIEW_REQUIRED,filter_scope_or_expression_mismatch,"{""schema_version"": 3, ""checks"": {""projection_count"": true, ""group_by_presence"": true, ""having_presence"": true, ""order_by_presence"": true, ""limit_presence"": true, ""required_tables_presence"": true}, ""passed"": true, ""expected_projection_count"": 4, ""actual_projection_count"": 4, ""enforced"": false}"
20260714T210045Z-11af1da6,bird_37,california_schools,moderate,6,6,1,FINAL,"SELECT T2.Street, T2.City, T2.Zip, T2.State FROM satscores AS T1 INNER JOIN schools AS T2 ON T1.cds = T2.CDSCode WHERE T1.NumTstTakr > 0 AND T1.NumGE1500 IS NOT NULL ORDER BY (1.0 * T1.NumGE1500) / T1.NumTstTakr ASC LIMIT 1","[""satscores"", ""schools""]",4,unchanged,benchmark_nonmatching_final,false,final_same_as_last_execution,false,detailed_schema_column_miss_or_compact_index_only,SEMANTIC_REVIEW_REQUIRED,filter_scope_or_expression_mismatch,
20260714T210045Z-11af1da6,bird_46,california_schools,simple,1,1,1,query_plan.initial,,[],,not_applicable,plan_valid,unknown,query_plan.initial,false,detailed_schema_column_miss_or_compact_index_only,OUTPUT_CONTRACT,output_column_count_mismatch,"{""valid"": true, ""payload"": {""target_entity"": ""state special schools"", ""grain"": ""one row per school"", ""schema_links"": [""schools.CDSCode = frpm.CDSCode""], ""required_tables"": [""schools"", ""frpm""], ""joins"": [{""left_table"": ""schools"", ""left_column"": ""CDSCode"", ""right_table"": ""frpm"", ""right_column"": ""CDSCode"", ""join_type"": ""INNER""}], ""filters"": [{""table"": ""schools"", ""column"": ""DOC"", ""operator"": ""="", ""value"": ""31"", ""reason"": ""State Special Schools refers to DOC = 31""}], ""group_by"": [], ""aggregates"": [], ""aggregation_scope"": ""none"", ""aggregation_justification"": null, ""having"": [], ""order_by"": [{""expression"": ""frpm.`Enrollment (K-12)`"", ""direction"": ""DESC""}], ""limit"": 1, ""answer_type"": ""rows"", ""answer_scope"": ""per_entity_rows"", ""output_columns"": [{""position"": 1, ""semantic_item"": ""school name"", ""source_columns"": [""schools.School""], ""sql_expression"": ""schools.School"", ""source_justification"": ""Identify the state special school"", ""aggregation"": ""none""}, {""position"": 2, ""semantic_item"": ""K-12 enrollment"", ""source_columns"": [""frpm.Enrollment (K-12)""], ""sql_expression"": ""frpm.`Enrollment (K-12)`"", ""source_justification"": ""The question asks for the number of enrollees from grades 1 through 12, which the hint defines as K-12"", ""aggregation"": ""none""}], ""candidate_purpose"": ""answer"", ""expected_result_shape"": {""answer_type"": ""rows"", ""column_count"": 2, ""row_grain"": ""top-ranked state special school(s) by K-12 enrollment""}, ""unresolved_assumptions"": [""Assume DOC stored as text value '31'."", ""Assume the relevant enrollment metric is frpm.`Enrollment (K-12)`."", ""Assume a single top row is acceptable per the examples, even if ties exist.""], ""revision"": null}, ""errors"": []}"
20260714T210045Z-11af1da6,bird_46,california_schools,simple,2,2,1,db.execute,"SELECT s.School, f.`Enrollment (K-12)`
FROM schools AS s
INNER JOIN frpm AS f
  ON s.CDSCode = f.CDSCode
WHERE s.DOC = '31'
ORDER BY f.`Enrollment (K-12)` DESC
LIMIT 1;","[""frpm"", ""schools""]",2,initial_sql,nonmatching,false,initial_execution_nonmatching,true,detailed_schema_column_miss_or_compact_index_only,OUTPUT_CONTRACT,output_column_count_mismatch,
20260714T210045Z-11af1da6,bird_46,california_schools,simple,3,3,1,query_plan.adherence,"SELECT s.School, f.`Enrollment (K-12)`
FROM schools AS s
INNER JOIN frpm AS f
  ON s.CDSCode = f.CDSCode
WHERE s.DOC = '31'
ORDER BY f.`Enrollment (K-12)` DESC
LIMIT 1;",[],,not_applicable,adherence_passed,unknown,query_plan.adherence,false,detailed_schema_column_miss_or_compact_index_only,OUTPUT_CONTRACT,output_column_count_mismatch,"{""schema_version"": 3, ""checks"": {""projection_count"": true, ""group_by_presence"": true, ""having_presence"": true, ""order_by_presence"": true, ""limit_presence"": true, ""required_tables_presence"": true}, ""passed"": true, ""expected_projection_count"": 2, ""actual_projection_count"": 2, ""enforced"": false}"
20260714T210045Z-11af1da6,bird_46,california_schools,simple,4,4,1,FINAL,"SELECT s.School, f.`Enrollment (K-12)` FROM schools AS s INNER JOIN frpm AS f ON s.CDSCode = f.CDSCode WHERE s.DOC = '31' ORDER BY f.`Enrollment (K-12)` DESC LIMIT 1;","[""frpm"", ""schools""]",2,unchanged,benchmark_nonmatching_final,false,final_same_as_last_execution,false,detailed_schema_column_miss_or_compact_index_only,OUTPUT_CONTRACT,output_column_count_mismatch,
20260714T210045Z-11af1da6,bird_50,california_schools,simple,1,1,1,query_plan.initial,,[],,not_applicable,plan_valid,unknown,query_plan.initial,false,detailed_schema_column_miss_or_compact_index_only,SEMANTIC_REVIEW_REQUIRED,filter_scope_or_expression_mismatch,"{""valid"": true, ""payload"": {""target_entity"": ""school with the 7th highest AvgScrMath"", ""grain"": ""one row for the selected school"", ""schema_links"": [""satscores.cds = schools.CDSCode"", ""satscores.sname provides school name"", ""schools.MailStreet provides postal/mailing street address""], ""required_tables"": [""satscores"", ""schools""], ""joins"": [{""left_table"": ""satscores"", ""right_table"": ""schools"", ""condition"": ""satscores.cds = schools.CDSCode"", ""type"": ""INNER JOIN""}], ""filters"": [], ""group_by"": [], ""aggregates"": [], ""aggregation_scope"": ""none"", ""aggregation_justification"": null, ""having"": [], ""order_by"": [{""expression"": ""satscores.AvgScrMath DESC""}, {""expression"": ""satscores.cds ASC""}], ""limit"": 1, ""answer_type"": ""rows"", ""answer_scope"": ""single_entity_row"", ""output_columns"": [{""position"": 1, ""semantic_item"": ""school name"", ""source_columns"": [""satscores.sname""], ""sql_expression"": ""satscores.sname"", ""source_justification"": ""The question asks to indicate the school's name, and satscores.sname stores school name."", ""aggregation"": ""none""}, {""position"": 2, ""semantic_item"": ""postal street address"", ""source_columns"": [""schools.MailStreet""], ""sql_expression"": ""schools.MailStreet"", ""source_justification"": ""Postal street and mailing street are synonyms, and schools.MailStreet stores the mailing street address."", ""aggregation"": ""none""}], ""candidate_purpose"": ""answer"", ""expected_result_shape"": {""answer_type"": ""rows"", ""column_count"": 2, ""row_grain"": ""one selected school""}, ""unresolved_assumptions"": [""The 7th highest Math average is interpreted as the 7th row after ordering by AvgScrMath descending with a deterministic CDS tiebreaker.""], ""revision"": null}, ""errors"": []}"
20260714T210045Z-11af1da6,bird_50,california_schools,simple,2,4,1,db.execute,"SELECT s.sname, sc.MailStreet
FROM satscores AS s
INNER JOIN schools AS sc
  ON s.cds = sc.CDSCode
WHERE s.AvgScrMath IS NOT NULL
ORDER BY s.AvgScrMath DESC, s.cds ASC
LIMIT 1 OFFSET 6","[""satscores"", ""schools""]",2,initial_sql,matches_gold,true,initial_execution_correct,false,detailed_schema_column_miss_or_compact_index_only,SEMANTIC_REVIEW_REQUIRED,filter_scope_or_expression_mismatch,
20260714T210045Z-11af1da6,bird_50,california_schools,simple,3,5,1,query_plan.adherence,"SELECT s.sname, sc.MailStreet
FROM satscores AS s
INNER JOIN schools AS sc
  ON s.cds = sc.CDSCode
WHERE s.AvgScrMath IS NOT NULL
ORDER BY s.AvgScrMath DESC, s.cds ASC
LIMIT 1 OFFSET 6",[],,not_applicable,adherence_passed,unknown,query_plan.adherence,false,detailed_schema_column_miss_or_compact_index_only,SEMANTIC_REVIEW_REQUIRED,filter_scope_or_expression_mismatch,"{""schema_version"": 3, ""checks"": {""projection_count"": true, ""group_by_presence"": true, ""having_presence"": true, ""order_by_presence"": true, ""limit_presence"": true, ""required_tables_presence"": true}, ""passed"": true, ""expected_projection_count"": 2, ""actual_projection_count"": 2, ""enforced"": false}"
20260714T210045Z-11af1da6,bird_50,california_schools,simple,4,6,2,query_plan.revision,,[],,not_applicable,plan_valid,unknown,query_plan.revision,false,detailed_schema_column_miss_or_compact_index_only,SEMANTIC_REVIEW_REQUIRED,filter_scope_or_expression_mismatch,"{""valid"": true, ""payload"": {""observation_ref"": 4, ""changed_constraints"": [""output_columns""], ""updated_fields"": {""output_columns"": [{""position"": 1, ""semantic_item"": ""school name"", ""source_columns"": [""schools.School""], ""sql_expression"": ""schools.School"", ""source_justification"": ""The question asks to indicate the school's name, and schools.School is the school name field confirmed by the sample values."", ""aggregation"": ""none""}, {""position"": 2, ""semantic_item"": ""postal street address"", ""source_columns"": [""schools.MailStreet""], ""sql_expression"": ""schools.MailStreet"", ""source_justification"": ""Postal street and mailing street are synonyms, and schools.MailStreet stores the mailing street address."", ""aggregation"": ""none""}]}, ""reason"": ""The executed query returned a null school name when using satscores.sname, so the output should use the schools table's School column for the school's name."", ""candidate_purpose"": ""answer""}, ""errors"": []}"
20260714T210045Z-11af1da6,bird_50,california_schools,simple,5,7,2,db.execute,"SELECT sc.School AS SchoolName, sc.MailStreet AS PostalStreetAddress
FROM satscores AS s
INNER JOIN schools AS sc
  ON s.cds = sc.CDSCode
WHERE s.AvgScrMath IS NOT NULL
ORDER BY s.AvgScrMath DESC, s.cds ASC
LIMIT 1 OFFSET 6","[""satscores"", ""schools""]",2,expression_or_projection,matches_gold,true,remained_correct,false,detailed_schema_column_miss_or_compact_index_only,SEMANTIC_REVIEW_REQUIRED,filter_scope_or_expression_mismatch,
20260714T210045Z-11af1da6,bird_50,california_schools,simple,6,8,2,query_plan.adherence,"SELECT sc.School AS SchoolName, sc.MailStreet AS PostalStreetAddress
FROM satscores AS s
INNER JOIN schools AS sc
  ON s.cds = sc.CDSCode
WHERE s.AvgScrMath IS NOT NULL
ORDER BY s.AvgScrMath DESC, s.cds ASC
LIMIT 1 OFFSET 6",[],,not_applicable,adherence_passed,unknown,query_plan.adherence,false,detailed_schema_column_miss_or_compact_index_only,SEMANTIC_REVIEW_REQUIRED,filter_scope_or_expression_mismatch,"{""schema_version"": 3, ""checks"": {""projection_count"": true, ""group_by_presence"": true, ""having_presence"": true, ""order_by_presence"": true, ""limit_presence"": true, ""required_tables_presence"": true}, ""passed"": true, ""expected_projection_count"": 2, ""actual_projection_count"": 2, ""enforced"": false}"
20260714T210045Z-11af1da6,bird_50,california_schools,simple,7,9,3,query_plan.revision,,[],,not_applicable,plan_valid,unknown,query_plan.revision,false,detailed_schema_column_miss_or_compact_index_only,SEMANTIC_REVIEW_REQUIRED,filter_scope_or_expression_mismatch,"{""valid"": true, ""payload"": {""observation_ref"": 7, ""changed_constraints"": [""required_tables"", ""joins"", ""output_columns""], ""updated_fields"": {""required_tables"": [""satscores"", ""schools"", ""frpm""], ""joins"": [{""left_table"": ""satscores"", ""right_table"": ""schools"", ""condition"": ""satscores.cds = schools.CDSCode"", ""type"": ""INNER JOIN""}, {""left_table"": ""schools"", ""right_table"": ""frpm"", ""condition"": ""schools.CDSCode = frpm.CDSCode"", ""type"": ""LEFT JOIN""}], ""output_columns"": [{""position"": 1, ""semantic_item"": ""school name"", ""source_columns"": [""frpm.School Name"", ""schools.School""], ""sql_expression"": ""COALESCE(frpm.'School Name', schools.School)"", ""source_justification"": ""The school name should be taken from the non-null school name field for the matched school; the prior result showed schools.School was null for the selected row, so frpm.School Name is a fallback."", ""aggregation"": ""none""}, {""position"": 2, ""semantic_item"": ""postal street address"", ""source_columns"": [""schools.MailStreet""], ""sql_expression"": ""schools.MailStreet"", ""source_justification"": ""Postal street and mailing street are synonyms, and schools.MailStreet stores the mailing street address."", ""aggregation"": ""none""}]}, ""reason"": ""The selected school row had a null value in schools.School, so we need to verify whether frpm provides a non-null school name for the same CDSCode."", ""candidate_purpose"": ""explore""}, ""errors"": []}"
20260714T210045Z-11af1da6,bird_50,california_schools,simple,8,10,3,db.execute,"SELECT s.cds, s.sname, sc.School, f.""School Name"", sc.MailStreet
FROM satscores AS s
INNER JOIN schools AS sc
  ON s.cds = sc.CDSCode
LEFT JOIN frpm AS f
  ON sc.CDSCode = f.CDSCode
WHERE s.AvgScrMath IS NOT NULL
ORDER BY s.AvgScrMath DESC, s.cds ASC
LIMIT 1 OFFSET 6","[""frpm"", ""satscores"", ""schools""]",5,"tables_or_join,projection_count",nonmatching,false,regressed_after_correct_execution,true,detailed_schema_column_miss_or_compact_index_only,SEMANTIC_REVIEW_REQUIRED,filter_scope_or_expression_mismatch,
20260714T210045Z-11af1da6,bird_50,california_schools,simple,9,11,3,query_plan.adherence,"SELECT s.cds, s.sname, sc.School, f.""School Name"", sc.MailStreet
FROM satscores AS s
INNER JOIN schools AS sc
  ON s.cds = sc.CDSCode
LEFT JOIN frpm AS f
  ON sc.CDSCode = f.CDSCode
WHERE s.AvgScrMath IS NOT NULL
ORDER BY s.AvgScrMath DESC, s.cds ASC
LIMIT 1 OFFSET 6",[],,not_applicable,adherence_failed,unknown,query_plan.adherence,false,detailed_schema_column_miss_or_compact_index_only,SEMANTIC_REVIEW_REQUIRED,filter_scope_or_expression_mismatch,"{""schema_version"": 3, ""checks"": {""projection_count"": false, ""group_by_presence"": true, ""having_presence"": true, ""order_by_presence"": true, ""limit_presence"": true, ""required_tables_presence"": true}, ""passed"": false, ""expected_projection_count"": 2, ""actual_projection_count"": 5, ""enforced"": false}"
20260714T210045Z-11af1da6,bird_50,california_schools,simple,10,12,2,FINAL,"SELECT sc.School AS SchoolName, sc.MailStreet AS PostalStreetAddress FROM satscores AS s INNER JOIN schools AS sc ON s.cds = sc.CDSCode WHERE s.AvgScrMath IS NOT NULL ORDER BY s.AvgScrMath DESC, s.cds ASC LIMIT 1 OFFSET 6","[""satscores"", ""schools""]",2,"tables_or_join,projection_count",benchmark_nonmatching_final,false,unverified_rewrite_after_nonmatching_execution,false,detailed_schema_column_miss_or_compact_index_only,SEMANTIC_REVIEW_REQUIRED,filter_scope_or_expression_mismatch,
20260714T210045Z-11af1da6,bird_72,california_schools,moderate,1,1,1,query_plan.initial,,[],,not_applicable,plan_valid,unknown,query_plan.initial,false,detailed_schema_column_miss_or_compact_index_only,AGGREGATION_REASONING,aggregation_or_grouping_mismatch,"{""valid"": true, ""payload"": {""target_entity"": ""student enrollment total for the State Special School in Fremont for academic year 2014-2015"", ""grain"": ""school-year row matching Fremont and EdOpsCode='SSS'"", ""schema_links"": [""frpm.CDSCode = schools.CDSCode""], ""required_tables"": [""schools"", ""frpm""], ""joins"": [{""left_table"": ""schools"", ""right_table"": ""frpm"", ""join_type"": ""INNER JOIN"", ""condition"": ""schools.CDSCode = frpm.CDSCode""}], ""filters"": [{""table"": ""schools"", ""column"": ""City"", ""operator"": ""="", ""value"": ""Fremont""}, {""table"": ""schools"", ""column"": ""EdOpsCode"", ""operator"": ""="", ""value"": ""SSS"", ""justification"": ""Hint defines State Special School as EdOpsCode = 'SSS'""}, {""table"": ""frpm"", ""column"": ""Academic Year"", ""operator"": ""="", ""value"": ""2014-2015""}], ""group_by"": [], ""aggregates"": [], ""aggregation_scope"": ""none"", ""aggregation_justification"": null, ""having"": [], ""order_by"": [], ""limit"": null, ""answer_type"": ""scalar"", ""answer_scope"": ""global_scalar"", ""output_columns"": [{""position"": 1, ""semantic_item"": ""enrollment ages 5-17"", ""source_columns"": [""frpm.Enrollment (Ages 5-17)""], ""sql_expression"": ""frpm.[Enrollment (Ages 5-17)]"", ""source_justification"": ""The question asks for the number of enrolled students ages 5 to 17."", ""aggregation"": ""none""}], ""candidate_purpose"": ""explore"", ""expected_result_shape"": {""answer_type"": ""scalar"", ""column_count"": 1, ""row_grain"": ""single matching school-year row""}, ""unresolved_assumptions"": [""The school is identified by city Fremont in schools.City."", ""The requested value is the FRPM enrollment field rather than a count of rows.""], ""revision"": null}, ""errors"": []}"
20260714T210045Z-11af1da6,bird_72,california_schools,moderate,2,2,1,db.execute,"SELECT s.CDSCode, s.School, s.District, s.City, s.EdOpsCode,
       f.[Academic Year], f.[Enrollment (Ages 5-17)] AS enrollment_5_17
FROM schools AS s
INNER JOIN frpm AS f
  ON f.CDSCode = s.CDSCode
WHERE s.City = 'Fremont'
  AND s.EdOpsCode = 'SSS'
ORDER BY f.[Academic Year], s.School
LIMIT 20","[""frpm"", ""schools""]",7,initial_sql,nonmatching,false,initial_execution_nonmatching,true,detailed_schema_column_miss_or_compact_index_only,AGGREGATION_REASONING,aggregation_or_grouping_mismatch,
20260714T210045Z-11af1da6,bird_72,california_schools,moderate,3,3,1,query_plan.adherence,"SELECT s.CDSCode, s.School, s.District, s.City, s.EdOpsCode,
       f.[Academic Year], f.[Enrollment (Ages 5-17)] AS enrollment_5_17
FROM schools AS s
INNER JOIN frpm AS f
  ON f.CDSCode = s.CDSCode
WHERE s.City = 'Fremont'
  AND s.EdOpsCode = 'SSS'
ORDER BY f.[Academic Year], s.School
LIMIT 20",[],,not_applicable,adherence_failed,unknown,query_plan.adherence,false,detailed_schema_column_miss_or_compact_index_only,AGGREGATION_REASONING,aggregation_or_grouping_mismatch,"{""schema_version"": 3, ""checks"": {""projection_count"": false, ""group_by_presence"": true, ""having_presence"": true, ""order_by_presence"": false, ""limit_presence"": false, ""required_tables_presence"": true}, ""passed"": false, ""expected_projection_count"": 1, ""actual_projection_count"": 7, ""enforced"": false}"
20260714T210045Z-11af1da6,bird_72,california_schools,moderate,4,4,1,db.execute,"SELECT s.CDSCode, s.School, s.District, s.City, s.EdOpsCode,
       f.[Academic Year], f.[Enrollment (Ages 5-17)] AS enrollment_5_17
FROM schools AS s
INNER JOIN frpm AS f
  ON f.CDSCode = s.CDSCode
WHERE s.City = 'Fremont'
  AND s.EdOpsCode = 'SSS'
ORDER BY f.[Academic Year], s.School
LIMIT 20","[""frpm"", ""schools""]",7,unchanged,nonmatching,false,remained_nonmatching,false,detailed_schema_column_miss_or_compact_index_only,AGGREGATION_REASONING,aggregation_or_grouping_mismatch,
20260714T210045Z-11af1da6,bird_72,california_schools,moderate,5,5,1,query_plan.adherence,"SELECT s.CDSCode, s.School, s.District, s.City, s.EdOpsCode,
       f.[Academic Year], f.[Enrollment (Ages 5-17)] AS enrollment_5_17
FROM schools AS s
INNER JOIN frpm AS f
  ON f.CDSCode = s.CDSCode
WHERE s.City = 'Fremont'
  AND s.EdOpsCode = 'SSS'
ORDER BY f.[Academic Year], s.School
LIMIT 20",[],,not_applicable,adherence_failed,unknown,query_plan.adherence,false,detailed_schema_column_miss_or_compact_index_only,AGGREGATION_REASONING,aggregation_or_grouping_mismatch,"{""schema_version"": 3, ""checks"": {""projection_count"": false, ""group_by_presence"": true, ""having_presence"": true, ""order_by_presence"": false, ""limit_presence"": false, ""required_tables_presence"": true}, ""passed"": false, ""expected_projection_count"": 1, ""actual_projection_count"": 7, ""enforced"": false}"
20260714T210045Z-11af1da6,bird_72,california_schools,moderate,6,6,2,FINAL,SELECT SUM(f.[Enrollment (Ages 5-17)]) FROM schools AS s INNER JOIN frpm AS f ON f.CDSCode = s.CDSCode WHERE s.City = 'Fremont' AND s.EdOpsCode = 'SSS' AND f.[Academic Year] = '2014-2015',"[""frpm"", ""schools""]",1,"projection_count,order_by,limit,aggregate",benchmark_nonmatching_final,false,unverified_rewrite_after_nonmatching_execution,false,detailed_schema_column_miss_or_compact_index_only,AGGREGATION_REASONING,aggregation_or_grouping_mismatch,
20260714T210045Z-11af1da6,bird_85,california_schools,moderate,1,1,1,query_plan.initial,,[],,not_applicable,plan_valid,unknown,query_plan.initial,false,retrieval_complete_mining_abstained_semantic_failure,RUNNER_OR_API,missing_final_sql,"{""valid"": true, ""payload"": {""target_entity"": ""school"", ""grain"": ""one row per school administered by an administrator with first name Alusine"", ""schema_links"": [{""left_table"": ""schools"", ""left_column"": ""CDSCode"", ""right_table"": ""frpm"", ""right_column"": ""CDSCode"", ""reason"": ""Join school administrator records to meal/enrollment metrics for the same school.""}], ""required_tables"": [""schools"", ""frpm""], ""joins"": [{""left_table"": ""schools"", ""right_table"": ""frpm"", ""join_type"": ""INNER JOIN"", ""on"": [""schools.CDSCode = frpm.CDSCode""]}], ""filters"": [{""table"": ""schools"", ""column"": ""AdmFName1"", ""operator"": ""="", ""value"": ""Alusine""}], ""group_by"": [], ""aggregates"": [], ""aggregation_scope"": ""none"", ""aggregation_justification"": null, ""having"": [], ""order_by"": [{""expression"": ""frpm.\""District Code\"""", ""direction"": ""ASC""}], ""limit"": null, ""answer_type"": ""rows"", ""answer_scope"": ""per_entity_rows"", ""output_columns"": [{""position"": 1, ""semantic_item"": ""district code of the school"", ""source_columns"": [""frpm.District Code""], ""sql_expression"": ""frpm.\""District Code\"""", ""source_justification"": ""The district code is stored in the frpm table for each school record."", ""aggregation"": ""none""}, {""position"": 2, ""semantic_item"": ""Percent (%) Eligible Free (K-12)"", ""source_columns"": [""frpm.Free Meal Count (K-12)"", ""frpm.Enrollment (K-12)""], ""sql_expression"": ""(frpm.\""Free Meal Count (K-12)\"" / frpm.\""Enrollment (K-12)\"") * 100"", ""source_justification"": ""Use the hint definition exactly: Free Meal Count (K-12) divided by Enrollment (K-12), multiplied by 100."", ""aggregation"": ""none""}], ""candidate_purpose"": ""answer"", ""expected_result_shape"": {""answer_type"": ""rows"", ""column_count"": 2, ""row_grain"": ""one row per matching school""}, ""unresolved_assumptions"": [""Whether multiple schools match the administrator first name Alusine; return all matching schools if so."", ""Use the stored district code from frpm rather than deriving it from CDSCode.""], ""revision"": null}, ""errors"": []}"
20260714T210045Z-11af1da6,bird_85,california_schools,moderate,2,2,2,query_plan.revision,,[],,not_applicable,plan_invalid,unknown,query_plan.revision,false,retrieval_complete_mining_abstained_semantic_failure,RUNNER_OR_API,missing_final_sql,"{""valid"": false, ""payload"": null, ""errors"": [""no structured observation is available for a revision""]}"
20260714T210045Z-11af1da6,bird_85,california_schools,moderate,3,3,3,query_plan.revision,,[],,not_applicable,plan_invalid,unknown,query_plan.revision,false,retrieval_complete_mining_abstained_semantic_failure,RUNNER_OR_API,missing_final_sql,"{""valid"": false, ""payload"": null, ""errors"": [""no structured observation is available for a revision""]}"
20260714T210045Z-11af1da6,bird_85,california_schools,moderate,4,4,4,query_plan.revision,,[],,not_applicable,plan_invalid,unknown,query_plan.revision,false,retrieval_complete_mining_abstained_semantic_failure,RUNNER_OR_API,missing_final_sql,"{""valid"": false, ""payload"": null, ""errors"": [""no structured observation is available for a revision""]}"
20260714T210045Z-11af1da6,bird_85,california_schools,moderate,5,5,5,query_plan.revision,,[],,not_applicable,plan_invalid,unknown,query_plan.revision,false,retrieval_complete_mining_abstained_semantic_failure,RUNNER_OR_API,missing_final_sql,"{""valid"": false, ""payload"": null, ""errors"": [""no structured observation is available for a revision""]}"
20260714T210045Z-11af1da6,bird_85,california_schools,moderate,6,6,6,query_plan.revision,,[],,not_applicable,plan_invalid,unknown,query_plan.revision,false,retrieval_complete_mining_abstained_semantic_failure,RUNNER_OR_API,missing_final_sql,"{""valid"": false, ""payload"": null, ""errors"": [""no structured observation is available for a revision""]}"
20260714T210045Z-11af1da6,bird_85,california_schools,moderate,7,7,7,query_plan.revision,,[],,not_applicable,plan_invalid,unknown,query_plan.revision,false,retrieval_complete_mining_abstained_semantic_failure,RUNNER_OR_API,missing_final_sql,"{""valid"": false, ""payload"": null, ""errors"": [""no structured observation is available for a revision""]}"
20260714T210045Z-11af1da6,bird_85,california_schools,moderate,8,8,8,query_plan.revision,,[],,not_applicable,plan_invalid,unknown,query_plan.revision,false,retrieval_complete_mining_abstained_semantic_failure,RUNNER_OR_API,missing_final_sql,"{""valid"": false, ""payload"": null, ""errors"": [""no structured observation is available for a revision""]}"
20260714T210045Z-11af1da6,bird_85,california_schools,moderate,9,9,8,FINAL,,[],,initial_sql,benchmark_nonmatching_final,false,final_without_execution,false,retrieval_complete_mining_abstained_semantic_failure,RUNNER_OR_API,missing_final_sql,
20260714T210045Z-11af1da6,bird_87,california_schools,challenging,1,1,1,query_plan.initial,,[],,not_applicable,plan_valid,unknown,query_plan.initial,false,detailed_schema_column_miss_or_compact_index_only,OUTPUT_CONTRACT,output_column_count_mismatch,"{""valid"": true, ""payload"": {""target_entity"": ""administrator email address(es) for school(s)"", ""grain"": ""one row per valid administrator email address"", ""schema_links"": [{""from_table"": ""schools"", ""from_column"": ""County"", ""to_table"": null, ""to_column"": null, ""reason"": ""county filter""}, {""from_table"": ""schools"", ""from_column"": ""District"", ""to_table"": null, ""to_column"": null, ""reason"": ""district filter""}, {""from_table"": ""schools"", ""from_column"": ""OpenDate"", ""to_table"": null, ""to_column"": null, ""reason"": ""open date filter""}, {""from_table"": ""schools"", ""from_column"": ""SOC"", ""to_table"": null, ""to_column"": null, ""reason"": ""Intermediate/Middle Schools definition""}, {""from_table"": ""schools"", ""from_column"": ""DOC"", ""to_table"": null, ""to_column"": null, ""reason"": ""Unified School definition""}, {""from_table"": ""schools"", ""from_column"": ""AdmEmail1"", ""to_table"": null, ""to_column"": null, ""reason"": ""administrator email output""}], ""required_tables"": [""schools""], ""joins"": [], ""filters"": [{""table"": ""schools"", ""column"": ""County"", ""operator"": ""="", ""value"": ""San Bernardino""}, {""table"": ""schools"", ""column"": ""District"", ""operator"": ""="", ""value"": ""City of San Bernardino City Unified""}, {""table"": ""schools"", ""column"": ""SOC"", ""operator"": ""="", ""value"": ""62""}, {""table"": ""schools"", ""column"": ""DOC"", ""operator"": ""="", ""value"": ""54""}, {""table"": ""schools"", ""column"": ""OpenDate"", ""operator"": "">="", ""value"": ""2009-01-01""}, {""table"": ""schools"", ""column"": ""OpenDate"", ""operator"": ""<="", ""value"": ""2010-12-31""}, {""table"": ""schools"", ""column"": ""AdmEmail1"", ""operator"": ""IS NOT"", ""value"": null}, {""table"": ""schools"", ""column"": ""AdmEmail1"", ""operator"": ""!="", ""value"": """"}], ""group_by"": [], ""aggregates"": [], ""aggregation_scope"": ""none"", ""aggregation_justification"": null, ""having"": [], ""order_by"": [{""table"": ""schools"", ""column"": ""AdmEmail1"", ""direction"": ""ASC""}], ""limit"": null, ""answer_type"": ""rows"", ""answer_scope"": ""per_entity_rows"", ""output_columns"": [{""position"": 1, ""semantic_item"": ""administrator email address"", ""source_columns"": [""schools.AdmEmail1""], ""sql_expression"": ""DISTINCT schools.AdmEmail1"", ""source_justification"": ""The schools table stores administrator email fields; AdmEmail1 is the primary administrator email column."", ""aggregation"": ""none""}], ""candidate_purpose"": ""answer"", ""expected_result_shape"": {""answer_type"": ""rows"", ""column_count"": 1, ""row_grain"": ""one row per distinct valid administrator email address""}, ""unresolved_assumptions"": [""Assumes 'valid e-mail addresses of the administrator' refers to non-null, non-empty AdmEmail1 values."", ""Assumes the district text to match is exactly 'City of San Bernardino City Unified'.""], ""revision"": null}, ""errors"": []}"
20260714T210045Z-11af1da6,bird_87,california_schools,challenging,2,8,1,db.execute,"SELECT CDSCode, School, District, County, OpenDate, SOC, DOC, AdmEmail1
FROM schools
WHERE County LIKE '%San Bernardino%'
  AND District = 'City of San Bernardino City Unified'
  AND SOC = '62'
  AND DOC = '54'
  AND OpenDate >= '2009-01-01'
  AND OpenDate <= '2010-12-31'
  AND AdmEmail1 IS NOT NULL
  AND AdmEmail1 <> ''
ORDER BY AdmEmail1","[""schools""]",8,initial_sql,empty_nonmatching,false,initial_execution_nonmatching,true,detailed_schema_column_miss_or_compact_index_only,OUTPUT_CONTRACT,output_column_count_mismatch,
20260714T210045Z-11af1da6,bird_87,california_schools,challenging,3,9,1,query_plan.adherence,"SELECT CDSCode, School, District, County, OpenDate, SOC, DOC, AdmEmail1
FROM schools
WHERE County LIKE '%San Bernardino%'
  AND District = 'City of San Bernardino City Unified'
  AND SOC = '62'
  AND DOC = '54'
  AND OpenDate >= '2009-01-01'
  AND OpenDate <= '2010-12-31'
  AND AdmEmail1 IS NOT NULL
  AND AdmEmail1 <> ''
ORDER BY AdmEmail1",[],,not_applicable,adherence_failed,unknown,query_plan.adherence,false,detailed_schema_column_miss_or_compact_index_only,OUTPUT_CONTRACT,output_column_count_mismatch,"{""schema_version"": 3, ""checks"": {""projection_count"": false, ""group_by_presence"": true, ""having_presence"": true, ""order_by_presence"": true, ""limit_presence"": true, ""required_tables_presence"": true}, ""passed"": false, ""expected_projection_count"": 1, ""actual_projection_count"": 8, ""enforced"": false}"
20260714T210045Z-11af1da6,bird_87,california_schools,challenging,4,10,1,db.execute,"SELECT DISTINCT AdmEmail1
FROM schools
WHERE County = 'San Bernardino'
  AND District LIKE '%San Bernardino City Unified%'
  AND SOC = '62'
  AND DOC = '54'
  AND OpenDate >= '2009-01-01'
  AND OpenDate <= '2010-12-31'
  AND AdmEmail1 IS NOT NULL
  AND AdmEmail1 <> ''
ORDER BY AdmEmail1","[""schools""]",1,"projection_count,distinct",nonmatching,false,remained_nonmatching,false,detailed_schema_column_miss_or_compact_index_only,OUTPUT_CONTRACT,output_column_count_mismatch,
20260714T210045Z-11af1da6,bird_87,california_schools,challenging,5,11,1,query_plan.adherence,"SELECT DISTINCT AdmEmail1
FROM schools
WHERE County = 'San Bernardino'
  AND District LIKE '%San Bernardino City Unified%'
  AND SOC = '62'
  AND DOC = '54'
  AND OpenDate >= '2009-01-01'
  AND OpenDate <= '2010-12-31'
  AND AdmEmail1 IS NOT NULL
  AND AdmEmail1 <> ''
ORDER BY AdmEmail1",[],,not_applicable,adherence_passed,unknown,query_plan.adherence,false,detailed_schema_column_miss_or_compact_index_only,OUTPUT_CONTRACT,output_column_count_mismatch,"{""schema_version"": 3, ""checks"": {""projection_count"": true, ""group_by_presence"": true, ""having_presence"": true, ""order_by_presence"": true, ""limit_presence"": true, ""required_tables_presence"": true}, ""passed"": true, ""expected_projection_count"": 1, ""actual_projection_count"": 1, ""enforced"": false}"
20260714T210045Z-11af1da6,bird_87,california_schools,challenging,6,12,2,FINAL,SELECT DISTINCT AdmEmail1 FROM schools WHERE County = 'San Bernardino' AND District LIKE '%San Bernardino City Unified%' AND SOC = '62' AND DOC = '54' AND OpenDate BETWEEN '2009-01-01' AND '2010-12-31' AND AdmEmail1 IS NOT NULL AND TRIM(AdmEmail1) <> '' ORDER BY AdmEmail1,"[""schools""]",1,expression_or_projection,benchmark_nonmatching_final,false,unverified_rewrite_after_nonmatching_execution,false,detailed_schema_column_miss_or_compact_index_only,OUTPUT_CONTRACT,output_column_count_mismatch,
20260714T210045Z-11af1da6,bird_94,financial,challenging,1,1,1,query_plan.initial,,[],,not_applicable,plan_valid,unknown,query_plan.initial,false,retrieval_complete_mining_abstained_semantic_failure,AGGREGATION_REASONING,sort_direction_or_order_scope_mismatch,"{""valid"": true, ""payload"": {""target_entity"": ""female client account numbers with the minimum birth date and minimum district average salary among female clients, plus salary gap"", ""grain"": ""one row per qualifying account"", ""schema_links"": [""client.client_id = disp.client_id"", ""disp.account_id = account.account_id"", ""client.district_id = district.district_id""], ""required_tables"": [""client"", ""disp"", ""account"", ""district""], ""joins"": [{""left_table"": ""client"", ""right_table"": ""disp"", ""condition"": ""client.client_id = disp.client_id""}, {""left_table"": ""disp"", ""right_table"": ""account"", ""condition"": ""disp.account_id = account.account_id""}, {""left_table"": ""client"", ""right_table"": ""district"", ""condition"": ""client.district_id = district.district_id""}], ""filters"": [""client.gender = 'F'"", ""client.birth_date = minimum birth_date among female clients"", ""district.A11 = minimum A11 among female clients' districts""], ""group_by"": [], ""aggregates"": [""MIN(client.birth_date) for oldest female clients"", ""MIN(district.A11) for lowest average salary among female clients' districts"", ""MAX(district.A11) for highest average salary among female clients' districts""], ""aggregation_scope"": ""global"", ""aggregation_justification"": ""The question explicitly asks for the oldest female clients (minimum birth date) and the lowest/highest average salary gap, which requires global MIN/MAX computations over female clients."", ""having"": [], ""order_by"": [], ""limit"": null, ""answer_type"": ""rows"", ""answer_scope"": ""per_entity_rows"", ""output_columns"": [{""position"": 1, ""semantic_item"": ""account number"", ""source_columns"": [""account.account_id""], ""sql_expression"": ""account.account_id"", ""source_justification"": ""The question asks for account numbers, which are stored in account.account_id."", ""aggregation"": ""none""}, {""position"": 2, ""semantic_item"": ""salary gap"", ""source_columns"": [""district.A11""], ""sql_expression"": ""(SELECT MAX(d2.A11) - MIN(d2.A11) FROM client c2 INNER JOIN district d2 ON c2.district_id = d2.district_id WHERE c2.gender = 'F')"", ""source_justification"": ""Gap is defined as highest average salary minus lowest average salary; A11 is the average salary."", ""aggregation"": ""global""}], ""candidate_purpose"": ""explore"", ""expected_result_shape"": {""answer_type"": ""rows"", ""column_count"": 2, ""row_grain"": ""one row per qualifying account""}, ""unresolved_assumptions"": [""The phrase 'oldest and has lowest average salary' is interpreted as the same female client meeting both conditions.""], ""revision"": null}, ""errors"": []}"
20260714T210045Z-11af1da6,bird_94,financial,challenging,2,2,1,db.execute,"WITH female_clients AS (
  SELECT c.client_id, c.birth_date, c.district_id
  FROM client c
  WHERE c.gender = 'F'
),
oldest AS (
  SELECT MIN(birth_date) AS oldest_birth
  FROM female_clients
),
salary_bounds AS (
  SELECT MIN(d.A11) AS low_a11,
         MAX(d.A11) AS high_a11
  FROM female_clients fc
  INNER JOIN district d ON fc.district_id = d.district_id
)
SELECT DISTINCT
  a.account_id,
  (SELECT high_a11 - low_a11 FROM salary_bounds) AS gap
FROM female_clients fc
INNER JOIN oldest o ON fc.birth_date = o.oldest_birth
INNER JOIN district d ON fc.district_id = d.district_id
INNER JOIN disp dp ON fc.client_id = dp.client_id
INNER JOIN account a ON dp.account_id = a.account_id
WHERE d.A11 = (SELECT low_a11 FROM salary_bounds);","[""account"", ""client"", ""disp"", ""district"", ""female_clients"", ""oldest"", ""salary_bounds""]",2,initial_sql,empty_nonmatching,false,initial_execution_nonmatching,true,retrieval_complete_mining_abstained_semantic_failure,AGGREGATION_REASONING,sort_direction_or_order_scope_mismatch,
20260714T210045Z-11af1da6,bird_94,financial,challenging,3,3,1,query_plan.adherence,"WITH female_clients AS (
  SELECT c.client_id, c.birth_date, c.district_id
  FROM client c
  WHERE c.gender = 'F'
),
oldest AS (
  SELECT MIN(birth_date) AS oldest_birth
  FROM female_clients
),
salary_bounds AS (
  SELECT MIN(d.A11) AS low_a11,
         MAX(d.A11) AS high_a11
  FROM female_clients fc
  INNER JOIN district d ON fc.district_id = d.district_id
)
SELECT DISTINCT
  a.account_id,
  (SELECT high_a11 - low_a11 FROM salary_bounds) AS gap
FROM female_clients fc
INNER JOIN oldest o ON fc.birth_date = o.oldest_birth
INNER JOIN district d ON fc.district_id = d.district_id
INNER JOIN disp dp ON fc.client_id = dp.client_id
INNER JOIN account a ON dp.account_id = a.account_id
WHERE d.A11 = (SELECT low_a11 FROM salary_bounds);",[],,not_applicable,adherence_passed,unknown,query_plan.adherence,false,retrieval_complete_mining_abstained_semantic_failure,AGGREGATION_REASONING,sort_direction_or_order_scope_mismatch,"{""schema_version"": 3, ""checks"": {""projection_count"": true, ""group_by_presence"": true, ""having_presence"": true, ""order_by_presence"": true, ""limit_presence"": true, ""required_tables_presence"": true}, ""passed"": true, ""expected_projection_count"": 2, ""actual_projection_count"": 2, ""enforced"": false}"
20260714T210045Z-11af1da6,bird_94,financial,challenging,4,4,2,query_plan.revision,,[],,not_applicable,plan_valid,unknown,query_plan.revision,false,retrieval_complete_mining_abstained_semantic_failure,AGGREGATION_REASONING,sort_direction_or_order_scope_mismatch,"{""valid"": true, ""payload"": {""observation_ref"": 2, ""changed_constraints"": [""unresolved_assumptions"", ""filters"", ""output_columns"", ""candidate_purpose""], ""updated_fields"": {""unresolved_assumptions"": [""The intended result appears to be female clients who are oldest OR who have the lowest district average salary, but the previous conjunction returned no rows.""], ""filters"": [""client.gender = 'F'"", ""client.birth_date = minimum birth_date among female clients OR district.A11 = minimum A11 among female clients""], ""output_columns"": [{""position"": 1, ""semantic_item"": ""account number"", ""source_columns"": [""account.account_id""], ""sql_expression"": ""account.account_id"", ""source_justification"": ""The question asks for account numbers."", ""aggregation"": ""none""}, {""position"": 2, ""semantic_item"": ""salary gap"", ""source_columns"": [""district.A11""], ""sql_expression"": ""(SELECT MAX(d2.A11) - MIN(d2.A11) FROM client c2 INNER JOIN district d2 ON c2.district_id = d2.district_id WHERE c2.gender = 'F')"", ""source_justification"": ""Gap is highest average salary minus lowest average salary among female clients."", ""aggregation"": ""global""}], ""candidate_purpose"": ""answer""}, ""reason"": ""The conjunction returned zero rows. We need to test whether the question intends the union of oldest female clients and lowest-salary female clients, while preserving the required gap calculation."", ""candidate_purpose"": ""answer""}, ""errors"": []}"
20260714T210045Z-11af1da6,bird_94,financial,challenging,5,5,2,db.execute,"WITH female AS (
  SELECT c.client_id, c.birth_date, d.A11
  FROM client c
  JOIN district d ON c.district_id = d.district_id
  WHERE c.gender = 'F'
),
bounds AS (
  SELECT MIN(birth_date) AS oldest_birth,
         MIN(A11) AS low_a11,
         MAX(A11) AS high_a11
  FROM female
)
SELECT DISTINCT
  a.account_id,
  (SELECT high_a11 - low_a11 FROM bounds) AS gap
FROM female f
JOIN bounds b
  ON f.birth_date = b.oldest_birth
  OR f.A11 = b.low_a11
JOIN disp dp ON f.client_id = dp.client_id
JOIN account a ON dp.account_id = a.account_id
ORDER BY a.account_id;","[""account"", ""bounds"", ""client"", ""disp"", ""district"", ""female""]",2,"tables_or_join,order_by",nonmatching,false,remained_nonmatching,false,retrieval_complete_mining_abstained_semantic_failure,AGGREGATION_REASONING,sort_direction_or_order_scope_mismatch,
20260714T210045Z-11af1da6,bird_94,financial,challenging,6,6,2,query_plan.adherence,"WITH female AS (
  SELECT c.client_id, c.birth_date, d.A11
  FROM client c
  JOIN district d ON c.district_id = d.district_id
  WHERE c.gender = 'F'
),
bounds AS (
  SELECT MIN(birth_date) AS oldest_birth,
         MIN(A11) AS low_a11,
         MAX(A11) AS high_a11
  FROM female
)
SELECT DISTINCT
  a.account_id,
  (SELECT high_a11 - low_a11 FROM bounds) AS gap
FROM female f
JOIN bounds b
  ON f.birth_date = b.oldest_birth
  OR f.A11 = b.low_a11
JOIN disp dp ON f.client_id = dp.client_id
JOIN account a ON dp.account_id = a.account_id
ORDER BY a.account_id;",[],,not_applicable,adherence_failed,unknown,query_plan.adherence,false,retrieval_complete_mining_abstained_semantic_failure,AGGREGATION_REASONING,sort_direction_or_order_scope_mismatch,"{""schema_version"": 3, ""checks"": {""projection_count"": true, ""group_by_presence"": true, ""having_presence"": true, ""order_by_presence"": false, ""limit_presence"": true, ""required_tables_presence"": true}, ""passed"": false, ""expected_projection_count"": 2, ""actual_projection_count"": 2, ""enforced"": false}"
20260714T210045Z-11af1da6,bird_94,financial,challenging,7,7,2,db.execute,"WITH female AS (
  SELECT c.client_id, c.birth_date, d.A11
  FROM client c
  JOIN district d ON c.district_id = d.district_id
  WHERE c.gender = 'F'
),
bounds AS (
  SELECT MIN(birth_date) AS oldest_birth,
         MIN(A11) AS low_a11,
         MAX(A11) AS high_a11
  FROM female
)
SELECT
  (SELECT oldest_birth FROM bounds) AS oldest_birth,
  (SELECT low_a11 FROM bounds) AS low_a11,
  (SELECT high_a11 FROM bounds) AS high_a11,
  SUM(CASE WHEN f.birth_date = b.oldest_birth THEN 1 ELSE 0 END) AS count_oldest,
  SUM(CASE WHEN f.A11 = b.low_a11 THEN 1 ELSE 0 END) AS count_low,
  SUM(CASE WHEN f.birth_date = b.oldest_birth AND f.A11 = b.low_a11 THEN 1 ELSE 0 END) AS count_both
FROM female f
CROSS JOIN bounds b;","[""bounds"", ""client"", ""district"", ""female""]",6,"tables_or_join,projection_count,order_by,distinct",nonmatching,false,remained_nonmatching,false,retrieval_complete_mining_abstained_semantic_failure,AGGREGATION_REASONING,sort_direction_or_order_scope_mismatch,
20260714T210045Z-11af1da6,bird_94,financial,challenging,8,8,2,query_plan.adherence,"WITH female AS (
  SELECT c.client_id, c.birth_date, d.A11
  FROM client c
  JOIN district d ON c.district_id = d.district_id
  WHERE c.gender = 'F'
),
bounds AS (
  SELECT MIN(birth_date) AS oldest_birth,
         MIN(A11) AS low_a11,
         MAX(A11) AS high_a11
  FROM female
)
SELECT
  (SELECT oldest_birth FROM bounds) AS oldest_birth,
  (SELECT low_a11 FROM bounds) AS low_a11,
  (SELECT high_a11 FROM bounds) AS high_a11,
  SUM(CASE WHEN f.birth_date = b.oldest_birth THEN 1 ELSE 0 END) AS count_oldest,
  SUM(CASE WHEN f.A11 = b.low_a11 THEN 1 ELSE 0 END) AS count_low,
  SUM(CASE WHEN f.birth_date = b.oldest_birth AND f.A11 = b.low_a11 THEN 1 ELSE 0 END) AS count_both
FROM female f
CROSS JOIN bounds b;",[],,not_applicable,adherence_failed,unknown,query_plan.adherence,false,retrieval_complete_mining_abstained_semantic_failure,AGGREGATION_REASONING,sort_direction_or_order_scope_mismatch,"{""schema_version"": 3, ""checks"": {""projection_count"": false, ""group_by_presence"": true, ""having_presence"": true, ""order_by_presence"": true, ""limit_presence"": true, ""required_tables_presence"": false}, ""passed"": false, ""expected_projection_count"": 2, ""actual_projection_count"": 6, ""enforced"": false}"
20260714T210045Z-11af1da6,bird_94,financial,challenging,9,9,3,FINAL,"WITH female AS (SELECT c.client_id, c.birth_date, d.A11 FROM client c JOIN district d ON c.district_id = d.district_id WHERE c.gender = 'F'), oldest AS (SELECT MIN(birth_date) AS birth_date FROM female), salary AS (SELECT MIN(A11) AS low_a11, MAX(A11) AS high_a11 FROM female) SELECT DISTINCT a.account_id, (SELECT high_a11 - low_a11 FROM salary) AS gap FROM female f JOIN disp dp ON f.client_id = dp.client_id JOIN account a ON dp.account_id = a.account_id WHERE f.birth_date = (SELECT birth_date FROM oldest) OR f.A11 = (SELECT low_a11 FROM salary) ORDER BY a.account_id;","[""account"", ""client"", ""disp"", ""district"", ""female"", ""oldest"", ""salary""]",2,"tables_or_join,projection_count,order_by,distinct",benchmark_nonmatching_final,false,unverified_rewrite_after_nonmatching_execution,false,retrieval_complete_mining_abstained_semantic_failure,AGGREGATION_REASONING,sort_direction_or_order_scope_mismatch,
20260714T210045Z-11af1da6,bird_95,financial,moderate,1,1,1,query_plan.initial,,[],,not_applicable,plan_valid,unknown,query_plan.initial,false,retrieval_complete_mining_abstained_semantic_failure,EMPTY_OR_NULL_RESULT,empty_result,"{""valid"": true, ""payload"": {""target_entity"": ""qualifying client accounts"", ""grain"": ""one row per qualifying account_id"", ""schema_links"": [""client.client_id -> disp.client_id"", ""disp.account_id -> account.account_id"", ""client.district_id -> district.district_id""], ""required_tables"": [""client"", ""disp"", ""account"", ""district""], ""joins"": [{""left_table"": ""client"", ""right_table"": ""disp"", ""condition"": ""client.client_id = disp.client_id""}, {""left_table"": ""disp"", ""right_table"": ""account"", ""condition"": ""disp.account_id = account.account_id""}, {""left_table"": ""client"", ""right_table"": ""district"", ""condition"": ""client.district_id = district.district_id""}], ""filters"": [{""table"": ""client"", ""column"": ""birth_date"", ""condition"": ""= (SELECT MAX(birth_date) FROM client)""}, {""table"": ""district"", ""column"": ""A11"", ""condition"": ""= (SELECT MAX(A11) FROM district)""}], ""group_by"": [], ""aggregates"": [], ""aggregation_scope"": ""none"", ""aggregation_justification"": null, ""having"": [], ""order_by"": [], ""limit"": null, ""answer_type"": ""rows"", ""answer_scope"": ""per_entity_rows"", ""output_columns"": [{""position"": 1, ""semantic_item"": ""account number"", ""source_columns"": [""account.account_id""], ""sql_expression"": ""account.account_id"", ""source_justification"": ""The question asks for account numbers, which are stored in account.account_id and reached through disp.account_id."", ""aggregation"": ""none""}], ""candidate_purpose"": ""explore"", ""expected_result_shape"": {""answer_type"": ""rows"", ""column_count"": 1, ""row_grain"": ""one row per qualifying account_id""}, ""unresolved_assumptions"": [""Interpreting 'highest average salary' as the maximum district.A11 value, because the hint defines A11 as average salary.""], ""revision"": null}, ""errors"": []}"
20260714T210045Z-11af1da6,bird_95,financial,moderate,2,2,1,db.execute,"SELECT MAX(birth_date) AS max_birth_date
FROM client","[""client""]",1,initial_sql,nonmatching,false,initial_execution_nonmatching,true,retrieval_complete_mining_abstained_semantic_failure,EMPTY_OR_NULL_RESULT,empty_result,
20260714T210045Z-11af1da6,bird_95,financial,moderate,3,3,1,query_plan.adherence,"SELECT MAX(birth_date) AS max_birth_date
FROM client",[],,not_applicable,adherence_failed,unknown,query_plan.adherence,false,retrieval_complete_mining_abstained_semantic_failure,EMPTY_OR_NULL_RESULT,empty_result,"{""schema_version"": 3, ""checks"": {""projection_count"": true, ""group_by_presence"": true, ""having_presence"": true, ""order_by_presence"": true, ""limit_presence"": true, ""required_tables_presence"": false}, ""passed"": false, ""expected_projection_count"": 1, ""actual_projection_count"": 1, ""enforced"": false}"
20260714T210045Z-11af1da6,bird_95,financial,moderate,4,4,1,db.execute,"SELECT MAX(A11) AS max_A11
FROM district","[""district""]",1,tables_or_join,nonmatching,false,remained_nonmatching,false,retrieval_complete_mining_abstained_semantic_failure,EMPTY_OR_NULL_RESULT,empty_result,
20260714T210045Z-11af1da6,bird_95,financial,moderate,5,5,1,query_plan.adherence,"SELECT MAX(A11) AS max_A11
FROM district",[],,not_applicable,adherence_failed,unknown,query_plan.adherence,false,retrieval_complete_mining_abstained_semantic_failure,EMPTY_OR_NULL_RESULT,empty_result,"{""schema_version"": 3, ""checks"": {""projection_count"": true, ""group_by_presence"": true, ""having_presence"": true, ""order_by_presence"": true, ""limit_presence"": true, ""required_tables_presence"": false}, ""passed"": false, ""expected_projection_count"": 1, ""actual_projection_count"": 1, ""enforced"": false}"
20260714T210045Z-11af1da6,bird_95,financial,moderate,6,6,1,db.execute,"SELECT DISTINCT account.account_id
FROM client
JOIN disp ON client.client_id = disp.client_id
JOIN account ON disp.account_id = account.account_id
JOIN district ON client.district_id = district.district_id
WHERE client.birth_date = (SELECT MAX(birth_date) FROM client)
  AND district.A11 = (SELECT MAX(A11) FROM district)
ORDER BY account.account_id","[""account"", ""client"", ""disp"", ""district""]",1,"tables_or_join,where,order_by,distinct",empty_nonmatching,false,remained_nonmatching,false,retrieval_complete_mining_abstained_semantic_failure,EMPTY_OR_NULL_RESULT,empty_result,
20260714T210045Z-11af1da6,bird_95,financial,moderate,7,7,1,query_plan.adherence,"SELECT DISTINCT account.account_id
FROM client
JOIN disp ON client.client_id = disp.client_id
JOIN account ON disp.account_id = account.account_id
JOIN district ON client.district_id = district.district_id
WHERE client.birth_date = (SELECT MAX(birth_date) FROM client)
  AND district.A11 = (SELECT MAX(A11) FROM district)
ORDER BY account.account_id",[],,not_applicable,adherence_failed,unknown,query_plan.adherence,false,retrieval_complete_mining_abstained_semantic_failure,EMPTY_OR_NULL_RESULT,empty_result,"{""schema_version"": 3, ""checks"": {""projection_count"": true, ""group_by_presence"": true, ""having_presence"": true, ""order_by_presence"": false, ""limit_presence"": true, ""required_tables_presence"": true}, ""passed"": false, ""expected_projection_count"": 1, ""actual_projection_count"": 1, ""enforced"": false}"
20260714T210045Z-11af1da6,bird_95,financial,moderate,8,8,2,query_plan.revision,,[],,not_applicable,plan_valid,unknown,query_plan.revision,false,retrieval_complete_mining_abstained_semantic_failure,EMPTY_OR_NULL_RESULT,empty_result,"{""valid"": true, ""payload"": {""observation_ref"": 6, ""changed_constraints"": [""filters"", ""candidate_purpose"", ""unresolved_assumptions""], ""updated_fields"": {""filters"": [{""table"": ""client"", ""column"": ""birth_date"", ""condition"": ""inspect youngest clients rather than finalizing the intersection filter only""}, {""table"": ""district"", ""column"": ""A11"", ""condition"": ""inspect clients in the highest-A11 district rather than assuming the intersection is non-empty""}], ""candidate_purpose"": ""explore"", ""unresolved_assumptions"": [""The empty result may indicate either a genuinely empty intersection or that the intended semantics are different from a strict AND between youngest and max-average-salary conditions.""]}, ""reason"": ""The previous exact-intersection query returned no rows, so I need to inspect the youngest clients and the highest-A11 district to determine whether the intended answer is the strict intersection or a different extremal interpretation."", ""candidate_purpose"": ""explore""}, ""errors"": []}"
20260714T210045Z-11af1da6,bird_95,financial,moderate,9,9,2,db.execute,"SELECT client.client_id, client.birth_date, district.A11, disp.account_id
FROM client
JOIN disp ON client.client_id = disp.client_id
JOIN district ON client.district_id = district.district_id
WHERE client.birth_date = (SELECT MAX(birth_date) FROM client)
ORDER BY district.A11 DESC, client.client_id
LIMIT 20","[""client"", ""disp"", ""district""]",4,"tables_or_join,projection_count,limit,distinct",nonmatching,false,remained_nonmatching,false,retrieval_complete_mining_abstained_semantic_failure,EMPTY_OR_NULL_RESULT,empty_result,
20260714T210045Z-11af1da6,bird_95,financial,moderate,10,10,2,query_plan.adherence,"SELECT client.client_id, client.birth_date, district.A11, disp.account_id
FROM client
JOIN disp ON client.client_id = disp.client_id
JOIN district ON client.district_id = district.district_id
WHERE client.birth_date = (SELECT MAX(birth_date) FROM client)
ORDER BY district.A11 DESC, client.client_id
LIMIT 20",[],,not_applicable,adherence_failed,unknown,query_plan.adherence,false,retrieval_complete_mining_abstained_semantic_failure,EMPTY_OR_NULL_RESULT,empty_result,"{""schema_version"": 3, ""checks"": {""projection_count"": false, ""group_by_presence"": true, ""having_presence"": true, ""order_by_presence"": false, ""limit_presence"": false, ""required_tables_presence"": false}, ""passed"": false, ""expected_projection_count"": 1, ""actual_projection_count"": 4, ""enforced"": false}"
20260714T210045Z-11af1da6,bird_95,financial,moderate,11,11,2,db.execute,"SELECT client.client_id, client.birth_date, district.A11, disp.account_id
FROM client
JOIN disp ON client.client_id = disp.client_id
JOIN district ON client.district_id = district.district_id
WHERE district.A11 = (SELECT MAX(A11) FROM district)
ORDER BY client.birth_date DESC, client.client_id
LIMIT 20","[""client"", ""disp"", ""district""]",4,expression_or_projection,nonmatching,false,remained_nonmatching,false,retrieval_complete_mining_abstained_semantic_failure,EMPTY_OR_NULL_RESULT,empty_result,
20260714T210045Z-11af1da6,bird_95,financial,moderate,12,12,2,query_plan.adherence,"SELECT client.client_id, client.birth_date, district.A11, disp.account_id
FROM client
JOIN disp ON client.client_id = disp.client_id
JOIN district ON client.district_id = district.district_id
WHERE district.A11 = (SELECT MAX(A11) FROM district)
ORDER BY client.birth_date DESC, client.client_id
LIMIT 20",[],,not_applicable,adherence_failed,unknown,query_plan.adherence,false,retrieval_complete_mining_abstained_semantic_failure,EMPTY_OR_NULL_RESULT,empty_result,"{""schema_version"": 3, ""checks"": {""projection_count"": false, ""group_by_presence"": true, ""having_presence"": true, ""order_by_presence"": false, ""limit_presence"": false, ""required_tables_presence"": false}, ""passed"": false, ""expected_projection_count"": 1, ""actual_projection_count"": 4, ""enforced"": false}"
20260714T210045Z-11af1da6,bird_95,financial,moderate,13,13,1,FINAL,SELECT DISTINCT account.account_id FROM client JOIN disp ON client.client_id = disp.client_id JOIN account ON disp.account_id = account.account_id JOIN district ON client.district_id = district.district_id WHERE client.birth_date = (SELECT MAX(birth_date) FROM client) AND district.A11 = (SELECT MAX(A11) FROM district) ORDER BY account.account_id,"[""account"", ""client"", ""disp"", ""district""]",1,"tables_or_join,projection_count,limit,distinct",benchmark_nonmatching_final,false,unverified_rewrite_after_nonmatching_execution,false,retrieval_complete_mining_abstained_semantic_failure,EMPTY_OR_NULL_RESULT,empty_result,
20260714T210045Z-11af1da6,bird_115,financial,challenging,1,1,1,query_plan.initial,,[],,not_applicable,plan_valid,unknown,query_plan.initial,false,retrieval_complete_mining_abstained_semantic_failure,AGGREGATION_REASONING,aggregation_or_grouping_mismatch,"{""valid"": true, ""payload"": {""target_entity"": ""district branch in south Bohemia with the largest inhabitants and its client gender mix"", ""grain"": ""one row for the selected district/branch, returning a percentage scalar"", ""schema_links"": [""client.district_id = district.district_id""], ""required_tables"": [""district"", ""client""], ""joins"": [{""left_table"": ""client"", ""left_column"": ""district_id"", ""right_table"": ""district"", ""right_column"": ""district_id"", ""join_type"": ""INNER""}], ""filters"": [{""table"": ""district"", ""column"": ""A3"", ""operator"": ""="", ""value"": ""south Bohemia""}], ""group_by"": [], ""aggregates"": [""COUNT(CASE WHEN client.gender = 'M' THEN 1 END)"", ""COUNT(client.client_id)""], ""aggregation_scope"": ""global"", ""aggregation_justification"": ""The phrase \""percentage of the male clients\"" requires computing a ratio of counts over the chosen branch."", ""having"": [], ""order_by"": [{""expression"": ""CAST(district.A4 AS INTEGER) DESC""}], ""limit"": 1, ""answer_type"": ""scalar"", ""answer_scope"": ""global_scalar"", ""output_columns"": [{""position"": 1, ""semantic_item"": ""percentage of male clients in the selected branch"", ""source_columns"": [""client.gender"", ""client.client_id"", ""district.A4"", ""district.A3""], ""sql_expression"": ""(COUNT(CASE WHEN client.gender = 'M' THEN 1 END) * 100.0) / COUNT(client.client_id)"", ""source_justification"": ""Male clients are determined from client.gender; the selected branch is the south Bohemia district with the maximum inhabitants A4."", ""aggregation"": ""global""}], ""candidate_purpose"": ""answer"", ""expected_result_shape"": {""answer_type"": ""scalar"", ""column_count"": 1, ""row_grain"": ""single selected district""}, ""unresolved_assumptions"": [""A3 uses the exact text 'south Bohemia' as stated in the hint."", ""A4 should be compared numerically via CAST because it is stored as text.""], ""revision"": null}, ""errors"": []}"
20260714T210045Z-11af1da6,bird_115,financial,challenging,2,4,1,db.execute,"SELECT (COUNT(CASE WHEN client.gender = 'M' THEN 1 END) * 100.0) / COUNT(client.client_id)
FROM client
INNER JOIN district ON client.district_id = district.district_id
WHERE district.A3 = 'south Bohemia'
  AND district.A4 = (
    SELECT MAX(CAST(A4 AS INTEGER))
    FROM district
    WHERE A3 = 'south Bohemia'
  )","[""client"", ""district""]",1,initial_sql,nonmatching,false,initial_execution_nonmatching,true,retrieval_complete_mining_abstained_semantic_failure,AGGREGATION_REASONING,aggregation_or_grouping_mismatch,
20260714T210045Z-11af1da6,bird_115,financial,challenging,3,5,1,query_plan.adherence,"SELECT (COUNT(CASE WHEN client.gender = 'M' THEN 1 END) * 100.0) / COUNT(client.client_id)
FROM client
INNER JOIN district ON client.district_id = district.district_id
WHERE district.A3 = 'south Bohemia'
  AND district.A4 = (
    SELECT MAX(CAST(A4 AS INTEGER))
    FROM district
    WHERE A3 = 'south Bohemia'
  )",[],,not_applicable,adherence_failed,unknown,query_plan.adherence,false,retrieval_complete_mining_abstained_semantic_failure,AGGREGATION_REASONING,aggregation_or_grouping_mismatch,"{""schema_version"": 3, ""checks"": {""projection_count"": true, ""group_by_presence"": true, ""having_presence"": true, ""order_by_presence"": false, ""limit_presence"": false, ""required_tables_presence"": true}, ""passed"": false, ""expected_projection_count"": 1, ""actual_projection_count"": 1, ""enforced"": false}"
20260714T210045Z-11af1da6,bird_115,financial,challenging,4,6,2,FINAL,"SELECT 100.0 * COUNT(CASE WHEN gender = 'M' THEN 1 END) / COUNT(client_id) AS percentage_of_male_clients FROM client WHERE district_id = (SELECT district_id FROM district WHERE A3 = 'south Bohemia' ORDER BY CAST(A4 AS INTEGER) DESC, district_id LIMIT 1)","[""client"", ""district""]",1,"order_by,limit",benchmark_nonmatching_final,false,unverified_rewrite_after_nonmatching_execution,false,retrieval_complete_mining_abstained_semantic_failure,AGGREGATION_REASONING,aggregation_or_grouping_mismatch,
20260714T210045Z-11af1da6,bird_118,financial,moderate,1,1,1,query_plan.initial,,[],,not_applicable,plan_valid,unknown,query_plan.initial,false,retrieval_complete_mining_abstained_semantic_failure,AGGREGATION_REASONING,aggregation_or_grouping_mismatch,"{""valid"": true, ""payload"": {""target_entity"": ""loan"", ""grain"": ""loan rows filtered to amount < 100000"", ""schema_links"": [""loan.amount"", ""loan.status""], ""required_tables"": [""loan""], ""joins"": [], ""filters"": [""loan.amount < 100000""], ""group_by"": [], ""aggregates"": [""SUM(CASE WHEN loan.status = 'C' THEN loan.amount ELSE 0 END)"", ""SUM(loan.amount)""], ""aggregation_scope"": ""global"", ""aggregation_justification"": ""The question asks for a single percentage over all qualifying loans, and the hint defines percentage as total(amount) under the condition divided by total amount."", ""having"": [], ""order_by"": [], ""limit"": null, ""answer_type"": ""scalar"", ""answer_scope"": ""global_scalar"", ""output_columns"": [{""position"": 1, ""semantic_item"": ""percentage of qualifying loan amount with status C"", ""source_columns"": [""loan.amount"", ""loan.status""], ""sql_expression"": ""CAST(SUM(CASE WHEN loan.status = 'C' THEN loan.amount ELSE 0 END) AS REAL) * 100.0 / SUM(loan.amount)"", ""source_justification"": ""Uses loan.amount for the percentage denominator and loan.status to isolate running contracts marked C."", ""aggregation"": ""global""}], ""candidate_purpose"": ""answer"", ""expected_result_shape"": {""answer_type"": ""scalar"", ""column_count"": 1, ""row_grain"": ""one global scalar value""}, ""unresolved_assumptions"": [""Treat 'accounts' as loan amounts because the hint explicitly defines percentage as a ratio of summed amounts."", ""Use only loans with amount < 100000 in both numerator and denominator.""], ""revision"": null}, ""errors"": []}"
20260714T210045Z-11af1da6,bird_118,financial,moderate,2,2,1,db.execute,"SELECT CAST(SUM(CASE WHEN status = 'C' THEN amount ELSE 0 END) AS REAL) * 100.0 / SUM(amount) AS percentage
FROM loan
WHERE amount < 100000","[""loan""]",1,initial_sql,nonmatching,false,initial_execution_nonmatching,true,retrieval_complete_mining_abstained_semantic_failure,AGGREGATION_REASONING,aggregation_or_grouping_mismatch,
20260714T210045Z-11af1da6,bird_118,financial,moderate,3,3,1,query_plan.adherence,"SELECT CAST(SUM(CASE WHEN status = 'C' THEN amount ELSE 0 END) AS REAL) * 100.0 / SUM(amount) AS percentage
FROM loan
WHERE amount < 100000",[],,not_applicable,adherence_passed,unknown,query_plan.adherence,false,retrieval_complete_mining_abstained_semantic_failure,AGGREGATION_REASONING,aggregation_or_grouping_mismatch,"{""schema_version"": 3, ""checks"": {""projection_count"": true, ""group_by_presence"": true, ""having_presence"": true, ""order_by_presence"": true, ""limit_presence"": true, ""required_tables_presence"": true}, ""passed"": true, ""expected_projection_count"": 1, ""actual_projection_count"": 1, ""enforced"": false}"
20260714T210045Z-11af1da6,bird_118,financial,moderate,4,4,1,FINAL,SELECT CAST(SUM(CASE WHEN status = 'C' THEN amount ELSE 0 END) AS REAL) * 100.0 / SUM(amount) AS percentage FROM loan WHERE amount < 100000,"[""loan""]",1,unchanged,benchmark_nonmatching_final,false,final_same_as_last_execution,false,retrieval_complete_mining_abstained_semantic_failure,AGGREGATION_REASONING,aggregation_or_grouping_mismatch,
20260714T210045Z-11af1da6,bird_125,financial,challenging,1,1,1,query_plan.initial,,[],,not_applicable,plan_invalid,unknown,query_plan.initial,false,retrieval_complete_mining_abstained_semantic_failure,OUTPUT_CONTRACT,output_column_count_mismatch,"{""valid"": false, ""payload"": null, ""errors"": [""output_columns[0].aggregation must be a non-empty string"", ""output_columns[1].aggregation must be a non-empty string"", ""output_columns[2].aggregation must be a non-empty string""]}"
20260714T210045Z-11af1da6,bird_125,financial,challenging,2,2,2,query_plan.initial,,[],,not_applicable,plan_valid,unknown,query_plan.initial,false,retrieval_complete_mining_abstained_semantic_failure,OUTPUT_CONTRACT,output_column_count_mismatch,"{""valid"": true, ""payload"": {""target_entity"": ""loan contracts with status='D'"", ""grain"": ""one row per qualifying loan contract"", ""schema_links"": [""loan.account_id = account.account_id"", ""account.district_id = district.district_id""], ""required_tables"": [""loan"", ""account"", ""district""], ""joins"": [""loan.account_id = account.account_id"", ""account.district_id = district.district_id""], ""filters"": [""loan.status = 'D'""], ""group_by"": [], ""aggregates"": [], ""aggregation_scope"": ""none"", ""aggregation_justification"": null, ""having"": [], ""order_by"": [""district.A2 ASC"", ""district.A3 ASC"", ""loan.loan_id ASC""], ""limit"": null, ""answer_type"": ""rows"", ""answer_scope"": ""per_entity_rows"", ""output_columns"": [{""position"": 1, ""semantic_item"": ""district"", ""source_columns"": [""district.A2""], ""sql_expression"": ""district.A2"", ""source_justification"": ""Returns the district name for each qualifying loan contract's account location."", ""aggregation"": ""none""}, {""position"": 2, ""semantic_item"": ""state"", ""source_columns"": [""district.A3""], ""sql_expression"": ""district.A3"", ""source_justification"": ""Uses the available region field as the closest match to the requested state."", ""aggregation"": ""none""}, {""position"": 3, ""semantic_item"": ""unemployment rate increment percentage"", ""source_columns"": [""district.A12"", ""district.A13""], ""sql_expression"": ""((district.A13 - district.A12) * 100.0 / district.A12)"", ""source_justification"": ""Applies the hint formula with A12 as 1995 unemployment rate and A13 as 1996 unemployment rate."", ""aggregation"": ""none""}], ""candidate_purpose"": ""answer"", ""expected_result_shape"": {""answer_type"": ""rows"", ""column_count"": 3, ""row_grain"": ""one row per qualifying loan contract""}, ""unresolved_assumptions"": [""'state' maps to district.A3 because no dedicated state column exists."", ""Loan contracts that are still running and in debt are represented by loan.status = 'D'.""], ""revision"": null}, ""errors"": []}"
20260714T210045Z-11af1da6,bird_125,financial,challenging,3,3,2,db.execute,"SELECT
  district.A2 AS district,
  district.A3 AS state,
  ((district.A13 - district.A12) * 100.0 / district.A12) AS unemployment_rate_increment_percentage
FROM loan
JOIN account ON loan.account_id = account.account_id
JOIN district ON account.district_id = district.district_id
WHERE loan.status = 'D'
ORDER BY district.A2, district.A3, loan.loan_id","[""account"", ""district"", ""loan""]",3,initial_sql,nonmatching,false,initial_execution_nonmatching,true,retrieval_complete_mining_abstained_semantic_failure,OUTPUT_CONTRACT,output_column_count_mismatch,
20260714T210045Z-11af1da6,bird_125,financial,challenging,4,4,2,query_plan.adherence,"SELECT
  district.A2 AS district,
  district.A3 AS state,
  ((district.A13 - district.A12) * 100.0 / district.A12) AS unemployment_rate_increment_percentage
FROM loan
JOIN account ON loan.account_id = account.account_id
JOIN district ON account.district_id = district.district_id
WHERE loan.status = 'D'
ORDER BY district.A2, district.A3, loan.loan_id",[],,not_applicable,adherence_passed,unknown,query_plan.adherence,false,retrieval_complete_mining_abstained_semantic_failure,OUTPUT_CONTRACT,output_column_count_mismatch,"{""schema_version"": 3, ""checks"": {""projection_count"": true, ""group_by_presence"": true, ""having_presence"": true, ""order_by_presence"": true, ""limit_presence"": true, ""required_tables_presence"": true}, ""passed"": true, ""expected_projection_count"": 3, ""actual_projection_count"": 3, ""enforced"": false}"
20260714T210045Z-11af1da6,bird_125,financial,challenging,5,5,3,query_plan.revision,,[],,not_applicable,plan_valid,unknown,query_plan.revision,false,retrieval_complete_mining_abstained_semantic_failure,OUTPUT_CONTRACT,output_column_count_mismatch,"{""valid"": true, ""payload"": {""observation_ref"": 3, ""changed_constraints"": [""grain""], ""updated_fields"": {""grain"": ""one row per distinct district/state combination among loans with status='D'""}, ""reason"": ""The observed result contained repeated district/state rows because multiple qualifying loans can belong to the same district. The question asks to list the district, state, and unemployment increment, so deduplicating by district/state yields the intended list."", ""candidate_purpose"": ""answer""}, ""errors"": []}"
20260714T210045Z-11af1da6,bird_125,financial,challenging,6,6,3,db.execute,"SELECT DISTINCT
  district.A2 AS district,
  district.A3 AS state,
  ((district.A13 - district.A12) * 100.0 / district.A12) AS unemployment_rate_increment_percentage
FROM loan
JOIN account ON loan.account_id = account.account_id
JOIN district ON account.district_id = district.district_id
WHERE loan.status = 'D'
ORDER BY district.A2, district.A3","[""account"", ""district"", ""loan""]",3,distinct,nonmatching,false,remained_nonmatching,false,retrieval_complete_mining_abstained_semantic_failure,OUTPUT_CONTRACT,output_column_count_mismatch,
20260714T210045Z-11af1da6,bird_125,financial,challenging,7,7,3,query_plan.adherence,"SELECT DISTINCT
  district.A2 AS district,
  district.A3 AS state,
  ((district.A13 - district.A12) * 100.0 / district.A12) AS unemployment_rate_increment_percentage
FROM loan
JOIN account ON loan.account_id = account.account_id
JOIN district ON account.district_id = district.district_id
WHERE loan.status = 'D'
ORDER BY district.A2, district.A3",[],,not_applicable,adherence_passed,unknown,query_plan.adherence,false,retrieval_complete_mining_abstained_semantic_failure,OUTPUT_CONTRACT,output_column_count_mismatch,"{""schema_version"": 3, ""checks"": {""projection_count"": true, ""group_by_presence"": true, ""having_presence"": true, ""order_by_presence"": true, ""limit_presence"": true, ""required_tables_presence"": true}, ""passed"": true, ""expected_projection_count"": 3, ""actual_projection_count"": 3, ""enforced"": false}"
20260714T210045Z-11af1da6,bird_125,financial,challenging,8,8,3,FINAL,"SELECT DISTINCT district.A2 AS district, district.A3 AS state, ((district.A13 - district.A12) * 100.0 / district.A12) AS unemployment_rate_increment_percentage FROM loan JOIN account ON loan.account_id = account.account_id JOIN district ON account.district_id = district.district_id WHERE loan.status = 'D' ORDER BY district.A2, district.A3","[""account"", ""district"", ""loan""]",3,unchanged,benchmark_nonmatching_final,false,final_same_as_last_execution,false,retrieval_complete_mining_abstained_semantic_failure,OUTPUT_CONTRACT,output_column_count_mismatch,
20260714T210045Z-11af1da6,bird_129,financial,moderate,1,1,1,query_plan.initial,,[],,not_applicable,plan_valid,unknown,query_plan.initial,false,retrieval_complete_mining_abstained_semantic_failure,OUTPUT_CONTRACT,output_column_count_mismatch,"{""valid"": true, ""payload"": {""target_entity"": ""district names"", ""grain"": ""one row per district"", ""schema_links"": [""trans.account_id = account.account_id"", ""account.district_id = district.district_id""], ""required_tables"": [""trans"", ""account"", ""district""], ""joins"": [{""left_table"": ""trans"", ""left_column"": ""account_id"", ""right_table"": ""account"", ""right_column"": ""account_id"", ""join_type"": ""INNER""}, {""left_table"": ""account"", ""left_column"": ""district_id"", ""right_table"": ""district"", ""right_column"": ""district_id"", ""join_type"": ""INNER""}], ""filters"": [{""table"": ""trans"", ""column"": ""type"", ""operator"": ""="", ""value"": ""VYDAJ""}, {""table"": ""trans"", ""column"": ""date"", ""operator"": ""LIKE"", ""value"": ""1996-01%""}], ""group_by"": [{""table"": ""district"", ""column"": ""A2""}], ""aggregates"": [{""function"": ""SUM"", ""expression"": ""trans.amount"", ""alias"": ""total_withdrawal_amount""}], ""aggregation_scope"": ""per_entity"", ""aggregation_justification"": ""The phrase 'top ten withdrawals' implies ranking districts by total withdrawal amount within January 1996."", ""having"": [], ""order_by"": [{""expression"": ""SUM(trans.amount)"", ""direction"": ""DESC""}], ""limit"": 10, ""answer_type"": ""rows"", ""answer_scope"": ""per_entity_rows"", ""output_columns"": [{""position"": 1, ""semantic_item"": ""district name"", ""source_columns"": [""district.A2""], ""sql_expression"": ""district.A2"", ""source_justification"": ""A2 is defined as district names."", ""aggregation"": ""none""}, {""position"": 2, ""semantic_item"": ""total withdrawal amount"", ""source_columns"": [""trans.amount""], ""sql_expression"": ""SUM(trans.amount)"", ""source_justification"": ""To rank the top ten withdrawal districts, the withdrawal amounts must be summed per district."", ""aggregation"": ""SUM""}], ""candidate_purpose"": ""answer"", ""expected_result_shape"": {""answer_type"": ""rows"", ""column_count"": 2, ""row_grain"": ""one row per district""}, ""unresolved_assumptions"": [""Interpreting 'top ten withdrawals' as top ten districts by total withdrawal amount, not individual transaction rows.""], ""revision"": null}, ""errors"": []}"
20260714T210045Z-11af1da6,bird_129,financial,moderate,2,2,1,db.execute,"SELECT d.A2 AS district_name,
       SUM(t.amount) AS total_withdrawal_amount
FROM trans AS t
INNER JOIN account AS a ON t.account_id = a.account_id
INNER JOIN district AS d ON a.district_id = d.district_id
WHERE t.type = 'VYDAJ'
  AND t.date LIKE '1996-01%'
GROUP BY d.A2
ORDER BY SUM(t.amount) DESC
LIMIT 10;","[""account"", ""district"", ""trans""]",2,initial_sql,nonmatching,false,initial_execution_nonmatching,true,retrieval_complete_mining_abstained_semantic_failure,OUTPUT_CONTRACT,output_column_count_mismatch,
20260714T210045Z-11af1da6,bird_129,financial,moderate,3,3,1,query_plan.adherence,"SELECT d.A2 AS district_name,
       SUM(t.amount) AS total_withdrawal_amount
FROM trans AS t
INNER JOIN account AS a ON t.account_id = a.account_id
INNER JOIN district AS d ON a.district_id = d.district_id
WHERE t.type = 'VYDAJ'
  AND t.date LIKE '1996-01%'
GROUP BY d.A2
ORDER BY SUM(t.amount) DESC
LIMIT 10;",[],,not_applicable,adherence_passed,unknown,query_plan.adherence,false,retrieval_complete_mining_abstained_semantic_failure,OUTPUT_CONTRACT,output_column_count_mismatch,"{""schema_version"": 3, ""checks"": {""projection_count"": true, ""group_by_presence"": true, ""having_presence"": true, ""order_by_presence"": true, ""limit_presence"": true, ""required_tables_presence"": true}, ""passed"": true, ""expected_projection_count"": 2, ""actual_projection_count"": 2, ""enforced"": false}"
20260714T210045Z-11af1da6,bird_129,financial,moderate,4,4,1,FINAL,"SELECT d.A2 AS district_name, SUM(t.amount) AS total_withdrawal_amount FROM trans AS t INNER JOIN account AS a ON t.account_id = a.account_id INNER JOIN district AS d ON a.district_id = d.district_id WHERE t.type = 'VYDAJ' AND t.date LIKE '1996-01%' GROUP BY d.A2 ORDER BY SUM(t.amount) DESC LIMIT 10;","[""account"", ""district"", ""trans""]",2,unchanged,benchmark_nonmatching_final,false,final_same_as_last_execution,false,retrieval_complete_mining_abstained_semantic_failure,OUTPUT_CONTRACT,output_column_count_mismatch,
20260714T210045Z-11af1da6,bird_145,financial,moderate,1,1,1,query_plan.initial,,[],,not_applicable,plan_valid,unknown,query_plan.initial,false,retrieval_complete_mining_abstained_semantic_failure,SCHEMA_LINKING,table_or_join_path_mismatch,"{""valid"": true, ""payload"": {""target_entity"": ""account holder identification numbers"", ""grain"": ""distinct owner client_id rows"", ""schema_links"": [{""from"": ""trans.account_id"", ""to"": ""account.account_id""}, {""from"": ""disp.account_id"", ""to"": ""account.account_id""}, {""from"": ""disp.client_id"", ""to"": ""client.client_id""}], ""required_tables"": [""trans"", ""account"", ""disp""], ""joins"": [{""left_table"": ""trans"", ""left_column"": ""account_id"", ""right_table"": ""account"", ""right_column"": ""account_id""}, {""left_table"": ""account"", ""left_column"": ""account_id"", ""right_table"": ""disp"", ""right_column"": ""account_id""}], ""filters"": [{""table"": ""trans"", ""column"": ""operation"", ""operator"": ""="", ""value"": ""VYBER KARTOU""}, {""table"": ""trans"", ""column"": ""date"", ""operator"": ""BETWEEN"", ""value"": [""1998-01-01"", ""1998-12-31""]}, {""table"": ""disp"", ""column"": ""type"", ""operator"": ""="", ""value"": ""OWNER""}, {""table"": ""trans"", ""column"": ""amount"", ""operator"": ""<"", ""value"": ""overall average amount of 1998 credit card withdrawals""}], ""group_by"": [], ""aggregates"": [], ""aggregation_scope"": ""none"", ""aggregation_justification"": null, ""having"": [], ""order_by"": [], ""limit"": null, ""answer_type"": ""rows"", ""answer_scope"": ""per_entity_rows"", ""output_columns"": [{""position"": 1, ""semantic_item"": ""account holder identification number"", ""source_columns"": [""disp.client_id""], ""sql_expression"": ""DISTINCT D.client_id"", ""source_justification"": ""client_id identifies the account holder; OWNER disposition links a client to the account as holder"", ""aggregation"": ""none""}], ""candidate_purpose"": ""answer"", ""expected_result_shape"": {""answer_type"": ""rows"", ""column_count"": 1, ""row_grain"": ""distinct account holder client_id""}, ""unresolved_assumptions"": [""Interpret 'the average' as the overall average amount of credit-card-withdrawal transactions in 1998, not a per-account average."", ""Interpret 'account holder' as disp.type = 'OWNER'.""], ""revision"": null}, ""errors"": []}"
20260714T210045Z-11af1da6,bird_145,financial,moderate,2,2,1,db.execute,"SELECT DISTINCT D.client_id
FROM trans AS T
JOIN account AS A ON T.account_id = A.account_id
JOIN disp AS D ON A.account_id = D.account_id
WHERE T.operation = 'VYBER KARTOU'
  AND T.date BETWEEN '1998-01-01' AND '1998-12-31'
  AND D.type = 'OWNER'
  AND T.amount < (
    SELECT AVG(T2.amount)
    FROM trans AS T2
    WHERE T2.operation = 'VYBER KARTOU'
      AND T2.date BETWEEN '1998-01-01' AND '1998-12-31'
  )","[""account"", ""disp"", ""trans""]",1,initial_sql,nonmatching,false,initial_execution_nonmatching,true,retrieval_complete_mining_abstained_semantic_failure,SCHEMA_LINKING,table_or_join_path_mismatch,
20260714T210045Z-11af1da6,bird_145,financial,moderate,3,3,1,query_plan.adherence,"SELECT DISTINCT D.client_id
FROM trans AS T
JOIN account AS A ON T.account_id = A.account_id
JOIN disp AS D ON A.account_id = D.account_id
WHERE T.operation = 'VYBER KARTOU'
  AND T.date BETWEEN '1998-01-01' AND '1998-12-31'
  AND D.type = 'OWNER'
  AND T.amount < (
    SELECT AVG(T2.amount)
    FROM trans AS T2
    WHERE T2.operation = 'VYBER KARTOU'
      AND T2.date BETWEEN '1998-01-01' AND '1998-12-31'
  )",[],,not_applicable,adherence_passed,unknown,query_plan.adherence,false,retrieval_complete_mining_abstained_semantic_failure,SCHEMA_LINKING,table_or_join_path_mismatch,"{""schema_version"": 3, ""checks"": {""projection_count"": true, ""group_by_presence"": true, ""having_presence"": true, ""order_by_presence"": true, ""limit_presence"": true, ""required_tables_presence"": true}, ""passed"": true, ""expected_projection_count"": 1, ""actual_projection_count"": 1, ""enforced"": false}"
20260714T210045Z-11af1da6,bird_145,financial,moderate,4,4,1,FINAL,SELECT DISTINCT D.client_id FROM trans AS T JOIN account AS A ON T.account_id = A.account_id JOIN disp AS D ON A.account_id = D.account_id WHERE T.operation = 'VYBER KARTOU' AND T.date BETWEEN '1998-01-01' AND '1998-12-31' AND D.type = 'OWNER' AND T.amount < (SELECT AVG(T2.amount) FROM trans AS T2 WHERE T2.operation = 'VYBER KARTOU' AND T2.date BETWEEN '1998-01-01' AND '1998-12-31'),"[""account"", ""disp"", ""trans""]",1,expression_or_projection,benchmark_nonmatching_final,false,unverified_rewrite_after_nonmatching_execution,false,retrieval_complete_mining_abstained_semantic_failure,SCHEMA_LINKING,table_or_join_path_mismatch,
20260714T210045Z-11af1da6,bird_173,financial,challenging,1,1,1,query_plan.initial,,[],,not_applicable,plan_valid,unknown,query_plan.initial,false,retrieval_complete_mining_abstained_semantic_failure,AGGREGATION_REASONING,aggregation_or_grouping_mismatch,"{""valid"": true, ""payload"": {""target_entity"": ""account 3 statement requests and debited-amount purpose for 3539"", ""grain"": ""one row per requested answer component"", ""schema_links"": [""trans.account_id = account.account_id"", ""order.account_id = account.account_id""], ""required_tables"": [""trans"", ""order""], ""joins"": [], ""filters"": [""trans.account_id = 3"", ""trans.k_symbol = 'SLUZBY'"", ""order.amount = 3539""], ""group_by"": [], ""aggregates"": [], ""aggregation_scope"": ""none"", ""aggregation_justification"": null, ""having"": [], ""order_by"": [], ""limit"": null, ""answer_type"": ""rows"", ""answer_scope"": ""per_entity_rows"", ""output_columns"": [{""position"": 1, ""semantic_item"": ""count of statement-release requests for account 3"", ""source_columns"": [""trans.trans_id""], ""sql_expression"": ""COUNT(*)"", ""source_justification"": ""trans contains payment purpose k_symbol and account_id for statement-release transactions; filtering account_id = 3 and k_symbol = 'SLUZBY' isolates the requested requests."", ""aggregation"": ""COUNT""}, {""position"": 2, ""semantic_item"": ""purpose of debiting amount 3539 in the order table"", ""source_columns"": [""order.k_symbol""], ""sql_expression"": ""group_concat(DISTINCT k_symbol)"", ""source_justification"": ""order.k_symbol stores the purpose of payments and order.amount stores the debited amount; filtering amount = 3539 identifies the debits and returns their purpose."", ""aggregation"": ""GROUP_CONCAT""}], ""candidate_purpose"": ""answer"", ""expected_result_shape"": {""answer_type"": ""rows"", ""column_count"": 2, ""row_grain"": ""single summary row with one row count and one debited-amount purpose field""}, ""unresolved_assumptions"": [""The question combines two sub-questions; a single summary row is assumed as the intended output."", ""The debited-amount purpose for 3539 may have one or multiple distinct k_symbol values.""], ""revision"": null}, ""errors"": []}"
20260714T210045Z-11af1da6,bird_173,financial,challenging,2,4,2,query_plan.revision,,[],,not_applicable,plan_valid,unknown,query_plan.revision,false,retrieval_complete_mining_abstained_semantic_failure,AGGREGATION_REASONING,aggregation_or_grouping_mismatch,"{""valid"": true, ""payload"": {""observation_ref"": 3, ""changed_constraints"": [""filters"", ""output_columns"", ""answer_scope"", ""unresolved_assumptions""], ""updated_fields"": {""filters"": [""trans.account_id = 3"", ""trans.k_symbol = 'SLUZBY'"", ""group orders by k_symbol and filter SUM(amount) = 3539""], ""output_columns"": [{""position"": 1, ""semantic_item"": ""count of statement-release requests for account 3"", ""source_columns"": [""trans.trans_id""], ""sql_expression"": ""COUNT(*)"", ""source_justification"": ""trans contains statement-release purpose SLUZBY and account_id for account 3."", ""aggregation"": ""COUNT""}, {""position"": 2, ""semantic_item"": ""purpose of debits with total amount 3539"", ""source_columns"": [""order.k_symbol"", ""order.amount""], ""sql_expression"": ""group_concat(k_symbol)"", ""source_justification"": ""order.k_symbol stores payment purpose; summing order.amount by purpose identifies the purpose whose total debited amount equals 3539."", ""aggregation"": ""GROUP_CONCAT""}], ""answer_scope"": ""single_entity_row"", ""unresolved_assumptions"": [""The second clause is interpreted as the purpose category whose summed debited amount equals 3539."", ""If more than one purpose totals 3539, the SQL will concatenate them.""]}, ""reason"": ""Sample values confirmed the relevant k_symbol domains for trans and order, and the second question is best answered by grouping order amounts by purpose rather than matching a single row amount."", ""candidate_purpose"": ""answer""}, ""errors"": []}"
20260714T210045Z-11af1da6,bird_173,financial,challenging,3,5,2,db.execute,"SELECT
  (SELECT COUNT(*)
   FROM trans AS T1
   WHERE T1.account_id = 3
     AND T1.k_symbol = 'SLUZBY') AS statement_requests,
  (SELECT group_concat(k_symbol)
   FROM (
     SELECT k_symbol
     FROM ""order""
     GROUP BY k_symbol
     HAVING SUM(amount) = 3539
   )) AS debiting_purpose;","[""order"", ""trans""]",,initial_sql,nonmatching,false,initial_execution_nonmatching,true,retrieval_complete_mining_abstained_semantic_failure,AGGREGATION_REASONING,aggregation_or_grouping_mismatch,
20260714T210045Z-11af1da6,bird_173,financial,challenging,4,6,2,query_plan.adherence,"SELECT
  (SELECT COUNT(*)
   FROM trans AS T1
   WHERE T1.account_id = 3
     AND T1.k_symbol = 'SLUZBY') AS statement_requests,
  (SELECT group_concat(k_symbol)
   FROM (
     SELECT k_symbol
     FROM ""order""
     GROUP BY k_symbol
     HAVING SUM(amount) = 3539
   )) AS debiting_purpose;",[],,not_applicable,adherence_failed,unknown,query_plan.adherence,false,retrieval_complete_mining_abstained_semantic_failure,AGGREGATION_REASONING,aggregation_or_grouping_mismatch,"{""schema_version"": 3, ""checks"": {""projection_count"": null, ""group_by_presence"": false, ""having_presence"": false, ""order_by_presence"": true, ""limit_presence"": true, ""required_tables_presence"": true}, ""passed"": false, ""expected_projection_count"": 2, ""actual_projection_count"": null, ""enforced"": false}"
20260714T210045Z-11af1da6,bird_173,financial,challenging,5,7,3,query_plan.revision,,[],,not_applicable,plan_valid,unknown,query_plan.revision,false,retrieval_complete_mining_abstained_semantic_failure,AGGREGATION_REASONING,aggregation_or_grouping_mismatch,"{""valid"": true, ""payload"": {""observation_ref"": 5, ""changed_constraints"": [""filters"", ""output_columns"", ""unresolved_assumptions""], ""updated_fields"": {""filters"": [""trans.account_id = 3"", ""trans.k_symbol = 'SLUZBY'"", ""order.amount = 3539""], ""output_columns"": [{""position"": 1, ""semantic_item"": ""count of statement-release requests for account 3"", ""source_columns"": [""trans.trans_id""], ""sql_expression"": ""COUNT(*)"", ""source_justification"": ""trans contains statement-release purpose SLUZBY and account_id for account 3."", ""aggregation"": ""COUNT""}, {""position"": 2, ""semantic_item"": ""purpose of the debit amount 3539"", ""source_columns"": [""order.k_symbol""], ""sql_expression"": ""group_concat(DISTINCT k_symbol)"", ""source_justification"": ""order.k_symbol stores payment purpose and order.amount is the debited amount; matching amount = 3539 returns the purpose(s) associated with that debit."", ""aggregation"": ""GROUP_CONCAT""}], ""unresolved_assumptions"": [""The second clause is interpreted as an exact debit amount of 3539 rather than a grouped total of multiple debits.""]}, ""reason"": ""The previous grouped-sum interpretation produced no result, while the wording more naturally matches a specific debited amount in the order table."", ""candidate_purpose"": ""answer""}, ""errors"": []}"
20260714T210045Z-11af1da6,bird_173,financial,challenging,6,8,3,db.execute,"SELECT
  (SELECT COUNT(*)
   FROM trans AS T1
   WHERE T1.account_id = 3
     AND T1.k_symbol = 'SLUZBY') AS statement_requests,
  (SELECT group_concat(DISTINCT k_symbol)
   FROM ""order""
   WHERE amount = 3539) AS debiting_purpose;","[""order"", ""trans""]",,"group_by,having,distinct",nonmatching,false,remained_nonmatching,false,retrieval_complete_mining_abstained_semantic_failure,AGGREGATION_REASONING,aggregation_or_grouping_mismatch,
20260714T210045Z-11af1da6,bird_173,financial,challenging,7,9,3,query_plan.adherence,"SELECT
  (SELECT COUNT(*)
   FROM trans AS T1
   WHERE T1.account_id = 3
     AND T1.k_symbol = 'SLUZBY') AS statement_requests,
  (SELECT group_concat(DISTINCT k_symbol)
   FROM ""order""
   WHERE amount = 3539) AS debiting_purpose;",[],,not_applicable,adherence_passed,unknown,query_plan.adherence,false,retrieval_complete_mining_abstained_semantic_failure,AGGREGATION_REASONING,aggregation_or_grouping_mismatch,"{""schema_version"": 3, ""checks"": {""projection_count"": null, ""group_by_presence"": true, ""having_presence"": true, ""order_by_presence"": true, ""limit_presence"": true, ""required_tables_presence"": true}, ""passed"": true, ""expected_projection_count"": 2, ""actual_projection_count"": null, ""enforced"": false}"
20260714T210045Z-11af1da6,bird_173,financial,challenging,8,10,3,db.execute,"SELECT
  (SELECT COUNT(*)
   FROM trans AS T1
   WHERE T1.account_id = 3
     AND T1.k_symbol = 'SLUZBY') AS statement_requests,
  (SELECT group_concat(DISTINCT k_symbol)
   FROM ""order""
   WHERE amount = 3539) AS debiting_purpose;","[""order"", ""trans""]",,unchanged,nonmatching,false,remained_nonmatching,false,retrieval_complete_mining_abstained_semantic_failure,AGGREGATION_REASONING,aggregation_or_grouping_mismatch,
20260714T210045Z-11af1da6,bird_173,financial,challenging,9,11,3,query_plan.adherence,"SELECT
  (SELECT COUNT(*)
   FROM trans AS T1
   WHERE T1.account_id = 3
     AND T1.k_symbol = 'SLUZBY') AS statement_requests,
  (SELECT group_concat(DISTINCT k_symbol)
   FROM ""order""
   WHERE amount = 3539) AS debiting_purpose;",[],,not_applicable,adherence_passed,unknown,query_plan.adherence,false,retrieval_complete_mining_abstained_semantic_failure,AGGREGATION_REASONING,aggregation_or_grouping_mismatch,"{""schema_version"": 3, ""checks"": {""projection_count"": null, ""group_by_presence"": true, ""having_presence"": true, ""order_by_presence"": true, ""limit_presence"": true, ""required_tables_presence"": true}, ""passed"": true, ""expected_projection_count"": 2, ""actual_projection_count"": null, ""enforced"": false}"
20260714T210045Z-11af1da6,bird_173,financial,challenging,10,12,3,db.execute,"SELECT
  (SELECT COUNT(*)
   FROM trans AS T1
   WHERE T1.account_id = 3
     AND T1.k_symbol = 'SLUZBY') AS statement_requests,
  (SELECT group_concat(DISTINCT k_symbol)
   FROM ""order""
   WHERE amount = 3539) AS debiting_purpose;","[""order"", ""trans""]",,unchanged,nonmatching,false,remained_nonmatching,false,retrieval_complete_mining_abstained_semantic_failure,AGGREGATION_REASONING,aggregation_or_grouping_mismatch,
20260714T210045Z-11af1da6,bird_173,financial,challenging,11,13,3,query_plan.adherence,"SELECT
  (SELECT COUNT(*)
   FROM trans AS T1
   WHERE T1.account_id = 3
     AND T1.k_symbol = 'SLUZBY') AS statement_requests,
  (SELECT group_concat(DISTINCT k_symbol)
   FROM ""order""
   WHERE amount = 3539) AS debiting_purpose;",[],,not_applicable,adherence_passed,unknown,query_plan.adherence,false,retrieval_complete_mining_abstained_semantic_failure,AGGREGATION_REASONING,aggregation_or_grouping_mismatch,"{""schema_version"": 3, ""checks"": {""projection_count"": null, ""group_by_presence"": true, ""having_presence"": true, ""order_by_presence"": true, ""limit_presence"": true, ""required_tables_presence"": true}, ""passed"": true, ""expected_projection_count"": 2, ""actual_projection_count"": null, ""enforced"": false}"
20260714T210045Z-11af1da6,bird_173,financial,challenging,12,14,4,FINAL,"SELECT (SELECT COUNT(*) FROM trans AS T1 WHERE T1.account_id = 3 AND T1.k_symbol = 'SLUZBY') AS statement_requests, (SELECT group_concat(DISTINCT k_symbol) FROM [order] WHERE amount = 3539) AS debiting_purpose;","[""order"", ""trans""]",,expression_or_projection,benchmark_nonmatching_final,false,unverified_rewrite_after_nonmatching_execution,false,retrieval_complete_mining_abstained_semantic_failure,AGGREGATION_REASONING,aggregation_or_grouping_mismatch,
20260714T210045Z-11af1da6,bird_186,financial,moderate,1,1,1,query_plan.initial,,[],,not_applicable,plan_valid,unknown,query_plan.initial,false,retrieval_complete_mining_abstained_semantic_failure,SCHEMA_LINKING,table_or_join_path_mismatch,"{""valid"": true, ""payload"": {""target_entity"": ""clients requesting weekly statements"", ""grain"": ""one row over the filtered client population"", ""schema_links"": [{""left_table"": ""client"", ""left_column"": ""client_id"", ""right_table"": ""disp"", ""right_column"": ""client_id""}, {""left_table"": ""disp"", ""left_column"": ""account_id"", ""right_table"": ""account"", ""right_column"": ""account_id""}], ""required_tables"": [""client"", ""disp"", ""account""], ""joins"": [""client.client_id = disp.client_id"", ""disp.account_id = account.account_id""], ""filters"": [""account.frequency = 'POPLATEK TYDNE'""], ""group_by"": [], ""aggregates"": [""COUNT of filtered clients"", ""COUNT of filtered male clients""], ""aggregation_scope"": ""global"", ""aggregation_justification"": ""The question asks for a percentage of clients, which requires aggregating over the filtered population rather than returning per-client rows."", ""having"": [], ""order_by"": [], ""limit"": null, ""answer_type"": ""scalar"", ""answer_scope"": ""global_scalar"", ""output_columns"": [{""position"": 1, ""semantic_item"": ""percentage of male clients among clients requesting weekly statements"", ""source_columns"": [""client.gender"", ""account.frequency""], ""sql_expression"": ""CAST(SUM(CASE WHEN client.gender = 'M' THEN 1 ELSE 0 END) AS REAL) * 100.0 / COUNT(client.client_id)"", ""source_justification"": ""client.gender identifies male clients; account.frequency identifies weekly-statement accounts."", ""aggregation"": ""global""}], ""candidate_purpose"": ""answer"", ""expected_result_shape"": {""answer_type"": ""scalar"", ""column_count"": 1, ""row_grain"": ""one aggregated scalar value""}, ""unresolved_assumptions"": [""Assume each client is counted once through the client-disp one-to-one relationship and that filtering by account.frequency captures clients requesting weekly statements.""], ""revision"": null}, ""errors"": []}"
20260714T210045Z-11af1da6,bird_186,financial,moderate,2,2,1,db.execute,"SELECT CAST(SUM(CASE WHEN client.gender = 'M' THEN 1 ELSE 0 END) AS REAL) * 100.0 / COUNT(client.client_id)
FROM client
INNER JOIN disp ON client.client_id = disp.client_id
INNER JOIN account ON disp.account_id = account.account_id
WHERE account.frequency = 'POPLATEK TYDNE'","[""account"", ""client"", ""disp""]",1,initial_sql,nonmatching,false,initial_execution_nonmatching,true,retrieval_complete_mining_abstained_semantic_failure,SCHEMA_LINKING,table_or_join_path_mismatch,
20260714T210045Z-11af1da6,bird_186,financial,moderate,3,3,1,query_plan.adherence,"SELECT CAST(SUM(CASE WHEN client.gender = 'M' THEN 1 ELSE 0 END) AS REAL) * 100.0 / COUNT(client.client_id)
FROM client
INNER JOIN disp ON client.client_id = disp.client_id
INNER JOIN account ON disp.account_id = account.account_id
WHERE account.frequency = 'POPLATEK TYDNE'",[],,not_applicable,adherence_passed,unknown,query_plan.adherence,false,retrieval_complete_mining_abstained_semantic_failure,SCHEMA_LINKING,table_or_join_path_mismatch,"{""schema_version"": 3, ""checks"": {""projection_count"": true, ""group_by_presence"": true, ""having_presence"": true, ""order_by_presence"": true, ""limit_presence"": true, ""required_tables_presence"": true}, ""passed"": true, ""expected_projection_count"": 1, ""actual_projection_count"": 1, ""enforced"": false}"
20260714T210045Z-11af1da6,bird_186,financial,moderate,4,4,1,FINAL,SELECT CAST(SUM(CASE WHEN client.gender = 'M' THEN 1 ELSE 0 END) AS REAL) * 100.0 / COUNT(client.client_id) FROM client INNER JOIN disp ON client.client_id = disp.client_id INNER JOIN account ON disp.account_id = account.account_id WHERE account.frequency = 'POPLATEK TYDNE',"[""account"", ""client"", ""disp""]",1,unchanged,benchmark_nonmatching_final,false,final_same_as_last_execution,false,retrieval_complete_mining_abstained_semantic_failure,SCHEMA_LINKING,table_or_join_path_mismatch,
20260714T210045Z-11af1da6,bird_189,financial,moderate,1,1,1,query_plan.initial,,[],,not_applicable,plan_valid,unknown,query_plan.initial,false,retrieval_complete_mining_abstained_semantic_failure,AGGREGATION_REASONING,aggregation_or_grouping_mismatch,"{""valid"": true, ""payload"": {""target_entity"": ""female client account numbers"", ""grain"": ""one row per qualifying account_id"", ""schema_links"": [""client.client_id = disp.client_id"", ""disp.account_id = account.account_id"", ""client.district_id = district.district_id""], ""required_tables"": [""client"", ""disp"", ""account"", ""district""], ""joins"": [{""left_table"": ""client"", ""right_table"": ""disp"", ""on"": [""client.client_id = disp.client_id""]}, {""left_table"": ""disp"", ""right_table"": ""account"", ""on"": [""disp.account_id = account.account_id""]}, {""left_table"": ""client"", ""right_table"": ""district"", ""on"": [""client.district_id = district.district_id""]}], ""filters"": [{""table"": ""client"", ""column"": ""gender"", ""operator"": ""="", ""value"": ""F"", ""justification"": ""Female refers to 'F' in the gender hint""}], ""group_by"": [], ""aggregates"": [], ""aggregation_scope"": ""none"", ""aggregation_justification"": null, ""having"": [], ""order_by"": [{""expression"": ""client.birth_date ASC"", ""justification"": ""oldest corresponds to earliest birth date""}, {""expression"": ""district.A11 ASC"", ""justification"": ""lowest average salary""}], ""limit"": 1, ""answer_type"": ""rows"", ""answer_scope"": ""per_entity_rows"", ""output_columns"": [{""position"": 1, ""semantic_item"": ""account number"", ""source_columns"": [""account.account_id""], ""sql_expression"": ""account.account_id"", ""source_justification"": ""The question asks for account numbers"", ""aggregation"": ""none""}], ""candidate_purpose"": ""explore"", ""expected_result_shape"": {""answer_type"": ""rows"", ""column_count"": 1, ""row_grain"": ""qualifying account_id rows""}, ""unresolved_assumptions"": [""The question likely intends the female account(s) ordered by oldest birth date and then lowest district average salary, returning the top qualifying account number(s)."", ""If multiple rows tie on both criteria, the minimal LIMIT 1 plan may need revision.""], ""revision"": null}, ""errors"": []}"
20260714T210045Z-11af1da6,bird_189,financial,moderate,2,2,1,db.execute,"SELECT DISTINCT a.account_id
FROM client c
JOIN disp d ON c.client_id = d.client_id
JOIN account a ON d.account_id = a.account_id
JOIN district di ON c.district_id = di.district_id
WHERE c.gender = 'F'
ORDER BY c.birth_date ASC, di.A11 ASC
LIMIT 1","[""account"", ""client"", ""disp"", ""district""]",1,initial_sql,matches_gold,true,initial_execution_correct,false,retrieval_complete_mining_abstained_semantic_failure,AGGREGATION_REASONING,aggregation_or_grouping_mismatch,
20260714T210045Z-11af1da6,bird_189,financial,moderate,3,3,1,query_plan.adherence,"SELECT DISTINCT a.account_id
FROM client c
JOIN disp d ON c.client_id = d.client_id
JOIN account a ON d.account_id = a.account_id
JOIN district di ON c.district_id = di.district_id
WHERE c.gender = 'F'
ORDER BY c.birth_date ASC, di.A11 ASC
LIMIT 1",[],,not_applicable,adherence_passed,unknown,query_plan.adherence,false,retrieval_complete_mining_abstained_semantic_failure,AGGREGATION_REASONING,aggregation_or_grouping_mismatch,"{""schema_version"": 3, ""checks"": {""projection_count"": true, ""group_by_presence"": true, ""having_presence"": true, ""order_by_presence"": true, ""limit_presence"": true, ""required_tables_presence"": true}, ""passed"": true, ""expected_projection_count"": 1, ""actual_projection_count"": 1, ""enforced"": false}"
20260714T210045Z-11af1da6,bird_189,financial,moderate,4,4,1,db.execute,"SELECT DISTINCT a.account_id
FROM client c
JOIN disp d ON c.client_id = d.client_id
JOIN account a ON d.account_id = a.account_id
JOIN district di ON c.district_id = di.district_id
WHERE c.gender = 'F'
ORDER BY c.birth_date ASC, di.A11 ASC","[""account"", ""client"", ""disp"", ""district""]",1,limit,nonmatching,false,regressed_after_correct_execution,true,retrieval_complete_mining_abstained_semantic_failure,AGGREGATION_REASONING,aggregation_or_grouping_mismatch,
20260714T210045Z-11af1da6,bird_189,financial,moderate,5,5,1,query_plan.adherence,"SELECT DISTINCT a.account_id
FROM client c
JOIN disp d ON c.client_id = d.client_id
JOIN account a ON d.account_id = a.account_id
JOIN district di ON c.district_id = di.district_id
WHERE c.gender = 'F'
ORDER BY c.birth_date ASC, di.A11 ASC",[],,not_applicable,adherence_failed,unknown,query_plan.adherence,false,retrieval_complete_mining_abstained_semantic_failure,AGGREGATION_REASONING,aggregation_or_grouping_mismatch,"{""schema_version"": 3, ""checks"": {""projection_count"": true, ""group_by_presence"": true, ""having_presence"": true, ""order_by_presence"": true, ""limit_presence"": false, ""required_tables_presence"": true}, ""passed"": false, ""expected_projection_count"": 1, ""actual_projection_count"": 1, ""enforced"": false}"
20260714T210045Z-11af1da6,bird_189,financial,moderate,6,6,2,FINAL,SELECT DISTINCT a.account_id FROM client c JOIN disp d ON c.client_id = d.client_id JOIN account a ON d.account_id = a.account_id JOIN district di ON c.district_id = di.district_id WHERE c.gender = 'F' AND c.birth_date = (SELECT MIN(c2.birth_date) FROM client c2 WHERE c2.gender = 'F') AND di.A11 = (SELECT MIN(di2.A11) FROM client c3 JOIN district di2 ON c3.district_id = di2.district_id WHERE c3.gender = 'F') ORDER BY a.account_id,"[""account"", ""client"", ""disp"", ""district""]",1,aggregate,benchmark_nonmatching_final,false,unverified_rewrite_after_nonmatching_execution,false,retrieval_complete_mining_abstained_semantic_failure,AGGREGATION_REASONING,aggregation_or_grouping_mismatch,
